10000	50000
1	0	1	0.802
2	1	1	0.898
3	1	1	0.861
4	0	1	0.887
5	0	0	0.000414
6	1	1	0.889
7	1	1	0.829
8	4	1	0.864
9	5	1	0.845
10	9	1	0.801
11	8	1	0.823
12	7	1	0.947
13	12	1	0.907
14	8	1	0.892
15	2	1	0.99
16	13	0	0.000456
17	16	1	0.963
18	3	1	0.818
19	2	1	0.91
20	19	1	0.928
21	0	1	0.932
22	11	1	0.926
23	19	1	0.874
24	3	1	0.904
25	11	1	0.875
26	0	1	0.871
27	18	1	0.935
28	19	1	0.821
29	0	1	0.988
30	8	1	0.956
31	21	1	0.889
32	7	1	0.858
33	16	1	0.968
34	10	1	0.834
35	15	0	0.000393
36	21	1	0.818
37	12	1	0.882
38	21	1	0.994
39	15	0	0.000292
40	12	1	0.948
41	9	1	0.877
42	25	0	0.00046
43	38	1	0.823
44	14	1	0.957
45	23	1	0.822
46	45	1	0.963
47	31	1	0.94
48	9	1	0.895
49	14	1	0.897
50	17	1	0.948
51	18	1	0.829
52	36	1	0.983
53	33	1	0.95
54	18	1	0.867
55	8	1	0.934
56	23	1	0.891
57	37	1	0.977
58	15	1	0.965
59	10	1	0.977
60	41	0	0.000291
61	33	1	0.992
62	43	1	0.81
63	16	1	0.932
64	55	1	0.93
65	39	1	0.807
66	34	0	0.000285
67	40	1	0.811
68	50	1	0.845
69	68	1	0.937
70	54	1	0.944
71	47	0	0.000167
72	57	1	0.854
73	68	0	0.00043
74	67	1	0.984
75	9	1	0.877
76	32	1	0.854
77	46	1	0.891
78	69	1	0.898
79	33	1	0.982
80	16	0	0.000283
81	70	1	0.899
82	8	1	0.842
83	61	1	0.961
84	65	1	0.955
85	39	1	0.972
86	34	1	0.946
87	1	1	0.964
88	43	1	0.909
89	65	1	0.992
90	25	0	0.000224
91	85	1	0.994
92	66	1	0.866
93	87	1	0.834
94	79	1	0.958
95	26	1	0.845
96	60	1	0.856
97	44	1	0.981
98	86	1	0.803
99	46	1	0.904
100	79	1	0.946
101	59	1	0.945
102	95	1	0.947
103	42	1	0.943
104	5	1	0.862
105	61	1	0.979
106	41	1	0.844
107	24	1	0.914
108	99	1	0.938
109	55	1	0.994
110	82	1	0.996
111	102	1	0.934
112	13	0	0.000377
113	20	1	0.98
114	73	1	0.88
115	31	1	0.932
116	112	1	0.882
117	85	1	0.853
118	59	0	0.00039
119	112	0	0.000553
120	57	1	0.971
121	39	1	0.975
122	7	1	0.91
123	61	1	0.958
124	50	1	0.828
125	89	1	0.849
126	59	1	0.988
127	110	1	0.892
128	108	1	0.902
129	41	1	0.933
130	87	1	0.988
131	97	1	0.902
132	106	0	0.000139
133	28	1	0.871
134	112	1	0.882
135	122	1	0.954
136	30	0	0.00059
137	23	0	0.000496
138	134	1	0.941
139	50	1	0.924
140	0	1	0.908
141	30	1	0.908
142	119	1	0.988
143	129	1	0.814
144	60	1	0.861
145	61	1	0.821
146	23	0	0.000328
147	128	1	0.819
148	121	1	0.912
149	130	1	0.972
150	14	0	0.000195
151	54	1	0.836
152	116	1	0.912
153	62	1	0.97
154	70	0	0.000108
155	132	1	0.8
156	6	1	0.84
157	22	1	0.903
158	39	1	0.852
159	31	1	0.988
160	119	1	0.857
161	7	1	0.801
162	91	1	0.99
163	32	1	0.922
164	81	1	0.884
165	103	1	0.956
166	20	1	0.838
167	25	0	0.000316
168	157	1	0.964
169	161	1	0.866
170	10	0	8.4e-05
171	68	1	0.82
172	127	1	0.951
173	143	0	0.000102
174	112	1	0.998
175	77	1	0.96
176	62	0	0.000309
177	134	1	0.908
178	49	1	0.995
179	126	1	0.813
180	80	1	0.816
181	178	1	0.998
182	60	1	0.921
183	125	1	0.859
184	133	1	0.881
185	0	0	0.000324
186	10	1	0.931
187	54	1	0.821
188	17	1	0.987
189	145	1	0.978
190	70	1	0.984
191	59	1	0.82
192	8	1	0.969
193	9	1	0.892
194	56	1	0.958
195	158	0	0.000515
196	111	1	0.945
197	119	1	0.928
198	77	1	0.886
199	132	1	0.851
200	68	1	0.893
201	56	1	0.985
202	91	0	0.000387
203	115	1	0.821
204	198	1	0.867
205	25	1	0.873
206	195	1	0.916
207	52	1	0.932
208	187	1	0.907
209	94	1	0.813
210	190	1	0.872
211	109	1	0.941
212	109	1	0.828
213	133	1	0.816
214	63	1	0.973
215	185	1	0.816
216	122	1	0.98
217	92	0	0.000585
218	166	1	0.885
219	111	1	0.903
220	94	1	0.837
221	118	1	0.849
222	88	1	0.977
223	31	1	0.982
224	39	1	0.982
225	24	1	0.888
226	112	1	0.951
227	198	0	0.000505
228	225	1	0.901
229	188	1	0.887
230	109	0	0.000389
231	156	1	0.887
232	49	0	0.000365
233	183	1	0.895
234	219	0	0.000564
235	67	1	0.812
236	26	1	0.998
237	13	1	0.809
238	119	1	0.83
239	223	1	0.975
240	0	1	0.84
241	114	0	0.000523
242	107	1	0.923
243	2	1	0.942
244	135	1	0.805
245	56	1	0.943
246	7	1	0.81
247	126	0	0.000607
248	191	1	0.934
249	88	1	0.96
250	233	1	0.875
251	208	1	0.956
252	79	1	0.827
253	105	0	0.000206
254	76	1	0.927
255	18	1	0.991
256	169	1	0.871
257	53	1	0.99
258	78	1	0.863
259	118	0	0.000415
260	83	1	0.848
261	248	1	0.994
262	73	1	0.95
263	9	1	0.946
264	173	1	0.825
265	113	1	0.952
266	42	1	0.939
267	71	1	0.904
268	169	1	0.907
269	198	0	0.000419
270	39	1	0.929
271	60	1	0.906
272	163	1	0.899
273	160	0	0.000476
274	188	1	0.82
275	228	1	0.877
276	52	1	0.817
277	165	1	0.898
278	212	1	0.813
279	269	1	0.945
280	101	1	0.821
281	158	1	0.941
282	27	1	0.91
283	145	1	0.869
284	8	1	0.861
285	141	1	0.978
286	255	1	0.882
287	71	1	0.805
288	209	1	0.943
289	73	1	0.849
290	43	1	0.869
291	259	1	0.905
292	143	1	0.896
293	282	1	0.809
294	243	1	0.966
295	70	1	0.833
296	245	0	0.000307
297	288	0	0.000582
298	222	1	0.936
299	15	1	0.909
300	55	1	0.879
301	2	1	0.831
302	272	1	0.826
303	175	1	0.977
304	177	1	0.997
305	69	1	0.924
306	25	1	0.855
307	294	1	0.831
308	93	0	0.000436
309	191	1	0.913
310	277	1	0.999
311	27	1	0.85
312	71	0	0.000227
313	34	1	0.897
314	285	1	0.805
315	61	1	0.955
316	1	1	0.877
317	245	1	0.967
318	107	1	0.802
319	307	1	0.993
320	243	0	0.000362
321	290	1	0.949
322	141	1	0.996
323	271	1	0.88
324	311	0	0.000472
325	106	0	0.000132
326	181	1	0.908
327	276	1	0.817
328	208	1	0.908
329	38	1	0.895
330	13	1	0.975
331	26	1	0.886
332	20	1	0.931
333	1	1	0.862
334	265	1	0.931
335	258	1	0.833
336	156	1	0.927
337	51	1	0.887
338	132	1	0.969
339	289	0	0.000628
340	8	1	0.92
341	175	1	0.828
342	150	0	0.000297
343	264	1	0.996
344	193	1	0.892
345	48	1	0.913
346	3	1	0.828
347	140	1	0.87
348	228	1	0.99
349	78	1	0.858
350	175	1	0.976
351	8	1	0.998
352	134	1	0.934
353	54	1	0.91
354	126	1	0.921
355	30	1	0.92
356	192	1	0.813
357	154	1	0.8
358	64	1	0.986
359	225	1	0.812
360	229	1	0.914
361	281	1	0.802
362	302	0	0.00058
363	182	1	0.835
364	92	0	0.000119
365	314	1	0.957
366	306	1	0.829
367	312	1	0.974
368	262	1	0.849
369	264	1	0.852
370	353	1	0.8
371	186	1	0.907
372	138	1	0.938
373	244	1	0.938
374	141	1	0.863
375	187	1	0.818
376	48	1	0.916
377	358	0	0.000557
378	27	1	0.866
379	276	1	0.911
380	334	0	0.000191
381	234	1	0.909
382	144	1	0.934
383	245	0	0.000213
384	94	1	0.905
385	15	1	0.883
386	272	1	0.97
387	331	0	0.000607
388	256	1	0.963
389	340	1	0.998
390	368	0	0.000318
391	308	1	0.848
392	13	1	0.919
393	240	1	0.854
394	254	1	0.856
395	283	1	0.813
396	7	1	0.843
397	79	1	0.837
398	199	1	0.848
399	136	1	0.834
400	274	1	0.993
401	378	1	0.883
402	51	1	0.936
403	401	1	0.921
404	10	1	0.808
405	131	1	0.848
406	391	1	0.843
407	198	1	0.898
408	62	1	0.918
409	0	1	0.85
410	386	1	0.83
411	4	1	0.903
412	348	1	0.991
413	71	1	0.831
414	259	1	0.904
415	307	1	0.926
416	375	1	0.989
417	284	1	0.946
418	138	1	0.939
419	412	1	0.841
420	355	1	0.864
421	133	1	0.887
422	33	1	0.897
423	126	1	0.977
424	151	1	0.846
425	349	1	0.933
426	347	1	0.925
427	237	1	0.882
428	252	1	0.991
429	83	1	0.854
430	54	1	0.878
431	102	1	0.981
432	263	1	0.973
433	31	1	0.935
434	222	1	0.988
435	392	1	0.991
436	40	1	0.882
437	404	1	0.942
438	375	0	0.000467
439	16	1	0.832
440	433	1	0.882
441	403	1	0.927
442	279	1	0.85
443	170	1	0.939
444	199	0	0.000599
445	77	1	0.859
446	150	0	0.000363
447	302	1	0.814
448	296	1	0.841
449	82	1	0.813
450	61	1	0.932
451	121	1	0.841
452	337	1	0.902
453	265	1	0.999
454	5	0	0.000139
455	285	1	0.96
456	207	1	0.987
457	37	1	0.883
458	354	1	0.929
459	255	1	0.969
460	200	1	0.86
461	406	1	0.937
462	293	1	0.812
463	293	1	0.824
464	170	1	0.894
465	194	1	0.852
466	140	1	0.932
467	20	0	0.000518
468	106	1	0.91
469	164	1	0.992
470	248	1	0.912
471	387	1	0.915
472	397	1	0.997
473	171	1	0.997
474	372	1	0.885
475	404	1	0.886
476	120	1	0.833
477	222	0	0.000334
478	136	1	0.985
479	91	1	0.836
480	449	0	0.000441
481	51	1	0.991
482	392	1	0.992
483	402	1	0.907
484	345	1	0.82
485	470	0	0.00035
486	66	1	0.889
487	177	1	0.899
488	79	1	0.822
489	338	0	9.28e-05
490	479	1	0.961
491	38	1	0.986
492	48	1	0.806
493	411	1	0.84
494	78	1	0.83
495	442	1	0.805
496	89	1	0.964
497	183	1	0.866
498	394	1	0.937
499	141	1	0.923
500	1	0	0.000341
501	149	1	0.976
502	161	1	0.944
503	367	1	0.88
504	340	1	0.959
505	458	1	0.983
506	109	0	0.00031
507	92	1	0.935
508	405	1	0.956
509	354	0	0.00055
510	10	1	0.876
511	79	1	0.903
512	54	1	0.842
513	111	1	0.82
514	37	0	0.000609
515	151	0	0.000141
516	33	1	0.819
517	384	1	0.853
518	241	1	0.868
519	440	1	0.971
520	236	1	0.825
521	458	1	0.819
522	137	1	0.901
523	275	1	0.862
524	174	1	0.927
525	112	1	0.864
526	494	0	0.000613
527	0	0	0.000297
528	389	1	0.841
529	419	1	0.861
530	480	1	0.809
531	213	0	0.000125
532	359	1	0.844
533	72	1	0.86
534	184	1	0.824
535	160	1	0.811
536	501	1	0.962
537	414	1	0.967
538	341	1	0.967
539	102	1	0.943
540	391	1	0.908
541	205	1	0.92
542	491	1	0.858
543	467	1	0.971
544	300	1	0.925
545	85	1	0.801
546	128	1	0.86
547	44	1	0.958
548	406	0	0.000284
549	443	0	0.000381
550	194	1	0.917
551	113	1	0.852
552	436	1	0.815
553	336	1	0.821
554	372	1	0.813
555	314	1	0.947
556	201	1	0.961
557	40	1	0.978
558	13	1	0.829
559	133	1	0.863
560	95	1	0.877
561	23	0	0.000363
562	171	0	0.000534
563	134	1	0.896
564	222	1	0.949
565	312	1	0.896
566	7	1	0.907
567	200	1	0.978
568	420	1	0.83
569	314	1	0.801
570	203	1	0.873
571	41	1	0.92
572	285	1	0.849
573	311	1	0.881
574	291	1	0.804
575	132	1	0.801
576	39	1	0.921
577	387	1	0.883
578	186	1	0.831
579	296	1	0.871
580	541	1	0.987
581	357	1	0.847
582	268	1	0.916
583	230	0	0.000159
584	369	1	0.935
585	540	1	0.896
586	138	1	0.901
587	189	1	0.84
588	51	1	0.849
589	166	1	0.845
590	296	1	0.906
591	554	1	0.925
592	4	1	0.996
593	130	1	0.89
594	185	1	0.972
595	197	1	0.871
596	173	0	0.000468
597	20	1	0.952
598	370	1	0.983
599	58	1	0.945
600	124	1	0.97
601	473	0	0.000218
602	446	1	0.821
603	332	1	0.929
604	585	1	0.953
605	551	1	0.967
606	241	0	0.00033
607	443	1	0.869
608	606	1	0.881
609	338	1	0.844
610	248	0	0.000615
611	126	1	0.88
612	143	0	0.00033
613	469	1	0.883
614	295	1	0.973
615	12	1	0.949
616	143	1	0.963
617	511	1	0.921
618	470	1	0.874
619	319	0	0.000327
620	411	1	0.938
621	116	0	0.000236
622	198	1	0.828
623	618	1	0.926
624	48	1	0.919
625	194	1	0.914
626	210	1	0.953
627	543	0	0.000461
628	589	1	0.876
629	407	1	0.851
630	96	1	0.867
631	166	1	0.978
632	232	1	0.964
633	235	1	0.909
634	196	0	0.000582
635	424	1	0.865
636	486	1	0.817
637	49	1	0.941
638	556	1	0.919
639	424	1	0.897
640	350	1	0.963
641	356	1	0.867
642	170	1	0.815
643	304	1	0.929
644	525	1	0.843
645	425	1	0.952
646	232	1	0.816
647	505	1	0.818
648	468	1	0.982
649	127	0	0.000322
650	401	0	0.000447
651	565	1	0.944
652	337	1	0.907
653	102	1	0.9
654	609	1	0.927
655	330	1	0.985
656	293	1	0.816
657	574	1	0.888
658	268	1	0.958
659	227	1	0.969
660	656	1	0.934
661	432	0	0.000407
662	428	1	0.952
663	573	1	0.879
664	286	1	0.888
665	279	1	0.905
666	574	1	0.964
667	603	1	0.859
668	21	1	0.845
669	200	1	0.924
670	445	1	0.926
671	190	1	0.849
672	160	1	0.983
673	410	1	0.893
674	355	1	0.942
675	322	0	0.000461
676	434	1	0.941
677	409	0	0.000584
678	12	1	0.819
679	188	1	0.817
680	62	1	0.84
681	404	1	0.95
682	645	1	0.991
683	544	1	0.964
684	398	1	0.95
685	593	1	0.999
686	386	1	0.855
687	232	1	0.952
688	279	0	0.00045
689	278	1	0.956
690	33	1	0.921
691	72	1	0.914
692	368	1	0.981
693	641	0	0.000561
694	679	1	0.834
695	111	1	0.936
696	95	1	0.954
697	644	0	0.000388
698	14	1	0.945
699	165	1	0.825
700	209	1	0.976
701	332	1	0.838
702	233	1	0.807
703	95	1	0.898
704	224	1	0.827
705	323	1	0.838
706	92	1	0.832
707	547	1	0.956
708	224	1	0.927
709	49	1	0.805
710	496	1	0.83
711	693	1	0.96
712	273	0	0.000384
713	115	1	0.814
714	608	1	0.849
715	646	1	0.827
716	288	0	0.000601
717	309	1	0.98
718	77	0	0.000425
719	273	1	0.906
720	545	1	1
721	205	0	0.000491
722	249	1	0.874
723	14	0	0.000332
724	312	1	0.825
725	331	1	0.813
726	444	1	0.943
727	364	0	9.54e-05
728	110	1	0.982
729	599	1	0.962
730	6	1	0.849
731	672	1	0.927
732	500	1	0.974
733	467	1	0.899
734	89	1	0.902
735	46	1	0.811
736	376	1	0.984
737	75	1	0.842
738	605	0	0.000253
739	470	0	0.000352
740	122	1	0.947
741	671	1	0.935
742	546	0	0.000335
743	311	1	0.939
744	76	1	0.83
745	188	1	0.872
746	500	1	0.964
747	649	1	0.971
748	633	0	0.000303
749	462	1	0.847
750	367	1	0.867
751	200	1	0.885
752	231	1	0.878
753	572	1	0.909
754	55	1	0.932
755	579	1	0.876
756	515	1	0.899
757	296	1	0.934
758	371	0	0.000161
759	656	1	0.894
760	330	1	0.804
761	226	1	0.865
762	273	1	0.979
763	569	1	0.884
764	653	1	0.874
765	644	1	0.874
766	632	1	0.983
767	692	0	0.000314
768	98	1	0.857
769	183	0	0.000261
770	599	1	0.984
771	554	1	0.995
772	107	1	0.842
773	60	1	0.926
774	197	1	0.94
775	337	1	0.891
776	727	1	0.902
777	31	1	0.926
778	316	1	0.966
779	283	1	1
780	190	1	0.902
781	417	1	0.84
782	128	1	0.997
783	20	1	0.963
784	439	1	0.975
785	90	1	0.82
786	662	1	0.942
787	223	1	1
788	191	1	0.966
789	560	0	0.00059
790	393	1	0.912
791	370	1	0.929
792	287	0	0.000532
793	230	1	0.899
794	281	1	0.805
795	444	1	0.885
796	763	1	0.959
797	153	0	0.000156
798	437	1	0.961
799	589	1	0.932
800	719	1	0.846
801	215	1	0.945
802	346	1	0.889
803	777	1	0.985
804	504	1	0.979
805	422	1	0.872
806	121	1	0.852
807	608	1	0.964
808	578	0	0.000544
809	417	1	0.862
810	568	1	0.827
811	376	1	0.988
812	573	1	0.873
813	424	1	0.822
814	365	1	0.827
815	657	0	0.000631
816	471	1	0.899
817	758	1	0.951
818	17	1	0.845
819	172	1	0.868
820	92	1	0.934
821	387	1	0.837
822	580	1	0.942
823	335	1	0.958
824	112	1	0.888
825	548	1	0.965
826	707	1	0.818
827	547	0	0.000455
828	818	1	0.892
829	559	1	0.849
830	34	1	0.82
831	69	1	0.822
832	107	1	0.891
833	98	1	0.973
834	278	1	0.901
835	670	1	0.83
836	542	1	0.962
837	361	1	0.89
838	825	1	0.877
839	619	1	0.925
840	232	1	0.891
841	462	1	0.878
842	314	1	0.879
843	2	1	0.847
844	519	1	0.904
845	341	1	0.919
846	604	0	0.000436
847	205	1	0.927
848	293	1	0.897
849	349	1	0.986
850	815	1	0.801
851	67	1	0.898
852	341	1	0.969
853	33	1	0.904
854	760	1	0.808
855	632	1	0.899
856	748	1	0.803
857	544	1	0.926
858	350	1	0.902
859	485	1	0.912
860	757	1	0.826
861	149	1	0.85
862	156	1	0.949
863	624	1	0.901
864	764	1	0.986
865	736	1	0.936
866	711	0	8.85e-05
867	220	0	0.000345
868	758	1	0.907
869	400	0	8.2e-05
870	300	1	0.966
871	712	1	0.873
872	733	1	0.918
873	401	0	0.00059
874	592	1	0.944
875	286	1	0.86
876	593	1	0.99
877	192	0	0.000317
878	275	1	0.878
879	548	1	0.846
880	127	1	0.827
881	76	1	0.956
882	456	1	0.904
883	339	1	0.957
884	722	1	0.994
885	721	1	0.93
886	879	0	0.000186
887	413	1	0.962
888	402	1	0.858
889	687	1	0.934
890	47	1	0.904
891	763	1	0.818
892	445	0	0.000632
893	178	0	0.000329
894	597	1	0.966
895	396	1	0.837
896	260	1	0.856
897	571	1	0.972
898	874	0	0.00014
899	178	0	0.000183
900	106	1	0.807
901	278	1	0.907
902	680	1	0.974
903	174	1	0.954
904	206	0	0.000563
905	595	1	0.863
906	106	1	0.803
907	371	0	0.000138
908	498	1	0.806
909	634	1	0.903
910	879	1	0.874
911	248	1	0.994
912	855	1	0.83
913	38	1	0.868
914	578	1	0.964
915	888	1	0.901
916	234	1	0.92
917	659	1	0.818
918	860	1	0.981
919	297	1	0.942
920	156	1	0.861
921	659	1	0.937
922	574	0	0.000198
923	108	0	0.000559
924	594	1	0.894
925	468	1	0.839
926	630	1	0.926
927	406	1	0.8
928	656	1	0.905
929	468	0	0.000327
930	419	1	0.804
931	94	1	0.879
932	405	1	0.995
933	728	1	0.909
934	551	1	0.904
935	612	1	0.993
936	656	1	0.835
937	732	0	0.000581
938	794	1	0.996
939	292	1	0.915
940	514	1	0.886
941	672	1	0.858
942	771	1	0.806
943	154	0	0.000311
944	767	0	0.00046
945	354	1	0.858
946	665	1	0.826
947	608	1	0.816
948	292	0	0.000104
949	304	1	0.851
950	172	1	0.834
951	313	1	0.969
952	111	1	0.946
953	444	1	0.862
954	558	1	0.866
955	770	1	0.807
956	888	1	0.895
957	836	1	0.985
958	505	1	0.859
959	698	1	0.935
960	576	1	0.984
961	603	1	0.948
962	197	1	0.91
963	441	1	0.848
964	230	1	0.831
965	271	1	0.904
966	91	1	0.863
967	633	1	0.872
968	629	1	0.833
969	330	1	0.978
970	180	1	0.877
971	222	1	0.883
972	33	1	0.958
973	504	1	0.895
974	723	0	0.000154
975	942	1	0.998
976	249	1	0.973
977	337	1	0.868
978	267	1	0.999
979	454	1	0.888
980	572	1	0.854
981	600	1	0.934
982	618	1	0.847
983	106	1	0.965
984	130	0	0.000367
985	759	1	0.879
986	88	1	0.901
987	603	1	0.928
988	791	1	0.947
989	977	1	0.961
990	518	1	0.945
991	615	1	0.843
992	1	1	0.82
993	38	1	0.974
994	801	0	9.39e-05
995	440	1	0.821
996	278	1	0.865
997	809	1	0.864
998	178	1	0.985
999	398	0	0.000185
1000	503	1	0.937
1001	492	0	0.000301
1002	198	1	0.808
1003	748	1	0.883
1004	62	1	0.859
1005	277	0	0.000618
1006	997	1	0.941
1007	113	1	0.81
1008	477	1	0.879
1009	733	1	0.894
1010	523	0	0.000121
1011	205	1	0.821
1012	568	1	0.9
1013	737	1	0.989
1014	811	1	0.972
1015	526	1	0.883
1016	569	1	0.834
1017	52	1	0.911
1018	913	1	0.853
1019	274	1	0.857
1020	622	1	0.928
1021	805	1	0.921
1022	632	1	0.971
1023	336	0	0.000133
1024	677	1	0.803
1025	337	1	0.955
1026	409	1	0.807
1027	348	1	0.848
1028	679	1	0.868
1029	692	1	0.927
1030	32	1	0.826
1031	57	1	0.867
1032	719	1	0.966
1033	306	1	0.877
1034	961	1	0.865
1035	18	1	0.807
1036	330	1	0.924
1037	404	0	0.000525
1038	790	1	0.923
1039	145	1	0.804
1040	806	1	0.861
1041	513	1	0.915
1042	965	0	0.000503
1043	904	0	0.00057
1044	868	0	8.55e-05
1045	5	1	0.821
1046	74	1	0.902
1047	88	1	0.908
1048	708	1	0.839
1049	194	1	0.945
1050	139	1	0.829
1051	287	1	0.854
1052	709	1	0.891
1053	457	1	0.92
1054	346	1	0.864
1055	53	1	0.817
1056	277	1	0.87
1057	381	1	0.926
1058	206	0	0.000429
1059	1038	1	0.883
1060	544	0	0.000282
1061	521	1	0.998
1062	1035	1	0.922
1063	680	1	0.948
1064	54	0	0.000145
1065	852	1	0.852
1066	645	1	0.839
1067	846	1	0.928
1068	474	1	0.84
1069	255	1	0.986
1070	641	1	0.954
1071	701	1	0.869
1072	818	1	0.941
1073	249	1	0.965
1074	839	1	0.857
1075	948	0	0.000433
1076	300	1	0.833
1077	899	1	0.952
1078	574	1	0.945
1079	213	1	0.802
1080	544	1	0.819
1081	707	1	0.935
1082	165	1	0.802
1083	379	1	0.818
1084	231	1	0.84
1085	632	1	0.957
1086	475	1	0.956
1087	600	1	0.959
1088	781	0	0.000335
1089	822	1	0.945
1090	679	1	0.902
1091	636	0	0.000401
1092	306	1	0.859
1093	572	1	0.91
1094	687	0	0.000235
1095	293	1	0.838
1096	382	0	0.000402
1097	356	1	0.949
1098	892	1	0.999
1099	122	1	0.836
1100	671	1	0.914
1101	955	1	0.829
1102	453	1	0.901
1103	674	1	0.811
1104	350	1	0.823
1105	1018	1	0.843
1106	381	1	0.861
1107	286	1	0.882
1108	549	1	0.973
1109	638	0	0.000113
1110	141	0	0.000623
1111	351	1	0.935
1112	362	0	0.000345
1113	539	1	0.908
1114	72	1	0.921
1115	629	1	0.915
1116	366	1	0.847
1117	512	1	0.957
1118	1009	0	8.3e-05
1119	275	0	0.000284
1120	965	0	0.000611
1121	931	1	0.97
1122	492	0	0.000254
1123	404	1	0.985
1124	904	0	0.000214
1125	816	1	0.855
1126	593	1	0.874
1127	806	1	0.912
1128	749	1	0.823
1129	903	1	0.86
1130	509	1	0.806
1131	731	1	0.961
1132	241	1	0.818
1133	72	1	0.812
1134	378	1	0.905
1135	974	0	0.000343
1136	559	1	0.869
1137	819	1	0.832
1138	814	1	0.9
1139	617	1	0.882
1140	252	1	0.988
1141	1125	1	0.967
1142	951	1	0.936
1143	117	1	0.897
1144	816	1	0.912
1145	662	1	0.864
1146	924	1	0.991
1147	233	1	0.9
1148	206	1	1
1149	468	1	0.996
1150	967	1	0.953
1151	998	1	0.903
1152	2	0	0.000401
1153	794	1	0.893
1154	574	1	0.817
1155	343	0	0.000593
1156	75	1	0.869
1157	192	0	0.000342
1158	207	1	0.93
1159	16	1	0.928
1160	1043	1	0.925
1161	355	1	0.894
1162	137	1	0.807
1163	170	1	0.964
1164	1055	1	0.992
1165	470	0	0.000166
1166	64	0	0.000301
1167	710	1	0.805
1168	286	1	0.942
1169	759	1	0.821
1170	152	1	0.861
1171	1098	1	0.96
1172	1109	0	0.000448
1173	593	0	0.00027
1174	747	1	0.968
1175	386	1	0.829
1176	343	1	0.883
1177	1171	1	0.872
1178	847	0	0.000603
1179	207	0	0.000588
1180	446	1	0.802
1181	321	1	0.886
1182	727	1	0.977
1183	463	1	0.931
1184	699	1	0.915
1185	194	1	0.865
1186	499	1	0.991
1187	388	1	0.814
1188	1179	0	0.000273
1189	16	1	0.864
1190	906	0	0.000261
1191	493	1	0.867
1192	93	1	0.926
1193	94	1	0.822
1194	930	1	0.956
1195	1178	1	0.838
1196	1016	1	0.916
1197	134	1	0.96
1198	88	1	0.829
1199	1072	1	0.982
1200	1085	1	0.845
1201	1046	1	0.852
1202	1135	1	0.93
1203	77	1	0.962
1204	272	1	0.915
1205	272	1	0.842
1206	1115	1	0.896
1207	235	1	0.933
1208	1169	1	0.827
1209	115	1	0.835
1210	756	1	0.829
1211	549	1	0.885
1212	932	0	0.000407
1213	196	0	0.000494
1214	863	0	0.000252
1215	581	1	0.803
1216	83	1	0.804
1217	574	1	0.866
1218	1014	1	0.943
1219	1046	1	0.972
1220	1204	1	0.87
1221	177	1	0.991
1222	414	1	0.808
1223	1201	1	0.827
1224	48	1	0.849
1225	414	1	0.9
1226	1102	1	0.827
1227	523	1	0.811
1228	357	1	0.817
1229	454	0	0.000492
1230	781	1	0.973
1231	159	1	0.893
1232	618	1	0.873
1233	1012	1	0.81
1234	847	1	0.916
1235	600	1	0.926
1236	661	1	0.935
1237	518	1	0.948
1238	1005	1	0.905
1239	59	1	0.955
1240	1016	1	0.88
1241	850	1	0.981
1242	363	1	0.813
1243	371	1	0.998
1244	273	1	1
1245	843	1	0.96
1246	1197	1	0.851
1247	775	1	0.964
1248	1027	0	0.000331
1249	847	1	0.918
1250	1248	1	0.896
1251	971	1	0.952
1252	1088	0	0.000129
1253	1201	1	0.9
1254	470	1	0.932
1255	1098	1	0.998
1256	48	0	0.000611
1257	1066	1	0.908
1258	934	1	0.885
1259	447	1	0.806
1260	839	1	0.998
1261	277	0	0.000624
1262	276	1	0.882
1263	875	1	0.945
1264	1187	1	0.822
1265	356	1	0.9
1266	1135	1	0.881
1267	452	1	0.889
1268	690	1	0.815
1269	609	1	0.875
1270	572	1	0.834
1271	454	1	0.852
1272	265	1	0.932
1273	852	0	0.000142
1274	603	1	0.957
1275	1129	1	0.997
1276	518	1	0.904
1277	511	1	0.873
1278	526	0	0.000159
1279	1223	1	0.819
1280	1162	1	0.817
1281	649	0	0.000371
1282	247	1	0.804
1283	199	1	0.863
1284	649	1	0.811
1285	204	1	0.845
1286	804	1	0.836
1287	480	1	0.921
1288	453	1	0.882
1289	918	1	0.893
1290	440	1	0.936
1291	229	0	0.00025
1292	1164	1	0.965
1293	904	1	0.893
1294	183	1	0.964
1295	1261	1	0.905
1296	835	1	0.95
1297	683	1	0.856
1298	812	1	0.87
1299	1269	1	0.993
1300	941	1	0.86
1301	1178	1	0.956
1302	1148	1	0.934
1303	995	1	0.89
1304	933	1	0.896
1305	59	1	0.863
1306	691	1	0.924
1307	437	1	0.912
1308	179	1	0.9
1309	566	1	0.957
1310	1015	1	0.818
1311	852	1	0.991
1312	324	1	0.959
1313	49	1	0.862
1314	520	0	0.000213
1315	592	1	0.963
1316	37	1	0.817
1317	785	1	0.852
1318	684	0	0.000387
1319	1182	1	0.999
1320	764	1	0.846
1321	1175	1	0.849
1322	1129	1	0.944
1323	566	1	0.91
1324	581	0	0.000433
1325	758	0	0.000359
1326	729	1	0.896
1327	329	1	0.801
1328	159	1	0.827
1329	399	1	0.883
1330	234	1	0.818
1331	280	0	0.000578
1332	578	1	0.866
1333	156	1	0.878
1334	1108	1	0.85
1335	159	1	0.909
1336	514	1	0.92
1337	914	1	0.973
1338	250	1	0.81
1339	390	0	0.00063
1340	218	0	0.000361
1341	1304	0	0.00018
1342	443	1	0.945
1343	705	1	0.942
1344	545	1	0.877
1345	984	0	0.000214
1346	1225	1	0.95
1347	279	1	0.957
1348	1152	1	0.829
1349	731	1	0.98
1350	314	1	0.861
1351	672	1	0.837
1352	1200	1	0.936
1353	172	0	0.0003
1354	809	1	0.812
1355	1320	1	0.821
1356	1020	1	0.813
1357	608	1	0.969
1358	1029	0	0.000445
1359	541	1	0.979
1360	115	1	0.83
1361	65	1	0.926
1362	260	1	0.965
1363	693	0	0.000484
1364	317	1	0.97
1365	1262	1	0.896
1366	1076	0	0.000301
1367	339	1	0.917
1368	1181	1	0.84
1369	71	0	0.000142
1370	82	1	0.861
1371	1179	1	0.905
1372	755	1	0.863
1373	1012	1	0.847
1374	225	1	0.947
1375	783	0	0.000214
1376	167	1	0.966
1377	1069	1	0.849
1378	1277	1	0.883
1379	520	0	0.000483
1380	1209	1	0.869
1381	49	0	0.000433
1382	979	1	0.891
1383	146	1	0.812
1384	1302	0	0.000447
1385	688	1	0.899
1386	206	1	0.8
1387	390	1	0.93
1388	1031	1	0.954
1389	1124	1	0.844
1390	551	1	0.861
1391	716	1	0.991
1392	1288	1	0.884
1393	964	1	0.806
1394	933	1	0.847
1395	1308	1	0.915
1396	729	1	0.971
1397	1378	1	0.913
1398	474	1	0.82
1399	427	1	0.879
1400	457	1	0.913
1401	1110	1	0.981
1402	1091	1	0.825
1403	56	1	0.994
1404	147	0	0.000463
1405	1074	0	0.000416
1406	973	1	0.884
1407	240	1	0.918
1408	926	0	0.000105
1409	711	1	0.972
1410	219	1	0.812
1411	1073	1	0.981
1412	324	1	0.99
1413	1113	1	0.98
1414	905	0	0.00042
1415	64	1	0.987
1416	1115	1	0.813
1417	1299	1	0.816
1418	535	0	0.000507
1419	129	1	0.977
1420	256	1	0.93
1421	677	0	0.000567
1422	819	1	0.801
1423	880	1	0.813
1424	104	1	0.984
1425	854	1	0.802
1426	75	1	0.954
1427	438	1	0.914
1428	670	1	0.999
1429	690	1	0.85
1430	1258	1	0.858
1431	819	1	0.972
1432	1069	1	0.926
1433	504	1	0.937
1434	416	1	0.868
1435	1253	1	0.855
1436	223	1	0.945
1437	1428	1	0.847
1438	561	1	0.893
1439	93	0	0.000447
1440	810	1	0.857
1441	51	1	0.934
1442	1252	1	0.924
1443	457	1	0.804
1444	676	1	0.878
1445	140	1	0.845
1446	175	1	0.874
1447	458	1	0.929
1448	1295	1	0.833
1449	606	1	0.813
1450	1203	1	0.854
1451	149	1	0.823
1452	866	1	0.941
1453	849	1	0.947
1454	1411	1	0.857
1455	273	1	0.862
1456	68	1	0.85
1457	152	0	0.0001
1458	991	1	0.975
1459	1392	1	0.922
1460	761	1	0.817
1461	206	0	0.000551
1462	815	1	0.945
1463	1059	0	8.7e-05
1464	431	0	0.00012
1465	918	0	0.000236
1466	80	1	0.914
1467	1184	1	0.993
1468	1315	0	0.000623
1469	335	1	0.845
1470	1082	1	0.973
1471	725	1	0.962
1472	845	1	0.91
1473	1043	1	0.912
1474	860	0	0.000453
1475	83	1	0.818
1476	156	1	0.858
1477	90	1	0.85
1478	175	1	0.926
1479	236	1	0.802
1480	1080	1	0.994
1481	374	1	0.934
1482	1099	0	0.000437
1483	871	0	0.000422
1484	1161	1	0.81
1485	680	0	0.000433
1486	874	0	0.000522
1487	1156	1	0.876
1488	1473	1	0.892
1489	401	1	0.834
1490	666	1	0.936
1491	929	1	0.989
1492	911	1	0.86
1493	939	1	0.972
1494	1421	1	0.816
1495	1270	1	0.831
1496	1260	1	0.976
1497	824	1	0.964
1498	1050	1	0.894
1499	308	1	0.979
1500	596	1	0.843
1501	1156	1	0.854
1502	1199	1	0.853
1503	859	0	0.000368
1504	1355	1	0.975
1505	1039	0	0.000297
1506	1123	1	0.951
1507	71	1	0.935
1508	1177	1	0.831
1509	1258	1	0.975
1510	361	1	0.972
1511	1372	1	0.839
1512	1192	1	0.852
1513	752	1	0.954
1514	1082	1	0.936
1515	1383	0	0.000204
1516	242	1	0.834
1517	1272	1	0.88
1518	134	1	0.859
1519	590	1	0.867
1520	746	1	0.934
1521	703	1	0.849
1522	189	0	0.000551
1523	428	1	0.823
1524	710	1	0.839
1525	909	1	0.833
1526	231	1	0.87
1527	762	1	0.867
1528	1012	1	0.834
1529	989	1	0.822
1530	1005	0	0.000482
1531	134	1	0.853
1532	131	1	0.851
1533	999	1	0.827
1534	728	1	0.888
1535	811	1	0.819
1536	1063	1	0.857
1537	336	1	0.84
1538	456	1	0.978
1539	552	0	0.00013
1540	1003	1	0.88
1541	1379	1	0.933
1542	143	1	0.947
1543	37	1	0.958
1544	1239	0	0.000615
1545	167	1	0.991
1546	1380	1	0.88
1547	713	0	0.00047
1548	1402	1	0.8
1549	272	1	0.957
1550	111	0	0.000129
1551	497	1	0.823
1552	906	1	0.885
1553	348	1	0.949
1554	1408	1	0.952
1555	1313	0	0.000368
1556	878	1	0.815
1557	1357	1	0.833
1558	1471	1	0.841
1559	890	1	0.93
1560	1489	1	0.945
1561	700	1	0.846
1562	645	1	0.872
1563	1453	1	0.919
1564	1043	1	0.921
1565	1207	1	0.964
1566	957	1	0.991
1567	1050	1	0.809
1568	854	1	0.968
1569	603	1	0.947
1570	697	1	0.873
1571	752	1	0.872
1572	849	1	0.965
1573	567	1	0.846
1574	1083	0	0.000106
1575	1284	1	0.906
1576	817	1	0.827
1577	1150	0	0.000563
1578	399	1	0.943
1579	178	1	0.851
1580	1561	1	0.964
1581	470	0	0.000314
1582	327	1	0.889
1583	232	1	0.892
1584	1534	1	0.837
1585	39	1	0.841
1586	1544	1	0.871
1587	1148	1	0.911
1588	1382	1	0.909
1589	1224	1	0.807
1590	744	1	0.816
1591	1550	1	0.805
1592	449	1	0.934
1593	1338	1	0.99
1594	559	1	0.875
1595	1046	0	0.000215
1596	326	1	0.894
1597	1076	1	0.95
1598	408	1	0.902
1599	1428	1	0.902
1600	223	1	0.803
1601	6	1	0.97
1602	420	1	0.894
1603	1530	1	0.841
1604	372	0	0.000187
1605	355	1	0.998
1606	153	0	0.00024
1607	1555	1	0.989
1608	1147	1	0.855
1609	734	1	0.886
1610	261	0	0.000603
1611	547	1	0.921
1612	797	1	0.921
1613	196	1	0.998
1614	1379	1	0.9
1615	617	1	0.919
1616	762	1	0.96
1617	344	1	0.944
1618	806	1	0.911
1619	872	1	0.833
1620	1360	1	0.881
1621	974	1	0.96
1622	323	1	0.974
1623	241	1	0.844
1624	220	1	0.849
1625	107	1	0.969
1626	496	1	0.841
1627	1557	1	0.907
1628	278	1	0.896
1629	1455	1	0.953
1630	569	1	0.928
1631	1037	1	0.883
1632	1227	1	0.879
1633	1549	1	0.937
1634	1197	1	0.856
1635	329	1	0.841
1636	603	1	0.891
1637	670	1	0.85
1638	486	1	0.933
1639	1580	1	0.818
1640	884	0	0.000443
1641	437	1	0.998
1642	1316	1	0.924
1643	1141	1	0.824
1644	919	1	0.954
1645	540	1	0.949
1646	621	0	8.89e-05
1647	925	1	0.87
1648	1199	0	0.000201
1649	1298	1	0.996
1650	1542	1	0.887
1651	1083	1	0.961
1652	1046	1	0.873
1653	1289	0	0.000257
1654	1583	1	0.845
1655	148	1	0.95
1656	542	1	0.966
1657	283	1	0.839
1658	515	1	0.857
1659	52	1	0.903
1660	1279	1	0.878
1661	165	1	0.966
1662	1183	1	0.918
1663	1356	1	0.929
1664	685	1	0.906
1665	522	1	0.97
1666	277	1	0.844
1667	237	1	0.836
1668	1418	0	0.000545
1669	1311	1	0.892
1670	462	1	0.833
1671	659	0	0.000123
1672	483	1	0.937
1673	1208	1	0.943
1674	1372	1	0.883
1675	737	1	0.99
1676	1602	1	0.995
1677	372	0	0.000194
1678	204	1	0.818
1679	1311	1	0.889
1680	831	1	0.889
1681	962	1	0.946
1682	176	1	0.847
1683	1356	1	0.828
1684	946	1	0.967
1685	1452	0	0.000544
1686	1243	1	0.979
1687	249	0	0.000559
1688	1412	1	0.941
1689	1224	1	0.89
1690	412	1	0.886
1691	200	1	0.902
1692	433	1	0.967
1693	987	1	0.892
1694	255	1	0.831
1695	1525	1	0.91
1696	1246	1	0.964
1697	1543	1	0.864
1698	247	1	0.912
1699	1252	1	0.881
1700	523	1	0.924
1701	1462	0	0.000559
1702	243	1	0.828
1703	1200	1	0.816
1704	1487	1	0.805
1705	942	1	0.873
1706	228	1	0.815
1707	1660	0	0.000602
1708	1260	1	0.802
1709	155	0	0.000269
1710	151	1	0.994
1711	84	1	0.875
1712	199	1	0.992
1713	1461	1	0.882
1714	1464	1	1
1715	1371	1	0.884
1716	1160	1	0.933
1717	177	1	1
1718	997	1	0.821
1719	1634	1	0.963
1720	159	0	0.00013
1721	559	0	0.000488
1722	1653	0	0.000115
1723	1397	1	0.811
1724	1098	1	0.882
1725	729	1	0.814
1726	1194	1	1
1727	1211	1	0.827
1728	464	0	0.000426
1729	260	1	0.947
1730	141	0	0.000171
1731	1125	1	0.893
1732	1483	1	0.871
1733	201	1	0.972
1734	1071	1	0.864
1735	1439	1	0.878
1736	392	1	0.987
1737	915	0	0.000504
1738	1311	0	0.000332
1739	166	1	0.967
1740	678	1	0.872
1741	431	1	0.842
1742	343	1	0.805
1743	437	1	0.939
1744	1446	0	0.000553
1745	126	0	0.000303
1746	1017	0	0.000322
1747	145	1	0.998
1748	165	0	0.000178
1749	920	1	0.997
1750	70	0	0.000619
1751	1271	1	0.874
1752	646	1	0.837
1753	980	1	0.92
1754	1399	1	0.819
1755	219	1	0.933
1756	1089	1	0.993
1757	1630	1	0.84
1758	1655	1	0.825
1759	147	1	0.931
1760	1274	1	0.908
1761	1697	1	0.996
1762	1626	0	0.00056
1763	1187	1	0.85
1764	336	1	0.98
1765	1018	1	0.817
1766	1560	1	0.971
1767	897	1	0.812
1768	680	1	0.874
1769	226	1	0.964
1770	1244	1	0.911
1771	1347	1	0.843
1772	652	1	0.944
1773	1593	1	0.869
1774	109	1	0.836
1775	1319	1	0.837
1776	917	0	8.97e-05
1777	1504	1	0.934
1778	111	0	0.000492
1779	706	0	0.000435
1780	485	1	0.891
1781	1044	1	0.849
1782	1117	0	0.000142
1783	1167	1	0.911
1784	1170	1	0.936
1785	587	1	0.992
1786	397	1	0.826
1787	356	1	0.849
1788	1475	1	0.931
1789	417	1	0.862
1790	1489	1	0.903
1791	1166	0	0.000184
1792	1349	1	0.985
1793	1737	1	0.883
1794	1650	1	0.854
1795	1266	1	0.817
1796	298	1	0.908
1797	1796	1	0.809
1798	271	1	0.883
1799	597	1	0.808
1800	1322	1	0.821
1801	1180	1	0.938
1802	370	1	0.835
1803	1758	1	0.904
1804	629	1	0.899
1805	617	1	0.901
1806	1125	0	0.000535
1807	73	1	0.954
1808	1421	1	0.83
1809	1482	1	0.828
1810	665	1	0.816
1811	532	1	0.976
1812	884	1	0.859
1813	75	1	0.91
1814	1439	1	0.804
1815	1091	1	0.897
1816	42	1	0.974
1817	1704	0	0.000218
1818	1085	1	0.999
1819	852	1	0.976
1820	1208	0	0.000298
1821	431	1	0.898
1822	254	1	0.923
1823	1151	1	0.967
1824	1468	1	0.831
1825	668	1	0.812
1826	193	1	0.911
1827	1110	1	0.874
1828	1240	1	0.964
1829	1056	1	0.96
1830	775	1	0.922
1831	949	1	0.843
1832	1278	0	0.000292
1833	1666	1	0.835
1834	1087	1	0.88
1835	584	1	0.931
1836	1040	0	0.000316
1837	460	1	0.855
1838	260	1	0.935
1839	434	1	0.923
1840	1499	0	0.000243
1841	1373	1	0.817
1842	1666	1	0.872
1843	961	1	0.928
1844	1304	1	0.909
1845	912	1	0.805
1846	1743	1	0.999
1847	393	1	0.849
1848	265	1	0.986
1849	1846	1	0.829
1850	1588	1	0.87
1851	859	1	0.991
1852	138	1	0.869
1853	1630	0	0.000597
1854	163	1	0.953
1855	1243	1	0.899
1856	528	0	0.000504
1857	373	1	0.811
1858	741	1	0.986
1859	206	1	0.806
1860	1644	1	0.864
1861	1631	1	0.867
1862	1137	1	0.898
1863	604	1	0.92
1864	734	1	0.943
1865	403	1	0.907
1866	1343	1	0.848
1867	1282	1	0.989
1868	467	1	0.804
1869	686	1	0.899
1870	498	1	0.987
1871	1695	1	0.867
1872	388	1	0.966
1873	692	1	0.839
1874	981	1	0.976
1875	180	1	0.891
1876	1652	1	0.962
1877	633	1	0.846
1878	14	0	0.000399
1879	306	1	0.94
1880	1615	1	0.916
1881	1579	1	0.858
1882	1544	1	0.818
1883	222	1	0.95
1884	662	1	0.982
1885	1425	1	0.845
1886	1081	1	0.815
1887	111	1	0.868
1888	921	1	0.997
1889	588	1	0.926
1890	1060	1	0.909
1891	188	1	0.949
1892	1071	1	0.974
1893	441	1	0.981
1894	545	1	0.848
1895	566	1	0.833
1896	1354	0	0.000209
1897	813	1	0.953
1898	1874	1	0.93
1899	922	1	0.921
1900	794	1	0.839
1901	299	1	0.981
1902	157	1	0.872
1903	867	0	0.000408
1904	939	1	0.869
1905	1171	1	0.804
1906	624	1	0.95
1907	620	1	0.897
1908	302	1	0.819
1909	1014	1	0.842
1910	68	1	0.879
1911	1154	1	0.915
1912	981	0	0.000345
1913	1725	1	0.874
1914	8	1	0.905
1915	1366	1	0.995
1916	1566	1	0.887
1917	1525	1	0.979
1918	215	1	0.901
1919	203	1	0.889
1920	419	1	0.956
1921	1591	1	0.861
1922	1079	1	0.989
1923	1744	1	0.952
1924	1622	1	0.891
1925	35	1	0.936
1926	560	0	0.000249
1927	892	1	0.967
1928	1806	1	0.942
1929	811	1	0.809
1930	409	0	0.000619
1931	1708	1	0.964
1932	1490	0	0.000197
1933	638	1	0.908
1934	754	1	0.835
1935	920	1	0.938
1936	1009	1	0.852
1937	740	0	0.000613
1938	311	1	0.821
1939	758	1	0.96
1940	746	0	0.000301
1941	188	1	0.819
1942	556	1	0.971
1943	1804	1	0.995
1944	1883	1	0.858
1945	844	0	0.000512
1946	1076	1	0.81
1947	935	1	0.917
1948	1504	1	0.97
1949	1160	1	0.965
1950	966	0	0.00027
1951	808	1	0.869
1952	1725	1	0.843
1953	1818	1	0.81
1954	264	1	0.828
1955	223	1	0.917
1956	142	1	0.945
1957	1047	1	0.901
1958	1183	1	0.808
1959	1733	1	0.987
1960	1261	1	0.896
1961	1342	1	0.893
1962	393	1	0.946
1963	1244	1	0.846
1964	951	1	0.882
1965	1154	0	0.000507
1966	1182	1	0.974
1967	1479	1	0.902
1968	1668	1	0.816
1969	832	1	0.89
1970	1157	1	0.974
1971	450	1	0.948
1972	942	1	0.854
1973	264	0	0.000244
1974	1143	1	0.865
1975	1040	1	0.948
1976	1520	1	0.819
1977	1557	1	0.919
1978	1210	1	0.915
1979	35	1	0.862
1980	296	1	0.965
1981	558	1	0.844
1982	722	1	0.841
1983	17	1	0.833
1984	51	1	0.9
1985	64	0	0.00031
1986	1269	1	0.92
1987	421	1	0.98
1988	913	1	0.842
1989	256	1	0.872
1990	198	1	0.847
1991	843	1	0.844
1992	1588	1	0.875
1993	421	0	0.000105
1994	1848	1	0.939
1995	535	1	0.929
1996	1290	0	0.000424
1997	1378	1	0.898
1998	1322	1	0.849
1999	1778	1	0.89
2000	643	1	0.823
2001	33	1	0.874
2002	116	0	9.36e-05
2003	1163	1	0.956
2004	1280	1	0.85
2005	1696	1	0.833
2006	1264	1	0.93
2007	1567	1	0.809
2008	1949	1	0.833
2009	822	0	0.000144
2010	1055	1	0.826
2011	331	1	0.9
2012	1432	1	0.978
2013	1199	1	0.838
2014	220	1	0.944
2015	209	1	0.891
2016	1717	1	0.889
2017	1839	0	0.000185
2018	1847	1	0.81
2019	1282	1	0.84
2020	470	1	0.848
2021	533	1	0.874
2022	469	1	0.835
2023	968	1	0.986
2024	853	1	0.854
2025	1224	1	0.984
2026	1503	1	0.867
2027	965	1	0.843
2028	1590	1	0.896
2029	1958	1	0.87
2030	1174	1	0.884
2031	600	1	0.858
2032	1004	0	8.89e-05
2033	1864	1	0.842
2034	1467	1	0.878
2035	1925	1	0.932
2036	250	0	0.000206
2037	1102	1	0.865
2038	2004	1	0.998
2039	821	0	0.00039
2040	821	1	0.977
2041	1259	0	0.000169
2042	244	1	0.858
2043	1655	1	0.832
2044	1375	1	0.882
2045	1815	1	0.85
2046	1041	1	0.911
2047	683	1	0.984
2048	1511	1	0.805
2049	1319	1	0.962
2050	220	1	0.846
2051	1330	0	0.000604
2052	1694	0	0.000103
2053	1868	0	0.000358
2054	708	0	0.00036
2055	1778	1	0.873
2056	1782	1	0.898
2057	631	0	0.00043
2058	445	1	0.988
2059	1087	1	0.933
2060	1777	1	0.883
2061	1115	0	0.000271
2062	314	1	0.858
2063	487	0	0.000428
2064	349	1	0.915
2065	1398	1	0.905
2066	1843	1	0.861
2067	141	0	0.000156
2068	723	1	0.834
2069	1689	1	0.812
2070	1102	0	0.000399
2071	1901	1	0.895
2072	613	1	0.838
2073	1862	1	0.975
2074	1151	1	0.93
2075	1316	1	0.985
2076	1621	1	0.922
2077	1172	1	0.887
2078	1123	1	0.869
2079	1062	1	0.863
2080	874	1	0.917
2081	180	1	0.9
2082	1805	1	0.93
2083	1121	1	0.813
2084	2026	1	0.882
2085	175	1	0.971
2086	321	1	0.833
2087	999	1	0.885
2088	1499	1	1
2089	1729	1	0.821
2090	1550	1	0.82
2091	1407	1	0.919
2092	1264	1	0.85
2093	380	1	0.806
2094	1139	0	9.29e-05
2095	1124	1	0.877
2096	2047	1	0.864
2097	563	0	0.000239
2098	1972	1	0.852
2099	1154	1	0.953
2100	137	1	0.927
2101	581	1	0.893
2102	1855	1	0.968
2103	824	0	0.00056
2104	1576	1	0.862
2105	111	1	0.823
2106	35	0	0.00035
2107	1302	1	0.853
2108	866	0	0.000582
2109	775	1	0.954
2110	2059	1	0.916
2111	482	1	0.84
2112	389	1	0.988
2113	1681	1	0.839
2114	177	1	0.91
2115	721	0	0.000369
2116	1069	1	0.87
2117	1366	0	0.000275
2118	1930	1	0.918
2119	2052	1	0.847
2120	1769	1	0.839
2121	2046	1	0.88
2122	1208	1	0.879
2123	1068	1	0.957
2124	1759	1	0.962
2125	1762	1	0.88
2126	363	1	0.945
2127	1341	1	0.912
2128	798	1	0.952
2129	59	1	0.827
2130	1743	0	0.000324
2131	183	1	0.937
2132	1748	1	0.805
2133	1467	0	0.000272
2134	661	1	0.907
2135	2022	0	0.000393
2136	28	1	0.881
2137	513	1	0.9
2138	584	1	0.813
2139	931	1	0.894
2140	853	1	0.942
2141	1486	1	0.988
2142	1785	1	0.855
2143	1515	1	0.996
2144	1406	0	0.000508
2145	1577	1	0.947
2146	420	1	0.851
2147	75	1	0.848
2148	368	1	0.92
2149	716	1	0.875
2150	1251	1	0.909
2151	1534	1	0.888
2152	1758	1	0.968
2153	171	1	0.839
2154	1557	1	0.974
2155	767	1	0.943
2156	649	1	0.984
2157	815	1	0.804
2158	1738	0	0.000337
2159	2115	1	0.993
2160	1593	1	0.994
2161	1147	1	0.978
2162	1562	1	0.999
2163	1795	0	0.000231
2164	231	1	0.813
2165	1030	0	0.000287
2166	2043	1	0.959
2167	802	1	0.84
2168	1705	1	0.972
2169	353	1	0.846
2170	2015	1	0.888
2171	123	1	0.805
2172	536	1	0.946
2173	1418	1	0.911
2174	581	1	0.87
2175	225	1	0.991
2176	687	1	0.926
2177	428	1	0.941
2178	2129	0	0.000171
2179	1018	1	0.86
2180	178	1	0.847
2181	1507	1	0.867
2182	964	1	0.942
2183	1718	1	0.807
2184	1725	0	0.000269
2185	160	1	0.996
2186	147	1	0.95
2187	560	1	0.95
2188	1775	1	0.869
2189	167	0	0.000487
2190	811	1	0.843
2191	2016	1	0.929
2192	1800	0	0.000317
2193	57	1	0.858
2194	1642	1	0.919
2195	1843	1	0.88
2196	1861	1	0.962
2197	900	1	0.904
2198	114	1	0.832
2199	1321	0	0.00049
2200	1424	0	0.000407
2201	70	1	0.981
2202	508	1	0.848
2203	968	1	0.914
2204	1450	1	0.891
2205	748	1	0.836
2206	2175	1	0.831
2207	921	1	0.968
2208	2152	1	0.86
2209	458	1	0.826
2210	576	1	0.828
2211	22	1	0.945
2212	1076	1	0.927
2213	513	1	0.939
2214	1639	1	0.822
2215	894	1	0.857
2216	1957	1	0.846
2217	326	1	0.968
2218	886	1	0.952
2219	537	1	0.886
2220	195	1	0.85
2221	1910	1	0.875
2222	713	1	0.871
2223	1723	0	0.000143
2224	192	0	0.000194
2225	411	1	0.811
2226	2143	1	0.863
2227	1835	1	0.924
2228	1296	1	0.878
2229	2050	1	0.873
2230	1192	1	0.926
2231	367	1	0.969
2232	92	1	0.818
2233	562	1	0.86
2234	1599	1	0.985
2235	1548	1	0.901
2236	1437	1	0.976
2237	1605	0	0.000552
2238	118	1	0.936
2239	1912	1	0.941
2240	842	1	0.844
2241	354	1	0.818
2242	1948	0	0.000146
2243	531	1	0.993
2244	1749	1	0.859
2245	634	1	0.811
2246	1717	1	0.931
2247	370	1	0.955
2248	872	1	0.912
2249	1946	1	0.894
2250	422	1	0.868
2251	1527	1	0.803
2252	1423	0	0.000305
2253	805	1	0.903
2254	1092	1	0.838
2255	642	1	0.839
2256	1453	0	0.000419
2257	64	1	0.893
2258	1866	1	0.816
2259	909	0	0.000116
2260	1968	1	0.813
2261	1492	0	0.000612
2262	614	1	0.875
2263	1435	1	0.815
2264	1488	1	0.956
2265	752	1	0.859
2266	1550	1	0.986
2267	1659	1	0.988
2268	1336	1	0.848
2269	533	1	0.85
2270	1707	1	0.815
2271	924	1	0.978
2272	1747	1	0.832
2273	1029	0	0.000118
2274	289	1	0.893
2275	1496	1	0.925
2276	1286	1	0.985
2277	339	1	0.947
2278	1223	1	0.835
2279	2123	1	0.82
2280	1827	1	0.832
2281	2230	1	0.944
2282	1777	1	0.934
2283	2124	1	0.946
2284	639	1	0.801
2285	354	1	0.998
2286	225	1	0.897
2287	1434	1	0.934
2288	550	0	0.000159
2289	1825	1	0.819
2290	1395	1	0.99
2291	1199	0	0.000581
2292	1099	1	0.9
2293	2092	1	0.98
2294	1018	1	0.865
2295	648	1	0.991
2296	324	0	0.000195
2297	189	1	0.842
2298	863	1	0.919
2299	1921	0	0.00029
2300	1953	1	0.939
2301	1437	1	0.881
2302	100	0	0.000632
2303	67	1	0.974
2304	1444	1	0.98
2305	2180	1	0.906
2306	168	1	0.869
2307	2246	1	0.983
2308	121	1	0.855
2309	1551	1	0.83
2310	401	1	0.976
2311	1200	1	0.962
2312	575	0	0.000103
2313	946	1	0.832
2314	1961	1	0.886
2315	917	1	0.828
2316	18	1	0.977
2317	567	1	0.801
2318	1998	1	0.959
2319	1842	1	0.845
2320	465	1	0.977
2321	924	0	0.000539
2322	1349	1	0.814
2323	71	1	0.993
2324	2274	1	0.887
2325	170	1	0.946
2326	700	1	0.898
2327	1388	1	0.878
2328	2020	1	0.97
2329	230	1	0.836
2330	2018	1	0.958
2331	1911	1	0.96
2332	1345	1	0.98
2333	1387	1	0.968
2334	1392	1	0.979
2335	695	1	0.97
2336	1819	1	0.836
2337	3	1	0.913
2338	1864	0	0.00045
2339	1129	0	0.000619
2340	95	1	0.841
2341	1943	1	0.951
2342	2002	1	0.882
2343	616	1	0.846
2344	111	1	0.901
2345	1091	1	0.824
2346	2059	1	0.818
2347	846	1	0.905
2348	1505	1	0.914
2349	2051	0	0.000103
2350	2220	1	0.983
2351	1987	1	0.879
2352	973	0	0.000603
2353	151	1	0.92
2354	1684	0	0.000389
2355	1280	1	0.939
2356	2036	1	0.861
2357	548	1	0.956
2358	1522	1	0.88
2359	84	1	0.884
2360	1503	1	0.954
2361	1508	1	0.866
2362	570	1	0.926
2363	785	1	0.842
2364	1770	1	0.968
2365	273	1	0.857
2366	2166	1	0.937
2367	1659	0	0.000432
2368	1691	1	0.86
2369	785	1	0.806
2370	328	1	0.928
2371	1896	1	0.808
2372	681	1	0.906
2373	723	1	0.908
2374	282	0	0.000119
2375	1287	1	0.945
2376	186	1	0.99
2377	2292	1	0.902
2378	1263	0	9.65e-05
2379	103	1	0.994
2380	1798	1	0.897
2381	1193	1	0.876
2382	1349	0	0.000188
2383	624	1	0.921
2384	807	0	0.000342
2385	853	1	0.81
2386	920	1	0.851
2387	1773	0	0.000241
2388	1589	1	0.918
2389	2043	0	0.000162
2390	1077	0	0.000434
2391	1227	1	0.847
2392	223	1	0.96
2393	725	1	0.938
2394	263	1	0.93
2395	809	1	0.89
2396	1473	1	0.94
2397	1882	0	0.000246
2398	2057	1	0.91
2399	2025	1	0.893
2400	1002	1	0.996
2401	1941	1	0.941
2402	1689	1	0.978
2403	941	1	0.801
2404	94	1	0.856
2405	1636	1	0.983
2406	1266	1	0.86
2407	233	1	0.947
2408	1900	1	0.965
2409	2130	1	0.839
2410	62	1	0.875
2411	489	1	0.903
2412	1727	1	0.888
2413	1260	1	0.966
2414	2314	1	0.872
2415	2090	1	0.98
2416	1390	1	0.83
2417	293	1	0.965
2418	1463	1	0.995
2419	1234	1	0.855
2420	737	1	0.905
2421	1190	1	0.941
2422	1203	1	0.867
2423	81	0	0.000119
2424	1275	1	0.906
2425	2003	0	0.000198
2426	518	0	0.000175
2427	2214	1	0.82
2428	1886	1	0.86
2429	2408	1	0.915
2430	1144	1	0.905
2431	1862	1	0.953
2432	32	1	0.848
2433	1282	1	0.919
2434	1082	1	0.854
2435	2078	1	0.996
2436	1814	1	0.939
2437	1037	1	0.934
2438	2421	1	0.887
2439	785	1	0.832
2440	1531	1	0.972
2441	2126	1	0.903
2442	1959	1	0.925
2443	940	0	0.000416
2444	1719	1	0.984
2445	1729	1	0.862
2446	116	1	0.852
2447	119	0	0.000504
2448	1012	1	0.869
2449	2001	1	0.847
2450	31	1	0.878
2451	1107	1	0.825
2452	706	1	0.922
2453	1962	1	0.852
2454	175	1	0.992
2455	1288	0	0.000195
2456	1429	1	0.897
2457	1347	1	0.948
2458	1660	1	0.919
2459	2371	1	0.955
2460	46	0	0.00029
2461	1400	1	0.994
2462	1496	1	0.937
2463	964	1	0.96
2464	871	1	0.911
2465	2399	1	0.905
2466	126	0	0.000479
2467	1002	1	0.846
2468	1932	1	0.954
2469	1532	1	0.812
2470	967	1	0.956
2471	2283	1	0.946
2472	1758	1	0.818
2473	2253	1	0.877
2474	1600	1	0.809
2475	452	1	0.81
2476	1269	1	0.95
2477	1709	1	0.98
2478	1733	1	0.81
2479	498	0	0.000122
2480	9	1	0.865
2481	1846	1	0.831
2482	1099	0	0.000638
2483	1000	1	0.881
2484	813	1	0.928
2485	1696	0	0.000435
2486	863	1	0.872
2487	2255	1	0.858
2488	1686	1	0.911
2489	1865	1	0.908
2490	1197	1	0.896
2491	1971	1	0.944
2492	719	1	0.813
2493	1430	0	9.64e-05
2494	1379	1	0.891
2495	413	1	0.938
2496	2031	1	0.901
2497	2113	1	0.908
2498	1838	0	0.000626
2499	1803	1	0.93
2500	692	1	0.988
2501	1346	0	0.000578
2502	2404	1	0.885
2503	111	1	0.964
2504	2043	1	0.83
2505	1465	0	0.00017
2506	2084	1	0.836
2507	1999	1	0.84
2508	423	1	0.805
2509	2140	1	0.877
2510	1154	0	0.000618
2511	2501	1	0.838
2512	178	1	0.961
2513	1541	0	0.000417
2514	935	1	0.889
2515	1188	1	0.944
2516	29	1	0.963
2517	1137	1	0.845
2518	1375	1	0.854
2519	2103	1	0.969
2520	2015	0	0.000356
2521	1212	1	0.898
2522	2115	1	0.947
2523	1124	1	0.891
2524	1696	1	0.84
2525	2117	1	0.97
2526	589	0	0.000618
2527	275	1	0.927
2528	1234	1	0.99
2529	1615	1	0.893
2530	1370	1	0.861
2531	1828	0	0.000459
2532	953	1	0.806
2533	1273	0	0.000155
2534	1830	1	0.855
2535	710	1	0.994
2536	630	1	0.831
2537	1584	1	0.921
2538	204	1	0.83
2539	2123	1	0.962
2540	871	1	0.999
2541	196	1	0.802
2542	2512	1	0.865
2543	1483	1	0.851
2544	474	1	0.899
2545	1044	1	0.959
2546	1075	1	0.99
2547	305	0	0.000129
2548	712	1	0.956
2549	1340	1	0.998
2550	979	1	0.915
2551	862	1	0.97
2552	471	1	0.951
2553	493	1	0.986
2554	2022	1	0.844
2555	1217	1	0.964
2556	296	1	0.857
2557	435	1	0.978
2558	2499	1	0.853
2559	459	1	0.874
2560	1068	1	0.833
2561	1582	1	0.803
2562	2505	0	0.000331
2563	1285	1	0.892
2564	307	1	0.823
2565	643	1	0.871
2566	1077	1	0.971
2567	617	1	0.826
2568	946	1	0.827
2569	1400	1	0.938
2570	2355	1	0.906
2571	2210	1	0.876
2572	823	1	0.892
2573	278	1	0.99
2574	1854	0	0.000296
2575	1445	1	0.86
2576	1092	0	0.000274
2577	75	1	0.991
2578	1383	0	0.000125
2579	2338	0	0.000118
2580	1148	1	0.916
2581	1838	1	1
2582	1329	1	0.808
2583	2271	1	0.999
2584	2349	1	0.808
2585	2202	1	0.802
2586	1563	1	0.914
2587	755	1	0.954
2588	1673	0	0.000621
2589	1069	1	0.886
2590	32	1	0.935
2591	1294	1	0.976
2592	1270	0	0.000464
2593	416	1	0.911
2594	10	1	0.87
2595	2074	1	0.965
2596	2080	0	0.000397
2597	2021	1	0.961
2598	667	1	0.94
2599	1747	0	8.62e-05
2600	2321	1	0.907
2601	1283	0	0.000177
2602	2160	1	0.825
2603	205	1	0.967
2604	1485	1	0.933
2605	1237	1	0.939
2606	710	1	0.978
2607	432	1	0.941
2608	1162	1	0.922
2609	389	1	0.834
2610	1259	1	0.871
2611	166	1	0.807
2612	1438	1	0.863
2613	2490	1	0.849
2614	1538	1	0.983
2615	1755	1	0.971
2616	2366	1	0.806
2617	133	1	0.943
2618	1915	1	0.801
2619	1030	0	0.000244
2620	2523	1	0.925
2621	1864	1	0.902
2622	613	0	0.0006
2623	121	1	0.836
2624	2463	1	0.808
2625	931	1	0.981
2626	2346	1	0.804
2627	1395	1	0.921
2628	208	1	0.938
2629	390	1	0.817
2630	985	1	0.995
2631	907	1	0.893
2632	1989	1	0.844
2633	1270	1	0.955
2634	1688	1	0.918
2635	729	1	0.829
2636	94	0	0.000448
2637	1336	1	0.855
2638	2308	1	0.92
2639	1917	1	0.945
2640	2247	1	0.852
2641	2532	1	0.996
2642	2279	1	0.972
2643	766	1	0.872
2644	1459	1	0.821
2645	1656	1	0.844
2646	255	1	0.921
2647	346	1	0.866
2648	995	1	0.945
2649	1299	1	0.801
2650	1507	0	9.61e-05
2651	571	1	0.946
2652	2412	1	0.828
2653	1844	1	0.977
2654	1426	1	0.961
2655	776	1	0.846
2656	15	1	0.951
2657	2228	1	0.91
2658	1797	1	0.863
2659	1183	1	0.818
2660	2616	1	0.9
2661	293	1	0.975
2662	1698	1	0.916
2663	1893	1	0.868
2664	1931	1	0.91
2665	830	1	0.991
2666	1306	1	0.942
2667	1213	0	0.000235
2668	334	1	0.954
2669	704	1	0.912
2670	68	1	0.967
2671	428	1	0.98
2672	1882	1	0.936
2673	2213	0	0.000187
2674	1511	1	0.816
2675	1762	1	0.968
2676	1408	1	0.87
2677	2184	1	0.936
2678	634	1	0.808
2679	2613	1	0.891
2680	1097	0	0.00058
2681	2347	1	0.95
2682	915	1	0.881
2683	1795	1	0.894
2684	1732	1	0.935
2685	1074	1	0.945
2686	885	0	0.00059
2687	2219	1	0.88
2688	430	1	0.861
2689	1780	1	0.971
2690	1297	1	0.831
2691	454	1	0.858
2692	264	1	0.959
2693	812	1	0.938
2694	1819	1	0.827
2695	1279	1	0.96
2696	2479	1	0.875
2697	198	0	0.000456
2698	248	1	0.968
2699	377	1	0.909
2700	2549	1	0.915
2701	1517	1	0.815
2702	2512	1	0.865
2703	2013	1	0.81
2704	508	1	0.916
2705	1271	1	0.999
2706	1227	1	0.874
2707	1175	1	0.986
2708	568	0	0.000157
2709	84	1	0.93
2710	376	1	0.864
2711	2084	1	0.911
2712	163	1	0.863
2713	1180	1	0.903
2714	1933	1	0.999
2715	566	1	0.871
2716	2306	1	0.901
2717	1973	1	0.973
2718	2202	1	0.804
2719	1645	1	0.856
2720	730	1	0.806
2721	1015	1	0.996
2722	1988	1	0.982
2723	1065	1	0.928
2724	980	1	0.856
2725	671	1	0.829
2726	499	1	0.898
2727	1765	1	0.818
2728	519	1	0.995
2729	2075	1	0.873
2730	472	1	0.845
2731	2675	1	0.888
2732	1072	1	0.994
2733	2585	1	0.814
2734	2287	1	0.801
2735	1639	1	0.841
2736	336	1	0.987
2737	1272	0	0.000279
2738	2152	0	0.000126
2739	2214	1	0.917
2740	905	1	0.8
2741	109	1	0.801
2742	1432	1	0.855
2743	1127	1	0.908
2744	1725	0	0.000464
2745	1132	1	0.988
2746	679	1	0.887
2747	1797	1	0.805
2748	2484	1	0.846
2749	2150	1	0.981
2750	321	0	0.000612
2751	345	1	0.859
2752	490	1	0.846
2753	1746	1	0.955
2754	2087	1	0.816
2755	807	1	0.906
2756	2129	1	0.854
2757	1782	1	0.83
2758	2582	1	0.822
2759	1708	1	0.929
2760	1492	1	0.954
2761	1885	1	0.935
2762	2262	0	0.000189
2763	61	1	0.889
2764	475	1	0.907
2765	2598	1	0.867
2766	1996	0	0.000503
2767	1336	1	0.959
2768	115	1	0.975
2769	2725	0	0.000635
2770	1785	1	0.875
2771	1314	1	0.999
2772	2583	0	0.000513
2773	286	1	0.936
2774	1639	0	0.000319
2775	1243	1	0.814
2776	2352	1	0.922
2777	1892	1	0.889
2778	1572	1	0.849
2779	1006	1	0.974
2780	237	1	0.87
2781	2217	1	0.866
2782	2222	1	0.961
2783	562	1	0.828
2784	1275	1	0.884
2785	1925	1	0.908
2786	396	1	0.933
2787	1668	0	0.000228
2788	571	1	0.866
2789	1653	1	0.802
2790	1329	1	0.981
2791	2662	1	0.836
2792	190	1	0.856
2793	314	0	0.000421
2794	1766	1	0.904
2795	1155	1	0.863
2796	392	1	0.825
2797	1529	1	0.975
2798	2516	1	0.845
2799	371	1	0.94
2800	2773	1	0.921
2801	1345	1	0.827
2802	79	1	0.983
2803	2766	1	0.966
2804	813	1	0.865
2805	1779	1	0.81
2806	2008	1	0.954
2807	1934	1	0.825
2808	259	0	0.000522
2809	281	1	0.808
2810	1980	1	0.914
2811	1745	1	0.942
2812	2329	1	0.936
2813	1581	1	0.89
2814	1246	0	0.000254
2815	1209	1	0.971
2816	1939	1	0.903
2817	2291	1	0.838
2818	961	1	0.89
2819	2352	1	0.835
2820	372	1	0.99
2821	1039	1	0.888
2822	1429	1	0.858
2823	936	0	0.00023
2824	2819	0	0.000279
2825	2733	0	0.000432
2826	2708	1	0.985
2827	706	1	0.884
2828	34	0	0.000297
2829	646	1	0.831
2830	1838	1	0.916
2831	792	0	0.000156
2832	2439	1	0.879
2833	1221	0	0.000428
2834	557	1	0.824
2835	1517	1	0.855
2836	53	0	0.000444
2837	225	1	0.958
2838	2539	1	0.951
2839	2280	1	0.863
2840	2217	1	0.862
2841	275	1	0.982
2842	566	1	0.992
2843	1153	1	0.825
2844	2183	1	0.967
2845	1629	1	0.868
2846	913	1	0.825
2847	315	1	0.994
2848	2722	1	0.803
2849	476	1	0.94
2850	1223	1	0.878
2851	808	1	0.982
2852	1120	1	0.864
2853	1870	1	0.893
2854	1211	0	0.000604
2855	2677	1	0.947
2856	2516	1	0.833
2857	969	1	0.81
2858	2181	1	0.968
2859	1005	0	0.000159
2860	327	1	0.978
2861	1857	1	0.845
2862	2452	1	0.849
2863	1654	1	0.972
2864	579	1	0.935
2865	1372	1	0.95
2866	308	1	0.833
2867	2719	1	0.854
2868	223	1	0.8
2869	2841	1	0.896
2870	1711	1	0.979
2871	945	1	0.995
2872	1880	1	0.811
2873	214	1	0.948
2874	2290	1	0.885
2875	2576	1	0.899
2876	886	1	0.952
2877	1136	1	0.903
2878	1807	1	0.984
2879	486	1	0.937
2880	476	1	0.873
2881	1904	1	0.93
2882	2313	1	0.861
2883	808	0	0.000519
2884	2054	1	0.951
2885	1516	0	0.000409
2886	700	1	0.999
2887	1939	0	0.000581
2888	1064	1	0.865
2889	369	1	0.876
2890	2659	1	0.959
2891	759	1	0.913
2892	1929	1	0.92
2893	1676	1	0.925
2894	1352	0	0.00029
2895	2486	1	0.888
2896	2131	0	0.000328
2897	1043	1	0.987
2898	854	1	0.859
2899	2577	1	0.94
2900	146	1	0.952
2901	1838	1	1
2902	2408	0	0.000605
2903	1539	1	0.895
2904	1758	1	0.91
2905	2386	0	0.000152
2906	932	1	0.809
2907	2836	1	0.897
2908	465	0	0.000323
2909	1659	1	0.946
2910	1192	1	0.923
2911	228	1	0.938
2912	1189	1	0.981
2913	32	1	0.901
2914	2686	1	0.902
2915	2224	1	0.989
2916	1326	1	0.984
2917	181	1	0.937
2918	1119	1	0.905
2919	2500	0	0.000524
2920	1056	1	0.913
2921	1521	1	0.815
2922	2859	1	0.962
2923	1709	1	0.827
2924	1867	1	0.944
2925	1435	1	0.967
2926	697	0	0.000161
2927	1369	0	0.000561
2928	1221	1	0.953
2929	2903	1	0.911
2930	2244	1	0.912
2931	169	1	0.845
2932	416	0	0.000241
2933	2520	1	0.842
2934	635	1	0.932
2935	480	0	0.000303
2936	2416	0	0.000517
2937	2277	1	0.903
2938	813	1	0.991
2939	1607	1	0.851
2940	2037	1	0.985
2941	1885	1	0.863
2942	2362	0	0.000407
2943	2506	0	0.00038
2944	1193	1	0.87
2945	2248	1	0.973
2946	2116	1	0.902
2947	2646	1	0.932
2948	2165	1	0.806
2949	1442	1	0.911
2950	325	1	0.912
2951	1457	1	0.941
2952	1920	1	0.832
2953	2233	1	0.862
2954	1306	1	0.969
2955	345	0	0.0003
2956	484	1	0.92
2957	2595	1	0.886
2958	1741	0	0.000585
2959	2700	1	0.825
2960	2854	1	0.841
2961	1629	1	0.904
2962	1261	1	0.893
2963	2587	1	0.931
2964	2338	1	0.997
2965	1609	1	0.976
2966	332	1	0.845
2967	2191	1	0.919
2968	1869	1	0.945
2969	325	1	0.976
2970	2344	1	0.815
2971	1526	1	0.885
2972	2129	1	0.843
2973	1105	1	0.866
2974	2561	1	0.875
2975	1180	0	0.000443
2976	421	0	0.000343
2977	2584	1	0.938
2978	1510	0	0.000141
2979	1830	1	0.981
2980	952	1	0.827
2981	2426	1	0.888
2982	2459	1	0.835
2983	30	1	0.859
2984	2981	1	0.885
2985	2217	1	0.976
2986	176	1	0.941
2987	1403	1	0.813
2988	2068	1	0.856
2989	1466	1	0.865
2990	1086	1	0.912
2991	983	1	0.813
2992	67	1	0.829
2993	1724	1	0.893
2994	977	1	0.89
2995	2564	1	0.885
2996	2050	1	0.969
2997	2165	1	0.867
2998	458	1	0.874
2999	738	1	0.833
3000	2010	1	0.929
3001	1548	1	0.919
3002	302	1	0.989
3003	1310	1	0.857
3004	1966	0	0.000286
3005	1705	1	0.85
3006	1796	1	0.895
3007	275	0	0.00047
3008	2715	1	0.902
3009	2378	1	0.834
3010	2954	1	0.819
3011	141	1	0.842
3012	2391	1	0.821
3013	2348	1	0.937
3014	335	1	0.835
3015	484	1	0.958
3016	90	0	0.00017
3017	2016	1	0.86
3018	727	0	0.000346
3019	2263	1	0.844
3020	1516	1	0.802
3021	1112	1	0.919
3022	1202	1	0.972
3023	957	1	0.871
3024	466	1	0.938
3025	2888	1	0.892
3026	2536	1	0.869
3027	2275	0	0.000174
3028	39	1	0.842
3029	1314	0	0.000223
3030	2594	1	0.902
3031	304	0	0.000522
3032	1903	1	0.825
3033	2540	1	0.947
3034	1279	1	0.898
3035	1046	1	0.845
3036	830	1	0.894
3037	1382	1	0.924
3038	1939	1	0.884
3039	155	0	0.000496
3040	619	1	0.966
3041	1089	1	0.891
3042	472	1	0.926
3043	1069	1	0.994
3044	2224	1	0.913
3045	1812	1	0.88
3046	1297	1	0.931
3047	1013	1	0.97
3048	167	1	0.875
3049	967	1	0.89
3050	2773	1	0.961
3051	1231	1	0.994
3052	666	1	0.836
3053	1456	1	0.801
3054	1367	1	0.952
3055	382	1	0.973
3056	2038	1	0.826
3057	173	1	0.942
3058	1560	1	0.959
3059	1075	1	0.995
3060	764	1	0.959
3061	1283	1	0.842
3062	1999	0	0.00025
3063	2470	1	0.905
3064	1134	1	0.997
3065	2677	1	0.904
3066	2478	0	0.000546
3067	352	1	0.854
3068	2295	1	0.835
3069	590	1	0.991
3070	245	0	0.00049
3071	1614	1	0.908
3072	80	1	0.835
3073	854	1	0.89
3074	496	1	0.965
3075	638	1	0.982
3076	2903	1	0.962
3077	2457	1	0.855
3078	834	1	0.835
3079	2172	1	0.814
3080	686	0	0.000601
3081	446	1	0.806
3082	2447	1	0.826
3083	1569	1	0.809
3084	2102	1	0.994
3085	2908	0	0.000313
3086	981	1	0.834
3087	305	0	0.000337
3088	2977	1	0.93
3089	675	1	0.92
3090	1246	1	0.887
3091	2519	1	0.992
3092	220	1	0.932
3093	420	1	0.896
3094	1009	1	0.81
3095	2729	1	0.924
3096	2050	0	0.000592
3097	2686	1	0.901
3098	2101	1	0.81
3099	1451	1	0.979
3100	2535	1	0.984
3101	2084	1	0.872
3102	2167	1	0.961
3103	2176	1	0.872
3104	1122	1	0.931
3105	839	1	0.909
3106	1703	1	0.96
3107	1442	0	0.000375
3108	1769	1	0.839
3109	1353	1	0.933
3110	1750	1	0.938
3111	2711	1	0.807
3112	1681	1	0.88
3113	1685	1	0.823
3114	1524	1	0.859
3115	2353	1	0.977
3116	1548	1	0.844
3117	1006	1	0.822
3118	1820	1	0.832
3119	962	1	0.874
3120	399	1	0.856
3121	1093	1	0.897
3122	1328	1	0.946
3123	192	1	0.832
3124	1192	0	0.000381
3125	2586	1	0.936
3126	1443	1	0.998
3127	2991	0	0.000245
3128	245	1	0.818
3129	287	1	0.837
3130	2090	1	0.999
3131	1985	1	0.894
3132	3122	1	0.969
3133	509	1	0.908
3134	1888	1	0.826
3135	1194	0	0.000515
3136	2660	1	0.869
3137	2323	1	0.803
3138	479	0	0.000599
3139	1921	1	0.969
3140	1402	1	0.81
3141	363	1	0.94
3142	787	0	0.000144
3143	1715	1	0.931
3144	2311	1	0.887
3145	2295	0	8.18e-05
3146	204	0	0.00046
3147	3145	0	0.000151
3148	521	1	0.943
3149	757	0	0.000194
3150	3145	1	0.875
3151	1713	0	0.000106
3152	417	1	0.868
3153	1206	1	0.88
3154	2457	1	0.897
3155	1412	1	0.955
3156	2562	1	0.973
3157	781	0	0.000232
3158	344	1	0.921
3159	2383	1	0.832
3160	1754	1	0.941
3161	1594	1	0.919
3162	1018	1	0.894
3163	2456	1	0.955
3164	2111	1	0.807
3165	1473	1	0.883
3166	2444	1	0.817
3167	502	1	0.878
3168	1609	1	0.879
3169	2255	1	0.917
3170	412	1	0.844
3171	3152	1	0.817
3172	2626	1	0.892
3173	2173	1	0.823
3174	1865	1	0.872
3175	2843	1	0.848
3176	933	1	0.918
3177	1000	1	0.88
3178	2622	1	0.888
3179	2690	1	0.881
3180	2029	1	0.937
3181	1309	1	0.811
3182	3061	1	0.805
3183	1923	1	0.864
3184	1289	1	0.888
3185	1985	1	0.998
3186	1780	1	0.981
3187	2359	1	0.944
3188	1397	1	0.871
3189	1284	1	0.854
3190	1345	1	0.992
3191	1372	1	0.968
3192	1498	1	0.831
3193	1375	1	0.908
3194	1887	1	0.975
3195	1653	1	0.944
3196	158	1	0.827
3197	2197	0	0.000602
3198	2016	1	0.982
3199	192	1	0.851
3200	2941	0	0.000324
3201	1608	0	0.000609
3202	2359	1	0.971
3203	147	1	0.879
3204	614	1	0.915
3205	2299	1	0.974
3206	913	1	0.862
3207	1347	1	0.803
3208	1206	1	0.835
3209	678	1	0.808
3210	29	1	0.897
3211	2978	1	0.87
3212	3203	1	0.837
3213	423	1	0.915
3214	1040	1	0.947
3215	625	0	0.000434
3216	2075	1	0.849
3217	2169	1	0.828
3218	1337	1	0.932
3219	1125	1	0.839
3220	1319	1	0.894
3221	1714	1	0.939
3222	1309	1	0.937
3223	2022	1	0.873
3224	1199	1	0.916
3225	2692	1	0.843
3226	1175	1	0.857
3227	1679	1	0.992
3228	2286	1	0.954
3229	1127	1	0.822
3230	1666	1	0.902
3231	2580	1	0.986
3232	382	1	0.978
3233	2512	1	0.867
3234	2842	1	0.941
3235	3195	1	0.85
3236	988	1	0.912
3237	1798	1	0.984
3238	1261	1	0.929
3239	1842	0	0.000578
3240	707	1	0.84
3241	2486	1	0.862
3242	736	1	0.84
3243	992	1	0.822
3244	237	1	0.805
3245	1831	1	0.82
3246	2751	1	0.948
3247	2848	1	0.933
3248	2056	1	0.931
3249	3000	1	0.808
3250	1673	1	0.879
3251	2711	1	0.923
3252	860	1	0.839
3253	662	1	0.956
3254	1693	1	0.895
3255	1009	1	0.99
3256	2994	1	0.921
3257	1451	1	0.985
3258	933	1	0.885
3259	443	1	0.961
3260	2814	1	0.839
3261	411	0	0.000376
3262	1497	1	0.934
3263	63	0	0.000126
3264	1114	1	0.808
3265	1423	0	0.000603
3266	1418	1	0.964
3267	1648	1	0.91
3268	1290	1	0.888
3269	1892	1	0.989
3270	98	1	0.833
3271	2219	1	0.925
3272	1232	1	0.848
3273	1018	1	0.879
3274	1773	1	0.844
3275	1855	1	0.924
3276	3269	1	0.881
3277	9	1	0.952
3278	2049	1	0.877
3279	1661	1	0.827
3280	968	1	0.933
3281	23	1	0.875
3282	1723	1	0.831
3283	2930	1	0.939
3284	28	1	0.893
3285	2918	1	0.883
3286	302	1	0.972
3287	95	1	0.872
3288	1297	0	0.000579
3289	3127	1	0.882
3290	2339	0	0.00018
3291	2170	1	0.825
3292	3089	1	0.885
3293	2160	1	0.932
3294	1881	1	0.894
3295	2500	1	0.947
3296	449	0	0.000545
3297	3055	0	0.000476
3298	2266	1	0.997
3299	2443	0	0.000282
3300	1221	1	0.976
3301	852	0	0.000459
3302	3007	1	0.853
3303	2830	1	0.992
3304	1369	1	0.954
3305	1923	1	0.805
3306	969	1	0.868
3307	1752	0	0.000144
3308	1059	1	0.844
3309	3121	1	0.803
3310	10	1	0.913
3311	2328	0	0.000466
3312	2387	1	0.906
3313	501	0	0.000627
3314	2923	1	0.87
3315	2105	1	0.958
3316	448	0	0.000412
3317	1571	1	0.939
3318	1274	1	0.886
3319	3018	1	0.983
3320	1891	1	0.962
3321	2891	0	0.000248
3322	438	1	0.89
3323	16	1	0.872
3324	2875	1	0.873
3325	1836	1	0.996
3326	2697	1	0.891
3327	1562	1	0.814
3328	1842	1	0.838
3329	2392	1	0.858
3330	3070	1	0.808
3331	416	1	0.942
3332	1284	0	0.000267
3333	1755	1	0.933
3334	1449	0	0.00034
3335	799	1	0.925
3336	2282	0	0.000423
3337	1083	1	0.975
3338	2504	1	0.998
3339	2785	1	0.968
3340	2193	0	0.000445
3341	2460	1	0.881
3342	3011	1	0.89
3343	1731	1	0.908
3344	1290	1	0.888
3345	2553	1	0.988
3346	2078	1	0.92
3347	267	0	0.000508
3348	391	1	0.977
3349	1883	1	0.878
3350	1011	0	0.000289
3351	2326	1	0.876
3352	737	1	0.968
3353	2825	1	0.982
3354	816	1	0.974
3355	1864	1	0.811
3356	221	1	0.945
3357	896	1	0.879
3358	2566	1	0.939
3359	2444	1	0.987
3360	1847	1	0.859
3361	357	1	0.899
3362	605	0	0.000107
3363	3051	0	0.000251
3364	1123	1	0.917
3365	2049	1	0.827
3366	1218	1	0.913
3367	1631	1	0.815
3368	848	1	0.839
3369	2879	1	0.942
3370	3128	1	0.963
3371	2983	1	0.891
3372	1874	1	0.847
3373	1870	1	0.972
3374	3072	1	0.846
3375	1120	1	0.884
3376	2827	1	0.827
3377	1301	0	0.000441
3378	526	1	0.953
3379	2616	1	0.907
3380	1475	1	0.804
3381	3337	1	0.946
3382	3269	1	0.964
3383	1196	1	0.95
3384	3153	1	0.965
3385	685	0	0.000545
3386	2480	1	0.994
3387	3201	1	0.94
3388	1651	1	0.964
3389	1869	1	0.864
3390	3202	1	1
3391	2216	1	0.83
3392	631	1	0.975
3393	746	1	0.854
3394	113	1	0.97
3395	625	1	0.858
3396	3351	1	0.87
3397	67	1	0.979
3398	2043	1	0.903
3399	917	1	0.972
3400	3209	1	0.843
3401	2870	0	0.00014
3402	1201	1	0.809
3403	1649	1	0.877
3404	381	0	0.000357
3405	61	1	0.977
3406	447	1	0.974
3407	1814	1	0.957
3408	3048	0	0.000457
3409	2547	1	0.846
3410	3397	1	0.826
3411	2717	1	0.981
3412	2265	1	0.953
3413	455	1	0.837
3414	647	1	0.975
3415	3028	1	0.829
3416	3309	0	0.00056
3417	1500	1	0.912
3418	356	0	0.000304
3419	1604	1	0.99
3420	781	1	0.939
3421	1858	1	0.985
3422	3144	1	0.957
3423	1867	1	0.952
3424	1028	0	0.00026
3425	1526	1	0.84
3426	2025	1	0.853
3427	3058	1	0.938
3428	3373	1	0.841
3429	2813	0	0.000536
3430	907	1	0.904
3431	2741	1	0.999
3432	3178	1	0.932
3433	2699	1	0.955
3434	2006	1	0.895
3435	2400	1	0.954
3436	239	0	0.000559
3437	2375	1	0.959
3438	2220	1	0.865
3439	1098	1	0.96
3440	2584	1	0.84
3441	1151	1	0.839
3442	92	1	0.822
3443	3287	1	0.86
3444	2684	1	0.949
3445	2608	1	0.945
3446	2769	0	0.000571
3447	534	1	0.893
3448	166	1	0.988
3449	228	0	0.000253
3450	1410	1	0.833
3451	2531	1	0.975
3452	1423	1	0.852
3453	62	1	0.931
3454	856	1	0.888
3455	240	1	0.969
3456	7	1	0.989
3457	2697	0	0.000494
3458	823	1	0.859
3459	2561	1	0.818
3460	997	1	0.984
3461	3180	1	0.979
3462	816	1	0.934
3463	2882	1	0.949
3464	1023	1	0.964
3465	1035	1	0.906
3466	3250	1	0.978
3467	3031	1	0.809
3468	1736	1	0.848
3469	761	1	0.967
3470	2830	1	0.854
3471	2534	1	0.825
3472	2040	0	0.000426
3473	996	1	0.826
3474	3038	0	0.000422
3475	2812	0	0.000571
3476	1673	1	0.905
3477	686	1	0.851
3478	1504	1	0.944
3479	1712	1	0.821
3480	2698	1	0.978
3481	884	1	0.858
3482	3166	1	0.945
3483	95	0	0.000131
3484	169	1	0.893
3485	1927	0	0.000125
3486	910	1	0.826
3487	2215	1	0.818
3488	2612	0	0.000375
3489	1905	1	0.985
3490	1223	1	0.853
3491	1262	0	0.000308
3492	2120	1	0.827
3493	540	1	0.961
3494	302	1	0.962
3495	2750	1	0.95
3496	2307	1	0.912
3497	2973	1	0.913
3498	957	1	0.82
3499	3394	1	0.803
3500	3301	1	0.975
3501	3021	1	0.949
3502	2504	1	0.932
3503	2534	0	0.000193
3504	3275	0	9.57e-05
3505	351	1	0.842
3506	2350	1	0.935
3507	860	1	0.829
3508	689	0	0.00034
3509	2905	1	0.948
3510	508	1	0.895
3511	742	1	0.859
3512	2952	1	0.849
3513	1792	1	0.935
3514	1265	0	0.000451
3515	2394	1	0.878
3516	2318	1	0.955
3517	2580	1	0.89
3518	3069	1	0.811
3519	1386	0	0.000559
3520	1945	1	0.988
3521	2003	1	0.979
3522	1873	1	0.812
3523	762	1	0.899
3524	3489	1	0.817
3525	1641	1	0.902
3526	3041	1	0.925
3527	2603	1	0.844
3528	1931	0	0.000223
3529	2124	1	0.834
3530	1850	1	0.852
3531	1363	0	0.000558
3532	1362	1	0.972
3533	940	1	0.81
3534	2809	1	0.929
3535	802	1	0.829
3536	2107	1	0.894
3537	708	1	0.894
3538	987	1	0.983
3539	2234	1	0.946
3540	1948	1	0.873
3541	2847	1	0.918
3542	1701	1	0.853
3543	3525	1	0.954
3544	2949	1	0.843
3545	2135	1	0.845
3546	1260	1	0.975
3547	1128	1	0.807
3548	1836	1	0.975
3549	892	1	0.902
3550	1205	1	0.973
3551	1876	1	0.995
3552	2549	0	0.000434
3553	1771	0	0.000268
3554	1522	1	0.814
3555	603	1	0.923
3556	2923	1	0.849
3557	590	1	0.926
3558	1349	1	0.869
3559	2982	1	0.975
3560	1758	1	0.848
3561	3281	1	0.901
3562	1775	1	0.906
3563	1125	1	0.884
3564	1570	1	0.981
3565	3264	1	0.996
3566	683	1	0.875
3567	3188	1	0.954
3568	3081	1	0.991
3569	1062	0	0.000115
3570	2321	1	0.869
3571	1599	0	0.000627
3572	2987	1	0.976
3573	1627	0	0.000351
3574	2538	0	0.00028
3575	1826	1	0.98
3576	3442	1	0.838
3577	2937	0	0.000573
3578	1367	1	0.894
3579	493	1	0.82
3580	1735	1	0.968
3581	1863	1	0.914
3582	1117	1	0.994
3583	2893	1	0.825
3584	986	1	0.959
3585	2110	1	0.835
3586	1927	1	0.876
3587	1941	1	0.931
3588	500	0	0.00036
3589	1172	1	0.837
3590	1643	1	0.923
3591	483	1	0.86
3592	1667	1	0.878
3593	1349	0	0.000341
3594	2679	1	0.897
3595	2073	1	0.924
3596	302	1	0.869
3597	1106	1	0.97
3598	2524	1	0.884
3599	1311	0	0.000486
3600	1588	1	0.844
3601	717	1	0.957
3602	2408	1	0.817
3603	2424	1	0.904
3604	1624	1	0.98
3605	3405	1	0.871
3606	811	1	0.937
3607	2955	1	0.845
3608	1569	1	0.858
3609	1130	1	0.866
3610	1167	1	0.866
3611	2870	1	0.947
3612	1493	1	0.947
3613	904	1	0.837
3614	3453	1	0.879
3615	3570	1	0.806
3616	2406	1	0.831
3617	2911	1	0.879
3618	3419	1	0.809
3619	224	1	0.866
3620	396	0	0.000391
3621	1390	1	0.985
3622	723	1	0.984
3623	1656	1	0.945
3624	270	0	0.000235
3625	2256	1	0.992
3626	164	1	0.876
3627	1007	1	0.985
3628	41	0	0.000391
3629	2743	0	9.62e-05
3630	318	1	0.945
3631	3033	1	0.87
3632	1533	1	0.831
3633	173	0	0.000275
3634	276	1	0.979
3635	2637	1	0.947
3636	1247	1	0.856
3637	3339	0	0.000443
3638	880	1	0.852
3639	1258	1	0.857
3640	996	1	0.906
3641	2458	1	0.868
3642	2548	1	0.997
3643	2213	1	0.857
3644	3441	1	0.903
3645	1486	1	0.929
3646	73	1	0.971
3647	2385	1	0.998
3648	930	1	0.869
3649	2087	1	0.959
3650	3612	1	0.899
3651	135	1	0.815
3652	159	1	0.89
3653	1665	1	0.809
3654	2781	0	0.000131
3655	378	1	0.836
3656	575	1	0.818
3657	921	1	0.999
3658	2411	0	0.00025
3659	2462	1	0.98
3660	1217	1	0.891
3661	764	1	0.886
3662	1936	1	0.838
3663	1740	1	0.922
3664	3215	0	0.000127
3665	1542	0	0.000556
3666	2201	1	0.848
3667	1901	1	0.975
3668	2533	1	0.892
3669	3419	0	0.000398
3670	915	1	0.936
3671	605	1	0.872
3672	1602	1	0.83
3673	2502	0	0.000471
3674	2015	1	0.937
3675	434	1	0.875
3676	738	1	0.82
3677	3425	1	0.871
3678	1479	1	0.948
3679	1167	1	0.873
3680	3421	1	0.95
3681	1172	1	0.938
3682	2221	1	0.91
3683	763	1	0.862
3684	1980	1	0.99
3685	2657	1	0.973
3686	1821	1	0.974
3687	865	1	0.801
3688	1254	1	0.894
3689	683	1	0.846
3690	3310	1	0.932
3691	2962	1	0.935
3692	1427	1	0.988
3693	1665	1	0.805
3694	3330	1	0.957
3695	656	1	0.942
3696	342	0	0.000262
3697	1281	1	0.832
3698	362	1	0.914
3699	1965	0	0.000461
3700	475	1	0.824
3701	1779	1	0.829
3702	3486	1	0.907
3703	2937	0	0.000443
3704	2296	1	0.891
3705	2848	1	0.851
3706	687	1	0.982
3707	2985	1	0.92
3708	2802	1	0.85
3709	1669	1	0.908
3710	2122	1	0.856
3711	1358	1	0.883
3712	3179	1	0.859
3713	2089	1	0.919
3714	3208	1	0.881
3715	1011	0	0.000486
3716	2786	1	0.87
3717	1426	1	0.984
3718	2672	1	0.912
3719	694	1	0.964
3720	2568	1	0.86
3721	2700	1	0.974
3722	2955	1	0.87
3723	3581	1	0.919
3724	1997	1	0.933
3725	3309	1	0.988
3726	19	1	0.814
3727	605	1	0.83
3728	3707	1	0.959
3729	1133	1	0.887
3730	2628	1	0.967
3731	2666	1	0.98
3732	3033	1	0.858
3733	280	1	0.903
3734	1666	1	0.992
3735	3169	0	0.000387
3736	1897	0	0.0002
3737	3638	1	0.812
3738	1000	1	0.823
3739	147	1	0.946
3740	3110	1	0.886
3741	2733	1	0.909
3742	1304	1	0.838
3743	2135	1	0.861
3744	3017	1	0.98
3745	604	0	0.000438
3746	1814	1	0.897
3747	977	0	0.000233
3748	2204	1	0.857
3749	3042	1	0.908
3750	3511	0	0.000314
3751	3237	1	0.911
3752	3558	1	0.89
3753	2128	1	0.955
3754	427	1	0.932
3755	2360	1	0.867
3756	2140	1	0.909
3757	1959	1	0.805
3758	479	0	0.000392
3759	1854	1	0.982
3760	2826	0	0.000433
3761	2640	1	0.899
3762	770	1	0.921
3763	3206	1	0.822
3764	1582	0	0.000327
3765	2665	1	0.913
3766	2347	1	0.961
3767	2271	0	0.000521
3768	3244	1	0.812
3769	3504	1	0.862
3770	3225	1	0.922
3771	2708	1	0.973
3772	1853	1	0.951
3773	883	1	0.872
3774	1221	0	0.000564
3775	3497	1	0.801
3776	590	0	0.000566
3777	3203	1	0.938
3778	2682	1	0.869
3779	3100	1	0.946
3780	3635	1	0.938
3781	706	1	0.866
3782	152	1	0.932
3783	785	1	0.929
3784	120	1	0.818
3785	698	1	0.935
3786	686	1	0.979
3787	2959	1	0.842
3788	1591	1	0.998
3789	523	1	0.829
3790	310	1	0.809
3791	3402	1	0.892
3792	2853	1	0.907
3793	2272	1	0.897
3794	185	1	0.943
3795	1657	1	0.811
3796	1485	1	0.942
3797	125	0	0.000493
3798	2381	0	0.000362
3799	3434	0	0.000332
3800	375	1	0.924
3801	2932	1	0.903
3802	2408	0	0.000208
3803	2230	1	0.85
3804	3670	1	0.992
3805	2340	1	0.882
3806	1240	1	0.945
3807	2410	1	0.892
3808	3378	0	0.000271
3809	2002	0	0.000378
3810	1824	1	0.802
3811	3185	1	0.813
3812	916	1	0.986
3813	1437	1	0.985
3814	1356	1	0.969
3815	3680	1	0.925
3816	3097	1	0.96
3817	3771	0	0.000386
3818	595	1	0.918
3819	1921	1	0.873
3820	3415	1	0.977
3821	562	1	0.948
3822	1941	1	0.955
3823	2864	1	0.832
3824	3695	1	0.857
3825	1703	1	0.822
3826	3337	1	0.985
3827	1195	0	0.000173
3828	2142	1	0.927
3829	2340	1	0.929
3830	2101	1	0.944
3831	254	1	0.966
3832	2925	1	0.989
3833	47	1	0.822
3834	784	1	0.931
3835	2702	1	0.98
3836	1156	0	0.000572
3837	1021	0	0.000562
3838	2815	1	0.968
3839	2015	1	0.815
3840	2620	1	0.961
3841	284	1	0.887
3842	3805	1	0.998
3843	1414	1	0.914
3844	583	1	0.99
3845	408	1	0.99
3846	2198	1	0.963
3847	1623	1	0.866
3848	1425	1	0.993
3849	2072	1	0.963
3850	1345	1	0.843
3851	137	1	0.953
3852	3694	1	0.84
3853	736	1	0.836
3854	3721	1	0.96
3855	768	0	0.000112
3856	810	1	0.914
3857	2504	1	0.977
3858	3561	1	0.825
3859	3605	1	0.843
3860	633	0	0.000406
3861	1675	1	0.913
3862	2896	1	0.949
3863	407	1	0.975
3864	3012	1	0.822
3865	1354	1	0.814
3866	2091	1	0.998
3867	660	1	0.976
3868	584	1	0.97
3869	1229	1	0.885
3870	1095	1	0.831
3871	1670	1	0.997
3872	1030	0	0.000164
3873	664	0	0.00052
3874	2139	1	0.877
3875	1358	1	0.806
3876	63	1	0.997
3877	461	0	0.000623
3878	2650	1	0.959
3879	3179	1	0.823
3880	429	1	0.907
3881	1151	0	0.00027
3882	694	1	0.931
3883	2522	1	0.98
3884	570	1	0.942
3885	3099	1	0.89
3886	1076	1	0.98
3887	709	1	0.992
3888	3354	0	0.000289
3889	2515	1	0.844
3890	2071	0	0.000337
3891	2379	1	0.934
3892	512	1	0.971
3893	2042	1	0.982
3894	1545	1	0.806
3895	1611	1	0.986
3896	2698	1	0.941
3897	3285	1	0.944
3898	3800	1	0.987
3899	1886	1	0.984
3900	2323	0	0.000614
3901	3711	1	0.979
3902	3084	1	0.917
3903	243	1	0.881
3904	3429	1	0.97
3905	1494	1	0.989
3906	702	1	0.956
3907	1087	1	0.81
3908	302	1	0.901
3909	646	1	0.82
3910	2304	1	0.869
3911	3870	1	0.994
3912	668	1	0.952
3913	2732	1	0.852
3914	1423	1	0.862
3915	863	0	0.00036
3916	3490	1	0.925
3917	1514	1	0.935
3918	2884	1	0.894
3919	3788	1	0.889
3920	2074	1	0.837
3921	2441	1	0.896
3922	2328	1	0.925
3923	279	1	0.999
3924	1907	1	0.944
3925	1723	1	0.883
3926	2754	1	0.864
3927	2810	1	0.891
3928	2954	1	0.811
3929	2352	1	0.81
3930	51	1	0.827
3931	2460	1	0.981
3932	2099	1	0.811
3933	515	0	0.00032
3934	3790	1	0.879
3935	3309	1	0.926
3936	2583	1	0.949
3937	1810	0	0.000603
3938	3710	1	0.832
3939	3824	1	0.992
3940	30	0	0.000581
3941	954	1	0.827
3942	2268	1	0.937
3943	3357	1	0.824
3944	2862	1	0.897
3945	2086	0	0.000195
3946	1523	1	0.953
3947	716	0	0.000435
3948	3305	1	0.923
3949	2585	1	0.848
3950	526	1	0.819
3951	3097	1	0.977
3952	3413	1	0.94
3953	3381	0	0.000514
3954	1681	1	0.966
3955	1374	1	0.941
3956	3497	1	0.872
3957	558	1	0.902
3958	672	1	0.827
3959	2957	1	0.836
3960	416	1	0.892
3961	3886	1	0.913
3962	3863	1	0.88
3963	49	1	0.837
3964	3257	0	0.000206
3965	2871	1	0.87
3966	999	1	0.972
3967	3308	0	0.000616
3968	1644	1	0.854
3969	3816	1	0.993
3970	3121	1	0.836
3971	1778	1	0.849
3972	1095	1	0.984
3973	1145	1	0.923
3974	1318	1	0.943
3975	1412	1	0.917
3976	491	1	0.856
3977	2842	1	0.864
3978	3010	1	0.928
3979	1651	1	0.976
3980	629	1	0.931
3981	1623	1	1
3982	870	1	0.978
3983	3766	1	0.82
3984	163	1	0.82
3985	2367	1	0.965
3986	3503	1	0.856
3987	2395	1	0.98
3988	1720	1	0.99
3989	2265	1	0.949
3990	3434	1	0.974
3991	148	0	0.000371
3992	3341	1	0.9
3993	3471	0	0.000563
3994	1818	1	0.945
3995	907	1	0.902
3996	1962	1	0.804
3997	1160	1	0.911
3998	2295	1	0.878
3999	3147	1	0.913
4000	3689	1	0.888
4001	815	1	0.8
4002	1377	1	0.824
4003	2018	1	0.933
4004	1249	1	0.972
4005	2270	1	0.97
4006	3915	1	0.81
4007	1390	1	0.88
4008	573	1	0.961
4009	2568	1	0.981
4010	1025	1	0.867
4011	2243	1	0.851
4012	175	1	0.842
4013	3384	1	0.83
4014	2729	1	0.84
4015	1719	0	0.000121
4016	3483	1	0.884
4017	291	1	0.998
4018	424	1	0.98
4019	1268	1	0.845
4020	1473	1	0.889
4021	28	1	0.912
4022	3179	1	0.923
4023	1682	1	0.819
4024	1732	0	0.00015
4025	3069	1	0.93
4026	1679	1	0.931
4027	3184	1	0.883
4028	1997	1	0.863
4029	2121	1	0.952
4030	1800	1	0.849
4031	3584	1	0.913
4032	2328	1	0.951
4033	520	1	0.845
4034	2936	1	0.808
4035	1721	0	0.000567
4036	1597	1	0.924
4037	2590	1	0.851
4038	2288	1	0.905
4039	920	1	0.88
4040	989	0	0.000466
4041	1374	0	0.000483
4042	1830	0	0.000195
4043	2175	1	0.966
4044	609	1	0.996
4045	787	1	0.944
4046	215	0	0.000245
4047	2094	1	0.881
4048	726	1	0.908
4049	2239	1	0.829
4050	691	1	0.863
4051	2039	1	0.872
4052	3660	1	0.951
4053	1338	1	0.95
4054	3162	0	0.000439
4055	1439	1	0.845
4056	3402	1	0.888
4057	2542	1	0.896
4058	276	0	0.000517
4059	1550	1	0.905
4060	2835	1	0.887
4061	3336	1	0.887
4062	1169	1	0.919
4063	499	1	0.881
4064	3322	1	0.828
4065	530	1	0.984
4066	3944	1	0.953
4067	1670	1	0.943
4068	3993	0	0.000202
4069	1202	1	0.844
4070	1874	1	0.962
4071	2697	1	0.869
4072	417	1	0.909
4073	1182	1	0.832
4074	2607	1	0.882
4075	1726	1	0.93
4076	3375	0	0.000511
4077	1890	1	0.939
4078	800	1	0.978
4079	2291	1	0.886
4080	2195	1	0.817
4081	3723	1	0.88
4082	2570	1	0.942
4083	3479	1	0.941
4084	2256	1	0.86
4085	1961	1	0.924
4086	2090	1	0.99
4087	316	1	0.979
4088	3501	0	0.00044
4089	3816	0	0.000511
4090	23	1	0.967
4091	2435	0	0.000147
4092	1031	1	0.846
4093	2220	0	0.000343
4094	176	1	0.816
4095	335	0	0.000482
4096	1647	1	0.896
4097	426	1	0.852
4098	2097	1	0.84
4099	1949	1	0.814
4100	2260	1	0.887
4101	1838	1	0.921
4102	1435	1	0.983
4103	1148	1	0.983
4104	402	1	0.833
4105	1756	1	0.852
4106	2552	0	0.000436
4107	4064	0	0.000137
4108	135	0	0.000232
4109	1574	1	0.869
4110	256	1	0.958
4111	2893	1	0.848
4112	2890	1	0.932
4113	984	1	0.942
4114	3162	1	0.833
4115	2157	1	0.862
4116	3196	1	0.98
4117	3303	0	0.000639
4118	2015	1	0.872
4119	3906	1	0.968
4120	2783	0	0.000155
4121	1077	1	0.812
4122	2782	1	0.87
4123	566	1	0.963
4124	2890	0	0.000143
4125	608	1	0.815
4126	401	0	0.000578
4127	1862	1	0.909
4128	3624	1	0.997
4129	1924	0	0.000458
4130	2952	1	0.862
4131	1875	1	0.979
4132	2767	1	0.921
4133	810	1	0.994
4134	413	1	0.805
4135	3237	0	0.000122
4136	1003	1	0.899
4137	3372	0	0.00017
4138	2513	1	0.879
4139	3959	1	0.902
4140	3706	1	0.924
4141	1143	1	0.805
4142	3152	1	0.942
4143	2641	1	0.998
4144	3056	1	0.815
4145	3217	1	0.985
4146	3534	1	0.884
4147	272	0	0.00012
4148	2345	1	0.809
4149	1637	1	0.8
4150	2149	0	0.000632
4151	2843	0	0.00043
4152	2706	1	0.895
4153	3893	1	0.835
4154	3845	1	0.817
4155	2640	1	0.816
4156	1604	0	0.000511
4157	987	1	0.888
4158	3114	1	0.895
4159	2063	0	0.000524
4160	482	1	0.956
4161	918	1	0.951
4162	3700	0	0.000348
4163	3345	1	0.902
4164	3724	0	0.000518
4165	1174	1	0.896
4166	965	1	0.991
4167	3768	0	0.000369
4168	2006	1	0.9
4169	1511	1	0.866
4170	3371	1	0.855
4171	105	1	0.806
4172	3365	1	0.871
4173	1221	1	0.837
4174	2204	1	0.993
4175	2343	0	0.00019
4176	38	1	0.833
4177	2965	1	0.886
4178	1271	0	0.000624
4179	986	1	0.952
4180	1648	1	0.803
4181	2980	1	0.959
4182	4022	1	0.982
4183	1072	1	0.806
4184	1496	1	0.904
4185	2560	1	0.917
4186	1211	1	0.834
4187	960	1	0.998
4188	3192	1	0.839
4189	3976	1	0.88
4190	2470	1	0.902
4191	2378	1	0.863
4192	1262	1	0.974
4193	1837	1	0.913
4194	191	1	0.854
4195	1688	1	0.931
4196	688	1	0.921
4197	2894	1	0.88
4198	58	1	0.973
4199	1196	1	0.837
4200	4179	1	0.92
4201	1659	0	0.000254
4202	790	1	0.848
4203	972	1	0.856
4204	3538	1	0.88
4205	5	1	0.878
4206	257	1	0.938
4207	2860	0	0.000318
4208	706	1	0.921
4209	239	1	0.815
4210	3752	1	0.953
4211	1509	1	0.845
4212	648	1	0.877
4213	1293	1	0.939
4214	2470	1	0.849
4215	596	1	0.988
4216	3024	1	0.841
4217	1005	1	0.817
4218	1337	0	0.000552
4219	2318	1	0.903
4220	3030	1	0.882
4221	3199	1	0.95
4222	2976	1	0.905
4223	690	1	0.932
4224	1351	1	0.898
4225	4160	1	0.906
4226	410	1	0.801
4227	2354	1	0.985
4228	2410	1	0.928
4229	1894	1	0.92
4230	3398	1	0.894
4231	4183	1	0.941
4232	169	1	0.97
4233	1929	1	0.974
4234	3514	1	0.928
4235	3478	1	0.902
4236	3596	1	0.837
4237	1076	1	0.987
4238	821	1	0.942
4239	3090	1	0.951
4240	2036	1	0.862
4241	1240	1	0.856
4242	12	1	0.944
4243	4184	1	0.91
4244	868	1	0.97
4245	2682	1	0.95
4246	2602	0	0.000254
4247	2985	1	0.961
4248	2541	1	0.985
4249	160	1	0.812
4250	1739	1	0.89
4251	619	1	0.872
4252	608	1	0.852
4253	3513	1	0.921
4254	1245	1	0.936
4255	1815	1	0.997
4256	2041	1	0.878
4257	3556	1	0.9
4258	1733	1	0.922
4259	2316	0	0.00029
4260	4143	0	0.000574
4261	3077	1	0.86
4262	3020	0	0.0002
4263	3466	1	0.997
4264	4230	0	0.000489
4265	4240	1	0.987
4266	1950	1	0.846
4267	3352	1	0.943
4268	2197	1	0.811
4269	1530	1	0.994
4270	2907	1	0.969
4271	2532	1	0.996
4272	709	0	0.000372
4273	3067	1	0.86
4274	1179	1	0.975
4275	3432	1	0.802
4276	2302	1	0.917
4277	1094	1	0.803
4278	3112	1	0.853
4279	2790	0	0.00019
4280	117	1	0.88
4281	2128	1	0.864
4282	992	0	0.000384
4283	2155	1	0.989
4284	2947	1	0.948
4285	987	1	0.949
4286	533	0	0.000567
4287	2965	0	0.000465
4288	2173	1	0.825
4289	3853	1	0.948
4290	1504	1	0.89
4291	701	1	0.835
4292	2394	0	0.000465
4293	2457	1	0.967
4294	2680	1	0.867
4295	67	0	0.000483
4296	2569	1	0.816
4297	449	1	0.888
4298	1517	1	0.806
4299	902	1	0.973
4300	102	1	0.99
4301	3351	1	0.957
4302	1169	1	0.863
4303	297	1	0.812
4304	3623	1	0.878
4305	3837	1	0.899
4306	2036	1	0.891
4307	1647	0	0.000176
4308	944	1	0.908
4309	3087	1	0.996
4310	3941	1	0.991
4311	328	1	0.892
4312	1347	0	0.000382
4313	2945	1	0.846
4314	1145	0	0.000232
4315	1701	1	0.972
4316	2962	0	0.000587
4317	2768	1	0.948
4318	1121	1	0.917
4319	1684	1	0.917
4320	3611	1	0.956
4321	1870	1	0.893
4322	4294	1	0.801
4323	3272	1	0.877
4324	1178	1	0.968
4325	3050	1	0.822
4326	2064	1	0.99
4327	3892	1	0.869
4328	3756	1	0.947
4329	3728	1	0.955
4330	2394	1	0.874
4331	1043	1	0.905
4332	2336	1	0.948
4333	833	0	0.000113
4334	3936	0	0.00012
4335	211	1	0.898
4336	1629	1	0.856
4337	1306	1	0.818
4338	124	0	0.000309
4339	3463	0	0.000335
4340	1720	1	0.858
4341	1857	1	0.943
4342	1584	1	0.842
4343	792	1	0.929
4344	1286	1	0.882
4345	1867	0	0.000478
4346	3883	1	0.911
4347	2817	1	0.888
4348	2056	1	0.823
4349	98	1	0.814
4350	1822	0	0.000414
4351	936	1	0.844
4352	1976	0	0.000372
4353	1096	1	0.971
4354	3389	1	0.809
4355	3719	1	0.881
4356	4208	1	0.815
4357	3752	0	0.000562
4358	1903	1	0.876
4359	1175	1	0.888
4360	1036	1	0.923
4361	3968	1	0.805
4362	1163	1	0.87
4363	1650	1	0.813
4364	1809	1	0.929
4365	3753	1	0.846
4366	1893	1	0.809
4367	2256	1	0.967
4368	4039	1	0.906
4369	2598	1	0.974
4370	3206	1	0.877
4371	3319	1	0.883
4372	659	1	0.982
4373	189	1	0.976
4374	2739	1	0.918
4375	3581	1	0.831
4376	370	1	0.921
4377	4000	1	0.875
4378	3023	1	0.998
4379	1791	0	0.000576
4380	3115	0	0.000282
4381	1054	1	0.897
4382	2182	1	0.828
4383	1494	1	0.967
4384	671	1	0.98
4385	979	1	0.864
4386	3439	1	0.925
4387	1785	1	0.801
4388	2924	1	0.882
4389	1513	1	0.976
4390	947	1	0.995
4391	4068	0	0.000316
4392	2307	1	0.934
4393	3364	0	0.000334
4394	2239	1	0.819
4395	2658	1	0.83
4396	183	1	0.986
4397	438	1	0.819
4398	2451	1	0.988
4399	1241	0	0.0001
4400	1176	0	0.000433
4401	2092	0	0.000284
4402	2219	1	0.953
4403	2499	1	0.965
4404	878	1	0.902
4405	3977	0	0.000382
4406	3514	0	0.000581
4407	1256	1	0.876
4408	4168	1	0.823
4409	3628	1	0.803
4410	3921	0	0.000403
4411	2835	1	0.895
4412	2545	1	0.815
4413	211	1	0.917
4414	506	1	0.885
4415	3155	1	0.907
4416	3220	1	0.954
4417	3347	1	0.832
4418	3548	1	0.819
4419	858	1	0.834
4420	1522	1	0.918
4421	2050	0	0.000124
4422	2961	1	0.9
4423	3117	1	0.939
4424	3692	1	0.906
4425	2890	1	0.922
4426	1322	1	0.818
4427	577	1	0.884
4428	1507	0	8.46e-05
4429	1923	0	0.000151
4430	3691	0	0.000116
4431	1415	1	0.83
4432	936	1	0.895
4433	315	1	0.927
4434	2748	1	0.957
4435	2785	1	0.968
4436	567	1	0.922
4437	3448	1	0.904
4438	1815	1	0.904
4439	2421	1	0.829
4440	4313	1	0.863
4441	4048	1	0.848
4442	1741	1	0.936
4443	3946	1	0.855
4444	58	1	0.805
4445	2888	1	0.96
4446	3194	1	0.962
4447	4238	1	0.955
4448	2769	0	0.000301
4449	346	1	0.83
4450	3893	1	0.825
4451	4158	1	0.984
4452	401	1	0.949
4453	1370	1	0.858
4454	2725	1	0.841
4455	4331	1	0.842
4456	80	1	0.932
4457	626	1	0.979
4458	3095	1	0.913
4459	703	1	0.928
4460	3387	1	0.948
4461	2748	1	0.808
4462	3090	0	0.000104
4463	1370	1	0.946
4464	2668	1	0.82
4465	2366	1	0.994
4466	598	1	0.893
4467	3671	1	0.826
4468	3781	1	0.883
4469	2751	1	0.89
4470	1411	1	0.979
4471	2169	0	0.000625
4472	1408	1	0.879
4473	2959	1	0.897
4474	616	1	0.872
4475	1006	1	0.877
4476	132	1	0.953
4477	114	1	0.876
4478	2073	0	0.000597
4479	1840	0	0.0002
4480	1786	0	0.000546
4481	3707	1	0.998
4482	786	1	0.92
4483	2102	0	0.000453
4484	731	1	0.954
4485	1997	1	0.969
4486	1523	1	0.861
4487	16	1	0.868
4488	684	1	0.959
4489	1339	1	0.877
4490	2117	1	0.941
4491	2292	1	0.848
4492	899	1	0.91
4493	4104	1	0.802
4494	3801	0	0.000286
4495	2130	1	0.958
4496	3380	1	0.835
4497	2518	1	0.959
4498	2073	1	0.857
4499	3209	1	0.921
4500	1882	1	0.871
4501	2293	1	0.882
4502	624	1	0.822
4503	3192	1	0.881
4504	1404	1	0.972
4505	3358	0	0.000338
4506	3884	1	0.858
4507	1174	1	0.919
4508	1845	1	0.954
4509	3755	1	0.899
4510	3112	1	0.982
4511	2318	1	0.845
4512	3064	1	0.984
4513	1477	1	0.928
4514	3564	1	0.864
4515	4071	1	0.932
4516	2910	1	0.921
4517	1836	1	0.877
4518	1306	1	0.951
4519	1543	1	0.898
4520	22	1	0.842
4521	2703	1	0.843
4522	889	1	0.981
4523	4284	0	0.000296
4524	3717	1	0.865
4525	363	1	0.954
4526	2045	1	0.848
4527	445	1	0.949
4528	1415	0	0.00021
4529	1903	0	0.000103
4530	4081	1	0.818
4531	4161	0	0.000263
4532	1617	1	0.945
4533	3000	1	0.889
4534	1581	0	0.000381
4535	3208	1	0.976
4536	83	1	0.981
4537	4389	1	0.922
4538	2930	1	0.926
4539	2916	1	0.942
4540	2588	1	0.913
4541	17	1	0.868
4542	3501	1	0.861
4543	1944	1	0.994
4544	1268	1	0.931
4545	1504	0	0.000277
4546	3924	1	0.89
4547	31	0	0.00032
4548	4098	1	0.833
4549	1700	1	0.881
4550	4010	1	0.813
4551	2174	1	0.951
4552	4264	1	0.882
4553	3231	1	0.877
4554	210	1	0.95
4555	1155	1	0.972
4556	4095	1	0.875
4557	2529	1	0.852
4558	1853	1	0.815
4559	1585	0	0.000198
4560	4447	1	0.971
4561	2547	0	0.00055
4562	1283	0	0.000331
4563	424	1	0.845
4564	4141	1	0.872
4565	1935	1	0.817
4566	2539	1	0.987
4567	2623	1	0.88
4568	1280	1	0.915
4569	449	0	0.000205
4570	433	1	0.872
4571	253	0	0.000285
4572	2562	1	0.866
4573	3236	1	0.989
4574	3783	1	0.882
4575	726	1	0.906
4576	1689	1	0.911
4577	4052	1	0.904
4578	501	1	0.909
4579	4184	1	0.804
4580	109	1	0.838
4581	2725	1	0.802
4582	1105	1	0.937
4583	2973	1	0.994
4584	2523	1	0.998
4585	4344	1	0.899
4586	2369	1	0.996
4587	3850	1	0.898
4588	2665	1	0.997
4589	2091	1	0.989
4590	2387	1	0.832
4591	3539	1	0.864
4592	4135	0	0.000413
4593	3804	0	0.000385
4594	2621	1	0.828
4595	1597	1	0.862
4596	4552	1	0.942
4597	1516	0	0.00012
4598	3565	0	0.000314
4599	2527	0	0.000272
4600	4343	1	0.953
4601	1316	1	0.823
4602	4440	1	0.956
4603	3098	1	0.924
4604	593	1	0.87
4605	3753	1	0.881
4606	3700	1	0.869
4607	1529	1	0.821
4608	479	1	0.944
4609	2206	0	0.000403
4610	4541	1	0.977
4611	3859	1	0.845
4612	1920	1	0.92
4613	1468	1	0.994
4614	898	1	0.802
4615	3601	1	0.992
4616	1516	1	0.982
4617	1589	1	0.827
4618	250	1	0.953
4619	549	1	0.96
4620	2833	1	0.96
4621	4081	0	0.000488
4622	3821	1	0.897
4623	2039	0	0.000137
4624	1236	0	0.00041
4625	287	1	0.834
4626	1992	1	0.83
4627	1045	1	0.856
4628	4061	1	0.832
4629	2167	1	0.833
4630	2455	1	0.988
4631	1038	1	0.887
4632	244	1	0.996
4633	2792	1	0.936
4634	3737	1	0.98
4635	190	1	0.833
4636	309	1	0.991
4637	1164	1	0.944
4638	742	0	0.000424
4639	2516	1	0.9
4640	2466	1	0.965
4641	2964	1	0.839
4642	3493	1	0.941
4643	1556	1	0.94
4644	2399	1	0.801
4645	2870	1	0.938
4646	24	1	0.943
4647	1781	1	0.943
4648	50	1	0.987
4649	1475	1	0.984
4650	2394	1	0.811
4651	1572	1	0.815
4652	3237	1	0.842
4653	1400	0	0.000581
4654	3981	1	0.847
4655	226	1	0.984
4656	3975	1	0.918
4657	2743	1	0.955
4658	2651	1	0.819
4659	1619	1	0.821
4660	3598	1	0.82
4661	3232	0	0.000608
4662	1730	1	0.866
4663	1681	1	0.835
4664	4376	1	0.93
4665	1371	1	0.953
4666	2423	1	0.968
4667	427	1	0.82
4668	4625	1	0.875
4669	2849	1	0.863
4670	1010	1	0.97
4671	3831	1	0.923
4672	2566	1	0.87
4673	1641	1	0.823
4674	928	1	0.98
4675	2542	1	0.942
4676	3526	1	0.938
4677	1133	1	0.819
4678	2398	0	0.000208
4679	4465	1	0.981
4680	4531	1	0.903
4681	643	1	0.844
4682	3869	1	0.896
4683	1115	1	0.904
4684	2618	0	0.000545
4685	4274	1	0.918
4686	490	1	0.99
4687	1915	0	0.000443
4688	462	1	0.978
4689	3022	1	0.879
4690	1486	1	0.816
4691	1450	1	0.913
4692	2557	1	0.885
4693	3045	1	0.921
4694	1148	1	0.999
4695	947	1	0.908
4696	3760	1	0.925
4697	1630	0	0.000389
4698	920	0	0.000496
4699	4348	1	0.913
4700	4531	1	0.981
4701	3513	1	0.994
4702	2224	1	0.964
4703	3174	1	0.854
4704	4511	0	0.000432
4705	589	1	0.852
4706	3922	1	0.903
4707	4195	1	0.883
4708	4296	1	0.994
4709	4581	1	0.867
4710	88	1	0.97
4711	1787	1	0.808
4712	2937	1	0.856
4713	1574	1	0.915
4714	1723	1	0.958
4715	3697	1	0.85
4716	2884	1	0.992
4717	1030	1	0.975
4718	2336	1	0.915
4719	177	1	0.931
4720	1424	0	0.000595
4721	650	1	0.85
4722	2742	1	0.98
4723	3159	0	0.000417
4724	431	1	0.936
4725	4540	1	0.929
4726	1092	1	0.99
4727	2089	1	0.997
4728	3870	1	0.847
4729	3487	1	0.905
4730	3056	1	0.867
4731	2088	1	0.909
4732	3996	1	0.81
4733	1401	1	0.85
4734	3932	1	0.823
4735	1225	1	0.829
4736	4615	1	0.9
4737	1505	1	0.922
4738	4444	1	0.923
4739	3908	1	0.844
4740	2319	1	0.855
4741	2074	1	0.908
4742	4119	0	0.000465
4743	2741	1	0.882
4744	2942	0	0.000427
4745	4580	1	0.806
4746	176	1	0.875
4747	3948	1	0.837
4748	3690	1	0.861
4749	865	1	0.801
4750	1096	1	0.951
4751	1096	1	0.939
4752	1384	1	0.962
4753	1636	1	0.887
4754	279	0	0.0005
4755	94	1	0.941
4756	2059	1	0.848
4757	1915	1	0.802
4758	2497	1	0.841
4759	4116	0	0.000632
4760	113	1	0.96
4761	1819	1	0.891
4762	4465	1	0.847
4763	4443	1	0.818
4764	2597	1	0.877
4765	2517	1	0.849
4766	3044	0	0.00053
4767	4436	1	0.831
4768	2042	1	0.843
4769	4095	1	0.982
4770	2238	1	0.992
4771	2585	1	0.947
4772	4691	1	0.81
4773	3559	1	0.894
4774	3980	1	0.826
4775	3910	1	0.833
4776	2698	1	0.991
4777	3631	1	0.931
4778	3003	1	0.877
4779	4099	1	0.823
4780	4538	1	0.904
4781	523	1	0.976
4782	3542	0	0.000414
4783	502	1	0.82
4784	413	1	0.809
4785	2673	1	0.872
4786	1494	1	0.829
4787	864	1	0.989
4788	246	1	0.894
4789	4234	1	0.908
4790	2698	1	0.802
4791	3447	1	0.856
4792	2818	1	0.981
4793	3452	1	0.802
4794	2992	1	0.945
4795	903	1	0.943
4796	3970	1	0.831
4797	4486	1	0.896
4798	3820	1	0.968
4799	4231	1	0.873
4800	754	0	0.000235
4801	1916	0	0.000527
4802	4608	1	1
4803	1282	0	0.00042
4804	4407	1	0.876
4805	1722	1	0.877
4806	3088	0	0.000496
4807	2714	1	0.953
4808	3172	1	0.881
4809	1220	1	0.844
4810	635	1	0.868
4811	2140	1	0.902
4812	542	1	0.851
4813	4479	0	0.000215
4814	74	1	0.87
4815	502	1	0.85
4816	4482	1	0.944
4817	4125	1	0.905
4818	2302	1	0.931
4819	1960	1	0.975
4820	4196	1	0.866
4821	338	0	0.000515
4822	2895	1	0.994
4823	2340	1	0.911
4824	284	1	0.876
4825	2725	0	0.000469
4826	1643	1	0.935
4827	333	1	0.891
4828	2038	1	0.928
4829	1154	1	0.891
4830	2790	1	0.858
4831	2143	1	0.819
4832	2282	1	0.821
4833	413	1	0.815
4834	4510	1	0.813
4835	4192	1	0.929
4836	1987	1	0.966
4837	1160	1	0.914
4838	2329	1	0.893
4839	2155	1	0.863
4840	2965	1	0.844
4841	4022	1	0.866
4842	79	1	0.956
4843	1897	1	0.991
4844	1764	1	0.899
4845	4274	1	0.874
4846	115	1	0.857
4847	3105	1	0.949
4848	125	1	0.977
4849	2032	1	0.802
4850	4397	1	0.875
4851	4326	1	0.987
4852	3588	1	0.819
4853	569	1	0.858
4854	1368	1	0.934
4855	4186	1	0.883
4856	3134	1	0.87
4857	658	1	0.893
4858	3272	1	0.901
4859	2445	1	0.856
4860	1650	0	0.000609
4861	4439	1	0.908
4862	1476	1	0.92
4863	2287	0	0.000208
4864	2575	1	0.816
4865	4577	1	0.896
4866	412	1	0.847
4867	386	1	0.89
4868	4099	1	0.84
4869	3189	1	0.998
4870	940	1	0.928
4871	762	1	0.989
4872	2756	1	0.836
4873	1472	0	0.000399
4874	2632	1	0.986
4875	4086	1	0.83
4876	4500	1	0.828
4877	400	0	0.000274
4878	861	1	0.961
4879	2926	1	0.911
4880	1800	1	0.866
4881	2473	1	0.928
4882	1737	0	8.5e-05
4883	102	1	0.815
4884	580	1	0.877
4885	4307	0	0.000339
4886	2844	1	0.924
4887	3807	1	0.817
4888	934	1	0.814
4889	1527	1	0.986
4890	984	1	0.964
4891	3333	1	0.957
4892	1003	1	0.92
4893	1452	1	0.936
4894	2998	1	0.996
4895	3518	1	0.939
4896	3881	1	0.898
4897	2091	1	0.891
4898	4258	1	0.859
4899	2480	1	0.833
4900	2599	0	0.000213
4901	238	1	0.914
4902	4305	1	0.926
4903	3741	0	0.000364
4904	1510	1	0.921
4905	3552	0	0.000316
4906	1772	1	0.963
4907	2837	1	0.963
4908	352	1	0.911
4909	3489	1	0.874
4910	4499	1	0.973
4911	4213	0	0.000397
4912	1542	1	0.834
4913	1126	1	0.887
4914	1345	1	0.977
4915	1645	1	0.865
4916	252	1	0.856
4917	4213	1	0.834
4918	3579	1	0.994
4919	1925	1	0.981
4920	941	1	0.849
4921	734	1	0.936
4922	3984	1	0.893
4923	2486	1	0.974
4924	3488	1	0.936
4925	487	1	0.869
4926	1414	1	0.85
4927	2704	1	0.966
4928	2300	1	0.86
4929	67	1	0.894
4930	3568	0	0.000425
4931	4810	1	0.921
4932	3006	0	8.04e-05
4933	1898	1	0.912
4934	1347	0	0.000473
4935	2864	1	0.904
4936	1191	0	0.000235
4937	956	1	0.805
4938	276	0	0.000368
4939	330	1	0.89
4940	1486	1	0.94
4941	1539	0	0.000422
4942	4221	1	0.878
4943	514	1	0.826
4944	4672	1	0.878
4945	4813	1	0.93
4946	4265	1	0.965
4947	1465	1	0.866
4948	2036	1	0.831
4949	1789	1	0.841
4950	2505	1	0.834
4951	1875	1	0.99
4952	521	1	0.923
4953	1668	1	0.812
4954	1609	1	0.905
4955	848	1	0.893
4956	4121	1	0.844
4957	498	1	0.946
4958	1513	1	0.818
4959	3114	1	0.808
4960	3648	1	0.836
4961	4329	1	0.942
4962	15	1	0.969
4963	1145	1	0.866
4964	1219	1	0.948
4965	281	1	0.888
4966	3082	1	0.938
4967	1297	1	0.818
4968	4141	1	0.817
4969	2781	1	0.954
4970	248	1	0.911
4971	159	1	0.971
4972	4178	1	0.802
4973	4903	1	0.918
4974	4344	1	0.939
4975	2559	1	0.865
4976	2609	1	0.813
4977	3529	1	0.833
4978	620	1	0.982
4979	4311	0	0.000551
4980	2871	1	0.872
4981	2533	1	0.869
4982	4063	1	0.981
4983	382	1	0.898
4984	727	1	0.941
4985	3265	1	0.965
4986	1789	0	0.000476
4987	2961	1	0.986
4988	4874	1	0.801
4989	2015	1	0.965
4990	3409	1	0.839
4991	3164	1	0.831
4992	3841	0	0.000247
4993	1082	1	0.926
4994	2114	1	0.892
4995	4554	1	0.986
4996	2567	1	0.979
4997	606	1	0.938
4998	3779	1	0.986
4999	3684	1	0.928
5000	1156	1	0.89
5001	380	1	0.962
5002	4312	1	0.931
5003	780	1	0.862
5004	3575	1	0.977
5005	1631	0	8.92e-05
5006	3269	1	0.975
5007	4564	1	0.991
5008	2325	1	0.968
5009	1819	1	0.957
5010	4801	1	0.862
5011	3253	1	0.928
5012	1554	1	0.984
5013	202	0	0.000391
5014	2557	1	0.909
5015	3854	1	0.924
5016	2717	1	0.894
5017	4906	1	0.805
5018	2271	1	0.952
5019	4403	1	0.827
5020	3798	1	0.871
5021	471	1	0.916
5022	207	1	0.999
5023	2958	1	0.856
5024	1390	1	0.931
5025	1957	1	0.861
5026	4236	1	0.899
5027	2608	1	0.985
5028	1363	1	0.924
5029	103	1	0.997
5030	551	1	0.924
5031	4617	1	0.991
5032	800	1	0.897
5033	3844	1	0.945
5034	841	1	0.955
5035	2755	1	0.892
5036	3983	1	0.989
5037	2767	1	0.822
5038	3470	0	0.000282
5039	88	1	0.963
5040	2154	1	0.823
5041	3553	1	0.837
5042	2148	0	0.000605
5043	4058	1	0.911
5044	2355	1	0.804
5045	1429	1	0.941
5046	2492	1	0.88
5047	1232	1	0.999
5048	3596	1	0.857
5049	1269	1	0.99
5050	1692	0	0.000161
5051	236	1	0.847
5052	443	1	0.945
5053	255	1	0.812
5054	4974	1	0.972
5055	1069	1	0.976
5056	4626	0	0.000564
5057	2217	1	0.86
5058	651	0	0.000398
5059	5010	1	0.884
5060	1405	1	0.886
5061	1859	1	0.851
5062	553	1	0.879
5063	3349	1	0.979
5064	2193	1	0.988
5065	1955	1	0.979
5066	366	1	0.803
5067	3050	1	0.914
5068	279	1	0.936
5069	2379	1	0.908
5070	125	1	0.871
5071	4342	1	0.918
5072	3986	1	0.868
5073	308	0	0.000302
5074	4850	1	0.801
5075	2444	1	0.959
5076	2898	1	0.803
5077	825	1	0.921
5078	182	1	0.815
5079	683	1	0.801
5080	335	1	0.938
5081	542	1	0.88
5082	766	1	0.874
5083	2574	1	0.946
5084	4770	1	0.934
5085	1928	1	0.925
5086	6	1	0.915
5087	3200	1	0.891
5088	1157	1	0.983
5089	881	1	0.818
5090	2925	1	0.827
5091	4236	1	0.806
5092	1103	0	0.000559
5093	4739	1	0.801
5094	566	0	0.000509
5095	374	1	0.999
5096	903	1	0.989
5097	2525	1	0.846
5098	3746	0	0.000291
5099	4014	1	0.968
5100	2177	1	0.973
5101	3346	1	0.861
5102	776	1	0.873
5103	533	1	0.978
5104	2267	1	0.987
5105	1323	0	0.000599
5106	2026	1	0.855
5107	4506	1	0.977
5108	3383	1	0.879
5109	4919	1	0.873
5110	1739	1	0.967
5111	3462	1	0.917
5112	594	1	0.968
5113	2204	1	0.813
5114	3135	1	0.882
5115	3654	1	0.926
5116	4472	1	0.98
5117	4899	1	0.959
5118	3789	1	0.932
5119	3494	1	0.865
5120	149	1	0.897
5121	4786	1	0.861
5122	4834	1	0.98
5123	1382	0	0.000199
5124	3476	0	0.000393
5125	3154	1	0.801
5126	2703	1	0.997
5127	128	1	0.875
5128	1969	1	0.838
5129	1530	0	0.000199
5130	920	1	0.873
5131	3316	1	0.971
5132	550	1	0.839
5133	3932	1	0.92
5134	1893	1	0.926
5135	2654	1	0.891
5136	4335	1	0.988
5137	2473	1	0.915
5138	2626	1	0.915
5139	1371	1	0.822
5140	3325	1	0.823
5141	1021	1	0.977
5142	2667	0	0.0003
5143	2589	1	0.91
5144	1354	1	0.894
5145	4840	0	0.000334
5146	4191	1	0.816
5147	4660	1	0.918
5148	3681	0	0.000603
5149	1532	1	0.851
5150	3687	1	0.953
5151	962	1	0.938
5152	3586	0	0.000235
5153	4664	1	0.836
5154	1199	1	0.826
5155	2008	1	0.853
5156	1457	1	0.972
5157	5011	1	0.918
5158	4369	0	0.000277
5159	3766	1	0.863
5160	778	0	0.000179
5161	1393	1	0.83
5162	730	1	0.822
5163	1474	0	0.000315
5164	1742	1	0.916
5165	3230	1	0.876
5166	249	1	0.991
5167	1335	1	0.958
5168	2610	1	0.901
5169	2505	1	0.884
5170	2671	1	0.927
5171	2476	1	0.871
5172	2034	0	0.000506
5173	2133	1	0.893
5174	302	1	0.803
5175	877	1	0.878
5176	4189	1	0.935
5177	2447	1	0.899
5178	294	1	0.872
5179	2694	1	0.908
5180	2141	1	0.99
5181	110	1	0.919
5182	385	1	0.805
5183	2498	1	0.881
5184	2306	0	0.000286
5185	2146	1	0.873
5186	3049	1	0.86
5187	3671	1	0.979
5188	1601	1	0.895
5189	644	1	0.993
5190	4218	1	0.888
5191	4974	1	0.958
5192	2337	1	0.934
5193	2133	1	0.874
5194	2239	1	0.845
5195	3873	1	0.829
5196	181	1	0.857
5197	1365	1	0.862
5198	1982	1	0.809
5199	934	1	0.92
5200	2703	1	0.821
5201	4644	1	0.913
5202	1372	1	0.874
5203	1702	1	0.854
5204	512	0	8.83e-05
5205	1879	1	0.849
5206	822	1	1
5207	2550	1	0.803
5208	4366	1	0.882
5209	4975	1	0.97
5210	747	1	0.956
5211	1854	1	0.817
5212	1241	1	0.902
5213	717	1	0.998
5214	2130	1	0.96
5215	3154	0	0.00013
5216	1247	1	0.848
5217	116	1	0.993
5218	637	0	0.0003
5219	3174	1	0.94
5220	3614	1	0.822
5221	1193	1	0.909
5222	1779	1	0.806
5223	4344	0	0.000228
5224	2398	1	0.926
5225	1628	1	0.823
5226	2540	1	0.854
5227	1662	1	0.996
5228	4822	1	0.995
5229	4610	1	0.85
5230	3562	1	0.853
5231	336	1	0.93
5232	4608	1	0.977
5233	1515	1	0.806
5234	5131	0	0.000434
5235	4198	0	0.00036
5236	3776	1	0.812
5237	35	1	0.986
5238	507	1	0.839
5239	3351	1	0.879
5240	83	1	0.805
5241	737	0	0.000135
5242	5194	1	0.91
5243	2195	1	0.988
5244	4659	0	0.000443
5245	4783	1	0.842
5246	1560	1	0.829
5247	3954	1	0.854
5248	4123	1	0.954
5249	2494	1	0.803
5250	2992	1	0.935
5251	543	1	0.965
5252	480	1	0.99
5253	1249	1	0.944
5254	1284	1	0.912
5255	2511	1	0.995
5256	3263	1	0.956
5257	1955	1	0.98
5258	2347	1	0.961
5259	557	0	0.00062
5260	2352	1	0.864
5261	4155	1	0.811
5262	2634	1	0.93
5263	1315	1	0.837
5264	2566	0	0.000113
5265	1892	1	0.86
5266	2135	1	0.837
5267	2335	1	0.938
5268	3308	1	0.842
5269	2351	1	0.978
5270	4086	0	8.32e-05
5271	4704	1	0.971
5272	1050	1	0.991
5273	930	1	0.877
5274	2108	1	0.828
5275	5252	1	0.926
5276	3586	1	0.963
5277	3309	1	0.935
5278	1246	0	0.000531
5279	2230	1	0.955
5280	1791	0	0.00049
5281	3013	1	0.983
5282	1715	0	0.000255
5283	403	1	0.949
5284	4524	1	0.999
5285	116	1	0.822
5286	3871	1	0.903
5287	86	1	0.977
5288	4177	1	0.981
5289	87	0	0.00017
5290	3760	1	0.94
5291	704	1	0.991
5292	4715	1	0.882
5293	3746	1	0.986
5294	1081	0	8.07e-05
5295	2493	1	0.846
5296	1106	1	0.841
5297	3127	1	0.991
5298	2749	0	0.000418
5299	1522	1	0.958
5300	2696	1	0.85
5301	1964	1	0.808
5302	1843	1	0.867
5303	1406	1	0.909
5304	520	1	0.939
5305	4762	0	0.000578
5306	1184	1	0.988
5307	3260	1	0.991
5308	3056	1	0.927
5309	1740	1	0.956
5310	5152	1	0.908
5311	4455	1	0.825
5312	745	0	0.000576
5313	4609	1	0.902
5314	2846	1	0.958
5315	2077	1	0.859
5316	3901	1	0.811
5317	3514	1	0.937
5318	2709	1	0.873
5319	1697	1	0.841
5320	4903	1	0.895
5321	2601	1	0.82
5322	169	1	0.979
5323	84	1	0.876
5324	1142	1	0.942
5325	5010	1	0.881
5326	284	1	0.943
5327	1757	1	0.814
5328	4554	1	0.848
5329	2628	1	0.801
5330	4866	1	0.906
5331	5306	1	0.958
5332	2447	1	0.991
5333	4217	1	0.932
5334	4758	0	0.000191
5335	2809	1	0.991
5336	272	1	0.901
5337	2372	1	0.87
5338	3665	1	0.965
5339	2820	0	0.000303
5340	1380	1	0.883
5341	3775	1	0.989
5342	1063	1	0.817
5343	3147	1	0.889
5344	1184	1	0.831
5345	2701	1	0.934
5346	2256	1	0.874
5347	1974	1	0.913
5348	4098	1	0.844
5349	5145	1	0.825
5350	3492	1	0.894
5351	2961	1	0.975
5352	1183	1	0.886
5353	4510	1	0.826
5354	4958	1	0.811
5355	1009	1	0.913
5356	3830	1	0.854
5357	2174	1	0.894
5358	2009	0	0.000448
5359	2316	1	0.85
5360	5355	1	0.817
5361	3829	1	0.994
5362	2953	1	0.804
5363	2238	1	0.846
5364	2094	1	0.946
5365	4578	1	0.924
5366	4961	1	0.836
5367	1095	1	0.901
5368	3321	1	0.826
5369	1812	1	0.998
5370	1129	1	0.965
5371	466	1	0.988
5372	3789	1	0.819
5373	3957	0	0.000395
5374	5247	1	0.981
5375	2637	1	0.89
5376	2321	1	0.935
5377	1253	0	0.000596
5378	735	1	0.808
5379	2634	1	0.934
5380	109	1	0.914
5381	1841	1	0.89
5382	3339	1	0.801
5383	1444	1	0.83
5384	5307	1	0.885
5385	306	0	0.000292
5386	4975	1	0.87
5387	21	1	0.888
5388	4089	1	0.977
5389	3665	0	0.000281
5390	4355	0	0.000128
5391	2257	1	0.969
5392	1107	1	0.873
5393	593	1	0.93
5394	3020	1	0.947
5395	1358	1	0.951
5396	574	1	0.906
5397	1125	1	0.947
5398	1305	1	1
5399	5095	1	0.978
5400	3463	1	0.807
5401	1136	0	0.000119
5402	2730	1	0.951
5403	4112	1	0.854
5404	1441	0	0.00048
5405	1057	1	0.981
5406	4804	0	0.00011
5407	2812	0	0.000481
5408	1338	1	0.838
5409	4792	1	0.826
5410	3034	1	0.896
5411	2796	1	0.851
5412	299	0	0.000578
5413	2119	1	0.873
5414	4762	1	0.886
5415	788	1	0.949
5416	1216	1	0.994
5417	5076	1	0.979
5418	811	1	0.882
5419	3503	1	0.937
5420	2467	1	0.897
5421	2190	1	0.926
5422	3025	1	0.879
5423	3815	0	0.000174
5424	3915	1	0.888
5425	4568	1	0.984
5426	3342	1	0.847
5427	2762	1	0.978
5428	4478	0	0.000274
5429	2508	1	0.838
5430	140	1	0.956
5431	5014	1	0.972
5432	891	1	0.82
5433	4211	1	0.949
5434	3272	1	0.878
5435	4385	1	0.802
5436	3634	1	0.987
5437	4311	1	0.918
5438	555	1	0.874
5439	4634	1	0.811
5440	4602	1	0.937
5441	2677	1	0.837
5442	5197	1	0.961
5443	178	1	0.878
5444	4281	1	0.82
5445	4653	1	0.85
5446	1188	1	0.914
5447	3667	1	0.883
5448	1352	1	0.977
5449	4002	1	0.925
5450	1130	1	0.975
5451	3173	1	0.977
5452	5105	1	0.836
5453	3511	0	0.000444
5454	3240	1	0.983
5455	459	1	0.954
5456	650	1	0.886
5457	312	1	0.862
5458	1798	1	0.978
5459	1030	1	0.942
5460	1744	0	0.00014
5461	1476	1	0.962
5462	1171	1	0.895
5463	206	1	0.945
5464	3516	1	0.888
5465	30	0	0.000289
5466	4681	1	0.947
5467	4023	1	0.806
5468	332	1	0.857
5469	3894	1	0.871
5470	4924	1	0.955
5471	970	1	0.861
5472	5030	1	0.955
5473	4743	1	0.998
5474	3218	1	0.913
5475	3997	1	0.923
5476	1689	1	0.943
5477	408	0	0.000286
5478	3241	1	0.951
5479	295	1	0.953
5480	3419	1	0.832
5481	25	1	0.87
5482	3915	1	0.92
5483	3872	1	0.881
5484	2966	1	0.978
5485	3246	1	0.865
5486	4344	1	0.999
5487	3161	1	0.886
5488	1519	0	0.000188
5489	1829	1	0.806
5490	5478	1	0.844
5491	997	1	0.988
5492	2311	1	0.876
5493	1905	1	0.918
5494	3801	1	0.908
5495	4159	1	0.931
5496	933	1	0.989
5497	635	1	0.841
5498	80	1	0.8
5499	2127	1	0.898
5500	3289	1	0.955
5501	1398	1	0.973
5502	4906	1	0.869
5503	2494	1	0.889
5504	15	1	0.815
5505	3234	1	0.938
5506	2397	1	0.973
5507	5161	1	0.801
5508	4454	1	0.928
5509	1762	1	0.945
5510	3657	1	0.837
5511	2155	1	0.833
5512	4268	0	0.000268
5513	5116	1	0.813
5514	3600	1	0.808
5515	4936	0	0.000628
5516	4584	0	0.000148
5517	44	1	0.877
5518	5040	1	0.897
5519	2750	1	0.907
5520	72	1	0.869
5521	1172	1	0.871
5522	3356	0	0.000284
5523	2803	1	0.981
5524	4390	1	0.916
5525	1658	1	0.821
5526	5082	0	0.000337
5527	90	1	0.968
5528	3848	1	0.928
5529	4010	1	0.901
5530	5419	1	0.944
5531	1033	1	0.872
5532	412	1	0.928
5533	5103	0	0.000387
5534	2504	1	0.839
5535	3827	0	0.000436
5536	26	1	0.873
5537	4616	1	0.947
5538	5195	0	0.000626
5539	4024	1	0.899
5540	4051	1	0.927
5541	999	1	0.963
5542	4102	1	0.893
5543	5386	1	0.843
5544	4381	1	0.888
5545	501	1	0.845
5546	3516	1	0.928
5547	4886	1	0.833
5548	2983	1	0.835
5549	1096	1	0.892
5550	2252	0	0.000107
5551	3690	1	0.954
5552	3940	1	0.951
5553	1598	1	0.957
5554	3265	1	0.952
5555	517	1	0.857
5556	1298	1	0.939
5557	3374	1	0.94
5558	2855	1	0.976
5559	236	1	0.823
5560	3902	1	0.966
5561	3651	1	0.985
5562	219	1	0.827
5563	3699	1	0.995
5564	5146	1	0.82
5565	1838	1	0.974
5566	3565	0	0.000353
5567	2410	1	0.896
5568	3502	1	0.808
5569	5383	1	0.862
5570	420	1	0.868
5571	712	0	0.000137
5572	4170	1	0.869
5573	2473	1	0.903
5574	1929	1	0.804
5575	3432	1	0.825
5576	480	0	0.000362
5577	2437	1	0.857
5578	2335	1	0.832
5579	1248	0	0.000362
5580	82	1	0.945
5581	4412	1	0.918
5582	4824	1	0.823
5583	898	1	0.949
5584	2537	1	0.847
5585	4262	1	0.95
5586	4832	1	0.886
5587	1900	1	0.863
5588	4795	1	0.977
5589	1838	1	0.839
5590	4181	1	0.874
5591	1677	0	0.000559
5592	4523	1	0.87
5593	4665	1	0.837
5594	1112	1	0.85
5595	386	0	0.000506
5596	900	1	0.885
5597	3340	1	0.831
5598	1944	0	0.000129
5599	4735	1	0.951
5600	3096	1	0.949
5601	2820	1	0.813
5602	4162	0	0.000563
5603	575	1	0.957
5604	3750	1	0.855
5605	1504	1	0.808
5606	3247	0	0.000419
5607	2938	1	0.859
5608	5037	1	0.938
5609	953	1	0.917
5610	360	1	0.87
5611	5148	1	0.917
5612	3953	1	0.997
5613	2837	1	0.909
5614	3911	0	0.000465
5615	4323	1	0.99
5616	3802	1	0.92
5617	4651	1	0.962
5618	885	1	0.896
5619	1138	0	0.000425
5620	118	1	0.995
5621	3323	1	0.914
5622	4031	1	0.847
5623	204	0	0.000599
5624	3952	1	0.947
5625	3091	1	0.848
5626	536	1	0.869
5627	4441	1	0.893
5628	1672	1	0.853
5629	3811	1	0.996
5630	4478	1	0.851
5631	536	1	0.888
5632	2542	1	0.892
5633	5475	0	0.00018
5634	4955	1	0.938
5635	5119	1	0.931
5636	2373	1	0.848
5637	4933	1	0.81
5638	812	1	1
5639	445	1	0.806
5640	4169	1	0.986
5641	1761	1	0.825
5642	1530	1	0.841
5643	1439	1	0.873
5644	1498	1	0.837
5645	1611	0	0.00022
5646	487	1	0.977
5647	4689	1	0.977
5648	4586	1	0.941
5649	2480	1	0.995
5650	2047	1	0.82
5651	3371	1	0.977
5652	1743	0	0.000186
5653	575	1	0.84
5654	2061	1	0.9
5655	1094	0	0.0002
5656	4133	1	0.868
5657	3593	1	0.967
5658	4453	1	0.939
5659	2917	1	0.878
5660	5544	0	0.000172
5661	2459	1	0.817
5662	3734	1	0.976
5663	5555	1	0.837
5664	4881	1	0.983
5665	410	1	0.888
5666	2769	1	0.935
5667	675	1	0.961
5668	3176	1	0.801
5669	3763	1	0.836
5670	2142	1	0.834
5671	2255	1	0.921
5672	5412	1	0.974
5673	4580	0	0.000219
5674	3634	1	0.915
5675	233	1	0.975
5676	169	1	0.977
5677	4191	1	0.913
5678	269	1	0.886
5679	2250	1	0.872
5680	2913	1	0.867
5681	2312	1	0.888
5682	3361	1	0.985
5683	4186	1	0.927
5684	1693	1	0.912
5685	965	1	0.905
5686	327	1	0.943
5687	2766	1	0.82
5688	5144	0	0.0006
5689	4987	0	0.000245
5690	64	1	0.859
5691	4345	1	0.953
5692	1345	1	0.983
5693	2291	1	0.934
5694	5197	1	0.943
5695	2024	1	0.96
5696	3426	1	0.881
5697	4822	1	0.83
5698	914	1	0.842
5699	5062	1	0.98
5700	5207	1	0.931
5701	4532	1	0.959
5702	119	1	0.969
5703	3648	1	0.995
5704	4448	1	0.842
5705	3091	1	0.889
5706	5068	1	0.933
5707	2825	1	0.877
5708	2039	1	0.826
5709	4704	1	0.933
5710	2152	1	0.975
5711	3556	1	0.989
5712	2693	1	1
5713	1704	1	0.981
5714	4999	1	0.835
5715	1917	1	0.981
5716	5476	1	0.861
5717	1766	1	0.909
5718	3300	1	0.835
5719	1732	1	0.911
5720	3887	1	0.99
5721	2487	1	0.915
5722	1223	1	0.942
5723	468	1	0.946
5724	3290	1	0.8
5725	4553	0	8.83e-05
5726	29	1	0.912
5727	3467	1	0.96
5728	1973	1	0.99
5729	122	1	0.868
5730	1773	1	0.951
5731	4716	1	0.866
5732	2211	0	0.000341
5733	3578	1	0.949
5734	3048	1	0.82
5735	5094	1	0.824
5736	5111	1	0.824
5737	1255	1	0.94
5738	5701	1	0.851
5739	538	1	0.942
5740	5424	1	0.9
5741	1999	0	0.000226
5742	3721	1	0.902
5743	476	1	0.998
5744	4361	1	0.993
5745	2948	0	0.00023
5746	215	1	0.959
5747	5214	0	0.000281
5748	4385	1	0.849
5749	4631	1	0.824
5750	4264	1	0.96
5751	3959	1	0.801
5752	2619	0	0.000587
5753	2812	0	0.000511
5754	1497	1	0.971
5755	2769	1	0.927
5756	1332	1	0.915
5757	2244	1	0.884
5758	1657	1	0.972
5759	4391	1	0.811
5760	1298	1	0.814
5761	1097	1	0.904
5762	3466	1	0.993
5763	1064	1	0.953
5764	1962	0	0.000314
5765	4414	1	0.997
5766	831	0	0.000342
5767	4129	1	0.802
5768	2148	1	0.949
5769	2970	1	0.9
5770	2577	1	0.957
5771	3574	1	0.812
5772	2550	1	0.966
5773	4906	1	0.919
5774	1465	1	0.93
5775	4975	1	0.888
5776	955	1	0.955
5777	5081	1	0.889
5778	190	1	0.831
5779	3264	1	0.909
5780	4748	1	0.91
5781	756	1	0.865
5782	1473	1	0.943
5783	3443	1	0.818
5784	2733	1	0.865
5785	3561	1	0.819
5786	1970	1	0.861
5787	1991	1	0.958
5788	5189	0	0.000572
5789	4780	1	0.922
5790	3839	0	0.000111
5791	3204	1	0.92
5792	1337	1	0.988
5793	4507	1	0.924
5794	3552	0	0.000549
5795	230	1	0.936
5796	429	1	0.812
5797	518	1	0.924
5798	1350	1	0.825
5799	3261	1	0.92
5800	3695	1	0.874
5801	200	0	0.000213
5802	171	0	0.000205
5803	252	0	0.000398
5804	206	1	0.808
5805	2026	1	0.982
5806	1665	0	0.000356
5807	3098	1	0.924
5808	811	1	0.964
5809	2261	1	0.846
5810	3891	1	0.878
5811	2262	1	0.911
5812	130	1	0.886
5813	1390	1	0.829
5814	996	1	0.95
5815	458	1	0.808
5816	5195	1	0.873
5817	5772	1	0.839
5818	2693	1	0.954
5819	4375	1	0.838
5820	546	1	0.813
5821	4170	1	0.881
5822	3986	1	0.825
5823	2271	1	0.864
5824	5473	1	0.841
5825	3250	1	0.824
5826	746	0	0.000532
5827	1300	1	0.833
5828	2670	1	0.817
5829	4227	1	0.886
5830	2757	1	0.945
5831	5011	1	0.873
5832	4861	1	0.845
5833	2934	1	0.847
5834	5327	1	0.968
5835	823	1	0.932
5836	1593	1	0.862
5837	870	1	0.918
5838	3758	1	0.849
5839	5607	1	0.952
5840	2010	1	0.943
5841	3255	1	0.853
5842	328	1	0.871
5843	244	1	0.933
5844	1602	1	0.874
5845	5348	1	0.949
5846	3626	1	0.989
5847	1154	1	0.903
5848	93	1	0.999
5849	2432	1	0.985
5850	3187	0	0.000629
5851	603	1	0.885
5852	159	1	0.894
5853	1078	1	0.951
5854	4373	1	0.844
5855	4118	1	0.919
5856	649	1	0.915
5857	1121	1	0.935
5858	5260	1	0.898
5859	2935	1	0.94
5860	3935	1	0.994
5861	543	1	0.939
5862	517	0	0.00021
5863	1076	1	0.933
5864	1610	1	0.906
5865	5845	1	0.841
5866	895	1	0.982
5867	4825	1	0.817
5868	1847	0	0.00032
5869	5516	1	0.828
5870	497	1	0.943
5871	4698	1	0.903
5872	1399	1	0.834
5873	5630	1	0.946
5874	1348	1	0.895
5875	2218	1	0.999
5876	183	1	0.896
5877	1546	1	0.874
5878	3093	1	0.901
5879	29	1	0.879
5880	2933	1	0.967
5881	305	0	0.000239
5882	2659	1	0.813
5883	924	1	0.811
5884	2124	0	0.000174
5885	5228	1	0.906
5886	3790	1	0.892
5887	3019	1	0.81
5888	3249	1	0.999
5889	1332	1	0.902
5890	5219	1	0.995
5891	4812	0	0.000337
5892	2674	1	0.989
5893	2113	1	0.88
5894	4591	1	0.973
5895	3887	1	0.958
5896	2052	1	0.952
5897	4858	1	0.823
5898	3698	1	0.934
5899	2755	1	0.885
5900	5871	0	0.00062
5901	5818	1	0.884
5902	2190	1	0.937
5903	5678	1	0.802
5904	1787	1	0.917
5905	4047	1	0.991
5906	4849	0	0.000354
5907	3288	1	0.898
5908	286	1	0.983
5909	3657	1	0.954
5910	4370	1	0.992
5911	5070	0	0.000563
5912	5098	1	0.878
5913	1369	1	0.833
5914	5691	1	0.862
5915	5716	1	0.928
5916	4669	1	0.837
5917	2012	1	0.803
5918	5316	1	0.848
5919	5663	1	0.965
5920	4501	1	0.969
5921	5800	1	0.805
5922	2661	1	0.91
5923	2819	0	0.00037
5924	4996	1	0.91
5925	5126	1	0.961
5926	438	1	0.851
5927	90	1	0.925
5928	953	1	0.937
5929	1617	1	0.93
5930	2105	1	0.977
5931	882	0	0.000184
5932	3402	1	0.817
5933	5733	1	0.948
5934	302	1	0.981
5935	2662	1	0.952
5936	2660	1	0.927
5937	4064	1	0.997
5938	5783	0	0.000285
5939	3477	1	0.856
5940	4071	1	0.974
5941	370	1	0.865
5942	2608	1	0.821
5943	4637	1	0.806
5944	2443	1	0.874
5945	5692	1	0.876
5946	3590	1	0.987
5947	5092	1	0.874
5948	4347	1	0.951
5949	55	1	0.991
5950	3982	1	0.812
5951	1953	1	0.897
5952	5874	1	0.964
5953	2615	1	0.866
5954	4859	1	0.991
5955	2930	1	0.816
5956	5249	1	0.895
5957	4742	1	0.891
5958	2906	1	0.949
5959	450	1	0.969
5960	3509	1	0.841
5961	537	1	0.822
5962	5083	1	0.985
5963	3293	1	0.941
5964	3314	1	0.991
5965	1024	1	0.937
5966	3937	1	0.886
5967	3829	1	0.818
5968	4448	1	0.96
5969	5157	1	0.843
5970	2316	1	0.831
5971	5636	1	0.856
5972	5441	1	0.894
5973	2375	1	0.84
5974	245	0	0.000577
5975	517	1	0.903
5976	4177	1	0.857
5977	5297	1	0.992
5978	1723	1	0.943
5979	5841	1	0.949
5980	2711	1	0.873
5981	5486	0	0.000549
5982	628	1	0.882
5983	4117	1	0.894
5984	3428	1	0.968
5985	5481	1	0.8
5986	2550	1	0.947
5987	2370	1	0.964
5988	287	1	0.882
5989	3436	1	0.988
5990	4188	1	0.882
5991	4295	0	0.000139
5992	2824	1	0.985
5993	4574	1	0.98
5994	765	1	0.813
5995	3577	1	0.851
5996	5078	1	0.861
5997	243	1	0.994
5998	1789	1	0.851
5999	5758	1	0.985
6000	4608	1	0.971
6001	5448	1	0.828
6002	2035	1	0.877
6003	1970	1	0.872
6004	1545	0	0.000596
6005	3498	1	0.887
6006	3224	1	0.901
6007	5056	1	0.946
6008	1624	0	0.000538
6009	4513	0	0.000427
6010	4687	1	0.884
6011	2815	1	0.878
6012	164	1	0.891
6013	3328	0	0.000263
6014	2284	1	0.956
6015	5628	1	0.95
6016	2934	0	8.76e-05
6017	93	1	0.819
6018	996	1	0.908
6019	2662	1	0.847
6020	5865	0	0.00033
6021	1197	1	0.961
6022	2768	1	0.891
6023	536	1	0.862
6024	4892	1	0.87
6025	5682	1	0.828
6026	1655	1	0.925
6027	2437	1	0.93
6028	5768	1	0.952
6029	4172	1	0.863
6030	1927	1	0.949
6031	685	1	0.834
6032	4352	1	0.963
6033	907	1	0.813
6034	2596	1	0.875
6035	2390	1	0.843
6036	1563	1	0.962
6037	1793	1	0.973
6038	34	1	0.854
6039	1018	0	0.000605
6040	3910	1	0.847
6041	3497	1	0.807
6042	2004	1	0.903
6043	993	0	0.000447
6044	5829	1	0.814
6045	4649	1	0.936
6046	5828	1	0.8
6047	3106	1	0.806
6048	3935	0	0.000493
6049	2101	1	0.831
6050	5215	1	0.835
6051	2174	1	0.847
6052	2542	1	0.862
6053	1305	1	0.933
6054	3354	1	0.95
6055	5257	1	0.819
6056	5034	1	0.893
6057	1862	1	0.962
6058	5417	1	0.868
6059	2378	1	0.906
6060	3453	1	0.816
6061	5640	0	0.000366
6062	3961	1	0.829
6063	5962	1	0.966
6064	4927	1	0.802
6065	6018	0	0.000481
6066	3469	1	0.969
6067	4734	1	0.951
6068	3428	1	0.975
6069	949	1	0.971
6070	5749	1	0.955
6071	3326	1	0.983
6072	5890	1	0.963
6073	2453	1	0.856
6074	2022	1	0.812
6075	1411	1	0.842
6076	1497	0	0.000335
6077	4271	1	0.862
6078	996	1	0.961
6079	5795	0	0.000518
6080	2833	1	0.912
6081	2098	1	0.975
6082	5170	1	0.955
6083	3525	0	0.000407
6084	4176	1	0.893
6085	5929	1	0.898
6086	2034	1	0.865
6087	2949	1	0.861
6088	5245	1	0.805
6089	4853	1	0.876
6090	4191	1	0.915
6091	523	1	0.911
6092	3586	1	0.849
6093	215	1	0.844
6094	4699	1	0.98
6095	512	1	0.835
6096	2396	1	0.844
6097	1850	0	0.000304
6098	3677	1	0.984
6099	765	1	0.902
6100	4574	1	0.963
6101	4962	1	0.804
6102	2048	1	0.901
6103	2853	1	0.818
6104	2579	0	0.000404
6105	3997	1	0.915
6106	3150	0	0.000436
6107	1918	1	0.882
6108	4221	1	0.95
6109	2839	1	0.893
6110	4715	1	0.835
6111	4598	1	0.951
6112	2143	1	0.815
6113	5955	1	0.928
6114	2210	1	0.932
6115	5976	1	0.861
6116	4143	1	0.806
6117	5921	1	0.925
6118	1073	1	0.853
6119	4243	1	0.838
6120	2815	1	0.862
6121	1392	0	0.00047
6122	1521	1	0.858
6123	5768	1	0.809
6124	2965	1	0.934
6125	2031	1	0.986
6126	1017	1	0.827
6127	3202	1	0.882
6128	5797	0	0.000195
6129	526	1	0.929
6130	999	1	0.981
6131	3176	1	0.949
6132	3551	1	0.962
6133	6050	1	0.932
6134	3795	1	0.9
6135	3332	1	0.83
6136	1524	1	0.933
6137	2401	1	0.96
6138	2970	1	0.835
6139	5323	1	0.911
6140	4079	1	0.939
6141	4161	1	0.979
6142	4213	0	0.0004
6143	814	0	0.000535
6144	5199	0	0.000562
6145	4130	1	0.868
6146	5052	1	0.936
6147	345	1	0.815
6148	990	0	0.000515
6149	2218	1	0.885
6150	4469	1	0.858
6151	362	1	0.912
6152	3297	0	0.000433
6153	3679	1	0.892
6154	4706	1	0.932
6155	843	1	0.995
6156	1578	1	0.851
6157	4759	1	0.865
6158	3175	1	0.986
6159	3843	1	0.868
6160	551	1	0.928
6161	2003	1	0.935
6162	2206	1	0.861
6163	3312	0	0.000139
6164	4284	1	0.963
6165	1917	1	0.931
6166	1460	1	0.973
6167	2705	1	0.84
6168	5038	1	0.945
6169	3009	1	0.8
6170	4955	1	0.948
6171	1637	1	0.991
6172	2775	1	0.81
6173	5159	1	0.855
6174	5804	1	0.89
6175	4900	0	0.000281
6176	1355	0	0.000215
6177	875	1	0.999
6178	1271	1	0.951
6179	5387	1	0.902
6180	3342	1	0.944
6181	5586	0	0.000581
6182	3038	1	0.996
6183	1831	0	0.000438
6184	3412	1	0.982
6185	3480	1	0.905
6186	5352	1	0.849
6187	6060	1	0.818
6188	2530	1	0.899
6189	1378	0	0.000462
6190	4636	1	0.844
6191	3921	1	0.944
6192	1678	1	0.99
6193	4166	1	0.85
6194	793	1	0.934
6195	2434	1	0.988
6196	5130	0	0.000619
6197	2649	1	0.908
6198	3143	1	0.993
6199	3222	1	0.912
6200	1384	1	0.884
6201	4668	1	0.837
6202	853	1	0.983
6203	1896	1	0.961
6204	2515	1	0.927
6205	5228	1	0.944
6206	3063	1	0.888
6207	5870	1	0.837
6208	1862	0	0.000534
6209	1737	1	0.983
6210	2089	0	9.43e-05
6211	2438	1	0.862
6212	3631	1	0.81
6213	1760	1	0.918
6214	3097	1	0.815
6215	2697	1	0.935
6216	3120	0	0.000115
6217	4221	1	0.917
6218	2106	1	0.833
6219	4600	1	0.843
6220	3571	1	0.943
6221	1632	1	0.911
6222	4141	1	0.916
6223	4756	1	0.994
6224	4637	1	0.982
6225	3227	0	0.000203
6226	3071	1	0.862
6227	4608	1	0.995
6228	4099	1	0.928
6229	5792	1	0.836
6230	5270	1	0.914
6231	4594	1	0.81
6232	4712	1	0.895
6233	5362	1	0.886
6234	3936	1	0.912
6235	2916	1	0.958
6236	341	1	0.801
6237	77	1	0.816
6238	1659	1	0.802
6239	1593	1	0.945
6240	5976	1	0.923
6241	42	1	0.93
6242	2171	1	0.983
6243	2372	1	0.856
6244	5911	1	0.867
6245	1012	1	0.935
6246	2247	0	0.000369
6247	73	1	0.863
6248	5661	1	0.806
6249	1980	1	0.95
6250	6170	1	0.878
6251	5031	0	0.000361
6252	59	0	0.000563
6253	1932	1	0.877
6254	2901	1	0.893
6255	4188	1	0.906
6256	1506	1	0.833
6257	3887	1	0.895
6258	3160	1	0.932
6259	460	1	0.934
6260	4425	1	0.856
6261	1938	1	0.923
6262	454	1	0.955
6263	2499	1	0.953
6264	2047	0	0.000632
6265	2917	1	0.973
6266	3931	1	0.842
6267	4120	1	0.976
6268	2608	1	0.894
6269	6064	1	0.863
6270	435	0	0.000126
6271	2477	1	0.894
6272	2180	1	0.931
6273	633	1	0.826
6274	5774	1	0.909
6275	3687	1	0.811
6276	297	1	0.808
6277	1525	1	0.931
6278	3627	1	0.909
6279	4140	1	0.878
6280	167	1	0.936
6281	1441	1	0.871
6282	3853	1	0.817
6283	1116	0	8.83e-05
6284	5238	1	0.876
6285	4647	1	0.926
6286	2356	1	0.873
6287	3950	1	0.961
6288	2908	0	0.00061
6289	1147	1	0.886
6290	2226	1	0.931
6291	3279	1	0.842
6292	4141	1	0.925
6293	5950	1	0.838
6294	2520	1	0.981
6295	3610	0	0.000437
6296	1896	1	0.895
6297	4766	1	0.813
6298	957	1	0.954
6299	4183	0	0.000227
6300	2522	0	0.000347
6301	2709	0	8.38e-05
6302	5255	1	0.926
6303	88	1	0.803
6304	2832	0	0.000272
6305	566	1	0.988
6306	1729	1	0.834
6307	3941	1	0.811
6308	1428	1	0.895
6309	2570	1	0.806
6310	5640	0	0.00036
6311	2130	1	0.999
6312	237	0	0.000353
6313	5824	1	0.804
6314	4809	1	0.932
6315	3224	1	0.929
6316	817	0	0.000308
6317	4780	1	0.945
6318	5783	1	0.913
6319	1160	1	0.871
6320	2286	0	0.000434
6321	5360	1	0.896
6322	4981	1	0.972
6323	1410	1	0.909
6324	1053	1	0.93
6325	899	0	0.000306
6326	1538	1	0.808
6327	6046	1	0.865
6328	3325	0	0.00023
6329	1114	1	0.963
6330	1887	1	0.832
6331	5371	1	0.809
6332	240	0	0.000297
6333	5023	1	0.822
6334	635	1	0.824
6335	5485	1	0.897
6336	5288	0	0.000319
6337	3605	1	0.835
6338	3692	0	0.000542
6339	5242	1	0.876
6340	2745	0	0.000132
6341	679	1	0.947
6342	1357	1	0.892
6343	36	1	0.917
6344	2641	0	0.000619
6345	5818	1	0.916
6346	2199	1	0.804
6347	453	1	0.822
6348	1515	0	0.000496
6349	1749	1	0.994
6350	6240	1	0.835
6351	4988	0	0.000305
6352	3029	1	0.858
6353	677	1	0.914
6354	5024	1	0.986
6355	2594	1	0.951
6356	1742	1	0.881
6357	4134	1	0.984
6358	5990	1	0.987
6359	2977	1	0.959
6360	4246	0	0.000554
6361	1956	1	0.889
6362	4437	1	0.922
6363	5729	1	0.872
6364	4010	1	0.834
6365	1974	1	0.963
6366	1743	1	0.986
6367	593	1	0.973
6368	2563	1	0.936
6369	1936	1	0.893
6370	3575	0	0.00053
6371	4389	1	0.872
6372	5221	1	0.929
6373	6075	1	0.958
6374	726	1	0.987
6375	4101	1	0.84
6376	3642	1	0.835
6377	3521	1	0.938
6378	116	1	0.922
6379	5862	1	0.825
6380	407	1	0.824
6381	4814	1	0.931
6382	329	1	0.806
6383	3327	0	0.000229
6384	2331	1	0.92
6385	4109	1	0.808
6386	48	1	0.896
6387	4414	0	0.000552
6388	1845	0	0.00027
6389	5562	1	0.827
6390	4846	0	0.000426
6391	3458	1	0.847
6392	3652	0	0.000598
6393	5303	1	0.922
6394	1081	1	0.849
6395	529	0	0.000397
6396	867	1	0.975
6397	4323	1	0.964
6398	2990	1	0.966
6399	6331	1	0.825
6400	2482	1	0.986
6401	618	1	0.884
6402	1952	1	0.89
6403	2116	1	0.998
6404	2896	1	0.994
6405	4703	0	0.000546
6406	5762	1	0.916
6407	85	0	0.000172
6408	4974	1	0.971
6409	3158	1	0.849
6410	2378	1	0.886
6411	4232	1	0.871
6412	6076	0	0.000374
6413	355	1	0.922
6414	6175	1	0.822
6415	1473	1	0.849
6416	4929	1	0.883
6417	4705	1	0.927
6418	737	0	0.0003
6419	1114	1	0.945
6420	5153	1	0.976
6421	3346	1	0.968
6422	1977	0	0.000418
6423	4373	1	0.814
6424	1899	1	0.875
6425	3344	1	0.838
6426	6068	1	0.832
6427	4562	1	0.988
6428	1813	1	0.818
6429	5429	1	0.977
6430	5802	1	0.813
6431	5362	1	0.89
6432	333	1	0.952
6433	320	1	0.805
6434	3283	1	0.808
6435	5877	1	0.95
6436	905	1	0.987
6437	3982	1	0.88
6438	4399	1	0.815
6439	1671	1	0.913
6440	6336	1	0.825
6441	3856	1	0.832
6442	331	0	0.000219
6443	5221	1	0.887
6444	5589	1	0.977
6445	1233	1	0.932
6446	5453	0	0.000552
6447	464	1	0.921
6448	576	1	0.9
6449	1012	0	0.000563
6450	890	1	0.82
6451	1527	1	0.864
6452	3724	1	0.859
6453	4816	1	0.968
6454	2712	1	0.854
6455	5116	1	0.908
6456	3788	0	0.000435
6457	5711	1	0.989
6458	627	0	0.000337
6459	4935	1	0.959
6460	339	1	0.899
6461	6317	1	0.901
6462	1057	1	0.866
6463	2481	1	0.854
6464	5122	1	0.899
6465	3123	1	0.848
6466	2605	1	0.96
6467	1676	1	0.906
6468	31	0	0.000277
6469	798	1	0.819
6470	1695	1	0.91
6471	4582	1	0.862
6472	4343	1	0.837
6473	1723	1	0.966
6474	5116	1	0.965
6475	3740	1	0.931
6476	4590	1	0.803
6477	4810	1	0.952
6478	5625	1	0.861
6479	5825	1	0.818
6480	2406	0	0.000356
6481	3286	1	0.941
6482	4549	1	0.946
6483	5061	1	0.982
6484	1119	0	0.000216
6485	5552	1	0.803
6486	1345	1	0.891
6487	6351	1	0.839
6488	1222	0	0.00044
6489	5362	1	0.992
6490	1373	1	0.81
6491	427	1	0.87
6492	1434	1	0.935
6493	2477	1	0.945
6494	806	1	0.88
6495	514	1	0.944
6496	6422	1	0.937
6497	3391	1	0.816
6498	1586	1	0.894
6499	5783	1	0.925
6500	4125	1	0.934
6501	4042	1	0.959
6502	5364	1	0.92
6503	5885	1	0.867
6504	3595	0	0.000164
6505	1998	1	0.883
6506	351	0	0.000591
6507	6433	1	0.881
6508	6196	1	0.874
6509	1599	1	0.849
6510	5937	1	0.902
6511	892	1	0.874
6512	4867	1	1
6513	5479	0	0.000112
6514	3640	1	0.925
6515	4795	1	0.986
6516	1245	1	0.881
6517	5203	0	0.000344
6518	664	1	0.955
6519	2342	1	0.866
6520	3659	1	0.908
6521	930	1	0.916
6522	5983	1	0.874
6523	1543	0	0.000379
6524	5426	1	0.985
6525	1086	1	0.958
6526	390	1	0.95
6527	758	1	0.841
6528	4395	1	0.816
6529	1352	1	0.847
6530	2189	0	0.000357
6531	4399	0	0.000284
6532	1392	1	0.862
6533	3301	1	0.883
6534	2659	1	0.943
6535	1069	1	0.861
6536	6279	0	0.000633
6537	2245	1	0.959
6538	3575	1	0.953
6539	1888	1	0.875
6540	796	1	0.909
6541	3338	0	0.000363
6542	26	1	0.831
6543	2361	1	0.86
6544	5739	1	0.922
6545	3590	0	8.88e-05
6546	3910	1	0.879
6547	4521	1	0.965
6548	1378	1	0.865
6549	2045	1	0.977
6550	4086	1	0.962
6551	2272	0	0.000467
6552	4698	0	0.00053
6553	4628	1	0.806
6554	6134	1	0.874
6555	4582	1	0.843
6556	3449	1	0.816
6557	2356	1	0.922
6558	2372	1	0.882
6559	3912	1	0.955
6560	6112	1	0.967
6561	2767	1	0.958
6562	5811	1	0.828
6563	5901	1	0.936
6564	236	1	0.924
6565	6398	0	0.000383
6566	6036	1	0.907
6567	6072	1	0.983
6568	320	1	0.896
6569	4765	1	0.869
6570	2837	1	0.898
6571	2696	0	0.000281
6572	6376	1	0.892
6573	598	1	0.845
6574	3992	1	0.88
6575	3265	1	0.947
6576	2520	1	0.832
6577	1176	1	0.942
6578	5100	1	0.921
6579	2578	1	0.988
6580	5010	1	0.803
6581	5241	1	0.955
6582	6144	1	0.837
6583	2618	1	0.984
6584	699	1	0.989
6585	6266	0	0.00058
6586	3343	0	0.00035
6587	1738	1	0.913
6588	1982	1	0.939
6589	1033	0	0.000216
6590	2453	1	0.9
6591	1000	1	0.964
6592	3648	1	0.857
6593	5911	1	0.925
6594	3440	1	0.869
6595	4204	1	0.882
6596	3136	0	0.000507
6597	5496	1	0.945
6598	3819	1	0.972
6599	1751	1	0.982
6600	5869	1	0.992
6601	1504	1	0.918
6602	3156	1	0.972
6603	3825	1	0.88
6604	3051	1	0.851
6605	3423	1	0.84
6606	6485	1	0.826
6607	5106	0	0.000343
6608	360	1	0.953
6609	2148	1	0.958
6610	1294	1	0.943
6611	1079	1	0.832
6612	2584	1	0.948
6613	2974	0	0.000297
6614	6536	1	0.893
6615	3882	1	0.823
6616	3124	1	0.856
6617	2134	0	0.000408
6618	944	1	0.961
6619	6255	1	0.986
6620	3742	1	0.808
6621	5219	1	0.863
6622	5367	1	0.945
6623	2941	1	0.83
6624	3049	1	0.966
6625	1655	1	0.926
6626	3200	1	0.816
6627	1478	1	0.859
6628	1679	1	0.936
6629	397	1	0.807
6630	2585	1	0.98
6631	3592	1	0.926
6632	681	0	0.000589
6633	5319	1	0.853
6634	3998	1	0.861
6635	5891	1	0.954
6636	3707	0	0.000191
6637	1827	1	0.865
6638	6596	1	0.851
6639	6541	1	0.901
6640	2838	1	0.899
6641	6224	1	0.86
6642	2028	1	0.889
6643	3867	1	0.918
6644	3898	1	0.898
6645	5673	1	0.878
6646	4475	0	0.000341
6647	3067	0	0.000294
6648	6224	0	0.000525
6649	1423	1	0.971
6650	4003	1	0.868
6651	4457	1	0.921
6652	2	0	0.000167
6653	6523	1	0.895
6654	4790	1	0.85
6655	1654	1	0.961
6656	4006	1	0.827
6657	4056	1	0.922
6658	535	0	0.000207
6659	4815	1	0.876
6660	2653	1	0.959
6661	3685	1	0.919
6662	3887	1	0.878
6663	6347	0	0.000462
6664	3654	1	0.92
6665	545	1	0.902
6666	3744	1	0.873
6667	6049	1	0.861
6668	4079	1	0.995
6669	6609	1	0.996
6670	3891	0	0.00029
6671	6286	1	0.841
6672	329	1	0.869
6673	2555	1	0.97
6674	4053	1	0.926
6675	3043	1	0.985
6676	3992	1	0.929
6677	2856	1	0.929
6678	2046	1	0.849
6679	172	1	0.917
6680	2978	1	0.853
6681	185	1	0.872
6682	2806	1	0.983
6683	231	1	0.897
6684	1906	1	0.933
6685	449	1	0.847
6686	4552	1	0.894
6687	666	1	0.944
6688	6563	1	0.839
6689	6358	0	0.00018
6690	611	1	0.9
6691	599	1	0.964
6692	2047	1	0.835
6693	5280	1	0.894
6694	2520	1	0.927
6695	2565	1	0.894
6696	3891	1	0.813
6697	3333	0	0.000321
6698	1519	1	0.854
6699	4632	1	0.99
6700	4419	0	0.000119
6701	3178	1	0.832
6702	4819	1	0.987
6703	2479	0	0.000306
6704	646	1	0.866
6705	6459	0	0.000139
6706	3536	1	0.887
6707	1663	1	0.848
6708	6503	1	0.887
6709	5800	1	0.946
6710	4376	1	0.895
6711	3879	1	0.912
6712	4823	0	0.000442
6713	5473	1	0.969
6714	4917	1	0.984
6715	5724	1	0.827
6716	4653	1	0.866
6717	2171	0	0.000366
6718	2217	1	0.946
6719	320	1	0.919
6720	2162	1	0.969
6721	1275	0	0.00041
6722	3773	1	0.96
6723	4814	1	0.917
6724	1176	0	0.000563
6725	1165	0	0.00013
6726	5969	1	0.9
6727	2672	1	0.909
6728	3576	1	0.85
6729	802	1	0.965
6730	6689	1	0.862
6731	3772	1	0.906
6732	1232	1	0.865
6733	1883	1	1
6734	2845	1	0.906
6735	6283	1	0.961
6736	3033	1	0.992
6737	2468	1	0.966
6738	2467	1	0.882
6739	5775	1	0.833
6740	3752	0	0.000311
6741	1201	1	0.911
6742	5398	0	0.000158
6743	3463	1	0.849
6744	2998	1	0.898
6745	1878	1	0.957
6746	6414	1	0.955
6747	6345	1	0.924
6748	5875	1	0.973
6749	4244	1	0.944
6750	5320	1	0.918
6751	3790	1	0.831
6752	99	0	0.000556
6753	4405	1	0.83
6754	2539	1	0.963
6755	3412	0	0.000283
6756	6057	1	0.935
6757	533	1	0.824
6758	5931	1	0.921
6759	6605	1	0.882
6760	3651	1	0.862
6761	2851	1	0.835
6762	701	1	0.848
6763	4967	1	0.854
6764	2225	1	0.882
6765	3033	1	0.823
6766	5681	1	0.973
6767	5638	1	0.954
6768	503	1	0.973
6769	250	1	0.808
6770	4915	1	0.94
6771	1960	1	0.94
6772	722	1	0.847
6773	5013	1	0.921
6774	6427	1	0.843
6775	4276	0	0.000447
6776	939	1	0.999
6777	5394	1	0.913
6778	805	1	0.949
6779	1874	1	0.912
6780	5420	1	0.923
6781	4570	1	0.985
6782	6445	1	0.946
6783	4873	1	0.827
6784	122	1	0.842
6785	2158	1	0.98
6786	2191	1	0.957
6787	2191	0	0.000227
6788	5135	0	0.000506
6789	6134	1	0.997
6790	5143	1	0.838
6791	5791	0	0.000427
6792	977	1	0.976
6793	460	1	0.869
6794	3680	1	0.825
6795	1786	1	0.827
6796	965	1	0.889
6797	3538	1	0.927
6798	3444	0	0.000399
6799	5867	1	0.988
6800	418	0	0.000287
6801	938	1	0.981
6802	143	1	0.814
6803	6060	1	0.911
6804	4165	0	0.000136
6805	2765	1	0.982
6806	4025	1	0.871
6807	1277	0	0.000206
6808	254	1	0.897
6809	588	0	0.000546
6810	6325	1	0.965
6811	4012	1	0.917
6812	6395	1	0.885
6813	1520	1	0.854
6814	3541	1	0.967
6815	312	1	0.883
6816	3358	0	0.000232
6817	4095	1	0.803
6818	5351	1	0.883
6819	5474	0	0.000475
6820	6402	1	0.875
6821	4850	1	0.898
6822	1115	1	0.963
6823	291	1	0.821
6824	4402	1	0.954
6825	2046	1	0.992
6826	698	1	0.944
6827	2231	1	0.837
6828	6238	0	0.000282
6829	1461	1	0.815
6830	4919	1	0.988
6831	311	0	0.00022
6832	4277	1	0.811
6833	254	1	0.837
6834	1930	1	0.871
6835	6029	0	0.000168
6836	4908	1	0.927
6837	1540	1	0.857
6838	4358	1	0.897
6839	3053	1	0.826
6840	5610	0	0.000465
6841	3792	1	0.93
6842	6166	1	0.98
6843	2026	1	0.808
6844	5504	1	0.824
6845	5944	1	0.845
6846	318	1	0.905
6847	2409	1	0.927
6848	3691	1	0.876
6849	2392	1	0.905
6850	1208	1	0.933
6851	3079	0	0.000345
6852	3183	0	0.000131
6853	6695	1	0.835
6854	5913	0	0.0005
6855	3119	1	0.826
6856	3934	0	0.000485
6857	3467	1	0.831
6858	6799	1	0.999
6859	2767	1	0.811
6860	3883	1	0.896
6861	2567	1	0.985
6862	6848	1	0.88
6863	5671	1	0.827
6864	2318	1	0.91
6865	971	1	0.997
6866	4183	1	0.989
6867	1294	1	0.809
6868	6300	1	0.818
6869	2094	1	0.945
6870	4113	1	0.841
6871	1816	1	0.859
6872	6567	1	0.867
6873	2368	1	0.849
6874	1144	1	0.854
6875	2540	1	0.979
6876	5183	1	0.936
6877	5835	1	0.83
6878	6163	1	0.911
6879	2463	0	0.000505
6880	3910	1	0.953
6881	2961	1	0.926
6882	2190	1	0.805
6883	5824	1	0.822
6884	4527	1	0.996
6885	115	1	0.824
6886	5494	1	0.852
6887	1546	1	0.859
6888	2978	1	0.997
6889	309	1	0.814
6890	5521	1	0.809
6891	759	1	0.929
6892	542	1	1
6893	4813	1	0.828
6894	370	1	0.841
6895	4687	1	0.927
6896	4952	1	0.832
6897	130	1	0.887
6898	5993	1	0.834
6899	703	1	0.942
6900	399	1	0.931
6901	4576	1	0.91
6902	4390	1	0.844
6903	119	0	8.55e-05
6904	6382	1	0.856
6905	1740	1	0.801
6906	1493	1	0.831
6907	2257	1	0.86
6908	2408	1	0.985
6909	3381	1	0.997
6910	5897	1	0.936
6911	652	1	0.986
6912	3741	0	0.000202
6913	5495	1	0.811
6914	1531	1	0.9
6915	6473	0	0.000508
6916	2935	0	0.000347
6917	1590	1	0.885
6918	2765	1	0.877
6919	915	1	0.905
6920	2729	1	0.993
6921	4993	0	0.000121
6922	1500	1	0.922
6923	5214	1	0.908
6924	2862	1	0.915
6925	879	1	0.816
6926	1775	0	0.000434
6927	285	1	0.964
6928	180	0	0.000448
6929	6332	1	0.829
6930	139	1	0.842
6931	1387	1	0.887
6932	1561	1	0.812
6933	4461	1	0.872
6934	6520	1	0.908
6935	3540	1	0.908
6936	2585	0	0.000353
6937	2855	1	0.974
6938	174	1	0.968
6939	2022	1	0.818
6940	107	1	0.963
6941	5205	1	0.857
6942	2744	1	0.938
6943	5266	1	0.83
6944	132	1	0.868
6945	2917	1	0.917
6946	1785	1	0.829
6947	574	1	0.871
6948	207	0	0.000531
6949	197	1	0.867
6950	1337	1	0.833
6951	308	0	0.000144
6952	5542	1	0.957
6953	5958	1	0.823
6954	6573	1	0.898
6955	5873	0	0.000374
6956	2510	1	0.985
6957	6902	1	0.926
6958	5526	1	0.888
6959	4845	1	0.88
6960	2592	1	0.971
6961	3409	1	0.905
6962	2659	1	0.805
6963	5334	1	0.858
6964	773	1	0.973
6965	6189	0	0.000316
6966	351	1	0.839
6967	1383	1	0.982
6968	3713	0	0.000531
6969	5684	0	0.000316
6970	4632	1	0.813
6971	1755	0	0.000478
6972	3721	1	0.846
6973	5404	1	0.999
6974	6972	1	0.927
6975	6005	1	0.819
6976	1458	1	0.931
6977	422	1	0.873
6978	2379	1	0.855
6979	3337	1	0.896
6980	4904	0	0.000346
6981	932	1	0.988
6982	5606	0	0.000284
6983	2317	1	0.828
6984	2681	1	0.988
6985	4928	0	0.000566
6986	2121	1	0.825
6987	6984	1	0.919
6988	948	1	0.954
6989	5126	1	0.829
6990	5640	1	0.968
6991	1687	1	0.858
6992	5276	1	0.847
6993	5060	1	0.959
6994	2038	1	0.856
6995	6881	1	0.964
6996	2800	1	0.936
6997	6613	1	0.979
6998	4102	1	0.902
6999	6040	0	0.000493
7000	5923	1	0.852
7001	5239	1	0.846
7002	832	1	0.932
7003	6314	0	0.000567
7004	1129	0	0.000419
7005	2987	1	0.84
7006	5366	1	0.825
7007	799	1	0.886
7008	3833	1	0.848
7009	5949	0	0.000382
7010	3722	1	0.814
7011	2673	0	0.00037
7012	4790	1	0.902
7013	3300	1	0.904
7014	1316	0	0.000173
7015	2537	1	0.902
7016	1824	0	0.000639
7017	366	1	0.833
7018	5376	1	0.888
7019	6709	1	0.806
7020	4693	1	0.938
7021	4213	0	0.00015
7022	3275	1	0.995
7023	1104	1	0.968
7024	2387	1	0.896
7025	3129	0	0.000499
7026	1117	0	0.000172
7027	6270	1	0.845
7028	2152	1	0.827
7029	4878	1	0.994
7030	1492	1	0.828
7031	3674	1	0.892
7032	2156	1	0.902
7033	1423	1	0.895
7034	6580	0	0.000172
7035	1492	0	0.000344
7036	3046	1	0.852
7037	3725	1	0.894
7038	6238	1	0.884
7039	6453	1	0.956
7040	6173	0	0.000305
7041	6251	1	0.937
7042	3563	1	0.903
7043	636	1	0.879
7044	6829	1	0.819
7045	1586	1	0.844
7046	3499	1	0.918
7047	4232	0	0.000558
7048	2038	0	0.000388
7049	1672	1	0.896
7050	5798	1	0.9
7051	2886	1	0.987
7052	2355	1	0.844
7053	4033	1	0.903
7054	4140	1	0.911
7055	2023	1	0.805
7056	2891	0	0.000228
7057	540	1	0.961
7058	7042	0	0.000217
7059	6880	0	0.000123
7060	1979	1	0.965
7061	5766	1	0.928
7062	5799	1	0.949
7063	6793	1	0.952
7064	4391	1	0.903
7065	3969	0	0.000433
7066	6700	1	0.844
7067	6349	1	0.995
7068	6251	1	0.839
7069	1511	0	0.000613
7070	6853	1	0.816
7071	2874	1	0.951
7072	4796	1	0.945
7073	2878	1	0.969
7074	1443	1	0.98
7075	4543	1	0.943
7076	2541	1	0.923
7077	3647	1	0.834
7078	227	1	0.831
7079	4166	1	0.843
7080	4800	1	0.834
7081	3289	1	0.825
7082	954	1	0.804
7083	4324	1	0.873
7084	4364	1	0.847
7085	5914	1	0.919
7086	2284	1	0.801
7087	5825	1	0.996
7088	218	0	0.000575
7089	7039	0	0.000176
7090	3470	1	0.926
7091	1727	1	0.946
7092	2156	1	0.823
7093	6017	1	0.873
7094	6303	1	0.885
7095	5234	1	0.949
7096	5006	1	0.929
7097	4863	1	0.851
7098	6769	1	0.936
7099	4638	1	0.896
7100	4575	1	0.889
7101	1750	1	0.9
7102	6335	1	0.923
7103	4693	1	0.821
7104	1660	1	0.979
7105	4113	0	0.000188
7106	6532	1	0.983
7107	848	1	0.889
7108	554	1	0.993
7109	3820	1	0.886
7110	4720	1	0.997
7111	3196	1	0.955
7112	5074	1	0.84
7113	472	1	0.947
7114	3984	1	0.876
7115	2015	1	0.924
7116	6536	1	0.932
7117	4665	1	0.905
7118	1349	1	0.901
7119	1625	1	0.932
7120	5980	1	0.896
7121	3634	0	0.000401
7122	4840	1	0.952
7123	5764	0	0.000415
7124	1287	1	0.82
7125	4780	0	0.000308
7126	158	1	0.923
7127	936	1	0.911
7128	980	1	0.962
7129	7106	1	0.838
7130	3604	0	0.00029
7131	1368	1	0.985
7132	1246	0	0.000493
7133	850	0	0.000253
7134	470	0	0.000295
7135	4709	1	0.829
7136	6517	1	0.919
7137	4112	1	0.847
7138	6255	0	0.00031
7139	1735	1	0.831
7140	6465	1	0.827
7141	1953	1	0.858
7142	776	1	0.975
7143	6883	1	0.813
7144	6737	1	0.895
7145	3726	1	0.951
7146	6366	0	0.000145
7147	2965	1	0.983
7148	4631	1	0.946
7149	5708	1	0.983
7150	3709	1	0.874
7151	506	0	0.000129
7152	3023	1	0.848
7153	3397	1	0.945
7154	3185	1	0.807
7155	6472	1	0.997
7156	6204	1	0.816
7157	1266	1	0.969
7158	6079	1	0.889
7159	3613	0	0.000322
7160	1103	1	0.968
7161	4717	1	0.972
7162	1962	1	0.84
7163	84	1	0.814
7164	2650	1	0.929
7165	1491	1	0.932
7166	290	1	0.914
7167	6092	1	0.991
7168	1634	1	0.941
7169	2503	0	0.000581
7170	954	1	0.881
7171	46	1	0.915
7172	3107	0	0.000607
7173	265	1	0.867
7174	4078	1	0.861
7175	5252	1	0.814
7176	3698	1	0.87
7177	1867	1	0.971
7178	5463	1	0.803
7179	5002	1	0.996
7180	3800	1	0.879
7181	2500	0	0.000395
7182	6746	1	0.92
7183	2839	1	0.879
7184	5812	0	0.000544
7185	2647	1	0.95
7186	4810	1	0.891
7187	995	0	0.00014
7188	848	1	0.988
7189	7105	1	0.841
7190	5568	1	0.957
7191	5966	0	0.000528
7192	3726	1	0.917
7193	1593	1	0.823
7194	379	1	0.998
7195	712	1	0.887
7196	1155	1	0.813
7197	519	1	0.868
7198	5337	1	0.943
7199	731	1	0.947
7200	640	1	0.814
7201	3384	1	0.856
7202	5497	1	0.897
7203	3966	1	0.968
7204	37	1	0.819
7205	6088	1	0.992
7206	1924	1	0.927
7207	6464	1	0.843
7208	5526	1	0.977
7209	5997	1	0.862
7210	4411	1	0.879
7211	5177	1	0.95
7212	1912	1	0.822
7213	3599	1	0.813
7214	4679	1	0.832
7215	2318	1	0.959
7216	5105	0	0.000176
7217	3991	1	0.885
7218	261	1	0.982
7219	2907	1	0.971
7220	1902	1	0.966
7221	968	1	0.849
7222	3177	1	0.918
7223	1436	1	0.878
7224	1090	1	0.882
7225	1814	0	0.00044
7226	7068	1	0.962
7227	5425	1	0.828
7228	1140	1	0.986
7229	1354	1	0.888
7230	1753	1	0.804
7231	3360	1	0.93
7232	7101	1	0.83
7233	3243	1	0.843
7234	4590	1	0.909
7235	5061	1	0.858
7236	1198	1	0.91
7237	5305	1	0.954
7238	4544	1	0.939
7239	5576	1	0.831
7240	4029	1	0.835
7241	2920	1	0.951
7242	4295	1	0.949
7243	6938	1	0.889
7244	5393	0	0.000331
7245	1890	1	0.855
7246	3806	1	0.849
7247	5763	1	0.898
7248	5382	1	0.833
7249	27	1	0.966
7250	6331	1	0.871
7251	6279	1	0.886
7252	5265	1	0.937
7253	3996	1	0.912
7254	3941	1	0.947
7255	991	1	0.877
7256	5054	0	0.000123
7257	3763	0	0.000238
7258	5981	1	0.939
7259	1862	1	0.974
7260	6532	1	0.835
7261	5675	1	0.846
7262	1541	1	0.978
7263	952	1	0.99
7264	6672	1	0.824
7265	307	1	0.802
7266	867	1	0.923
7267	5377	1	0.922
7268	2700	1	0.947
7269	1975	1	0.987
7270	5750	1	0.809
7271	5508	1	0.851
7272	1530	1	0.855
7273	2237	1	0.819
7274	290	1	0.851
7275	1478	1	0.845
7276	4101	1	0.937
7277	6927	1	0.853
7278	3069	1	0.933
7279	2473	1	0.809
7280	5840	1	0.872
7281	2141	0	0.000497
7282	4665	1	0.871
7283	5337	1	0.939
7284	3660	1	0.855
7285	1773	1	0.945
7286	5746	0	0.000441
7287	2334	1	0.911
7288	2169	0	0.000447
7289	4325	1	0.813
7290	5385	1	0.88
7291	6758	1	0.835
7292	1239	0	0.000589
7293	229	1	0.868
7294	4305	1	0.87
7295	1394	1	0.924
7296	3190	1	0.995
7297	462	1	0.874
7298	2649	1	0.903
7299	6647	0	0.000371
7300	7034	1	0.832
7301	5265	0	0.000455
7302	6722	1	0.951
7303	1505	1	0.887
7304	3342	0	0.00028
7305	7135	1	0.918
7306	6340	1	0.971
7307	6122	1	0.839
7308	4566	1	0.906
7309	3607	1	0.935
7310	6668	0	0.000585
7311	3629	1	0.961
7312	4018	1	0.882
7313	4319	1	0.92
7314	575	1	0.889
7315	5044	1	0.957
7316	3112	0	0.000364
7317	2022	1	0.965
7318	6247	1	0.961
7319	6139	1	0.845
7320	3821	1	0.808
7321	646	1	0.924
7322	3424	1	0.939
7323	3948	1	0.898
7324	1293	1	0.949
7325	5566	1	0.916
7326	2293	0	0.000104
7327	5304	1	0.873
7328	4283	1	0.922
7329	4610	1	0.922
7330	2115	1	0.948
7331	6402	1	0.943
7332	5302	1	0.871
7333	6286	1	0.96
7334	7004	0	0.000458
7335	1331	1	0.809
7336	1415	1	0.864
7337	2238	1	0.875
7338	5526	0	0.000574
7339	5585	1	0.992
7340	4572	1	0.842
7341	5095	0	8.83e-05
7342	161	1	0.84
7343	664	1	0.997
7344	1862	1	0.991
7345	5098	1	0.958
7346	4363	1	0.974
7347	3581	1	0.841
7348	2180	1	0.825
7349	554	1	0.882
7350	6061	1	0.96
7351	3488	0	9.73e-05
7352	1296	1	0.954
7353	1508	1	0.855
7354	3273	1	0.994
7355	204	0	0.000569
7356	1188	1	0.955
7357	7233	1	0.902
7358	2211	0	0.000485
7359	3164	0	0.000161
7360	3875	1	0.94
7361	1409	0	0.000259
7362	4333	1	0.905
7363	3620	1	0.859
7364	2452	1	0.864
7365	796	0	0.00031
7366	1356	0	0.000501
7367	5617	1	0.834
7368	1899	0	0.000384
7369	6929	1	0.901
7370	3998	1	0.845
7371	4016	1	0.805
7372	607	1	0.83
7373	2442	1	0.958
7374	5778	1	0.843
7375	1953	1	0.805
7376	3061	0	0.000605
7377	3750	1	0.853
7378	5912	1	0.862
7379	6002	1	0.864
7380	2117	1	0.967
7381	2810	1	0.844
7382	324	0	0.000207
7383	4256	1	0.971
7384	3930	1	0.86
7385	2138	1	0.803
7386	837	1	0.82
7387	779	1	0.876
7388	111	1	0.882
7389	364	1	0.948
7390	178	0	0.000442
7391	634	1	0.917
7392	2989	1	0.92
7393	4213	1	0.829
7394	3290	1	0.991
7395	733	1	0.918
7396	5489	1	0.83
7397	5091	1	0.99
7398	4819	1	0.98
7399	2087	1	0.809
7400	4010	1	0.963
7401	4501	0	0.000213
7402	112	0	9.63e-05
7403	7204	0	0.000278
7404	4129	1	0.974
7405	2446	1	0.885
7406	4261	1	0.942
7407	859	1	0.967
7408	4305	1	0.871
7409	389	1	0.955
7410	1701	1	0.952
7411	1843	1	0.927
7412	1577	1	0.805
7413	2462	0	0.000625
7414	5429	1	0.876
7415	5759	1	0.921
7416	6072	1	0.843
7417	4269	1	0.875
7418	5616	1	0.86
7419	5153	1	0.807
7420	6256	1	0.801
7421	535	1	0.991
7422	1588	1	0.935
7423	754	1	0.949
7424	2988	0	0.000459
7425	4758	1	0.843
7426	455	1	0.838
7427	1996	1	0.899
7428	5639	1	0.827
7429	1337	1	0.985
7430	7201	1	0.937
7431	5815	1	0.944
7432	2923	1	0.979
7433	3294	1	0.88
7434	1276	1	0.915
7435	5674	1	0.815
7436	3242	0	0.000358
7437	1334	0	0.000337
7438	6208	1	0.851
7439	3241	1	0.999
7440	5624	1	0.995
7441	3573	1	0.856
7442	2411	1	0.834
7443	5099	1	0.951
7444	3600	1	0.97
7445	1167	1	0.962
7446	6549	1	0.827
7447	410	1	0.892
7448	2685	1	0.952
7449	7060	1	0.98
7450	990	1	0.885
7451	3594	1	0.959
7452	6512	1	0.894
7453	4467	1	0.895
7454	1168	1	0.876
7455	3397	1	0.802
7456	3824	1	0.872
7457	2022	1	0.905
7458	1768	1	0.945
7459	6966	1	0.884
7460	1328	1	0.839
7461	1909	1	0.939
7462	6068	1	0.956
7463	523	1	0.98
7464	5056	1	0.892
7465	6060	1	0.831
7466	3527	1	0.864
7467	7416	1	0.949
7468	3275	0	0.000194
7469	5058	1	0.924
7470	1783	0	0.000295
7471	6486	0	0.000635
7472	3965	0	0.000282
7473	979	0	0.000475
7474	7052	1	0.915
7475	4333	1	0.87
7476	5534	1	0.847
7477	1904	1	0.927
7478	799	0	0.00012
7479	4739	1	0.827
7480	6778	1	0.998
7481	7437	0	0.000336
7482	5919	1	0.861
7483	7105	1	0.96
7484	7226	1	0.864
7485	3332	1	0.886
7486	1355	1	0.881
7487	2392	1	0.818
7488	830	0	0.000239
7489	5404	1	0.831
7490	3389	1	0.925
7491	3057	0	0.000203
7492	1586	1	0.971
7493	4026	1	0.825
7494	3082	1	0.897
7495	4252	1	0.917
7496	4467	1	0.924
7497	4419	0	0.000636
7498	7457	1	0.848
7499	981	1	0.886
7500	5249	1	0.907
7501	1670	1	0.857
7502	1759	1	0.92
7503	5355	1	0.914
7504	1928	1	0.902
7505	1405	1	0.892
7506	5199	0	0.000111
7507	2360	1	0.882
7508	6510	1	0.957
7509	5818	1	0.983
7510	2472	1	0.893
7511	7008	1	0.997
7512	3624	1	0.906
7513	3501	1	0.956
7514	6358	1	0.975
7515	2060	1	0.962
7516	342	0	0.000271
7517	5810	1	0.995
7518	1860	1	0.937
7519	2938	1	0.948
7520	5349	0	0.000492
7521	6121	1	0.881
7522	4607	1	0.911
7523	481	1	0.922
7524	3946	1	0.815
7525	4775	1	0.83
7526	5836	1	0.937
7527	3957	1	0.831
7528	2141	1	0.876
7529	4085	1	0.954
7530	940	1	0.965
7531	2886	1	0.914
7532	1192	1	0.897
7533	5351	1	0.963
7534	879	1	0.928
7535	3634	1	0.846
7536	1515	0	0.000107
7537	5397	1	0.865
7538	7397	1	0.81
7539	1318	1	0.842
7540	6922	1	0.909
7541	2465	1	0.936
7542	4362	0	0.000448
7543	5922	0	0.000365
7544	1064	1	0.964
7545	187	1	0.869
7546	6494	1	0.838
7547	4937	1	0.815
7548	337	1	0.844
7549	7092	1	0.916
7550	5666	1	0.89
7551	6403	1	0.988
7552	2662	1	0.946
7553	7377	1	0.833
7554	7395	1	0.857
7555	4403	1	0.933
7556	951	1	0.9
7557	2951	1	0.837
7558	2127	1	0.855
7559	5591	1	0.935
7560	93	1	0.914
7561	4645	1	0.812
7562	1722	1	0.827
7563	1672	1	0.889
7564	1624	1	0.95
7565	2394	0	0.000472
7566	1241	1	0.878
7567	6456	1	0.811
7568	7284	1	0.812
7569	513	1	0.94
7570	2616	1	0.808
7571	2681	1	0.975
7572	5618	1	0.841
7573	7343	0	0.000209
7574	7448	1	0.906
7575	3928	1	0.937
7576	4664	1	0.81
7577	5330	1	0.969
7578	4350	1	0.869
7579	5519	1	0.81
7580	94	1	0.885
7581	1725	1	0.808
7582	2128	1	0.858
7583	2812	1	0.859
7584	1403	1	0.843
7585	6965	0	0.000267
7586	2488	1	0.977
7587	5637	1	0.864
7588	3352	0	0.000203
7589	3712	1	0.825
7590	1577	1	0.877
7591	3711	1	0.961
7592	5907	1	0.83
7593	5514	1	0.972
7594	3470	1	0.867
7595	1355	1	0.833
7596	3334	1	0.864
7597	4011	1	0.955
7598	7388	1	0.807
7599	2544	1	0.945
7600	3156	1	0.962
7601	6614	1	0.842
7602	2074	1	0.863
7603	7384	1	0.872
7604	24	1	0.917
7605	6629	1	0.836
7606	1280	1	0.85
7607	806	0	0.000248
7608	1993	1	0.804
7609	6813	1	0.963
7610	1248	0	0.000546
7611	4534	1	0.988
7612	4035	1	0.809
7613	4670	1	0.936
7614	1024	0	0.000129
7615	3479	1	0.888
7616	5486	1	0.981
7617	1503	1	0.931
7618	4616	0	0.00063
7619	646	1	0.977
7620	6709	1	0.834
7621	5796	1	0.984
7622	480	0	0.000135
7623	4108	1	0.906
7624	1556	1	0.988
7625	4308	1	0.881
7626	5954	1	0.823
7627	2864	1	0.872
7628	2517	1	0.858
7629	3431	1	0.924
7630	5040	1	0.84
7631	5419	1	0.972
7632	3831	0	0.000617
7633	4905	1	0.98
7634	5463	1	0.802
7635	7539	1	0.868
7636	6021	1	0.99
7637	671	1	0.905
7638	5069	1	0.891
7639	208	1	0.868
7640	2839	1	0.935
7641	6795	1	0.828
7642	6827	0	0.000224
7643	5451	1	0.957
7644	3829	1	0.917
7645	7382	1	0.812
7646	570	1	0.86
7647	5409	1	0.923
7648	365	1	0.968
7649	3378	1	0.908
7650	634	0	0.000174
7651	7643	1	0.805
7652	1524	1	0.811
7653	6636	1	0.803
7654	6074	1	0.89
7655	2206	1	0.932
7656	5126	1	0.978
7657	4588	1	0.824
7658	5301	1	0.832
7659	4588	1	0.962
7660	5310	0	0.000541
7661	4249	1	0.863
7662	2340	1	0.855
7663	3662	0	0.000505
7664	7383	1	0.91
7665	5170	1	0.839
7666	6922	1	0.897
7667	7342	0	0.000202
7668	2579	1	0.816
7669	4744	1	0.802
7670	1559	1	0.904
7671	3427	1	0.874
7672	5207	1	0.956
7673	7132	1	0.929
7674	4597	1	0.877
7675	7454	1	0.88
7676	6406	1	0.993
7677	2207	1	0.885
7678	3479	0	0.000181
7679	6059	1	0.956
7680	3084	1	0.905
7681	6388	0	0.000596
7682	6146	1	0.936
7683	5932	1	0.845
7684	535	1	0.949
7685	6857	0	0.0005
7686	6612	1	0.806
7687	7390	1	0.886
7688	2694	0	0.000565
7689	2706	1	0.907
7690	7068	1	0.963
7691	5784	1	0.837
7692	4158	1	0.868
7693	4079	0	0.000596
7694	83	1	0.888
7695	4664	1	0.804
7696	3863	1	0.915
7697	5847	1	0.995
7698	3188	1	0.912
7699	4591	1	0.979
7700	868	1	0.911
7701	3793	1	0.969
7702	6026	1	0.857
7703	2750	1	0.994
7704	5601	1	0.963
7705	776	1	0.851
7706	257	1	0.938
7707	4425	1	0.917
7708	5448	1	0.827
7709	4451	0	0.000369
7710	4058	1	0.84
7711	2693	1	0.823
7712	701	1	0.992
7713	7399	1	0.99
7714	4574	1	0.872
7715	1113	1	0.827
7716	4897	0	0.00023
7717	4063	1	0.981
7718	4056	1	0.812
7719	2199	1	0.878
7720	4578	1	0.928
7721	2387	1	0.846
7722	253	1	0.821
7723	6238	0	0.000582
7724	6843	1	0.995
7725	4993	1	0.994
7726	4883	1	0.898
7727	2774	1	0.812
7728	5676	1	0.893
7729	2910	1	0.975
7730	2794	1	0.916
7731	782	1	0.944
7732	5055	1	0.922
7733	3444	1	0.91
7734	4684	0	0.000388
7735	4550	0	0.000591
7736	7340	1	0.916
7737	2569	1	0.808
7738	3555	0	0.000302
7739	7521	1	0.995
7740	2538	1	0.886
7741	4006	1	0.85
7742	4380	1	0.945
7743	4873	1	0.807
7744	1349	1	0.969
7745	2589	1	0.951
7746	4382	1	0.848
7747	4167	1	0.964
7748	5441	1	0.981
7749	4436	1	0.838
7750	904	1	0.887
7751	5663	1	0.938
7752	2962	1	0.834
7753	4596	1	0.962
7754	781	1	0.82
7755	1189	1	0.935
7756	4808	1	0.848
7757	1607	1	0.893
7758	1067	1	0.95
7759	3720	1	0.835
7760	1567	1	0.971
7761	1216	1	0.986
7762	904	1	0.931
7763	6314	0	0.000288
7764	5532	1	0.922
7765	589	1	0.816
7766	1351	0	0.000453
7767	5383	1	0.987
7768	6617	1	0.998
7769	1094	1	0.959
7770	2288	1	0.957
7771	1313	1	0.813
7772	3956	1	0.919
7773	2261	1	0.864
7774	3736	0	0.000466
7775	7385	1	0.943
7776	5207	1	0.859
7777	5060	1	0.982
7778	834	1	0.827
7779	2199	0	0.000632
7780	3495	0	0.00039
7781	1122	1	0.952
7782	6672	1	0.962
7783	6628	1	0.858
7784	444	1	0.951
7785	1101	1	0.815
7786	1629	1	0.991
7787	5685	0	0.000166
7788	6146	1	0.891
7789	598	0	0.000621
7790	176	1	0.86
7791	2522	1	0.942
7792	1190	1	0.969
7793	6149	1	0.954
7794	1650	1	0.935
7795	2056	1	0.881
7796	7505	1	0.841
7797	116	1	0.918
7798	6895	1	0.884
7799	5509	1	0.89
7800	6413	1	0.941
7801	7003	1	0.977
7802	2648	1	0.943
7803	6383	1	0.937
7804	3316	1	0.991
7805	1836	1	0.884
7806	1023	1	0.802
7807	6108	1	0.801
7808	23	1	0.983
7809	926	1	0.857
7810	2575	1	0.974
7811	4628	1	0.934
7812	2729	1	0.986
7813	2836	1	0.858
7814	2725	1	0.868
7815	3387	1	0.966
7816	5028	1	0.833
7817	1816	1	0.959
7818	428	1	0.93
7819	1885	1	0.939
7820	6524	1	0.824
7821	4957	1	0.922
7822	3866	1	0.847
7823	6833	1	0.854
7824	7064	1	0.922
7825	1419	1	0.91
7826	3972	1	0.811
7827	2027	1	0.944
7828	7155	1	0.968
7829	358	0	0.000556
7830	623	1	0.852
7831	1409	0	0.00011
7832	3731	1	0.955
7833	7564	1	0.995
7834	4215	1	0.803
7835	7746	0	0.000613
7836	3776	1	0.891
7837	2122	1	0.886
7838	3019	1	0.853
7839	7492	1	0.802
7840	3213	1	0.867
7841	5374	1	0.876
7842	3834	1	0.995
7843	1032	0	0.00048
7844	5353	0	0.000333
7845	7658	1	0.833
7846	4248	1	0.968
7847	5746	1	0.9
7848	5039	1	0.83
7849	4475	1	0.916
7850	7206	1	0.851
7851	1823	1	0.837
7852	524	1	0.912
7853	4898	1	0.957
7854	1661	0	0.000407
7855	1629	1	0.921
7856	3160	1	0.914
7857	4092	0	0.000619
7858	4761	1	0.86
7859	1203	0	0.000388
7860	1643	1	0.898
7861	7540	1	0.887
7862	1866	1	0.87
7863	3724	1	0.842
7864	4415	1	0.912
7865	7612	1	0.93
7866	6807	1	0.949
7867	1134	0	0.000118
7868	242	0	0.000481
7869	4166	1	0.8
7870	106	1	0.953
7871	6178	1	0.927
7872	3175	1	0.897
7873	7580	1	0.902
7874	4878	1	0.921
7875	900	1	0.908
7876	6206	0	0.000341
7877	1594	1	0.883
7878	6180	1	0.852
7879	2551	1	0.807
7880	4552	1	0.928
7881	6862	1	0.942
7882	5148	1	0.846
7883	5036	1	0.899
7884	7086	1	0.828
7885	4558	0	0.000633
7886	7083	1	0.921
7887	3900	0	0.000564
7888	2610	0	0.000377
7889	4279	1	0.951
7890	3508	1	0.818
7891	6434	1	0.816
7892	3985	0	0.000187
7893	3106	1	0.892
7894	4476	1	0.848
7895	4923	0	0.000618
7896	6540	1	0.93
7897	2833	1	0.948
7898	565	0	0.000345
7899	2545	1	0.899
7900	7752	1	0.885
7901	651	1	0.95
7902	4371	1	0.958
7903	5943	1	0.921
7904	3323	1	0.822
7905	7375	0	0.000185
7906	4621	1	0.949
7907	6670	1	0.818
7908	2261	1	0.845
7909	6835	1	0.843
7910	5426	1	0.826
7911	1801	1	0.831
7912	7122	1	0.925
7913	2818	0	0.000237
7914	856	1	0.998
7915	4890	1	0.932
7916	5225	0	0.000583
7917	1589	1	0.824
7918	302	1	0.92
7919	5537	1	0.855
7920	3003	1	0.847
7921	792	1	0.84
7922	2090	1	0.877
7923	5879	1	0.833
7924	3707	1	0.955
7925	7287	0	0.000387
7926	4890	0	0.000254
7927	2501	1	0.981
7928	433	1	0.83
7929	4456	1	0.823
7930	1827	1	0.893
7931	2706	1	0.978
7932	7273	1	0.855
7933	57	1	0.854
7934	4790	1	0.975
7935	5883	1	0.962
7936	2103	1	0.815
7937	5453	1	0.95
7938	1051	1	0.906
7939	7332	0	0.000456
7940	2414	1	0.83
7941	5106	0	0.00025
7942	4915	0	0.00034
7943	1372	0	0.000229
7944	3326	1	0.989
7945	958	0	0.000301
7946	5909	1	0.903
7947	6412	1	0.865
7948	5778	1	0.979
7949	6667	1	0.864
7950	7405	0	0.000502
7951	3887	1	0.843
7952	522	1	0.857
7953	3145	1	0.983
7954	2653	1	0.924
7955	2517	1	0.909
7956	7000	1	0.955
7957	1689	1	0.952
7958	1571	1	0.847
7959	7737	1	0.95
7960	750	0	0.000464
7961	4567	1	0.842
7962	7508	1	0.937
7963	5283	1	0.97
7964	6281	0	0.000287
7965	3823	1	0.83
7966	7628	1	0.852
7967	6051	1	0.824
7968	4250	1	0.86
7969	5270	0	0.000199
7970	7334	0	0.000443
7971	6473	1	0.841
7972	7020	1	0.997
7973	6813	1	0.812
7974	1723	1	0.918
7975	4852	0	0.000497
7976	238	1	0.805
7977	3110	1	0.855
7978	4050	1	0.97
7979	7022	1	0.975
7980	1232	1	0.843
7981	2536	1	0.873
7982	6466	1	0.88
7983	4249	0	0.000244
7984	4334	1	0.841
7985	6471	0	0.000176
7986	6101	1	0.822
7987	5392	1	0.996
7988	7001	1	0.898
7989	1026	1	0.804
7990	891	1	0.91
7991	7653	0	0.000536
7992	6777	1	0.924
7993	4885	1	0.937
7994	7282	1	0.821
7995	4703	1	0.903
7996	3131	1	0.828
7997	751	1	0.839
7998	4068	0	0.000572
7999	102	1	0.839
8000	6673	1	0.85
8001	1328	1	0.948
8002	5797	1	0.983
8003	4275	1	0.888
8004	6745	1	0.847
8005	5419	1	0.809
8006	2484	1	0.857
8007	43	1	0.884
8008	4068	1	0.844
8009	416	1	0.977
8010	3036	1	0.837
8011	2193	1	0.832
8012	5556	1	0.849
8013	1388	1	0.951
8014	7270	0	0.000435
8015	344	1	0.978
8016	2726	0	0.0003
8017	7262	1	0.869
8018	622	1	0.939
8019	242	1	0.819
8020	5224	0	0.000536
8021	2837	0	0.000313
8022	3919	1	0.837
8023	7010	0	0.000372
8024	5976	1	0.978
8025	4430	1	0.942
8026	7322	1	0.89
8027	7277	1	0.901
8028	7309	1	0.971
8029	7567	0	0.000618
8030	6	1	0.9
8031	7100	1	0.943
8032	1590	1	0.992
8033	6295	1	0.808
8034	7330	1	0.94
8035	3076	1	0.849
8036	1544	1	0.906
8037	5955	1	0.9
8038	4477	0	0.000605
8039	1473	1	0.813
8040	5521	1	0.881
8041	7705	1	0.955
8042	6829	1	0.904
8043	1686	1	0.99
8044	2193	1	0.949
8045	418	1	0.935
8046	4771	1	0.9
8047	5736	1	0.983
8048	2359	1	0.943
8049	4578	1	0.824
8050	871	1	0.922
8051	5311	1	0.801
8052	5808	0	0.000221
8053	3565	1	0.976
8054	1335	0	0.000594
8055	4500	1	0.943
8056	1590	1	0.847
8057	5724	1	0.91
8058	4427	1	0.823
8059	7537	0	8.29e-05
8060	6994	1	0.882
8061	1509	1	0.934
8062	5524	1	0.976
8063	7946	1	0.875
8064	1114	1	0.845
8065	5427	1	0.93
8066	4421	1	0.923
8067	3491	1	0.905
8068	6086	1	0.841
8069	6753	0	0.000411
8070	6177	1	0.992
8071	3269	1	0.849
8072	5507	1	0.802
8073	219	1	0.958
8074	3914	1	0.958
8075	2549	1	0.877
8076	2877	1	0.826
8077	1525	1	0.889
8078	7330	1	0.937
8079	5481	1	0.937
8080	2884	0	0.000364
8081	1022	1	0.824
8082	2266	1	0.871
8083	294	1	0.801
8084	2761	1	0.932
8085	3461	1	0.908
8086	6925	1	0.839
8087	4320	1	0.847
8088	7984	1	0.844
8089	3447	1	0.865
8090	3240	1	0.955
8091	5820	1	0.998
8092	2707	1	0.9
8093	5271	1	0.967
8094	1848	1	0.853
8095	765	1	0.888
8096	2532	0	0.000287
8097	6845	0	0.000395
8098	4200	1	0.926
8099	5449	1	0.902
8100	281	1	0.802
8101	2533	1	0.934
8102	3451	1	0.962
8103	5815	1	0.965
8104	4012	1	0.833
8105	6122	1	0.964
8106	3293	1	0.965
8107	5638	0	0.000382
8108	7065	1	0.956
8109	6752	1	0.847
8110	4401	1	0.901
8111	3998	1	0.88
8112	5607	1	0.846
8113	5522	1	0.801
8114	766	1	0.87
8115	3173	1	0.897
8116	4546	1	0.945
8117	4959	1	0.949
8118	2663	1	0.969
8119	5365	1	0.919
8120	7998	1	0.882
8121	7834	1	0.909
8122	7020	1	0.981
8123	5919	1	0.868
8124	1972	1	0.981
8125	2345	0	0.000511
8126	7533	1	0.83
8127	2648	1	0.996
8128	37	1	0.865
8129	2590	1	0.981
8130	4629	1	0.977
8131	4894	1	0.938
8132	4051	1	0.961
8133	3461	1	0.91
8134	6549	1	0.844
8135	1488	1	0.883
8136	1116	0	0.000332
8137	4732	1	0.827
8138	5005	1	0.967
8139	6878	1	0.853
8140	6764	1	0.843
8141	5899	1	0.825
8142	5873	1	0.805
8143	7179	1	0.976
8144	4101	1	0.917
8145	2408	1	0.841
8146	768	1	0.966
8147	1413	1	0.916
8148	674	1	0.99
8149	5223	1	0.894
8150	4943	1	0.937
8151	7051	0	0.000608
8152	1242	1	0.808
8153	1448	1	0.818
8154	6473	1	0.913
8155	2264	1	0.916
8156	7434	1	0.807
8157	3928	1	0.951
8158	3213	1	0.979
8159	2694	1	0.836
8160	5291	1	0.941
8161	6751	0	0.000136
8162	8082	1	0.919
8163	2909	1	0.96
8164	7538	0	0.000217
8165	5071	1	0.846
8166	929	0	0.00036
8167	6005	1	0.921
8168	5011	1	0.943
8169	8123	1	0.95
8170	3141	1	0.997
8171	5680	1	0.824
8172	1494	0	0.000479
8173	5745	1	0.805
8174	7008	1	0.906
8175	533	1	0.949
8176	161	1	0.889
8177	791	1	1
8178	5527	1	0.839
8179	786	1	0.936
8180	1707	1	0.894
8181	5844	1	0.997
8182	5948	1	0.997
8183	5519	1	0.873
8184	2783	1	0.902
8185	4097	1	0.968
8186	825	1	0.97
8187	3712	1	0.905
8188	3099	1	0.939
8189	379	1	0.983
8190	5210	1	0.979
8191	4608	1	0.99
8192	2294	0	0.000376
8193	733	1	0.958
8194	6420	1	0.801
8195	5618	1	0.818
8196	8086	0	0.000139
8197	6625	1	0.975
8198	1755	1	0.859
8199	7517	1	0.83
8200	5385	1	0.972
8201	3032	1	0.951
8202	5070	1	0.834
8203	7077	1	0.878
8204	299	0	0.000471
8205	2421	1	0.913
8206	1469	1	0.805
8207	6955	0	0.000488
8208	866	1	0.837
8209	399	0	0.000113
8210	3897	1	0.894
8211	3736	1	0.982
8212	4467	1	0.843
8213	913	1	0.894
8214	4110	1	0.809
8215	4042	0	0.000517
8216	3176	1	0.803
8217	5610	1	0.855
8218	70	0	0.000133
8219	1964	1	0.877
8220	496	1	0.894
8221	6741	1	0.938
8222	2757	0	0.000518
8223	876	0	0.000312
8224	4098	1	0.871
8225	5669	1	0.877
8226	442	1	0.911
8227	2185	0	0.000367
8228	5265	1	0.941
8229	2830	1	0.953
8230	4774	1	0.805
8231	797	1	0.901
8232	4781	1	0.977
8233	1364	1	0.932
8234	6796	1	0.981
8235	405	1	0.977
8236	4815	0	0.000504
8237	1563	1	0.802
8238	2048	1	0.968
8239	8219	1	0.878
8240	1563	0	0.000572
8241	1414	1	0.998
8242	2062	1	0.902
8243	3658	1	0.838
8244	7780	1	0.831
8245	5920	1	0.911
8246	779	1	0.894
8247	5626	1	0.834
8248	3819	1	0.98
8249	9	1	0.916
8250	3271	1	0.811
8251	4627	1	0.958
8252	1302	0	0.000316
8253	8054	1	0.945
8254	1404	0	0.000616
8255	2173	1	0.838
8256	1107	1	0.832
8257	4672	1	0.967
8258	3146	1	0.982
8259	3951	1	0.912
8260	4646	1	0.824
8261	6996	1	0.823
8262	6151	1	0.822
8263	1336	1	0.817
8264	2849	1	0.96
8265	3588	1	0.941
8266	1655	1	0.885
8267	4217	0	0.000554
8268	7627	1	0.966
8269	7766	1	0.838
8270	4082	1	0.821
8271	3775	1	0.942
8272	944	1	0.885
8273	7201	1	0.843
8274	3544	0	0.000276
8275	3843	1	0.899
8276	5454	1	0.893
8277	1474	1	0.991
8278	7588	0	0.000252
8279	3035	1	0.923
8280	1229	1	0.929
8281	739	1	0.994
8282	6824	1	0.965
8283	133	1	0.871
8284	726	1	0.956
8285	1536	0	0.000229
8286	1605	1	0.844
8287	2471	1	0.812
8288	3350	1	0.919
8289	3045	1	0.967
8290	7344	1	0.814
8291	2487	1	0.931
8292	5358	1	0.983
8293	4975	1	0.933
8294	5608	1	0.989
8295	1272	1	0.839
8296	467	1	0.852
8297	6192	1	0.924
8298	6558	1	0.838
8299	7238	0	0.000612
8300	5320	1	0.976
8301	3693	1	0.898
8302	4085	1	0.952
8303	3821	1	0.811
8304	2778	0	0.000232
8305	6631	0	0.000369
8306	5902	0	0.000419
8307	5451	1	0.993
8308	7918	1	0.809
8309	3695	1	0.892
8310	8305	1	0.828
8311	846	1	0.839
8312	1094	1	0.98
8313	6289	1	0.997
8314	6089	1	0.876
8315	6419	1	0.874
8316	7007	0	0.000579
8317	3191	0	0.000202
8318	6274	0	0.000121
8319	6324	1	0.914
8320	7362	1	0.829
8321	1758	1	0.837
8322	3093	0	0.000161
8323	3408	1	0.825
8324	6813	1	0.852
8325	887	1	0.996
8326	5693	0	0.000411
8327	1591	1	0.854
8328	6248	0	0.000552
8329	3485	1	0.914
8330	7347	1	0.873
8331	773	0	0.000297
8332	4214	1	0.844
8333	5570	1	0.824
8334	4764	0	0.000209
8335	2706	0	0.00016
8336	4171	1	0.957
8337	5770	1	0.831
8338	8316	1	0.813
8339	3764	1	0.981
8340	3865	1	0.937
8341	3548	1	0.96
8342	4665	1	0.852
8343	7154	1	0.939
8344	5894	1	0.932
8345	2070	1	0.976
8346	3878	1	0.802
8347	7029	1	0.937
8348	622	1	0.884
8349	1226	0	0.000399
8350	5159	1	0.912
8351	6608	1	0.983
8352	2595	0	0.000563
8353	7748	1	0.851
8354	6375	1	0.834
8355	8229	1	0.877
8356	4740	0	0.000595
8357	1619	1	0.99
8358	3715	1	0.897
8359	3489	1	0.953
8360	2140	1	0.984
8361	2594	0	0.0005
8362	7840	1	0.938
8363	5118	1	0.851
8364	8181	1	0.892
8365	2262	0	0.000404
8366	7975	1	0.983
8367	6239	1	0.893
8368	1641	1	0.972
8369	11	1	0.946
8370	6102	1	0.824
8371	8266	1	0.867
8372	5610	0	0.000413
8373	7587	1	0.828
8374	6529	0	0.000262
8375	1694	1	0.826
8376	5604	1	0.935
8377	4267	1	0.892
8378	5900	1	0.821
8379	7911	1	0.876
8380	3233	1	0.924
8381	3350	1	0.886
8382	6202	1	0.908
8383	1796	0	0.000585
8384	5445	1	0.915
8385	6401	1	0.823
8386	6281	1	0.928
8387	5394	1	0.826
8388	69	1	0.912
8389	7376	1	0.86
8390	1617	1	0.833
8391	1988	1	0.855
8392	958	1	0.933
8393	949	1	0.907
8394	8273	1	0.872
8395	487	1	0.988
8396	5	1	0.826
8397	8307	1	0.997
8398	1546	1	0.888
8399	3472	1	0.974
8400	8318	1	0.915
8401	4614	1	0.83
8402	2611	1	0.915
8403	4170	1	0.974
8404	3856	1	0.985
8405	2123	1	0.858
8406	190	1	0.995
8407	5209	1	0.916
8408	1603	1	0.995
8409	7429	1	0.844
8410	4826	1	0.967
8411	2978	1	0.803
8412	1889	0	0.000106
8413	5099	1	0.897
8414	7134	1	0.934
8415	5599	1	0.935
8416	2620	1	0.865
8417	7704	1	0.824
8418	852	1	0.952
8419	5870	0	0.000506
8420	658	1	0.936
8421	3164	1	0.947
8422	3440	1	0.973
8423	3242	0	0.000312
8424	2842	1	0.81
8425	3263	1	0.935
8426	7993	1	0.802
8427	986	1	0.935
8428	5947	1	0.805
8429	6913	1	0.891
8430	3060	1	0.968
8431	3717	1	0.944
8432	2012	1	0.883
8433	1905	1	0.822
8434	7642	1	0.945
8435	6857	1	0.909
8436	3058	1	0.939
8437	3877	1	0.937
8438	4013	0	0.000623
8439	7907	1	0.912
8440	5499	1	0.812
8441	5095	1	0.997
8442	8166	0	0.000417
8443	6067	1	0.889
8444	1998	1	0.995
8445	4107	1	0.801
8446	888	1	0.865
8447	5691	1	0.985
8448	5177	1	0.833
8449	846	1	0.896
8450	3634	0	0.000363
8451	4776	1	0.813
8452	4003	1	0.971
8453	3851	1	0.996
8454	2774	1	0.822
8455	1334	1	0.905
8456	2147	1	0.826
8457	5024	1	0.991
8458	4209	1	0.819
8459	7307	1	0.864
8460	2609	0	0.000107
8461	4428	1	0.975
8462	4110	1	0.954
8463	7685	0	0.000263
8464	6343	1	0.846
8465	2824	1	0.948
8466	2193	0	0.000433
8467	5540	1	0.834
8468	3901	1	0.899
8469	5196	0	0.000355
8470	3615	1	0.92
8471	677	1	0.96
8472	5655	0	0.000309
8473	1509	1	0.881
8474	5770	1	0.847
8475	8162	1	0.82
8476	4897	1	0.847
8477	7946	1	0.913
8478	737	1	0.975
8479	7290	1	0.986
8480	7992	0	0.000602
8481	6930	1	0.833
8482	7838	0	9.55e-05
8483	749	1	0.826
8484	8160	1	0.87
8485	966	0	0.000342
8486	4905	0	0.000517
8487	7254	0	0.000402
8488	1014	1	0.975
8489	954	1	0.853
8490	2970	1	0.874
8491	7634	1	0.867
8492	4950	1	0.829
8493	2942	1	0.833
8494	1887	1	0.98
8495	2863	1	0.854
8496	2433	1	0.805
8497	3022	1	0.977
8498	6155	1	0.927
8499	5104	0	0.000318
8500	23	1	0.922
8501	2239	1	0.833
8502	3808	1	0.974
8503	436	0	0.000348
8504	174	1	0.85
8505	6122	0	0.000476
8506	3237	1	0.945
8507	1706	1	0.842
8508	6873	1	0.841
8509	8326	1	0.831
8510	6805	1	0.837
8511	7175	0	0.000201
8512	3432	1	0.839
8513	189	0	0.000279
8514	7662	1	0.926
8515	2089	1	0.951
8516	4784	1	0.838
8517	2590	0	0.000584
8518	6653	1	0.802
8519	831	0	0.000468
8520	7320	1	0.993
8521	8032	1	0.871
8522	3245	1	0.971
8523	6644	1	0.832
8524	4745	0	0.000305
8525	3070	1	0.88
8526	72	1	0.842
8527	7169	0	0.000377
8528	1423	1	0.991
8529	3270	1	0.937
8530	4659	1	0.985
8531	6559	1	0.83
8532	5006	1	0.965
8533	2259	1	0.913
8534	2004	1	0.943
8535	2630	1	0.891
8536	6649	1	0.892
8537	8273	1	0.953
8538	5637	1	0.922
8539	1331	1	0.845
8540	5914	0	0.000205
8541	1062	1	0.86
8542	316	1	0.869
8543	4749	1	0.992
8544	4916	1	0.867
8545	1487	1	0.814
8546	3753	1	0.92
8547	7180	0	0.000626
8548	4549	1	0.807
8549	5180	1	0.974
8550	192	1	0.83
8551	4084	1	0.906
8552	8446	1	0.988
8553	1814	1	0.852
8554	7221	1	0.878
8555	4244	1	0.892
8556	7022	1	0.823
8557	6654	1	0.857
8558	4184	1	0.849
8559	1043	0	0.000593
8560	2882	1	0.918
8561	1304	1	0.985
8562	6171	1	0.834
8563	125	1	0.92
8564	3093	1	0.947
8565	6459	1	0.909
8566	7522	1	0.974
8567	3104	1	0.917
8568	5401	1	0.98
8569	8392	1	0.952
8570	3326	1	0.934
8571	1943	1	0.928
8572	2007	1	0.94
8573	8188	1	0.856
8574	8544	0	0.000301
8575	3111	1	0.85
8576	4054	0	0.000612
8577	3872	1	0.856
8578	6637	1	0.884
8579	868	1	0.91
8580	2214	1	0.804
8581	8511	1	0.999
8582	5965	1	0.938
8583	3870	0	0.000367
8584	2334	0	0.000551
8585	5296	1	0.935
8586	3693	0	0.000623
8587	5431	1	0.828
8588	5109	0	0.000361
8589	892	1	0.977
8590	8260	1	0.901
8591	6908	1	0.826
8592	6402	1	0.952
8593	803	0	0.000383
8594	4362	0	0.000469
8595	2225	0	0.000249
8596	3371	1	0.836
8597	2712	1	0.996
8598	6097	1	0.881
8599	3348	1	0.864
8600	7541	1	0.851
8601	8549	1	0.975
8602	4882	1	0.991
8603	496	1	0.906
8604	4627	1	0.886
8605	2513	1	0.836
8606	6355	1	0.905
8607	7642	1	0.822
8608	1393	0	0.000342
8609	8295	1	0.937
8610	7502	1	0.826
8611	8542	1	0.956
8612	3799	1	0.818
8613	1524	1	0.921
8614	8275	1	0.981
8615	3871	1	0.894
8616	3396	1	0.92
8617	6682	1	0.936
8618	1280	1	0.848
8619	4231	1	0.987
8620	7530	1	0.991
8621	1535	1	0.879
8622	5753	1	0.953
8623	1789	1	0.866
8624	7776	1	0.835
8625	3217	1	0.878
8626	1113	1	0.947
8627	6041	1	0.83
8628	3062	1	0.834
8629	4054	1	0.964
8630	4842	1	0.917
8631	6819	1	0.837
8632	430	1	0.814
8633	346	1	0.813
8634	2280	1	0.846
8635	3515	1	0.847
8636	1572	1	0.972
8637	3723	1	0.887
8638	1880	1	0.894
8639	7334	1	0.94
8640	7730	1	0.913
8641	3129	1	0.915
8642	5516	1	0.81
8643	6127	1	0.847
8644	4645	1	0.85
8645	6633	1	0.972
8646	8421	1	0.803
8647	5973	1	0.832
8648	7974	1	0.861
8649	8175	1	0.979
8650	8558	1	0.927
8651	5232	0	0.000554
8652	3725	1	0.848
8653	4564	1	0.897
8654	2284	0	0.000501
8655	8580	1	0.91
8656	2657	1	0.996
8657	61	1	0.899
8658	8221	1	0.987
8659	2746	1	0.836
8660	8250	1	0.982
8661	4519	1	0.927
8662	5189	1	0.825
8663	7948	1	0.802
8664	5029	1	0.967
8665	572	1	0.968
8666	3075	1	0.809
8667	4226	1	0.948
8668	3967	0	0.000603
8669	7583	1	0.98
8670	566	1	0.921
8671	7989	1	0.94
8672	1494	1	0.888
8673	2342	1	0.981
8674	7252	1	0.97
8675	6386	1	0.992
8676	6007	1	0.924
8677	3124	1	0.918
8678	6592	1	0.859
8679	7687	0	0.000273
8680	2420	1	0.884
8681	6099	1	0.874
8682	6427	1	0.877
8683	1384	1	0.949
8684	7109	1	0.853
8685	5816	0	0.000234
8686	3611	0	0.000192
8687	7677	1	0.975
8688	2733	1	0.956
8689	86	1	0.956
8690	7459	1	0.874
8691	7650	0	0.000397
8692	3014	1	0.923
8693	1842	1	0.942
8694	7332	1	0.837
8695	8636	1	0.827
8696	6331	1	0.955
8697	6614	0	0.00058
8698	2411	1	0.854
8699	2015	1	0.943
8700	3614	1	0.924
8701	1600	1	0.925
8702	8489	1	0.942
8703	2060	1	0.93
8704	6097	1	0.995
8705	355	0	0.000195
8706	3648	1	0.963
8707	5157	1	0.86
8708	3890	1	0.855
8709	8659	1	0.929
8710	4989	1	0.959
8711	1869	1	0.983
8712	7609	1	0.949
8713	6693	1	0.839
8714	7031	0	0.00016
8715	4037	1	0.814
8716	6122	1	0.824
8717	2787	1	0.996
8718	2459	1	0.998
8719	3995	1	0.982
8720	7025	1	0.942
8721	3210	0	0.000264
8722	2160	1	0.937
8723	1963	1	0.949
8724	1334	1	0.993
8725	792	0	0.000635
8726	8273	1	0.87
8727	3254	1	0.866
8728	325	1	0.955
8729	7835	1	0.955
8730	6432	1	0.995
8731	4006	1	0.99
8732	7625	1	0.843
8733	6046	1	0.905
8734	4984	1	0.857
8735	5402	1	0.956
8736	1552	1	0.943
8737	6531	1	0.94
8738	3940	1	0.971
8739	1874	1	0.865
8740	2565	1	0.958
8741	1078	1	0.931
8742	7305	1	0.87
8743	7014	1	0.813
8744	8237	1	0.875
8745	1362	1	0.949
8746	6131	1	0.811
8747	5140	0	8.56e-05
8748	2547	1	0.999
8749	1289	1	0.982
8750	1070	1	0.878
8751	8388	1	0.803
8752	38	0	0.000405
8753	4000	1	0.862
8754	7310	1	0.934
8755	1035	1	0.936
8756	2246	1	0.813
8757	4389	1	0.899
8758	1827	1	0.908
8759	3622	1	0.877
8760	1207	1	0.937
8761	3155	0	0.000526
8762	5137	1	0.91
8763	6398	0	0.000436
8764	5410	1	0.957
8765	4960	1	0.822
8766	2330	1	0.835
8767	8588	1	0.935
8768	1403	1	0.809
8769	1338	0	0.00063
8770	1886	1	0.983
8771	5554	1	0.81
8772	6229	1	0.812
8773	7596	1	0.8
8774	7167	1	0.905
8775	5376	1	0.929
8776	8058	1	0.849
8777	2724	0	0.000238
8778	5421	1	0.94
8779	317	1	0.984
8780	5176	1	0.955
8781	6096	1	0.827
8782	5484	1	0.805
8783	5634	0	0.000126
8784	2038	1	0.977
8785	7169	1	0.863
8786	7745	1	0.851
8787	1966	1	0.922
8788	138	1	0.974
8789	7484	1	0.96
8790	248	1	0.892
8791	3288	1	0.896
8792	487	1	0.833
8793	7110	1	0.839
8794	5500	1	0.809
8795	5770	1	0.808
8796	7534	1	0.914
8797	749	1	0.814
8798	7427	1	0.835
8799	8282	1	0.897
8800	3014	1	0.941
8801	7451	1	0.947
8802	2269	0	0.00017
8803	7570	1	0.847
8804	7552	1	0.994
8805	5284	1	0.967
8806	4452	1	0.995
8807	4067	1	0.891
8808	4943	1	0.801
8809	2216	1	0.874
8810	8135	0	0.000543
8811	7115	1	0.95
8812	7140	1	0.806
8813	3189	1	0.972
8814	1016	1	0.842
8815	5767	1	0.92
8816	328	1	0.811
8817	5910	1	0.802
8818	2020	1	0.923
8819	1945	1	0.966
8820	6438	1	0.911
8821	5360	1	0.998
8822	6752	1	0.994
8823	3557	1	0.87
8824	5505	0	0.000548
8825	4335	1	0.924
8826	2955	1	0.852
8827	7964	1	0.973
8828	4548	1	0.91
8829	7338	1	0.996
8830	5300	1	0.823
8831	6922	1	0.807
8832	1381	1	0.836
8833	4220	1	0.882
8834	3593	1	0.812
8835	1938	0	0.000459
8836	5093	1	0.928
8837	5638	1	0.932
8838	5929	1	0.858
8839	619	1	0.861
8840	8191	1	0.827
8841	2302	1	0.84
8842	7396	1	0.992
8843	6362	1	0.943
8844	5997	1	0.818
8845	5131	1	0.916
8846	6784	1	0.82
8847	318	1	0.95
8848	4637	0	0.000431
8849	1674	0	0.000185
8850	769	1	0.929
8851	2614	1	0.844
8852	6686	1	0.947
8853	7858	0	0.000144
8854	6819	1	0.841
8855	2523	1	0.951
8856	5832	1	0.829
8857	677	1	0.998
8858	3136	1	0.893
8859	1322	1	0.873
8860	4266	0	0.000322
8861	3919	1	0.936
8862	6675	1	0.855
8863	1691	0	8.13e-05
8864	4888	1	0.805
8865	5293	1	0.974
8866	8188	1	0.942
8867	7424	0	0.000346
8868	1517	1	0.949
8869	934	1	0.873
8870	3184	0	0.000319
8871	1956	1	0.921
8872	507	0	0.000525
8873	5690	1	0.871
8874	3401	1	0.961
8875	4992	1	0.822
8876	1726	1	0.86
8877	1323	1	0.915
8878	2589	0	8.05e-05
8879	380	0	0.000185
8880	4448	0	0.000256
8881	6421	1	0.888
8882	87	1	0.922
8883	5127	1	0.896
8884	5832	1	0.869
8885	6878	1	0.903
8886	6693	1	0.814
8887	4412	1	0.937
8888	491	1	0.899
8889	4870	1	0.943
8890	2499	1	0.93
8891	1928	1	0.917
8892	1276	1	0.941
8893	148	1	0.813
8894	1837	1	0.917
8895	602	1	0.958
8896	7785	1	0.835
8897	1299	0	0.000632
8898	2297	0	0.000327
8899	2779	1	0.905
8900	2956	1	0.845
8901	7309	1	0.858
8902	7004	1	0.878
8903	556	0	0.00038
8904	4974	1	0.839
8905	3106	0	0.000132
8906	6910	1	0.839
8907	5370	1	0.905
8908	8893	1	0.91
8909	7414	1	0.948
8910	6323	1	0.937
8911	8232	1	0.971
8912	2331	1	0.952
8913	585	1	0.965
8914	4520	1	0.893
8915	6802	1	0.918
8916	7237	1	0.806
8917	2247	1	0.846
8918	88	1	0.915
8919	494	1	0.845
8920	1120	0	0.000532
8921	142	0	0.000362
8922	8824	1	0.802
8923	520	1	0.949
8924	4631	1	0.838
8925	4326	1	0.944
8926	2408	1	0.936
8927	6419	1	0.865
8928	3807	1	0.805
8929	3692	1	0.972
8930	4758	0	0.000314
8931	6201	0	0.00033
8932	6281	1	0.944
8933	75	1	0.976
8934	8478	1	0.97
8935	5670	1	0.932
8936	6800	1	0.841
8937	2842	1	0.9
8938	198	1	0.879
8939	7675	1	0.995
8940	6132	1	0.971
8941	6616	1	0.886
8942	4229	1	0.884
8943	5443	0	0.000251
8944	1150	1	0.936
8945	5919	1	0.807
8946	4379	1	0.955
8947	7491	1	0.937
8948	1407	1	0.937
8949	682	1	0.819
8950	4119	1	0.942
8951	6866	1	0.915
8952	6762	1	0.97
8953	2488	1	0.871
8954	6945	1	0.846
8955	3316	0	0.000349
8956	7562	0	0.000248
8957	3075	0	0.000131
8958	5581	0	0.000138
8959	636	0	0.000494
8960	8208	1	0.864
8961	1783	1	0.821
8962	1289	1	0.884
8963	1569	0	0.000346
8964	3519	0	0.000489
8965	5775	1	0.81
8966	5122	1	0.951
8967	894	1	0.893
8968	4285	1	0.912
8969	7648	1	0.951
8970	8199	1	0.898
8971	5210	1	0.936
8972	2731	1	0.934
8973	6421	1	0.809
8974	7706	1	0.815
8975	1298	1	0.883
8976	3439	1	0.989
8977	5619	1	0.989
8978	8182	1	0.986
8979	4587	1	0.847
8980	1435	0	0.000111
8981	221	1	0.84
8982	3540	0	0.000638
8983	336	1	0.991
8984	2781	1	0.999
8985	2160	1	0.994
8986	8440	1	0.916
8987	5545	1	0.901
8988	5239	0	0.000144
8989	6448	1	0.838
8990	8640	0	0.000606
8991	5704	1	0.987
8992	5128	1	0.862
8993	150	1	0.82
8994	7171	1	0.848
8995	4903	1	0.827
8996	6236	1	0.857
8997	3166	1	0.886
8998	7017	0	0.000566
8999	3278	1	0.936
9000	3541	1	0.899
9001	4665	0	0.00036
9002	5094	0	0.000533
9003	6146	1	0.88
9004	6871	0	0.000597
9005	8798	1	0.892
9006	3718	0	0.000625
9007	804	1	0.836
9008	3359	1	0.935
9009	4089	1	0.867
9010	245	1	0.955
9011	5722	1	0.945
9012	1543	1	0.833
9013	569	1	0.99
9014	3889	1	0.984
9015	6245	1	0.971
9016	7920	1	0.947
9017	1192	0	0.000257
9018	8289	1	0.935
9019	6205	1	0.853
9020	8290	1	0.803
9021	2088	1	0.823
9022	272	1	0.854
9023	4647	1	0.852
9024	8678	1	0.993
9025	2145	1	0.941
9026	239	1	0.822
9027	7565	1	0.819
9028	2852	0	0.000292
9029	7931	1	0.81
9030	588	1	0.932
9031	6525	0	0.000155
9032	8891	0	0.000188
9033	3781	1	0.803
9034	791	1	0.928
9035	7209	1	0.968
9036	7113	1	0.858
9037	6724	1	0.914
9038	36	1	0.932
9039	6720	1	0.839
9040	3881	1	0.882
9041	8783	1	0.82
9042	4803	1	0.942
9043	6232	1	0.892
9044	8300	1	0.861
9045	7202	1	0.846
9046	8038	1	0.965
9047	1396	1	0.97
9048	3012	1	0.828
9049	525	1	0.872
9050	2517	1	0.98
9051	3428	1	0.902
9052	6678	0	0.000379
9053	8405	0	0.000516
9054	2098	1	0.813
9055	3649	1	0.885
9056	2148	1	0.831
9057	8189	1	0.802
9058	4083	1	0.923
9059	8295	1	0.93
9060	1814	1	0.869
9061	5829	1	0.932
9062	5416	1	0.918
9063	7754	1	0.834
9064	3305	0	0.000491
9065	484	1	0.88
9066	2207	1	0.827
9067	2690	1	0.972
9068	5615	1	0.932
9069	2076	1	0.95
9070	7957	0	0.000401
9071	1947	1	0.93
9072	6703	1	0.996
9073	8539	1	0.835
9074	6433	1	0.937
9075	8934	1	0.93
9076	8376	1	0.884
9077	2855	1	0.84
9078	2558	1	0.967
9079	7727	1	0.892
9080	4319	0	0.000404
9081	6646	1	0.884
9082	2102	1	0.904
9083	8110	1	0.986
9084	6788	1	0.804
9085	2804	1	0.832
9086	6260	1	0.821
9087	8887	1	0.985
9088	2424	1	0.828
9089	8553	1	0.898
9090	8220	0	0.000606
9091	6641	1	0.806
9092	7382	1	0.855
9093	1659	1	0.875
9094	7182	1	0.838
9095	4827	1	0.836
9096	8941	1	0.983
9097	4578	0	0.000466
9098	8140	1	0.924
9099	867	0	0.000506
9100	8538	1	0.911
9101	3518	0	0.000144
9102	9044	1	0.98
9103	4752	1	0.874
9104	3516	1	0.895
9105	5490	1	0.849
9106	1484	1	0.83
9107	4670	0	0.000108
9108	1908	1	0.929
9109	2132	1	0.89
9110	7613	1	0.827
9111	2635	1	0.807
9112	4002	1	0.995
9113	5384	1	0.848
9114	6352	0	0.000441
9115	3463	1	0.818
9116	925	1	0.862
9117	4841	1	0.917
9118	7431	0	0.000118
9119	3238	1	0.9
9120	1178	1	0.918
9121	7027	1	0.984
9122	4802	1	0.901
9123	8963	1	0.852
9124	7304	1	0.977
9125	5307	1	0.953
9126	7480	1	0.914
9127	4205	1	0.849
9128	837	1	0.927
9129	3497	1	0.801
9130	8347	1	0.973
9131	4584	1	0.933
9132	4286	1	0.968
9133	8692	1	0.982
9134	4773	0	0.000473
9135	3111	0	0.000497
9136	5855	1	0.81
9137	3968	0	0.000207
9138	5505	1	0.908
9139	8373	1	0.988
9140	1368	1	0.998
9141	6056	1	0.954
9142	7487	0	0.000519
9143	855	1	0.802
9144	6077	1	0.959
9145	6189	0	0.000563
9146	6450	1	0.975
9147	5056	1	0.965
9148	1779	1	0.902
9149	2743	1	0.833
9150	4230	1	0.837
9151	7776	1	0.814
9152	5908	1	0.959
9153	3418	1	0.995
9154	729	1	0.865
9155	7987	1	0.959
9156	8162	1	0.902
9157	5309	1	0.912
9158	2047	1	0.9
9159	525	1	0.808
9160	4430	1	0.996
9161	6674	0	0.00027
9162	6869	1	0.859
9163	7419	1	0.806
9164	4544	1	0.87
9165	1027	1	0.843
9166	1071	1	0.837
9167	6605	1	0.936
9168	7033	0	0.000505
9169	4665	1	0.867
9170	3735	1	0.824
9171	188	1	0.82
9172	6405	1	0.954
9173	944	1	0.94
9174	8460	1	0.947
9175	5956	0	0.000502
9176	155	1	0.881
9177	3522	1	0.884
9178	4992	1	0.891
9179	4186	1	0.952
9180	556	1	0.989
9181	8837	1	0.8
9182	6002	1	0.881
9183	3571	1	0.885
9184	9071	1	0.963
9185	3179	1	0.857
9186	3993	1	0.826
9187	1283	0	0.000246
9188	2797	1	0.84
9189	3333	1	0.931
9190	6303	1	0.884
9191	2695	1	0.891
9192	6940	1	0.938
9193	2215	0	0.000544
9194	6849	1	0.811
9195	4655	0	0.000131
9196	2867	1	0.815
9197	7902	1	0.805
9198	6225	1	0.92
9199	6399	1	0.969
9200	7779	0	0.000327
9201	6163	1	0.836
9202	5855	1	0.845
9203	1052	0	0.000542
9204	3711	1	0.949
9205	4216	1	0.964
9206	6043	1	0.894
9207	4018	1	0.944
9208	2644	1	0.806
9209	5098	1	0.842
9210	8488	1	0.803
9211	335	1	0.826
9212	7184	1	0.885
9213	6977	1	0.927
9214	6001	0	0.000204
9215	6921	1	0.818
9216	1402	1	0.884
9217	9072	1	0.854
9218	7033	1	0.867
9219	378	1	0.803
9220	4793	1	0.927
9221	1197	1	0.804
9222	5088	1	0.804
9223	151	1	0.927
9224	1657	1	0.811
9225	4728	1	0.878
9226	8481	1	0.841
9227	3880	1	0.959
9228	3774	1	0.882
9229	5693	1	0.881
9230	1701	1	0.915
9231	2848	1	0.892
9232	7243	1	0.866
9233	3392	1	0.976
9234	8952	1	0.906
9235	3587	0	0.000467
9236	2445	1	0.856
9237	5890	1	0.805
9238	113	1	0.851
9239	2217	1	0.889
9240	3287	1	0.955
9241	3984	1	0.938
9242	241	1	0.966
9243	1675	1	0.836
9244	4271	1	0.994
9245	5060	1	0.985
9246	5952	1	0.872
9247	8694	0	0.000321
9248	7614	0	8.92e-05
9249	608	1	0.866
9250	3187	1	0.803
9251	2334	1	0.834
9252	6140	1	0.947
9253	7472	1	0.908
9254	4808	1	0.988
9255	2495	1	0.984
9256	1761	1	0.962
9257	1775	1	0.834
9258	291	1	0.953
9259	3238	1	0.906
9260	8973	1	0.863
9261	3892	0	0.000269
9262	4086	1	0.923
9263	6785	1	0.937
9264	296	1	0.807
9265	4935	1	0.93
9266	8801	1	0.854
9267	2002	1	0.88
9268	8485	1	0.852
9269	7178	1	0.927
9270	7873	1	0.934
9271	6840	1	0.938
9272	1044	0	0.000456
9273	507	1	0.982
9274	37	1	0.889
9275	4771	1	0.843
9276	1038	1	0.84
9277	4696	1	0.938
9278	3174	1	0.808
9279	1104	1	0.954
9280	6681	1	0.854
9281	8430	1	0.829
9282	4052	1	0.902
9283	6169	1	0.912
9284	5437	0	0.000248
9285	6490	1	0.86
9286	5964	1	0.998
9287	7534	1	0.91
9288	1650	0	0.000578
9289	5676	0	0.000576
9290	2586	1	0.865
9291	6768	1	0.827
9292	7930	0	0.000371
9293	2132	0	0.000453
9294	4473	1	0.935
9295	3003	1	0.953
9296	4222	0	9.37e-05
9297	6854	1	0.85
9298	8927	1	0.804
9299	6115	1	0.848
9300	5193	1	0.962
9301	5878	1	0.985
9302	9192	1	0.829
9303	4869	1	0.956
9304	7933	1	0.871
9305	7710	1	0.918
9306	3163	1	0.95
9307	3648	1	0.823
9308	2839	0	0.000586
9309	6130	1	0.86
9310	5760	1	0.892
9311	5904	1	0.824
9312	161	1	0.889
9313	4153	1	0.888
9314	43	1	0.932
9315	6607	1	0.833
9316	6486	1	0.915
9317	346	1	0.996
9318	443	1	0.82
9319	4922	0	0.000162
9320	8409	0	0.000206
9321	4849	1	0.976
9322	5620	1	0.988
9323	7122	1	0.833
9324	1774	1	0.876
9325	2786	0	9.08e-05
9326	7102	1	0.962
9327	4637	0	0.000532
9328	654	1	0.868
9329	547	1	0.873
9330	1336	1	0.885
9331	8457	1	0.879
9332	88	0	0.000129
9333	7457	1	0.831
9334	7523	0	0.000221
9335	9329	0	0.000133
9336	919	1	0.988
9337	6486	1	0.873
9338	1312	1	0.958
9339	7114	1	0.831
9340	8109	1	0.821
9341	6729	1	0.996
9342	6432	1	0.894
9343	8990	1	0.952
9344	7754	1	0.842
9345	3236	1	0.822
9346	1416	1	0.841
9347	5945	1	0.821
9348	4357	1	0.82
9349	733	1	0.898
9350	5954	0	0.00046
9351	4568	1	0.976
9352	3487	1	0.905
9353	7860	1	0.881
9354	5996	1	0.808
9355	7636	1	0.951
9356	4928	1	0.887
9357	3628	1	0.963
9358	4098	1	0.908
9359	736	1	0.807
9360	4951	1	0.981
9361	6739	1	0.83
9362	5203	1	0.91
9363	4519	0	0.000155
9364	5175	0	0.000322
9365	501	1	0.955
9366	310	1	0.883
9367	7880	1	0.823
9368	8954	1	0.927
9369	788	1	0.99
9370	7181	0	0.000375
9371	6298	1	0.875
9372	5868	1	0.861
9373	7483	1	0.992
9374	2077	1	0.923
9375	4232	1	0.965
9376	6747	1	0.83
9377	6825	1	0.911
9378	1810	1	0.868
9379	4046	1	0.918
9380	7274	1	0.995
9381	8550	1	0.849
9382	7592	1	0.895
9383	5452	1	0.978
9384	4732	1	0.988
9385	2545	1	0.872
9386	8648	1	0.82
9387	7061	1	0.947
9388	391	1	0.819
9389	9081	1	0.87
9390	2442	1	0.888
9391	5439	0	0.000284
9392	3091	0	0.000411
9393	6037	1	0.864
9394	9145	1	0.993
9395	5972	1	0.838
9396	8682	1	0.959
9397	5203	1	0.886
9398	8591	1	0.866
9399	5542	0	0.000275
9400	3780	1	0.974
9401	1518	1	0.843
9402	1778	1	0.936
9403	8779	0	0.000421
9404	6962	1	0.855
9405	5586	1	0.994
9406	7992	1	0.964
9407	3902	1	0.853
9408	5125	0	0.000129
9409	5954	1	0.873
9410	5896	1	0.858
9411	4411	1	0.881
9412	3454	1	0.825
9413	3462	1	0.948
9414	4343	1	0.863
9415	7267	1	0.941
9416	2910	1	0.998
9417	3535	1	0.968
9418	3244	1	0.941
9419	1419	1	0.976
9420	3933	1	0.942
9421	4413	1	0.817
9422	9280	1	0.86
9423	2269	1	0.98
9424	3482	1	0.817
9425	3470	1	0.953
9426	7133	1	0.952
9427	8607	0	0.000617
9428	7458	1	0.873
9429	6396	1	0.818
9430	6750	1	0.827
9431	6696	1	0.953
9432	4936	1	0.817
9433	1268	0	0.000562
9434	8741	0	0.000261
9435	6535	1	0.863
9436	2004	1	0.921
9437	6973	1	0.974
9438	7326	1	0.885
9439	1763	0	0.000405
9440	4074	1	0.996
9441	2463	1	0.876
9442	900	1	0.966
9443	6707	1	0.855
9444	4788	1	0.933
9445	5460	1	0.927
9446	7669	1	0.858
9447	6295	1	0.903
9448	9397	1	0.95
9449	5884	1	0.805
9450	4646	1	0.852
9451	6927	0	0.000359
9452	721	1	0.871
9453	6489	0	0.000491
9454	9320	1	0.987
9455	4299	1	0.952
9456	9440	1	0.841
9457	4798	1	0.949
9458	5002	1	0.832
9459	8810	1	0.971
9460	2157	1	0.896
9461	4847	0	0.000604
9462	8848	1	0.891
9463	5628	1	0.95
9464	2265	1	0.927
9465	5109	1	0.889
9466	2672	0	0.000364
9467	1198	1	0.848
9468	5875	0	0.000612
9469	2416	1	0.954
9470	4157	1	0.886
9471	6790	1	0.909
9472	2453	1	0.927
9473	3397	1	0.817
9474	4289	1	0.975
9475	2080	0	0.000422
9476	5104	1	0.949
9477	5239	1	0.851
9478	9333	0	0.000616
9479	869	0	0.000338
9480	1860	0	9.47e-05
9481	9128	1	0.902
9482	9026	1	0.886
9483	1017	1	0.89
9484	7149	1	0.876
9485	3247	0	0.000186
9486	7493	1	0.987
9487	4507	1	0.98
9488	1629	1	0.828
9489	6592	1	0.992
9490	10	0	0.000301
9491	8640	1	0.988
9492	6833	1	0.839
9493	9271	1	0.9
9494	758	1	0.81
9495	5504	1	0.999
9496	3507	1	0.85
9497	8902	0	0.000364
9498	5862	1	0.824
9499	3340	1	0.977
9500	6213	1	0.88
9501	7904	1	0.845
9502	642	1	1
9503	7238	1	0.827
9504	8998	0	0.00028
9505	2417	0	0.000559
9506	2948	1	0.945
9507	5664	0	0.000536
9508	4039	1	0.968
9509	6255	1	0.801
9510	5050	1	0.919
9511	6832	1	0.921
9512	5101	0	0.000251
9513	6818	1	0.967
9514	5873	0	0.000349
9515	7663	1	0.819
9516	7510	0	0.000553
9517	1319	0	0.000212
9518	4339	1	0.992
9519	7167	1	0.877
9520	9346	1	0.975
9521	2858	1	0.908
9522	2594	0	0.00044
9523	7098	1	0.885
9524	1026	1	0.917
9525	3091	1	0.836
9526	6762	1	0.989
9527	1987	1	0.976
9528	5415	1	0.882
9529	3665	1	0.813
9530	5558	1	0.976
9531	3998	0	0.000136
9532	5877	1	0.963
9533	6806	1	0.84
9534	3466	1	0.937
9535	7785	1	0.996
9536	7601	1	0.982
9537	6066	1	0.806
9538	1414	1	0.801
9539	9173	1	0.92
9540	4234	0	0.000387
9541	3473	1	0.991
9542	1795	1	0.903
9543	1917	0	0.000267
9544	5183	1	0.917
9545	7614	1	0.938
9546	1220	1	0.871
9547	7347	1	0.911
9548	4522	1	0.965
9549	4549	1	0.931
9550	30	1	0.984
9551	6067	0	0.00023
9552	4228	1	0.928
9553	2986	1	0.924
9554	7980	1	0.835
9555	7000	1	0.878
9556	2724	1	0.887
9557	5465	0	0.000148
9558	7192	1	0.942
9559	9392	1	0.827
9560	2246	1	0.937
9561	4289	1	0.994
9562	1378	1	0.984
9563	9043	1	0.87
9564	5106	1	0.806
9565	2769	1	0.921
9566	1390	1	0.899
9567	2385	1	0.948
9568	6466	1	0.858
9569	3041	1	0.821
9570	464	0	0.000334
9571	6485	0	0.000553
9572	8206	0	0.00021
9573	3610	1	0.948
9574	4239	1	0.929
9575	6057	1	0.934
9576	8420	1	0.844
9577	9138	1	0.898
9578	8218	1	0.998
9579	3654	1	0.939
9580	8739	1	0.847
9581	2112	1	0.948
9582	772	1	0.886
9583	8880	0	0.000401
9584	5654	1	0.802
9585	3715	1	0.812
9586	167	1	0.815
9587	6543	1	0.977
9588	7580	1	0.973
9589	6203	1	0.803
9590	1050	1	0.896
9591	7623	1	0.832
9592	6784	1	0.817
9593	8028	1	0.977
9594	770	0	0.000335
9595	8177	1	0.884
9596	5115	1	0.811
9597	6231	1	0.962
9598	4533	1	0.883
9599	3567	1	0.977
9600	241	1	0.927
9601	1595	1	0.873
9602	2306	0	0.000586
9603	2690	1	0.806
9604	2892	1	0.943
9605	7645	1	0.989
9606	2792	1	0.806
9607	819	1	0.819
9608	5569	0	0.00021
9609	1743	1	0.939
9610	6373	1	0.911
9611	4775	1	0.806
9612	2187	1	0.822
9613	7650	0	0.000608
9614	8588	1	0.845
9615	2332	1	0.878
9616	3415	0	9.19e-05
9617	5456	1	0.892
9618	3743	1	0.836
9619	7198	1	0.903
9620	835	1	0.863
9621	1323	1	0.84
9622	4137	0	0.000503
9623	842	1	0.814
9624	3228	1	0.843
9625	3908	1	0.964
9626	4146	1	0.956
9627	7761	1	0.981
9628	77	1	0.905
9629	3511	1	0.801
9630	9047	1	0.931
9631	308	1	0.988
9632	2817	1	0.96
9633	1042	1	0.903
9634	2464	1	0.959
9635	1163	1	0.85
9636	3450	1	0.874
9637	6634	1	0.924
9638	5982	1	0.812
9639	8147	1	0.843
9640	1494	0	0.000274
9641	3989	1	0.892
9642	2427	1	0.905
9643	7482	0	0.000147
9644	4527	1	0.989
9645	2972	1	0.962
9646	6889	1	0.851
9647	2450	1	0.886
9648	1918	1	0.949
9649	3680	1	0.813
9650	972	1	0.889
9651	5323	1	0.905
9652	2303	1	0.978
9653	8010	1	0.922
9654	4587	1	0.817
9655	1170	1	0.802
9656	4963	1	0.884
9657	1335	1	0.831
9658	5642	1	0.96
9659	6799	1	0.923
9660	2047	1	0.943
9661	3664	0	0.000125
9662	2942	1	0.844
9663	721	1	0.903
9664	6825	1	0.866
9665	7395	1	0.801
9666	4729	1	0.872
9667	6633	1	0.959
9668	3543	1	0.936
9669	1994	1	0.935
9670	597	1	0.812
9671	5055	1	0.836
9672	6023	1	0.868
9673	6230	1	0.95
9674	4313	1	0.933
9675	9550	1	0.856
9676	6841	1	0.82
9677	3315	1	0.974
9678	3349	1	0.846
9679	6026	1	0.979
9680	5518	0	0.000338
9681	6944	1	0.884
9682	2919	1	0.895
9683	5673	0	0.000617
9684	2221	1	0.901
9685	3494	0	0.000208
9686	4126	1	0.81
9687	1005	1	0.974
9688	6290	1	0.963
9689	8630	1	0.822
9690	4746	1	0.934
9691	8638	1	0.998
9692	6049	0	0.000331
9693	5854	1	0.929
9694	2913	1	0.838
9695	6211	1	0.961
9696	1706	1	0.85
9697	2650	1	0.954
9698	5608	0	0.000606
9699	3175	1	0.974
9700	3512	1	0.932
9701	1882	1	0.914
9702	8225	1	0.856
9703	8276	1	0.95
9704	6905	1	0.822
9705	7083	1	0.971
9706	8456	1	0.917
9707	8037	1	0.912
9708	1088	1	0.89
9709	7462	1	0.848
9710	1318	1	0.969
9711	7960	1	0.829
9712	5549	1	0.928
9713	4898	1	0.855
9714	4670	0	0.000425
9715	7144	1	0.921
9716	3003	1	0.861
9717	907	1	0.93
9718	251	1	0.92
9719	5088	1	0.921
9720	8738	1	0.848
9721	4566	1	0.929
9722	3287	1	0.819
9723	58	1	0.945
9724	1986	1	0.965
9725	3103	1	0.813
9726	4353	1	0.874
9727	2359	1	0.881
9728	8319	1	0.821
9729	2765	1	0.885
9730	1338	0	0.000487
9731	376	1	0.949
9732	2130	1	0.805
9733	3363	1	0.996
9734	7029	1	0.807
9735	1906	1	0.927
9736	6293	1	0.952
9737	842	1	0.846
9738	6242	1	0.859
9739	4937	1	0.938
9740	4071	1	0.929
9741	9092	1	0.85
9742	6049	1	0.968
9743	668	0	0.000597
9744	3796	1	0.891
9745	6884	1	0.994
9746	5737	1	0.878
9747	8501	1	0.95
9748	105	1	0.919
9749	3905	1	0.921
9750	7098	1	0.978
9751	5507	1	0.886
9752	8906	0	0.00042
9753	3008	1	0.954
9754	5005	1	0.927
9755	8755	1	0.804
9756	5720	1	0.889
9757	1849	1	0.824
9758	5078	1	0.847
9759	3514	1	0.851
9760	3256	1	0.801
9761	5294	1	0.906
9762	3441	1	0.807
9763	1059	1	0.891
9764	8812	1	0.867
9765	5073	1	0.84
9766	9085	1	0.918
9767	6098	0	0.000427
9768	3996	1	0.828
9769	2214	0	0.000623
9770	8696	1	0.82
9771	6678	0	0.000146
9772	1799	1	0.934
9773	5984	1	0.916
9774	6969	1	0.984
9775	109	1	0.994
9776	970	1	0.806
9777	7126	1	0.997
9778	6134	0	0.00053
9779	2320	1	0.838
9780	4751	1	0.864
9781	3124	0	9.17e-05
9782	4712	0	0.000416
9783	1509	1	0.971
9784	8869	1	0.817
9785	5823	1	0.971
9786	3239	1	0.888
9787	7913	1	0.909
9788	1100	1	0.841
9789	3223	1	0.87
9790	7207	1	0.831
9791	1221	1	0.982
9792	6331	1	0.948
9793	7753	1	0.895
9794	2642	1	0.924
9795	7533	1	0.807
9796	1000	1	0.861
9797	939	1	0.966
9798	2495	1	0.804
9799	9640	1	0.924
9800	4357	1	0.97
9801	7616	1	0.867
9802	3157	1	0.871
9803	3739	0	0.000317
9804	8982	1	0.99
9805	5862	1	0.871
9806	1250	1	0.993
9807	9007	0	0.000604
9808	2522	1	0.919
9809	8310	1	0.95
9810	8886	0	0.00061
9811	6084	1	0.996
9812	873	1	0.904
9813	6356	1	0.917
9814	9065	1	0.892
9815	959	1	0.892
9816	2044	1	0.892
9817	8270	1	0.881
9818	9678	1	0.9
9819	5592	1	0.949
9820	873	1	0.925
9821	3026	1	0.95
9822	8959	1	0.839
9823	6272	1	0.803
9824	6610	1	0.897
9825	1064	1	0.937
9826	6060	1	0.896
9827	1162	1	0.919
9828	5163	1	0.889
9829	1190	1	0.869
9830	74	1	0.859
9831	1406	1	0.98
9832	431	1	0.806
9833	9607	1	0.826
9834	4635	1	0.886
9835	2537	1	0.948
9836	4695	1	0.873
9837	1825	1	0.973
9838	4919	1	0.898
9839	7117	1	0.824
9840	3809	1	0.818
9841	1674	0	0.000545
9842	9739	0	0.000371
9843	7699	1	0.934
9844	8045	1	0.818
9845	6885	1	0.917
9846	2776	0	0.000278
9847	5341	1	0.83
9848	5621	1	0.937
9849	3464	0	0.000466
9850	9336	1	0.94
9851	2661	0	0.000339
9852	8988	1	1
9853	2112	1	0.856
9854	2636	1	0.902
9855	5021	1	0.944
9856	7739	1	0.996
9857	391	1	0.984
9858	3457	1	0.885
9859	139	1	0.823
9860	9733	1	0.828
9861	6018	1	0.868
9862	2491	1	0.843
9863	1366	1	0.99
9864	4590	1	0.841
9865	503	1	0.945
9866	3828	1	0.907
9867	4221	0	0.000102
9868	4439	0	0.000421
9869	3676	1	0.81
9870	7567	1	0.918
9871	4341	1	0.978
9872	8683	1	0.897
9873	8655	1	0.848
9874	8122	1	0.978
9875	6791	1	0.923
9876	772	1	0.923
9877	2691	0	0.000488
9878	5996	1	0.803
9879	2588	1	0.875
9880	1620	1	0.934
9881	6195	1	0.965
9882	7070	1	0.81
9883	6603	1	0.992
9884	7376	1	0.978
9885	3184	1	0.864
9886	8702	1	0.812
9887	6108	1	0.915
9888	8103	1	0.937
9889	7167	1	0.81
9890	2723	1	0.861
9891	1091	1	0.87
9892	9107	1	0.916
9893	6792	0	0.000176
9894	5232	1	0.916
9895	7613	1	0.822
9896	3369	1	0.876
9897	2154	1	0.812
9898	1063	1	0.917
9899	9443	1	0.813
9900	9304	1	0.855
9901	884	0	0.000584
9902	5008	0	0.000131
9903	732	1	0.807
9904	6631	1	0.943
9905	5884	1	0.969
9906	3098	0	0.000495
9907	3724	1	0.923
9908	4759	1	0.942
9909	9067	1	1
9910	9356	1	0.884
9911	5053	1	0.914
9912	2730	1	0.879
9913	4149	1	0.856
9914	5672	1	0.915
9915	4215	1	0.907
9916	6648	1	0.828
9917	2538	1	0.845
9918	8463	0	0.000319
9919	3343	1	0.819
9920	2074	1	0.808
9921	8072	1	0.828
9922	2934	1	0.882
9923	9719	1	0.934
9924	6527	1	0.913
9925	7893	0	0.000209
9926	3574	1	0.975
9927	38	1	0.828
9928	3771	1	0.981
9929	5922	1	0.919
9930	6192	1	0.829
9931	974	1	0.933
9932	9063	1	0.935
9933	7787	0	0.000486
9934	4273	1	0.841
9935	3055	1	0.834
9936	493	1	0.875
9937	901	1	0.944
9938	7838	0	9.92e-05
9939	6624	1	0.884
9940	8012	1	0.931
9941	7550	1	0.963
9942	6919	1	0.955
9943	1833	1	0.903
9944	6248	1	0.878
9945	3734	1	0.894
9946	3140	1	0.827
9947	6838	1	0.9
9948	4671	1	0.889
9949	8640	1	0.919
9950	6591	1	0.898
9951	3958	1	0.902
9952	6201	1	0.894
9953	9381	1	0.959
9954	8843	1	0.95
9955	4736	1	0.97
9956	1395	1	0.936
9957	7204	1	0.842
9958	429	1	0.99
9959	7856	1	0.946
9960	9518	1	0.94
9961	6515	1	0.833
9962	3711	0	0.000157
9963	6407	0	0.000581
9964	150	1	0.871
9965	2485	1	0.987
9966	2552	1	0.984
9967	7458	1	0.83
9968	2176	0	0.00039
9969	5268	1	0.957
9970	8239	0	0.000596
9971	2422	1	0.972
9972	5329	1	0.855
9973	5286	1	0.968
9974	3931	1	0.941
9975	5840	1	0.93
9976	609	1	0.99
9977	9689	0	0.00044
9978	5148	1	0.952
9979	2034	1	0.845
9980	2613	1	0.947
9981	2315	1	0.994
9982	4609	1	0.987
9983	1737	1	0.822
9984	1385	1	0.826
9985	3557	1	0.832
9986	7129	1	0.957
9987	9085	1	0.955
9988	8536	0	0.000337
9989	5005	1	0.82
9990	9816	1	0.809
9991	7505	1	0.812
9992	1588	0	0.000513
9993	4025	0	0.000418
9994	7747	1	0.929
9995	6822	1	0.981
9996	9450	1	0.853
9997	445	0	0.00048
9998	1998	0	0.000209
9999	8715	0	0.000554
8944	6308	1	0.809
4730	3485	1	0.901
1164	2008	1	0.939
4345	4276	1	0.81
8819	1134	1	0.84
5738	1892	1	0.895
6313	8748	1	0.897
1016	6328	1	0.907
2523	1745	1	0.963
9523	1774	1	0.851
1823	1004	1	0.959
1331	3777	1	0.826
2979	3638	1	0.862
2027	7698	0	0.000227
5945	783	1	0.832
3939	9292	1	0.814
5561	7562	1	0.847
3802	6951	1	0.8
7405	5881	0	0.000496
1836	2927	1	0.806
4094	881	1	0.869
4062	377	1	0.995
6569	4165	0	0.000377
1975	4156	1	0.871
5168	5855	1	0.815
7636	3576	1	0.955
457	5213	1	0.848
6111	9420	1	0.966
9523	821	1	0.833
8129	5613	1	0.826
5139	7669	1	0.872
5820	2713	0	0.000537
6113	5733	1	0.987
4332	7607	1	0.862
7704	2633	1	0.842
9833	6467	1	0.941
3696	2954	1	0.809
248	6565	1	0.858
7216	4948	1	0.805
6241	2168	1	0.882
2065	5976	1	0.95
305	1728	0	0.000536
2098	8505	1	0.964
473	9502	1	0.94
147	9640	1	0.819
3055	190	1	0.919
1678	7331	1	0.957
2048	9326	1	0.815
4421	5595	1	0.905
9040	4946	1	0.877
8640	324	0	0.000416
1778	6831	1	0.938
6312	7684	1	0.878
1772	2721	0	0.000145
5026	7293	1	0.81
7183	2404	1	0.927
1030	7873	1	0.818
995	8925	0	0.00053
6276	9344	1	0.945
8633	1774	1	0.916
7099	4460	0	0.000336
5276	2266	1	0.944
849	8901	1	0.988
9784	5097	1	0.872
2098	9845	1	0.859
4280	7248	1	0.969
5324	2186	1	0.802
9623	1502	1	0.872
7476	3614	1	0.855
6161	3242	1	0.805
8002	9469	0	0.000485
8804	2075	1	0.968
2439	976	1	0.809
6195	5637	1	0.843
5772	5787	1	0.841
2184	6763	1	0.899
2805	4068	1	0.995
5695	6925	1	0.969
3149	560	0	0.000169
7648	7974	1	0.962
6398	3131	1	0.998
4944	9110	1	0.963
8679	3827	0	0.000531
9086	6533	1	0.927
7052	2121	1	0.936
4837	4715	1	0.968
9620	3881	1	0.811
2021	5470	1	0.827
1503	5455	1	0.975
9041	6838	0	0.000234
3452	5183	1	0.84
579	9557	1	0.829
2102	6853	1	0.971
4398	7962	1	0.871
9285	9552	1	0.8
6032	5482	1	0.924
9484	6371	1	0.869
5246	8871	1	0.893
5333	7249	1	0.89
6057	3091	1	0.859
5880	6158	1	0.987
9923	8023	1	0.997
5368	1444	0	9.78e-05
6993	9052	1	0.954
2956	1448	1	0.925
4445	7388	1	0.861
661	9193	1	0.898
4545	2695	1	0.932
6667	5890	0	0.000639
4677	481	1	0.818
5139	9218	1	0.998
338	1539	1	0.924
2098	3062	1	0.947
8543	4755	1	0.981
1644	4970	1	0.965
555	9467	1	0.976
2124	5771	0	0.000522
1614	7605	1	0.867
8414	5650	1	0.905
7664	3721	1	0.934
4399	9916	1	0.867
3578	7026	1	0.819
6261	5191	0	0.000383
612	6968	1	0.983
2570	2209	1	0.878
8088	5208	0	0.000513
2692	8987	1	0.947
39	3278	1	0.831
3345	948	0	0.000454
6668	658	1	0.929
2769	6958	1	0.967
5822	6651	1	0.837
5397	9382	0	0.000589
8681	8238	1	0.955
3825	5979	1	0.844
2755	7807	1	0.924
2972	9112	1	0.845
7443	9763	0	0.000252
3652	7377	1	0.873
9676	1901	1	0.898
3896	5022	1	0.859
318	7003	0	0.000284
3838	9766	1	0.831
4625	269	1	0.856
5107	7188	1	0.931
7804	8996	1	0.92
4325	5213	1	1
4084	7298	1	0.918
3033	9970	1	0.902
7988	7167	1	0.909
4433	7804	1	0.92
129	2126	1	0.857
6690	3692	1	0.882
586	3273	1	0.899
8856	2202	1	0.889
1844	4513	1	0.8
5341	8290	1	0.879
8821	3133	1	0.954
701	617	1	0.817
9651	8298	1	0.935
1881	3619	1	0.812
3918	508	1	0.878
9348	2769	1	0.908
7405	1114	1	0.865
3559	551	1	0.949
5542	3923	1	0.968
3890	6511	1	0.884
4326	6475	0	0.000566
8816	950	1	0.913
5259	6582	1	0.829
1081	376	1	0.952
3637	7184	1	0.947
7425	9063	1	0.98
7165	5377	1	0.969
9527	8229	1	0.985
4227	7623	1	0.994
3970	9948	1	0.876
5934	6997	1	0.902
9719	6318	1	0.976
3335	4345	0	0.000149
8433	9200	1	0.91
143	9702	1	0.93
4076	2806	1	0.821
4820	4455	1	0.893
1281	7201	1	0.956
7594	6205	1	0.903
1702	8672	1	0.887
237	8260	1	0.977
7641	6137	1	0.974
3520	429	1	0.973
1259	7977	1	0.908
8643	9357	1	0.978
6168	2928	1	0.939
2150	9914	1	0.873
1141	2593	1	0.857
8427	7378	1	0.899
3877	8086	1	0.864
3427	9275	1	0.825
8571	5573	1	0.827
7546	5479	1	0.835
3553	2196	1	0.895
9727	1123	1	0.812
8840	530	1	0.898
5877	5260	1	0.943
4934	3644	1	0.865
5759	2483	0	0.000537
8900	977	1	0.973
4009	2909	1	0.829
4853	9749	1	0.868
7082	8526	1	0.939
6433	2250	0	0.00058
2120	250	1	0.979
6148	9432	0	0.000303
5167	5110	1	0.856
6615	565	1	0.822
3795	743	0	0.000512
869	481	1	0.94
520	1484	1	0.833
8880	5569	1	0.854
2969	8686	1	0.928
7870	5109	1	0.974
8047	498	1	0.832
4576	4768	1	0.801
8077	4677	1	0.917
3255	5451	0	0.000221
641	6785	1	0.844
1584	9945	1	1
8003	7387	1	0.824
4476	777	1	0.954
6788	5808	1	0.862
3182	5245	0	0.000234
9434	4534	0	0.000445
7070	9697	1	0.811
2905	8202	1	0.99
649	2196	1	0.867
7862	5121	1	0.983
1436	5736	1	0.838
6922	2577	1	0.954
3430	2437	0	0.000525
7174	2623	1	0.895
7094	7746	1	0.862
7772	1466	1	0.901
5285	9233	1	0.948
1958	8897	1	0.963
1398	4269	1	0.963
813	7998	1	0.87
9441	7573	1	0.902
7036	9583	1	0.826
5595	6194	1	0.836
7779	7825	0	0.00058
381	8151	1	0.814
2200	7039	1	0.824
5125	8537	1	0.814
8116	7372	1	0.836
6426	3283	0	0.00056
4220	8895	0	0.000391
5852	9880	1	0.921
5941	7617	1	0.856
686	6922	1	0.931
4782	3291	1	0.853
3499	8352	0	0.000444
9539	3076	1	0.895
3948	2962	1	0.959
5269	3180	1	0.817
2153	5940	1	0.985
7776	954	1	0.831
3717	5714	1	0.802
9132	984	1	0.803
5081	4829	1	0.881
7555	198	1	0.933
1094	9465	0	0.000267
1170	8138	0	0.000343
720	8999	0	0.000392
3781	8455	1	0.86
8487	4650	1	0.857
2587	8387	1	0.849
3378	5963	1	0.857
5397	1586	1	0.997
4779	2781	1	0.949
7826	2760	1	0.868
2168	9224	1	0.811
9058	2197	1	0.965
6442	3915	0	0.000259
2496	9167	0	0.000313
5117	2387	1	0.858
9503	143	1	0.936
6014	5047	1	0.96
2590	4429	1	0.997
7346	7255	0	0.000367
3907	6894	1	0.897
9232	7358	1	0.922
99	557	1	0.91
8941	9384	0	0.000573
2598	9492	1	0.84
6733	6948	0	0.00061
5083	8540	1	0.833
620	6506	0	0.000414
6004	9727	1	0.804
1041	1446	1	0.994
8941	6379	1	0.978
3203	4494	1	0.985
9802	2631	1	0.927
6414	4987	0	0.000317
317	5040	1	0.918
8755	8011	0	0.00028
1513	6945	1	0.86
8003	5387	1	0.857
481	5520	1	0.803
3233	2640	0	0.000482
4363	8441	1	0.923
2196	5094	1	0.807
1952	555	1	0.975
8006	1012	1	0.917
6056	2354	0	0.000493
7675	8389	1	0.827
7137	3379	1	0.96
7431	3467	1	0.959
3032	949	1	0.923
6083	1604	1	0.948
7336	917	1	0.996
9989	5590	1	0.947
8757	3221	1	0.849
8638	2841	1	0.972
2988	7066	1	0.877
1644	1488	1	0.983
3586	5381	1	0.942
7850	1775	0	0.000623
9005	7964	1	0.967
5706	9505	1	0.944
2562	1278	1	0.986
2477	2983	1	0.9
9020	4042	0	0.000279
5742	4569	1	0.952
909	7705	1	0.875
192	9325	1	0.855
9612	6151	1	0.815
1450	8023	0	0.000405
5383	8308	1	0.975
2263	3422	1	0.821
3789	9474	0	0.00044
8168	9678	1	0.824
7471	3745	1	0.97
2587	5883	1	0.906
2224	6243	1	0.843
7796	230	1	0.963
5556	2954	1	0.9
6009	2916	1	0.867
8339	6607	0	0.000147
1115	8223	1	0.976
8186	4491	1	0.855
6061	9193	1	0.812
8304	4864	0	0.000469
709	8177	1	0.963
6715	5296	1	0.922
9245	2036	1	0.823
8593	9804	1	0.816
5653	8742	1	0.861
5788	152	1	0.825
8720	9300	1	0.828
5536	4454	0	0.000212
6827	4032	1	0.97
6665	8202	1	0.98
4914	6205	1	0.868
2884	2082	1	0.941
3513	2140	1	0.909
8494	3644	0	0.0006
4656	6363	0	0.000356
8811	4810	1	0.887
6312	4064	1	0.917
50	8439	1	0.918
5876	7796	0	0.000571
4517	6769	1	0.832
6356	5709	1	0.994
4559	9381	1	0.968
5277	9379	0	0.000329
7783	3151	1	0.957
1264	5625	1	0.977
7593	87	1	0.822
7507	7921	1	0.9
9084	7060	1	0.965
9296	2855	1	0.893
7167	7969	1	0.915
5940	2139	1	0.822
8860	3166	1	0.928
3925	4346	1	0.854
203	425	1	0.82
5008	8666	1	0.855
8659	6697	1	0.816
3890	2178	1	0.941
1385	8384	1	0.813
2449	7944	1	0.921
6627	6613	1	0.809
7934	6818	0	0.000201
4346	3728	1	0.865
9104	6228	1	0.859
6958	3105	1	0.837
4935	7755	1	0.869
1433	7125	1	0.909
979	9116	0	0.00032
7257	2767	1	0.911
8085	8703	1	0.98
5922	1692	1	0.983
4916	2110	1	0.967
6348	5384	1	0.838
8286	8950	1	0.916
6833	9057	1	0.823
2773	2567	1	0.989
9559	604	1	0.905
7539	4958	1	0.816
3735	6125	1	0.888
5465	6895	1	0.923
7841	618	0	0.000479
4267	9069	1	0.937
8817	7758	1	0.912
2414	6514	1	0.807
7485	372	1	0.967
4788	9750	1	0.86
7998	322	1	0.938
2962	3903	1	0.86
1970	3913	0	0.000559
1731	5431	1	0.802
4966	3643	0	0.000224
5357	439	1	0.809
5082	5163	1	0.858
8447	8811	1	0.994
1419	4466	1	0.851
5655	8697	1	0.937
4248	3711	1	0.976
1284	9314	1	0.836
8770	2034	0	0.000526
3717	2791	1	0.882
83	3739	1	0.896
5099	4508	1	0.905
8667	7689	1	0.901
9098	4196	1	0.957
9030	7338	0	0.000474
5722	3224	1	0.888
3812	6567	1	0.989
4419	2382	1	0.942
6177	635	1	0.922
8176	9346	1	0.865
7336	2992	1	0.915
8712	5489	0	0.000628
3939	5661	0	0.000459
9921	3157	1	0.94
4062	2468	0	0.000431
9740	8940	1	0.834
8643	9233	1	0.855
2015	4115	1	0.821
9713	6787	1	0.828
9323	7010	1	0.964
3640	2011	1	0.832
880	1927	1	0.911
5982	9827	1	0.828
45	5603	1	0.832
9019	6262	1	0.948
4539	4371	1	0.907
8207	8591	0	0.000587
4077	2995	1	0.888
2905	8335	1	0.811
8589	8938	1	0.845
691	9496	1	0.908
901	536	1	0.961
2799	199	1	0.837
6430	5387	1	0.876
8485	6612	1	0.813
8224	1593	1	0.855
4925	9142	1	0.874
6732	5395	1	0.876
3657	2543	1	0.919
6355	8295	1	0.904
95	3355	0	0.000369
2850	8094	1	0.898
9113	7709	1	0.98
1074	8438	1	0.972
7725	5986	0	0.00058
3634	3013	1	0.967
6374	991	1	0.84
3586	8894	1	0.837
8097	9950	1	0.851
6065	2176	1	0.988
9261	5597	1	0.833
1938	6581	1	0.963
8466	2024	0	0.000196
9450	9718	1	0.922
5203	9826	1	0.984
5137	1285	1	0.913
8138	879	1	0.953
8486	6696	1	0.873
5352	3175	1	0.913
967	4549	1	0.889
4644	9275	1	0.82
510	7117	1	0.827
9093	6309	1	0.804
8275	9156	1	0.854
1804	9864	1	0.8
4052	9864	1	0.86
6423	2206	1	0.859
6112	550	1	0.933
6915	6560	0	9.38e-05
3217	3213	1	0.925
9833	5435	1	0.975
5356	2427	1	0.81
1924	6620	1	0.951
6749	8062	1	0.903
76	569	1	0.875
9941	1288	1	0.82
9909	7534	1	0.975
1606	7590	1	0.885
2941	8251	1	0.83
4850	5949	1	0.892
5105	5691	1	0.956
5850	114	1	0.977
7669	9588	1	0.803
3154	4762	1	0.877
5246	8011	1	0.971
5980	7207	1	0.968
7599	735	0	0.000216
5714	4200	1	0.978
7620	5630	1	0.877
9632	7094	1	0.917
1428	4817	1	0.957
1635	1323	1	0.969
3946	7561	1	0.926
6574	2656	1	0.99
100	2398	1	0.965
4045	3003	1	0.887
6849	8894	1	0.806
4163	7342	1	0.984
690	4450	1	0.862
6610	5763	1	0.967
5161	6594	1	0.998
3673	9805	1	0.805
6748	5083	1	0.913
8969	5264	0	9.03e-05
2774	8636	1	0.982
2495	7518	1	0.932
4361	8145	1	0.941
939	3704	0	0.000343
8081	1895	1	0.886
4489	3786	1	0.928
5557	5380	1	0.894
5854	2233	1	0.934
4873	9862	0	0.000231
2189	5958	1	0.95
1887	7441	1	0.95
5213	3458	1	0.989
9317	7676	1	0.956
9086	9854	0	0.000338
6611	2397	1	0.97
6581	8433	0	0.000639
2287	5710	1	0.887
6441	5448	1	0.95
3464	7855	1	0.978
8912	106	1	0.828
8578	4937	1	0.996
5229	3836	1	0.83
4881	8847	1	0.955
4822	2241	1	0.837
7010	9710	1	0.902
6337	7691	1	0.999
9923	9499	1	0.873
8501	690	1	0.896
3781	7247	1	0.978
7203	6266	1	0.9
5004	2687	1	0.823
2787	5788	1	0.862
9402	5760	1	0.999
9183	8989	1	0.95
5497	8244	0	0.000597
1030	9527	1	0.98
4085	3063	1	0.856
6375	2553	1	0.963
6473	4898	1	0.957
4214	7064	1	0.839
2968	392	1	0.876
5851	7272	1	0.996
6865	8741	1	0.949
6542	4325	0	0.000364
8191	8554	1	0.807
5411	9598	1	0.985
9638	6390	1	0.956
4884	4253	1	0.834
8778	9928	1	0.883
8117	1463	0	0.000128
6602	6877	1	0.912
6034	3704	1	0.861
7523	7573	1	0.915
4228	4099	0	0.000294
1762	626	0	0.000338
8014	3967	1	0.98
2743	6885	1	0.975
6003	6088	1	0.861
6367	3089	1	0.924
8902	2661	1	0.963
9402	4642	1	0.824
6457	4519	1	0.855
4574	7166	1	0.826
8794	9579	1	0.911
2898	5363	1	0.876
3244	1671	1	0.895
4044	6466	1	0.894
1287	2896	1	0.89
5072	203	1	0.944
6404	9869	0	0.000138
923	6616	1	0.986
8658	4147	1	0.87
5884	4682	1	0.985
9108	6838	1	0.96
7920	9846	1	0.983
8715	2962	1	0.842
6523	9991	1	0.828
1749	6794	0	0.000418
113	6820	1	0.939
992	5915	1	0.836
4912	8256	1	0.992
4322	9139	1	0.993
5283	4003	1	0.977
5797	3803	1	0.903
5477	7551	1	0.804
9602	6834	1	0.915
8131	6877	1	0.94
5527	8131	1	0.851
7624	1551	0	0.000379
4290	8768	1	0.981
4099	7429	1	0.886
2954	3629	1	0.989
9463	9928	1	0.988
2706	8587	1	0.999
961	2430	1	0.874
7748	3409	0	0.000581
2670	1553	0	0.000129
9159	6741	1	1
6644	7153	1	0.866
9686	7826	1	0.838
484	7755	1	0.894
7517	5794	0	0.000316
1481	3291	1	0.831
5089	7608	1	0.953
5687	7344	1	0.859
5501	4230	1	0.917
5228	1121	1	0.918
3783	7303	1	0.895
3302	651	1	0.969
9212	8521	1	0.838
4897	6383	1	0.946
7932	9678	1	0.826
9412	9925	1	0.985
9817	408	1	0.868
4488	305	1	0.987
629	2188	1	0.914
4226	1707	1	0.918
8546	5261	1	0.879
9137	5126	1	0.882
7472	6726	1	0.902
1558	8471	0	0.000242
1480	9817	1	0.911
4570	1538	1	0.814
7103	3585	1	0.932
6609	6640	0	0.000494
9898	1115	1	0.99
2352	8351	1	0.811
8930	859	1	0.841
3275	7933	1	0.937
9647	7331	1	0.884
4636	7410	1	0.97
8643	7314	1	0.887
4593	1395	1	0.93
2771	3585	1	0.874
7629	8300	1	0.844
9189	8431	1	0.972
5978	4064	1	0.809
2670	3865	1	0.882
7325	5126	1	0.906
9394	7725	1	0.926
6908	1119	1	0.824
9658	1164	1	0.93
502	5681	1	0.804
2081	1979	1	0.856
2386	2947	1	0.867
8184	1683	1	0.838
2316	1162	1	0.817
1120	8151	1	0.81
5928	6962	1	0.846
5380	3232	1	0.893
4481	7123	1	0.882
4533	916	1	0.966
2276	92	1	0.814
5574	8795	0	0.000312
9639	9579	1	0.835
949	7869	1	0.806
5626	1	1	0.908
8434	3755	1	0.946
615	4625	1	0.866
2070	975	1	0.808
4238	2108	1	0.925
3326	3455	1	0.979
7422	3619	0	0.000106
8785	5366	1	0.991
7558	3293	1	0.851
5633	1368	1	0.811
9286	9246	1	0.888
2582	8628	1	0.926
913	1065	1	0.902
2787	5405	1	0.857
9076	1674	1	0.863
6343	3080	1	0.966
8010	2065	1	0.904
8520	7123	1	0.905
5110	4630	0	8.39e-05
9837	9463	1	0.812
3898	1456	1	0.851
5220	7802	1	0.847
2144	7301	1	0.929
7113	6821	1	0.889
9483	8667	1	0.979
4922	5058	0	0.000587
7740	1293	1	0.913
5753	8921	1	0.888
2804	756	1	0.823
6918	2737	1	0.903
7338	5498	1	0.879
6277	5820	1	0.844
1484	9038	1	0.828
9239	9682	1	0.883
4352	8589	0	0.000393
648	1192	1	0.833
6100	6990	1	0.802
3187	2520	1	0.813
2779	2782	1	0.995
2210	1641	1	0.95
7161	8476	1	0.951
8083	6860	1	0.92
4367	9553	1	0.959
9294	8916	1	0.928
8971	6191	1	0.853
49	155	1	0.808
8510	9812	0	0.000129
770	3025	0	0.000423
1519	8624	0	0.000576
1575	1329	0	0.000215
9632	6482	1	0.933
601	8631	1	0.825
6939	5091	1	0.982
8904	1333	1	0.894
9845	8856	1	0.879
6221	9522	1	0.855
7220	1961	1	0.983
7481	8419	1	0.967
515	7456	1	0.99
4582	4629	0	0.000321
9742	9653	1	0.873
376	6230	1	0.885
6028	853	1	0.969
9597	4020	0	0.000576
9380	4831	1	0.999
7402	4734	1	0.83
7389	7208	1	0.98
4272	116	1	0.81
7935	6254	1	0.812
563	7904	1	0.927
660	7637	1	0.945
6141	3810	1	0.877
6085	1816	1	0.884
3954	1852	1	0.85
3374	7453	1	0.901
3766	6702	1	0.914
6843	1206	1	0.937
2471	1237	1	0.911
5879	5480	1	0.858
8917	8768	1	0.97
7591	8617	1	0.989
1162	7585	1	0.985
1006	6815	1	0.852
598	9619	1	0.821
4383	2614	1	0.876
3531	802	1	0.943
8470	6463	0	0.000561
2204	7087	1	0.883
913	4370	1	0.917
7142	3680	1	0.813
9419	6792	1	0.968
8301	808	1	0.823
5588	2564	1	0.826
5643	4072	1	0.845
265	1184	1	0.924
3954	2878	1	0.991
1028	8523	0	0.000288
8821	8637	0	0.000286
2781	3419	1	0.911
4436	254	1	0.988
7103	6693	1	0.992
5356	4585	0	0.000577
7842	8859	1	0.989
5943	7554	1	0.991
4801	6926	1	0.807
813	7499	0	0.00013
4556	862	1	0.835
9811	6248	0	0.000621
679	9876	1	0.953
6887	2931	1	0.927
6660	7985	0	0.000232
9201	6141	1	0.923
6280	7232	1	0.976
6565	5809	0	0.00023
2508	8787	1	0.821
5304	2181	1	0.969
8507	9541	1	0.878
5377	3688	1	0.807
94	1577	1	0.842
396	9354	1	0.829
8444	3650	1	0.969
9030	3047	1	0.802
7405	5218	1	0.946
8185	9046	0	0.00024
4005	1087	1	0.898
5231	5374	1	0.988
8252	428	0	0.000524
7463	712	1	0.919
9549	1748	1	0.861
2165	1262	1	0.856
4379	9852	1	0.97
826	1482	1	0.84
1706	5757	1	0.831
9599	3172	1	0.816
5903	6371	1	0.829
5668	4014	1	0.836
5813	2025	1	0.979
246	3629	1	0.951
4766	4219	1	0.96
1627	3357	1	0.875
4494	1843	1	0.886
3476	9312	1	0.909
8943	9572	1	0.837
909	3468	1	0.912
5481	7763	0	0.000333
3007	6280	1	0.931
2841	7390	1	0.996
68	9326	1	0.933
8081	6914	1	0.859
5373	4974	1	0.854
293	5220	1	0.815
7933	7156	1	0.988
939	3123	1	0.854
4717	1932	1	0.932
5163	2521	0	0.000532
6334	6818	1	0.994
4790	7629	1	0.951
5252	4000	1	0.808
8521	2038	1	0.954
4435	699	1	0.85
7459	3169	1	0.958
1864	931	1	0.912
8058	360	1	0.894
2152	3232	1	0.898
6982	9232	1	0.906
7547	3225	0	0.000231
5818	3864	1	0.85
9568	925	1	0.867
6122	8946	0	0.000188
2687	1924	1	0.953
4094	98	1	0.972
2792	479	1	0.874
3557	2772	1	0.842
2574	5226	0	0.000567
6869	4859	1	0.988
3309	9897	1	0.995
7925	8097	1	0.933
2005	177	1	0.84
2033	2662	1	0.914
522	5754	1	0.824
8305	1253	1	0.924
10	2463	1	0.914
5267	7060	1	0.949
1072	7077	1	0.905
4453	318	1	0.863
6254	8436	1	0.806
4278	133	0	0.000151
4167	7437	1	0.968
8390	7268	1	0.813
7579	490	1	0.986
3512	6347	1	0.879
7227	9713	0	0.000107
7017	6308	1	0.989
2914	9346	1	0.871
7773	9675	1	0.928
6353	5637	0	0.00039
2675	4806	1	0.871
7069	6563	1	0.934
633	1715	1	0.909
1345	4953	0	0.000614
638	6646	1	0.858
712	9026	1	0.98
3606	3758	1	0.924
9710	2643	1	0.872
8473	7477	1	0.829
376	56	1	0.871
7701	5332	1	0.982
7270	4105	1	0.867
399	7376	1	0.927
4953	7257	1	0.806
7056	9577	1	0.981
1270	2455	1	0.955
2291	735	1	0.97
5571	4612	0	0.000335
1158	1224	1	0.811
7525	1845	1	0.847
6781	6522	0	0.000543
7213	5453	1	0.872
6595	4948	1	0.84
2083	4551	1	0.907
6581	2333	1	0.893
3500	8814	1	0.961
1349	9631	1	0.957
2927	7663	1	0.984
9148	8704	1	0.911
3634	945	1	0.942
1488	5787	1	0.899
2677	6493	0	0.000486
2768	3565	0	0.000431
854	6330	1	0.923
7951	1196	1	0.937
4001	7595	1	0.959
7604	4100	0	0.000299
8324	9132	1	0.899
1700	6595	1	0.83
4577	3447	1	0.992
8424	69	1	0.82
3993	771	1	0.808
2090	4113	1	0.982
6321	303	1	0.968
6907	786	1	0.977
1089	6092	0	0.000533
4097	2574	1	0.843
7401	7179	1	0.815
4068	4904	1	0.916
1718	5503	1	0.91
7781	2006	1	0.854
2561	8975	1	0.938
4214	6293	1	0.848
8047	52	1	0.884
6436	7424	1	0.994
5624	8457	1	0.995
4593	422	1	0.902
2067	5701	1	0.994
7296	2806	1	0.971
4593	3250	1	0.985
4543	6303	1	0.834
3250	8751	0	0.000622
4661	5434	1	0.936
3736	8186	1	0.965
9110	8843	1	0.944
6236	8238	1	0.862
2040	3569	1	0.937
7841	7028	1	0.826
6939	1459	1	0.96
368	160	1	0.928
5652	1742	1	0.933
8102	2857	1	0.959
2737	2893	1	0.93
7600	3049	1	0.831
769	2400	1	0.939
3155	6766	0	0.000296
4759	5598	1	0.97
4759	7464	1	0.865
5722	2663	1	0.815
9230	7164	1	0.93
5793	7127	1	0.918
2587	5056	1	0.974
8739	6191	1	0.823
1228	2399	1	0.902
4895	8851	1	0.912
8110	3321	1	0.923
6323	4916	1	0.949
6930	8676	1	0.92
4238	670	0	0.000201
6832	1970	1	0.88
7926	1415	1	0.803
8368	5459	1	0.873
7322	3921	1	0.831
6604	7453	1	0.937
791	4160	1	0.827
522	3244	1	0.895
3967	8294	1	0.914
5094	7220	1	0.952
4637	586	0	0.000332
6116	7846	1	0.984
3776	3816	1	0.986
5810	2746	1	0.983
7605	3340	1	0.94
4249	3635	1	0.937
817	2540	0	0.000564
309	3012	1	0.925
1369	273	1	0.823
3114	1659	1	0.961
2090	1672	1	0.884
7300	4270	1	0.811
7058	2910	1	0.95
6723	2841	1	0.823
1157	3913	1	0.902
3173	587	1	0.817
9241	1035	0	0.000341
7123	2807	1	0.849
7169	6652	1	0.927
7145	2909	1	0.822
212	3190	1	0.975
7906	9387	0	0.000377
8950	9015	1	0.812
3559	7861	1	0.822
8608	4875	1	0.849
708	5313	1	0.852
9806	7468	0	0.000316
121	3238	0	0.000228
7665	9202	1	0.91
3701	9370	1	0.836
4541	3335	1	0.961
6975	6341	1	0.844
896	6197	0	0.000423
8181	8279	1	0.81
6592	8980	0	0.000379
2063	86	1	0.885
5186	8579	1	0.957
5979	8451	1	0.907
1860	9055	1	0.995
3654	9109	1	0.886
3736	3882	1	0.86
7999	1439	1	0.971
4214	1965	1	0.846
8263	794	1	0.955
675	3935	1	0.813
5087	5409	1	0.889
5070	4375	0	0.00012
7632	8800	0	0.000292
4506	4212	1	0.82
2898	3918	1	0.812
4530	5950	1	0.885
9965	3836	1	0.954
2306	3458	0	0.000152
2108	9465	1	0.883
2572	8218	0	0.000253
7493	2950	1	0.882
6273	3373	1	0.805
2814	4866	1	0.95
5553	4381	1	0.903
4174	2986	1	0.995
6513	4219	1	0.878
6979	9866	0	0.00011
7554	7256	1	0.857
535	3164	0	0.000228
5045	5713	1	0.869
9433	4442	1	0.95
4923	1043	1	0.996
9170	3588	1	0.89
2864	8953	1	0.867
6365	5731	1	0.894
1383	5205	1	0.852
7205	9667	0	0.000505
6878	4088	0	0.000322
545	5643	1	0.963
7307	4746	1	0.971
9414	7373	1	0.848
8510	5250	1	0.886
36	9588	0	0.000274
5939	348	1	0.909
4717	2725	1	0.852
2717	8666	1	0.943
2267	843	1	0.882
7515	9071	0	0.000319
6357	9107	1	0.84
1387	3087	0	0.000553
5593	6836	0	0.000593
7770	7741	0	0.00047
8575	7016	1	0.983
4302	1738	0	0.000262
7807	481	1	0.808
3698	5109	1	0.889
9051	1323	1	0.995
4200	3636	1	0.858
4551	2714	1	0.941
2036	1643	0	0.000537
2874	959	1	0.942
8773	4857	1	0.896
6781	5240	1	0.8
3833	4719	1	0.978
3360	4505	1	0.956
5189	7728	1	0.817
9464	7822	1	0.934
6375	4675	1	0.891
2323	7841	1	0.932
5224	544	1	0.915
2668	924	1	0.983
6407	7999	1	0.87
5492	7437	0	0.000171
4628	5643	0	0.000411
8113	3819	1	0.976
1293	8035	1	0.998
9726	1810	0	0.000606
780	4938	1	0.98
9239	5152	1	0.899
5831	9733	1	0.875
6885	8607	0	0.000286
7218	5967	1	0.909
5324	182	1	0.816
7271	7806	1	0.899
1558	8889	1	0.85
7008	4592	1	0.936
6807	8101	1	0.809
9346	5116	1	0.924
311	715	1	0.84
6925	7449	1	0.86
1722	5308	1	0.83
3101	6017	0	0.00026
5865	4443	1	0.917
7380	8733	1	0.901
2084	7788	1	0.935
529	8175	1	0.982
2191	9371	1	0.821
2555	4452	1	0.901
9599	3806	1	0.811
9397	4742	0	8.3e-05
7213	9527	1	0.923
1558	1671	1	0.881
7683	8198	1	0.832
2177	2359	1	0.837
2501	2724	1	0.828
6155	2915	0	0.000242
2692	4222	1	0.865
3665	1897	1	0.916
8645	210	1	0.933
9160	8049	1	0.952
5826	1467	1	0.934
4277	2903	1	0.86
1634	1045	0	0.000463
723	8649	1	0.867
7720	4190	1	0.842
3654	8360	1	0.894
2059	5407	1	0.836
3208	7902	0	0.000391
3274	5882	0	0.000253
5297	5279	1	0.817
6026	2094	1	0.958
6077	3027	1	0.932
1574	1780	1	0.999
4085	8453	1	0.833
678	9641	0	0.000274
2471	5103	1	0.961
6243	4104	1	0.913
6350	5249	1	0.83
9905	5530	1	0.873
122	5012	1	0.959
1477	3951	1	0.936
1387	4107	1	0.957
4292	31	1	0.81
582	1301	1	0.835
9557	7855	1	0.861
6237	1121	1	0.925
4642	1573	1	0.915
5408	4055	0	0.00037
171	3172	1	0.872
9751	1154	1	0.946
7288	5050	1	0.883
9981	2010	1	0.952
4877	5798	1	0.988
5841	9501	0	0.000477
7197	6038	1	0.97
1471	7446	1	0.882
555	9875	1	0.954
7535	3161	1	0.863
1482	5259	1	0.952
2234	7824	1	0.912
3931	1340	1	0.907
338	6368	1	0.975
5247	6571	1	0.906
974	3142	1	0.933
8967	9815	0	0.000544
1794	5743	1	0.817
469	4039	1	0.812
734	9431	1	0.958
6465	1702	0	0.000272
1195	6285	1	0.828
1246	49	1	0.913
8731	2776	1	0.892
7622	4878	1	0.827
2963	7222	1	0.988
5168	783	1	0.969
6926	2156	0	0.000638
7151	8175	1	0.933
5538	3575	1	0.927
3985	3422	1	0.869
1141	1201	1	0.919
1577	4587	1	0.958
1047	8987	1	0.839
7513	1194	1	0.814
4263	7862	1	0.873
9099	6203	1	0.853
1950	9826	1	0.882
1035	7491	1	0.963
2566	2561	1	0.976
9585	2303	1	0.804
5635	4234	1	0.818
4824	9748	0	0.000557
8112	2325	1	0.887
6757	432	1	0.883
2874	2515	1	0.881
619	3914	1	0.826
1263	1679	1	0.9
6811	9885	1	0.808
8786	6924	1	0.997
8936	1359	0	0.000599
4388	7818	1	0.864
1025	4755	1	0.957
3692	5176	0	0.000454
7815	9667	1	0.917
718	4281	1	0.834
1903	7326	1	0.932
1982	8573	0	0.000137
8555	2511	1	0.853
7126	8223	1	0.869
1494	5496	1	0.926
9260	9126	1	0.938
9822	2194	1	0.917
1893	1247	1	0.985
7791	2566	1	0.85
3442	8361	0	0.000528
2478	6192	1	0.817
5478	8352	1	0.961
5194	349	1	0.807
4380	4005	1	0.899
3779	8956	1	0.875
182	9607	1	0.993
1389	6445	1	0.922
8069	3802	0	0.000611
544	3598	1	0.978
1326	9288	1	0.984
9537	88	1	0.987
842	2329	1	0.85
5330	2232	1	0.978
6595	1025	0	8.99e-05
5789	4254	0	0.000515
5141	3120	0	0.000496
1310	3856	0	0.000235
9439	4157	1	0.83
1546	3894	0	0.00064
9635	7842	1	0.807
7588	3114	1	0.819
9173	7548	1	0.873
9586	788	1	0.891
7645	9376	1	0.808
9746	9300	1	0.888
7087	9366	1	0.847
195	5695	1	0.882
2557	9629	1	0.812
2585	5467	1	0.941
1551	7408	1	0.999
9230	6622	1	0.959
2606	8831	1	0.969
4542	5316	0	0.000467
6555	22	1	0.83
4615	8108	1	0.933
19	5603	1	0.81
9610	96	1	0.83
8233	6665	1	0.913
2110	614	1	0.911
5559	1323	1	0.806
7382	8409	1	0.841
634	7915	1	0.806
7969	8451	1	0.808
3129	4489	1	0.844
9067	9996	1	0.843
3007	1397	1	0.886
1527	968	1	0.918
4550	9960	1	0.992
3257	163	1	0.888
8940	5838	1	0.917
42	4922	1	0.835
3884	7580	1	0.948
8271	6995	1	0.808
6405	6471	1	0.932
5811	7656	1	0.907
6821	5075	0	9.65e-05
4549	1412	1	0.832
3075	4956	1	0.949
3503	5979	0	0.00062
8360	123	1	0.924
8851	6529	1	0.957
9142	9900	1	0.943
6957	5144	1	0.925
2469	9652	1	0.806
7495	1153	1	0.861
9865	720	1	0.972
3664	4008	1	0.906
7742	7608	1	0.921
3494	4048	1	0.923
514	9576	1	0.82
3462	9257	1	0.917
8801	495	1	0.999
3203	1108	1	0.857
5290	2688	1	0.963
1667	8590	1	0.978
9715	7316	1	0.956
3093	3320	0	0.000404
6441	6353	1	0.991
2539	9230	1	0.836
5956	545	0	0.000375
8234	691	1	0.857
3243	4024	1	0.932
2977	9112	1	0.809
4359	1746	1	0.962
9694	9005	1	0.83
1136	354	0	0.000614
2363	270	1	0.921
1893	1309	1	0.885
7040	9494	1	0.936
7585	2300	1	0.977
9574	6151	1	0.864
7225	3601	1	0.947
3142	4504	1	0.895
8523	3050	1	0.938
9380	869	1	0.864
2508	8764	0	0.000555
1033	758	1	0.986
9271	8474	1	0.994
5022	4219	1	0.93
6315	6559	1	0.915
6643	6593	1	0.945
5022	4820	1	0.852
8534	6147	0	0.000193
1810	916	1	0.971
2628	470	1	0.837
7281	1164	1	0.866
1361	8597	1	0.917
6065	992	0	0.000131
3986	5472	1	0.984
4311	4363	0	0.000315
6626	8791	0	0.00061
611	4182	1	0.97
7780	6276	1	0.994
900	7083	1	0.894
4609	5846	0	0.000306
121	2891	1	0.834
7175	2498	1	0.926
1303	3410	1	0.982
6295	4386	1	0.884
3591	5334	1	0.872
2015	7045	1	0.891
6395	6633	1	0.892
436	8569	1	0.852
2021	5631	1	0.825
9444	9768	1	0.859
6146	5156	1	0.88
6236	9948	1	0.835
4022	1476	0	0.000474
1470	2326	1	0.969
2634	9152	1	0.853
8086	4688	1	0.838
6771	4676	1	0.934
3996	427	1	0.861
853	1056	1	0.997
564	5816	1	0.974
5932	5698	1	0.884
5881	3836	1	0.891
7387	2684	1	0.843
8575	188	1	0.83
7262	2490	1	0.971
4608	4153	1	0.952
7257	104	0	0.000349
9230	3398	1	0.93
8298	7595	1	0.945
1727	2848	1	0.956
3809	432	1	0.85
4261	681	1	0.99
4996	1823	1	0.87
3237	3293	1	0.825
9853	9623	1	0.826
2983	2339	1	0.84
111	4485	1	0.978
326	3246	1	0.837
5178	6154	1	0.833
3731	9804	1	0.879
4035	3128	1	0.828
2950	3712	1	0.886
3259	7875	1	0.822
7331	139	1	0.829
6014	1539	1	0.918
509	3835	1	0.964
3457	5082	1	0.991
8337	1597	1	0.856
7379	6942	0	0.000339
2710	6260	0	0.000628
6836	1436	1	0.852
7888	7946	1	0.967
4044	8494	1	0.96
6951	4558	0	0.000513
8666	545	1	0.857
5887	4457	1	0.9
7625	7215	1	0.869
9524	2533	1	0.919
2617	5202	1	0.839
1698	1860	1	0.902
970	9699	1	0.918
2955	4035	1	0.922
1944	4320	0	0.000183
3396	6260	1	0.889
4898	6889	1	0.914
6611	5449	1	0.82
4255	8187	1	0.84
6024	9085	1	0.948
4552	484	1	0.898
8682	8199	0	0.000569
2722	5031	1	0.94
3733	1045	0	0.000136
8217	8935	1	0.815
3971	9016	0	0.00019
8579	5276	1	0.998
9949	2675	1	0.919
8189	6413	1	0.87
76	1317	1	0.902
2817	8296	1	0.897
5550	5629	1	0.867
6984	9270	1	0.891
5368	6585	0	0.000172
203	9037	1	0.9
3738	8520	1	0.902
8770	3051	1	0.915
6857	9732	1	0.928
3961	1983	1	0.83
7560	6457	1	0.88
5510	145	1	0.938
7453	7218	1	0.994
9533	6220	1	0.834
1933	9309	1	0.865
8338	5525	1	0.868
7550	7010	1	0.918
2194	8413	1	0.986
9393	8439	1	0.852
8114	3160	1	0.872
1806	191	0	0.000296
3523	980	1	0.85
4187	2844	1	0.933
6257	6494	1	0.93
7709	6077	1	0.831
1341	4871	1	0.917
8926	7080	1	0.874
9739	1277	0	0.000627
6073	9557	1	0.87
5290	8536	1	0.933
3076	3775	1	0.941
1248	4355	1	0.809
3262	6307	1	0.907
3054	2898	1	0.894
7543	780	0	0.000426
2136	4492	0	0.000376
2720	3384	1	0.958
3591	3275	1	0.804
7490	7848	1	0.955
2574	8601	0	0.000374
40	5515	1	0.959
7731	9476	1	0.873
8515	3813	0	0.000241
792	6227	1	0.908
2048	5751	1	0.842
3637	9008	0	0.000259
6078	2120	1	0.949
1772	5330	1	0.966
2412	3995	1	0.895
1609	8626	1	0.822
4910	1749	1	0.907
1626	9255	1	0.847
5019	5633	1	0.892
7667	6690	0	0.000546
2128	3546	0	0.000329
3297	2368	1	0.928
2847	7128	1	0.821
6291	6270	1	0.87
7074	3751	1	0.866
1505	8064	1	0.887
7285	8117	1	0.97
4274	4263	0	0.000215
595	8326	1	0.952
7831	5201	1	0.923
8824	1177	1	0.884
5687	557	1	0.895
7237	5658	1	0.932
2456	3499	1	0.857
2365	1510	1	0.813
3980	3947	1	0.939
8008	4109	1	0.816
464	2621	1	0.897
7528	8503	1	0.955
3171	3801	0	0.00036
5716	7724	1	0.967
5989	617	1	0.922
2297	6570	1	0.986
8959	7550	1	0.996
2832	6347	0	9.08e-05
197	9899	1	0.974
504	2228	0	0.000211
9447	9780	1	0.843
5640	2332	1	0.892
1766	1437	1	0.826
6292	4048	1	0.971
4725	9053	1	0.853
1678	4406	1	0.848
4355	5241	0	0.000418
6263	2609	1	0.891
8397	6827	1	0.908
9425	7353	1	0.903
9813	1147	0	9.44e-05
8583	1255	1	0.971
1714	8959	1	0.832
3506	1017	0	0.000128
4751	8486	1	0.816
3604	8202	1	0.987
5075	5023	1	0.826
2419	1413	1	0.879
9562	1220	1	0.802
201	2415	1	0.891
9660	1303	1	0.814
9363	6973	1	0.805
5329	4739	1	0.948
340	5092	1	0.845
4808	1363	1	0.917
9955	653	1	0.895
9722	7703	1	0.963
1945	8129	1	0.8
106	3437	1	0.827
137	4979	1	0.82
1633	4922	1	0.93
2242	3717	1	0.897
6498	5336	0	0.000185
6911	9457	1	0.814
3063	2272	1	0.813
69	9645	1	0.814
5557	156	1	0.871
2127	5168	1	0.803
4551	617	1	0.903
9636	4467	1	0.933
6233	7317	1	0.823
5444	5593	1	0.916
8950	7780	1	0.825
3129	5152	1	0.965
8687	1950	1	0.893
4740	4061	1	0.808
2695	8415	0	0.000538
7936	5378	1	0.928
8486	5448	1	0.892
6012	134	1	0.888
1703	5273	1	0.991
7821	8449	1	0.94
4231	7431	1	0.979
9103	5345	1	0.813
7187	5053	0	0.000122
8755	8533	1	0.945
1246	7293	1	0.888
6057	2576	1	0.889
486	3276	1	0.927
8163	7199	1	0.882
8387	317	1	0.868
1112	8871	1	0.852
4221	3784	1	0.809
671	9958	1	0.802
9783	7233	1	0.882
4765	1507	1	0.883
2631	6798	1	0.962
7659	3948	1	0.906
4705	5359	1	0.832
4466	8127	1	0.982
5597	6044	0	0.000305
2095	1014	0	0.000561
5758	3258	0	0.000361
7470	2167	0	0.000626
9438	1165	1	0.881
796	2185	1	0.853
3616	9216	1	0.93
5032	2614	1	0.962
3786	4164	1	0.978
3017	323	0	0.000572
9770	427	1	0.909
9832	2447	1	0.923
7650	3963	1	0.992
9679	4503	1	0.942
8881	1470	1	0.856
6762	216	0	0.000498
2773	7503	0	0.000162
8802	3435	1	0.985
6257	9350	0	0.00034
9747	3703	1	0.9
6728	9979	0	0.000199
5087	7964	1	0.909
8059	4681	1	0.902
2116	7657	1	0.954
3802	8990	1	0.86
9088	3091	1	0.804
6193	9442	0	0.000437
5453	3508	1	0.933
1072	3137	1	0.942
5435	7230	1	0.994
1048	2433	1	0.997
7803	1824	1	0.902
1736	6215	1	0.955
9976	6069	1	0.856
9799	5458	1	0.873
9194	5405	1	0.943
6319	3642	0	0.000546
2298	4633	0	0.000547
1270	9095	1	0.992
477	4602	1	0.976
6648	8932	1	0.94
2123	9773	1	0.811
3061	7898	1	0.972
1801	5628	0	0.00021
234	6802	0	0.000211
4585	6455	1	0.89
5497	3106	1	0.825
4377	7703	1	0.814
7724	8530	1	0.946
7512	5194	1	0.927
6883	2205	0	8.78e-05
490	1801	1	0.821
8124	3143	1	0.974
7874	3353	0	9.92e-05
4865	8758	0	0.000529
600	1729	1	0.952
2532	1818	1	0.891
6471	7739	0	0.000181
6946	6079	1	0.871
4878	3751	1	0.954
8122	280	1	0.885
9552	1638	1	0.863
933	8302	1	0.895
8243	4489	1	0.915
4133	2202	1	0.817
8711	7973	1	0.82
2026	8910	0	0.000406
1401	8649	0	8.23e-05
8149	3291	0	0.000408
7015	5429	1	0.909
6792	2695	1	0.869
5761	5741	0	0.000621
1522	4311	1	0.827
4112	8071	1	0.876
7454	3662	1	0.861
1173	4667	1	0.889
835	8413	1	0.941
3754	102	0	0.000209
2399	2635	1	0.988
5016	3582	1	0.965
7949	8069	1	0.969
5412	2985	1	0.828
9835	1352	1	0.873
7127	5355	1	0.884
3940	8171	1	0.885
4003	7948	1	0.847
6704	4996	1	0.962
5599	7260	1	0.987
1461	2472	1	0.988
8165	8226	1	0.849
2336	2167	1	0.819
697	2182	1	0.978
3279	7569	1	0.968
797	7027	1	0.806
4109	6292	1	0.88
684	5721	1	0.814
1769	9125	0	0.000189
6581	9458	1	0.894
9951	705	1	0.908
771	5621	1	0.807
2708	3972	1	0.973
5682	4947	1	0.979
3259	8282	1	0.816
6406	1851	1	0.927
3536	9675	0	0.000577
1475	2655	1	0.974
8136	3108	0	0.000439
6314	2788	1	0.816
5349	3674	1	0.899
207	9536	1	0.808
5707	3004	1	0.935
8959	1026	1	0.937
1643	9041	1	0.992
7870	2142	1	0.892
89	6958	0	0.000214
8519	6802	1	0.89
147	7961	1	0.908
8029	6633	1	0.872
7959	957	1	0.992
2931	4998	0	0.0004
3965	7479	1	0.816
4310	9019	1	0.943
2447	5258	1	0.861
4106	9479	0	0.000601
2062	5154	1	0.909
5668	9605	1	0.836
5510	5656	1	0.836
947	8561	1	0.96
7271	8090	1	0.805
2657	1285	0	0.000342
2265	2633	1	0.851
5488	6462	1	0.813
6538	6509	1	0.966
8025	3412	1	0.97
9938	3291	1	0.944
4906	951	1	0.911
3991	2144	1	0.868
8921	8807	1	0.911
1882	2412	1	0.878
2866	4539	1	0.893
5020	7473	1	0.865
319	9156	0	0.000259
1457	8227	1	0.968
7661	5316	1	0.944
5948	5278	1	0.995
9180	4783	1	0.829
1327	9370	0	0.000365
4290	9693	1	0.806
4642	8956	1	0.86
2740	3096	1	0.814
4683	1346	1	0.986
5446	9671	1	0.82
8516	9845	1	0.969
8486	6990	1	0.927
3598	4750	1	0.839
3891	2300	1	0.867
6932	4458	1	0.994
150	3393	1	0.874
3187	3926	0	0.000518
4121	2940	1	0.813
9724	8157	1	0.886
8852	5993	0	0.000238
8791	7739	1	0.826
2947	2490	1	0.852
8029	9114	1	0.915
9627	5482	0	8.45e-05
7211	248	1	0.987
2616	9857	0	0.000504
5449	4464	0	0.000155
4857	6219	1	0.981
9222	216	1	0.848
8421	1547	1	0.908
2288	5347	1	0.967
5493	7262	1	0.883
8069	5930	0	8.87e-05
4793	480	0	0.000391
1866	60	1	0.936
4535	3212	1	0.919
9063	7125	0	0.000292
9134	4161	1	0.935
1286	3656	1	0.853
4732	3873	1	0.811
5181	8690	1	0.805
8771	8827	0	0.000513
6965	9449	1	0.977
1574	711	1	0.826
7570	6091	1	0.852
1283	1692	1	0.817
7290	7174	1	0.871
9363	4756	1	0.806
3647	7586	1	0.936
9719	2178	1	0.919
1386	8856	1	0.956
5774	5167	1	0.959
5197	704	1	0.959
6061	2186	1	0.925
1749	2304	1	0.838
9434	9777	1	0.801
2048	8536	0	0.000632
3044	3494	1	0.967
3002	5784	1	0.91
7918	260	1	0.83
9108	3818	1	0.833
9609	9827	1	0.966
5888	6740	1	0.841
3985	9408	1	0.923
5526	9357	1	0.892
873	7353	1	0.962
8366	4234	1	1
7911	592	1	0.985
7115	4968	1	0.989
9198	5608	1	0.886
2996	9138	1	0.832
6078	3966	1	0.817
8500	4382	1	0.91
1391	4030	1	0.899
5508	7075	1	0.845
3097	6399	1	0.947
78	8423	1	0.93
768	1584	1	0.801
130	4288	1	0.934
3943	3571	1	0.856
765	1417	1	0.851
9681	6995	1	0.925
9444	6121	0	0.000339
1739	6490	1	0.88
1742	2015	1	0.829
892	8772	1	0.81
7900	2300	1	0.812
2847	4879	0	0.000231
9808	5957	1	0.896
7948	3836	1	0.98
391	417	1	0.861
5613	7434	1	0.903
3775	804	1	0.938
6880	8133	1	0.808
1009	2630	1	0.878
7597	1842	1	0.995
3397	6189	0	0.000149
3216	4630	1	0.811
371	7695	0	0.000371
7113	2207	1	0.855
5728	5750	1	0.959
3295	1210	0	0.000121
2495	4439	1	0.845
5256	8876	1	0.941
672	2527	1	0.962
9906	8797	0	0.000369
5044	8534	1	0.845
7383	3384	1	0.825
6315	1313	0	0.000633
2200	4277	0	0.000384
4900	796	1	0.852
2221	9070	1	0.929
7364	8285	1	0.931
7879	681	1	0.925
9144	2009	1	0.994
6616	6744	1	0.948
3165	577	1	0.987
1715	949	1	0.883
7177	8523	1	0.882
2826	496	0	0.000613
3751	1785	1	0.82
8934	3903	1	0.857
9131	5476	1	0.841
7538	1152	0	0.000524
6400	891	0	0.000173
7597	6099	1	0.942
1013	2737	1	0.884
9415	8321	0	0.000198
2000	8792	1	0.852
7626	1060	0	0.000471
5685	3986	1	0.834
1867	3049	0	0.000457
9635	3222	1	0.825
5206	2560	0	0.000142
5631	2017	1	0.954
7077	9657	1	0.991
3017	2757	0	0.00016
7464	6512	0	0.00051
8876	4066	1	0.991
6684	1956	1	0.981
2335	9063	1	0.841
6641	6497	1	0.804
9998	4403	1	1
9311	7786	1	0.875
1614	2878	1	0.926
5344	5301	1	0.917
1882	2512	1	0.87
1257	3654	1	0.933
6558	6626	1	0.942
5626	217	1	0.801
5851	7239	1	0.986
2510	6680	1	0.838
2875	511	1	0.818
6457	6546	1	0.816
6445	9087	1	0.807
1361	9469	1	0.82
1873	7933	1	0.848
5172	308	1	0.989
3004	9007	1	0.902
570	5948	0	0.000178
4029	6358	1	0.982
5406	8270	1	0.941
7419	7575	1	0.812
6319	1995	1	0.948
1791	5855	1	0.878
9407	824	0	0.000351
6065	373	1	0.955
9151	1408	0	0.000343
2096	2982	1	0.921
7225	701	0	0.000438
5109	4395	1	0.921
3671	5436	1	0.925
4659	8232	0	0.000115
7160	5964	1	0.979
7474	6698	1	0.931
6082	5455	1	0.922
7637	4495	1	0.862
7813	8634	1	0.848
347	3403	1	0.863
3414	6791	1	0.806
4030	1734	0	0.000264
9600	5009	1	0.897
1317	9516	1	0.999
6436	8930	1	0.936
6677	2863	1	0.867
8852	5502	1	0.898
7170	1298	1	0.901
8882	9471	1	0.847
3190	8607	1	0.872
8257	3511	0	0.000639
4435	4047	1	0.853
2322	7555	1	0.843
5184	6976	1	0.866
5687	1379	1	0.934
4972	2628	0	0.000473
4080	6151	1	0.867
2369	9890	1	0.965
9673	9079	1	0.833
9081	5016	0	0.000438
9791	8402	1	0.932
1009	8479	0	0.000131
2544	3113	1	0.962
1011	1197	1	0.996
335	2517	1	0.814
9437	9505	1	0.903
3620	5910	1	0.917
2709	2559	0	0.000135
5871	1794	1	0.975
6125	8438	1	0.893
931	2871	1	0.938
9792	9439	1	0.902
3689	4721	1	0.904
8836	4428	0	0.000179
7880	4646	1	0.913
3945	7400	1	0.821
6565	2177	1	0.917
5522	1540	1	0.978
3787	33	1	0.92
8356	5849	1	0.967
3217	5465	1	0.993
6056	4402	1	0.93
8356	218	1	0.812
5674	3955	1	0.807
6035	7637	1	0.862
4285	7397	1	0.909
4027	1184	1	0.917
1106	7719	1	0.994
8964	8132	1	0.96
9294	3656	1	0.833
1647	2073	1	0.802
8799	605	1	0.977
9922	1471	1	0.839
1003	3303	1	0.909
3239	4390	1	0.964
7835	9544	1	0.882
3848	2517	1	0.976
5518	897	1	0.819
928	1258	1	0.826
1720	644	1	0.94
4366	524	1	0.934
2944	2485	1	0.917
8120	1763	1	0.811
6944	4709	1	0.99
1634	6211	1	0.926
5344	8267	1	0.907
4209	1924	1	0.942
3834	4895	1	0.953
6032	2179	1	0.955
1493	8368	0	0.000256
4658	7013	1	0.84
4368	485	0	0.000452
7082	5845	1	0.839
374	7397	1	0.882
1942	9211	1	0.899
8574	2439	1	0.977
2286	9305	1	0.864
2525	305	1	0.812
9278	2934	1	0.977
8899	8212	1	0.814
8529	3425	1	0.84
7324	1193	1	0.977
6008	4465	0	0.000301
2202	4254	1	0.876
6218	6103	1	0.906
9060	9062	1	0.839
1399	3290	1	0.994
6369	7408	1	0.854
9465	3899	1	0.932
5271	9759	1	0.951
4608	4064	1	0.882
6548	7582	1	0.998
8177	6605	1	0.909
6590	970	1	0.938
7251	1832	1	0.998
2252	1289	0	0.000328
3024	2665	1	0.883
9836	8021	1	0.947
487	1257	1	0.912
2861	5000	1	0.867
8881	3734	1	0.979
6812	5879	1	0.92
4412	8614	1	0.889
6121	8201	1	0.826
2201	7018	1	0.814
5043	4939	0	0.000379
169	302	1	0.811
2713	7423	1	0.864
8994	817	0	0.00027
4940	1606	1	0.894
9597	8553	1	0.896
1660	4118	1	0.859
1472	9948	1	0.918
7020	238	0	0.000163
1904	6713	1	0.811
4879	7770	1	0.8
690	8939	1	0.88
1597	1985	1	0.805
9124	8439	1	0.938
1900	6583	0	0.000219
6043	7970	1	0.936
5723	8256	1	0.897
6793	4201	1	0.872
6935	5611	0	0.000309
8040	8139	1	0.858
177	8926	0	0.000443
114	8210	1	0.866
854	9381	0	0.000278
4960	1239	1	0.854
2149	3729	1	0.827
5358	6721	0	0.000173
9418	2878	1	0.878
7781	100	1	0.899
2855	3550	1	0.851
8645	9265	1	0.932
4181	9232	1	0.958
4559	1341	1	0.909
9983	3472	1	0.854
6172	9794	1	0.909
8930	8875	1	0.82
5219	2862	1	0.996
8491	8209	1	0.859
1397	2745	1	0.809
6265	2435	1	0.816
7860	1073	1	0.942
7216	6616	1	0.975
9317	6094	1	0.856
479	693	1	0.903
8386	9059	1	0.861
6330	5409	1	0.861
6054	403	1	0.871
1314	8166	1	0.879
3424	973	0	0.000506
8558	8466	1	0.879
4344	1777	1	0.896
2831	3936	1	0.972
1371	7337	1	0.96
5626	3304	1	0.833
4831	8349	1	0.862
9226	3075	0	0.000349
746	9050	0	9.83e-05
4934	8891	1	0.896
7805	1882	1	0.889
2413	6660	1	0.968
4825	2655	1	0.99
6218	9946	1	0.805
2669	1502	1	0.804
9732	1318	1	0.96
2684	3018	1	0.828
4025	8325	1	0.939
5013	8452	1	0.813
5989	1891	1	0.847
9352	8703	1	0.937
3661	4798	1	0.99
2676	7505	1	0.927
3835	3698	1	0.89
6757	330	1	0.909
4235	6807	1	0.95
794	9609	0	0.00047
1749	730	1	0.924
5237	6964	1	0.992
193	1179	0	0.000154
1026	1093	1	0.905
6310	317	1	0.994
9828	7942	1	0.892
4070	7099	1	0.917
375	132	1	0.872
9453	7583	1	0.833
8078	5143	1	0.97
7114	8841	1	0.837
2287	5801	1	0.946
8110	4846	1	0.804
6704	7690	1	0.969
4030	4825	1	0.867
8614	6532	1	0.941
6640	7474	1	0.949
3335	3773	1	0.89
7028	3744	0	0.000441
3457	6165	1	0.808
2176	346	1	0.862
9342	1253	1	0.804
8857	3329	1	0.844
5231	7019	1	0.995
6536	4256	1	0.992
5254	5674	1	0.859
4860	8102	1	0.854
2816	1025	1	0.939
3805	8518	1	0.802
7599	3837	0	0.000303
1571	643	1	0.979
1366	5941	1	0.979
8656	6282	1	0.829
2215	1841	0	8.8e-05
4951	130	1	0.836
3503	6198	1	0.989
3451	4825	1	0.836
8595	788	0	0.000491
360	8447	1	0.804
9484	2637	1	0.841
2989	8319	1	0.958
2340	709	1	0.867
9002	5310	1	0.884
6312	5025	1	0.812
2531	8975	1	0.856
6997	6449	1	0.917
741	2311	1	0.923
2893	2087	1	0.999
388	3343	1	0.917
1589	2869	0	0.00055
9229	5455	0	0.00057
6780	5594	1	0.88
8422	3656	1	0.911
3417	3578	1	0.954
4975	3203	1	0.849
9757	2376	0	0.000407
1285	6163	1	0.809
7022	1300	1	0.918
8411	4159	1	0.998
6008	3744	1	0.974
7037	3205	1	0.948
884	7494	1	0.997
8386	8280	1	0.947
8465	1207	1	0.952
6805	2656	1	0.951
3586	9396	1	0.988
5157	2547	1	0.967
8629	9474	1	0.864
9914	5576	1	0.818
6806	8089	1	0.917
8344	6002	1	0.974
7876	9798	1	0.922
4747	1719	0	0.00036
5542	1574	1	0.904
4548	4451	1	1
6344	2380	1	0.839
9537	2610	1	0.873
6518	4218	0	0.000234
6819	1614	1	0.819
5615	2195	1	0.891
8913	7610	1	0.938
2156	6168	1	0.971
2917	92	1	0.974
5215	1502	1	0.99
7562	3906	0	0.000497
2232	1053	1	0.949
7067	6600	1	0.863
1392	877	1	0.93
7573	4611	0	0.000265
7175	3186	1	0.962
2253	8218	1	0.916
9270	7699	1	0.959
7391	9229	1	0.932
3655	2660	0	9.68e-05
4647	4605	1	0.824
964	9052	1	0.803
6066	7761	1	0.984
6862	7494	1	0.958
9441	7361	1	0.971
133	2019	1	0.986
4760	1546	1	0.824
6509	7830	0	0.000448
4583	6147	1	0.933
4360	5821	1	0.845
2917	9404	1	0.95
8509	9418	1	0.843
2737	7506	1	0.91
7899	9134	1	0.996
2875	795	1	0.813
8912	9205	0	0.000175
163	5941	1	0.907
8778	327	1	0.864
8030	3944	1	0.931
1357	5218	1	0.896
6685	7217	1	0.855
7662	3041	1	0.817
1192	6060	1	0.967
3934	486	1	0.942
7317	4258	1	0.818
4644	6124	1	0.932
1290	5756	1	0.833
7193	117	1	0.88
6379	7588	0	0.000312
7253	1744	1	0.878
739	8831	1	0.802
4881	7324	1	0.999
8464	4827	1	0.846
8851	2274	1	0.984
7204	2848	1	0.812
6671	5576	1	0.95
7351	2535	1	0.824
696	1688	1	0.865
5510	9847	1	0.878
4176	4793	1	0.853
8130	7221	1	0.859
413	1846	1	0.867
1744	9114	1	0.904
4916	1776	0	0.000568
3862	6230	1	0.82
43	3822	1	0.818
5157	5072	1	0.87
7100	7150	1	0.837
5931	5851	1	0.838
8023	1876	0	0.00017
314	6319	1	0.968
1063	2407	1	0.958
2093	869	1	0.989
1144	5504	1	0.817
4792	7609	1	0.854
2947	932	1	0.901
7995	9054	1	0.981
6281	5172	1	0.894
3578	6811	1	0.819
75	468	0	0.000407
5302	8293	1	0.879
6025	4846	1	0.836
2335	8336	1	0.856
620	346	1	0.952
8778	803	1	0.893
6090	836	1	0.979
2276	8808	0	0.000345
8003	2824	1	0.801
8890	7381	1	0.907
1158	1326	1	0.974
759	8371	1	0.81
9052	9105	1	0.848
1984	8443	1	0.901
2131	7748	1	0.888
65	3476	1	0.943
4303	694	1	0.826
7981	4397	1	0.996
2299	8891	1	0.817
3541	7396	1	0.861
3941	119	1	0.915
6920	4888	1	0.834
74	0	0	0.000589
3890	9675	1	0.863
9200	6532	1	0.805
5600	1261	1	0.973
2620	738	1	0.979
706	5652	1	0.938
1383	2544	1	0.917
2172	9188	1	0.995
4060	613	1	0.961
1210	4065	1	0.952
6047	1777	1	0.809
2989	2272	1	0.915
1208	3378	0	0.00036
7259	2555	1	0.935
1194	741	0	0.000585
9360	2427	0	0.000127
8976	7613	1	0.801
6368	6986	1	0.917
468	8109	1	0.906
6551	9582	1	0.953
4849	496	1	0.989
3908	7380	1	0.884
7700	786	1	0.946
158	439	1	0.968
7780	1534	1	0.826
9811	9555	1	0.896
5523	1756	1	0.931
2844	2999	1	0.824
4798	6445	0	0.000275
2348	4545	1	0.811
9756	4363	1	0.84
7819	1683	1	0.883
3461	2038	1	0.982
6019	6545	1	0.919
6753	5641	1	0.91
9803	5676	0	0.000427
3836	1915	1	0.804
1034	7114	1	0.815
6438	1483	1	0.967
5769	4097	1	0.883
1928	1740	0	0.000501
597	4883	1	0.938
1760	4289	1	0.845
335	9884	1	0.827
9239	5491	1	0.896
761	9248	0	0.000627
3839	1944	1	0.808
1828	9782	1	0.946
9720	4991	1	0.991
1094	9987	1	0.911
324	4797	1	0.813
1856	7327	1	0.836
7638	9851	1	0.992
5762	7427	0	0.00015
8323	5318	1	0.979
1563	3127	1	0.995
7462	7938	0	0.000245
1044	1506	1	0.816
3765	5620	1	0.95
6793	5152	1	0.854
4438	7767	1	0.882
5310	6984	1	0.999
3216	471	1	0.931
7610	9735	1	0.803
5575	6884	1	0.804
3582	7930	1	0.912
89	3215	1	0.932
9468	7710	1	0.911
9102	7944	1	0.999
8432	23	1	0.912
3042	8961	1	0.806
7193	9082	1	0.94
7838	6291	0	0.000607
4970	8015	1	0.946
6900	8944	1	0.812
2388	7496	1	0.961
3665	6653	1	0.983
8618	751	1	0.997
7983	8108	0	0.00019
4451	7502	0	9.15e-05
8383	7210	1	0.915
7284	9222	1	0.945
2779	6036	1	0.873
8694	6294	1	0.959
3808	6480	0	0.000245
4974	1335	1	0.817
6	8279	1	0.96
5640	9092	1	0.944
262	2178	1	0.907
6897	9854	1	0.975
4382	6505	0	0.000551
8880	6073	1	0.908
6498	5931	1	0.891
7006	6828	1	0.942
9120	8737	1	0.941
3422	7581	1	0.889
1486	7446	0	0.000157
3795	9982	1	0.996
154	7960	1	0.992
2592	9300	1	0.985
6644	4473	1	0.943
1454	9860	1	0.835
1812	2459	0	0.000398
6107	9389	1	0.969
174	1502	1	0.884
6607	9684	1	0.984
7886	7020	1	0.817
9763	2127	1	0.988
7511	4612	1	0.874
1377	5833	1	0.932
3090	3200	1	0.851
7522	5988	1	0.806
9150	2094	1	0.897
1122	6952	1	0.959
8166	7650	0	0.000553
5313	9303	0	0.000403
4951	8671	1	0.918
3546	7970	0	0.000234
9391	415	1	0.827
1807	4566	0	0.000222
3443	4246	1	0.912
3441	3790	1	0.879
9591	5261	1	0.98
4529	8514	0	0.000204
2365	8971	1	0.908
590	8448	0	0.000316
6873	2431	1	0.878
6432	588	1	0.822
8873	6549	1	0.84
7279	661	1	0.805
6244	9886	1	0.876
5306	2848	1	0.967
8249	8150	1	0.909
9225	1916	1	0.804
2869	1168	1	0.802
7584	9515	0	0.000588
5553	6966	1	0.808
7480	7660	0	0.0003
724	924	1	0.809
4158	2022	1	0.944
9489	978	1	0.933
7581	1810	1	0.944
9825	9026	1	0.918
3637	3202	1	0.93
891	1900	1	0.91
9296	1165	1	0.815
5617	329	1	0.903
4887	4383	1	0.889
1858	5220	1	0.856
2443	6520	1	0.944
376	2475	1	0.827
5923	586	1	0.917
7292	5828	1	0.868
8509	7819	1	0.962
2970	1883	1	0.825
337	2779	1	0.907
9457	2534	1	0.938
7504	3456	1	0.911
4694	5066	1	0.969
8419	6729	1	0.815
6780	9181	1	0.899
4547	6358	1	0.888
9004	9087	1	0.947
4232	7631	1	0.849
1869	1166	1	0.914
4607	3102	1	0.883
7746	4531	1	0.827
9221	8526	1	0.964
2653	6409	1	0.994
1952	536	0	0.000538
3408	7579	1	0.858
4114	4993	1	0.832
1647	3995	1	0.822
5608	3627	1	0.906
9758	1285	1	0.898
4485	3879	0	0.000486
9906	2444	0	0.000527
6066	7942	1	0.881
7794	2466	1	0.866
3537	2814	1	0.917
4418	8997	1	0.804
7278	6956	1	0.842
8222	902	1	0.845
3027	4174	1	0.855
4341	8280	1	0.852
2309	9793	1	0.947
9737	3532	1	0.803
9076	5016	1	0.917
4134	120	1	0.908
4436	5360	1	0.824
2298	4189	1	0.857
3846	5771	1	0.837
1697	5424	1	0.838
5594	7661	1	0.979
3508	862	0	0.00017
3326	7249	1	0.95
2957	8255	0	0.000285
5727	4884	1	0.887
6677	2778	1	0.841
5644	4445	0	0.000637
6977	9469	1	0.916
7099	1234	1	0.833
9487	3868	1	0.8
8830	1545	1	0.947
6014	573	0	0.000248
6141	4338	1	0.935
9355	3741	1	0.846
629	7077	1	0.821
6413	958	0	0.00053
3950	3417	0	0.000332
461	3254	1	0.902
8395	4898	1	0.997
6131	2789	0	0.00034
7777	8043	0	0.000284
6669	4996	1	0.944
9012	2115	1	0.845
2511	9536	0	0.000317
4472	2907	1	0.813
8321	7913	1	0.897
9703	4780	0	0.00043
1522	5313	1	0.959
1288	3330	1	0.817
8197	6678	1	0.806
4287	6137	1	0.879
6988	2150	0	0.000214
2838	9475	1	0.977
7218	2347	0	0.000513
7247	28	1	0.876
7355	614	1	0.987
1930	2906	1	0.994
8600	6955	1	0.976
5589	2625	1	0.879
5783	5752	0	0.000176
6102	7241	0	0.000567
7008	2410	1	0.901
8837	8839	1	0.812
370	8955	1	0.811
1592	271	1	0.86
5387	4263	1	0.894
3522	5866	1	0.875
8822	5761	1	0.977
6580	1575	1	0.955
2218	7552	0	0.000406
8451	7749	1	0.864
865	8012	1	0.984
734	5353	1	0.977
4737	8824	1	0.997
8424	9025	1	0.884
41	3546	1	0.85
5782	9227	0	0.00029
8994	1255	1	0.966
4581	9826	1	0.932
837	5976	1	0.885
1365	8362	1	0.911
9517	8917	1	0.86
7215	6463	1	0.949
8410	1722	1	0.852
9405	9510	0	0.000108
1340	1733	1	0.999
3508	5884	1	0.936
8712	5479	0	0.00018
2209	3494	1	0.91
2988	4978	1	0.914
799	975	1	0.91
9012	173	1	0.938
8969	8185	1	0.802
6175	8165	1	0.92
8102	3607	1	0.982
959	3118	1	0.852
9297	6135	1	0.956
504	2992	0	0.000558
7983	6773	1	0.845
9988	7543	1	0.931
4351	8699	1	0.888
6104	5447	1	0.866
4305	1692	1	0.982
2658	1664	0	0.000359
9138	6235	1	0.949
3642	691	1	0.814
3030	1530	1	0.998
1066	9962	1	0.836
5172	4381	1	0.825
6430	5641	1	0.907
9135	3860	1	0.863
6398	4759	1	0.959
1438	4111	1	0.988
1752	857	1	0.803
3030	474	1	0.939
6279	3954	1	0.983
8685	430	1	0.886
7567	9027	1	0.897
7748	4802	1	0.834
1188	9771	1	0.957
3845	8393	1	0.856
9491	2199	1	0.839
9941	9440	1	0.84
9795	144	1	0.884
5762	1065	1	0.846
6159	907	1	0.978
178	2947	0	0.000129
8628	4941	1	0.812
5225	6082	1	0.812
6349	3986	1	0.863
5865	2067	0	0.000525
4537	651	0	0.000343
7432	1264	1	0.842
9181	295	1	0.835
7587	495	1	0.869
3411	2632	1	0.84
2910	7453	1	0.955
8051	4159	1	0.848
5573	1738	1	0.857
5918	438	1	0.938
9817	8008	1	0.918
5814	636	1	0.973
9646	6291	1	0.927
2618	5755	1	0.908
7930	7331	1	0.87
9884	1453	1	0.849
4040	9313	1	0.934
1793	4876	1	0.868
7945	5434	1	0.911
9051	3354	1	0.908
6518	3422	1	0.847
6440	2416	1	0.994
3011	6705	1	0.939
1598	9311	1	0.999
7104	3237	1	0.809
5459	11	1	0.96
4235	1874	1	0.964
9855	2849	1	0.801
478	1301	1	0.847
316	1740	1	0.85
3045	7130	1	0.898
1330	1016	1	0.839
9993	7895	1	0.875
209	9633	1	0.839
9006	7148	1	0.856
528	4962	1	0.821
8285	7957	1	0.853
8245	7846	1	0.963
890	9772	1	0.978
3860	8216	1	0.841
5049	8539	1	0.867
7874	1189	1	0.904
7948	7049	0	0.000212
819	8124	0	9.83e-05
5871	2655	1	0.932
6831	5687	1	0.811
6543	3079	0	0.000522
9983	8448	1	0.804
3884	1003	1	0.929
4505	9084	1	0.985
1341	4596	1	0.922
9503	6552	1	0.833
7032	3805	1	0.896
1177	4593	0	0.000624
2	2239	1	0.915
9485	4019	1	0.889
1734	739	1	0.906
5559	6182	1	0.811
3678	9735	1	0.876
4650	7225	1	0.847
223	8146	1	0.831
9835	5396	1	0.843
2018	2986	1	0.945
1595	429	1	0.807
4067	7538	1	0.84
8991	6104	1	0.924
8591	2764	1	0.896
9032	6203	1	0.848
3692	5015	1	0.817
8578	1372	1	0.945
4937	4637	1	0.922
8335	4893	1	0.933
5487	195	1	0.968
1069	1080	0	0.000317
3158	5251	1	0.872
350	3678	1	0.844
7345	6859	1	0.882
8788	5982	1	0.926
580	8203	1	0.855
4913	3655	0	0.000486
9266	8150	1	0.992
4777	9442	0	0.000254
3893	9987	1	0.835
8232	3254	1	0.87
7079	8492	1	0.951
8969	6318	1	0.83
3313	6915	1	0.894
499	7617	1	0.944
5968	5741	1	0.867
2462	9674	1	0.942
2278	9994	1	0.972
7197	5039	0	0.000193
6225	8462	1	0.923
8894	8088	1	0.878
9924	8263	1	0.858
4785	1008	1	0.812
3110	4829	1	0.816
1831	6607	1	0.916
4903	6813	1	0.811
6491	4093	1	0.822
6753	1354	1	0.899
7419	8459	1	0.824
2047	9960	1	0.854
5686	8825	0	0.000476
8531	5281	1	0.839
284	1136	1	0.94
7020	6142	1	0.827
5728	5726	1	0.877
2792	1801	1	0.926
7134	5675	0	0.000511
5176	1778	1	0.831
706	5718	1	0.954
1215	414	1	0.875
1237	339	0	0.000327
627	892	0	0.00058
3448	7375	1	0.916
3540	356	1	0.966
8589	369	1	0.932
7161	1693	0	0.000385
7803	8145	0	0.000488
9643	858	1	0.988
7042	1993	1	0.954
5367	6029	1	0.857
5003	4101	0	0.000538
5958	7885	1	0.967
7599	6738	1	0.88
7947	7650	1	0.953
5407	9730	1	0.905
6828	8827	1	0.924
2557	2064	1	0.911
8033	3398	1	0.877
4675	1701	1	0.975
7298	5413	1	0.989
6613	6364	0	0.000332
3693	9601	1	0.859
2855	8579	1	0.979
1535	6456	1	0.937
902	4711	0	0.000363
7627	3448	1	0.92
7663	8331	1	0.81
2921	7195	1	0.854
1511	4522	1	0.814
2839	4852	1	0.847
6635	6576	1	0.874
9561	6818	1	0.949
5538	2595	1	0.923
4108	8983	0	0.000265
3777	5843	1	0.952
5690	9920	1	0.999
1221	9911	1	0.924
4771	3689	1	0.986
2213	2967	1	0.946
3014	159	1	0.944
5499	1253	1	0.925
6949	6952	0	0.000223
7222	564	1	0.813
3792	2939	1	0.9
6013	8062	1	0.935
810	5274	1	0.873
5270	9552	1	0.823
7248	1490	0	0.000112
3747	9999	0	0.000266
9507	7621	0	0.00034
3483	2221	1	0.962
7106	3535	1	0.923
2020	9083	1	0.971
7732	7716	1	0.883
1493	8880	1	0.914
8081	1843	1	0.846
1727	3871	1	0.965
5307	7269	1	0.824
7451	6276	1	0.838
5419	3334	1	0.863
140	363	1	0.955
3662	2314	0	0.00042
385	8082	0	0.000308
8966	7108	1	0.989
8225	9868	1	0.984
9624	932	1	0.925
5463	1617	1	0.988
5134	6942	1	0.85
2851	1698	1	0.895
6769	2447	1	0.809
8728	9381	0	0.000231
2577	5996	1	0.908
2457	8820	1	0.804
832	8972	1	0.931
9864	8429	1	0.946
8904	7602	1	0.91
9726	1090	1	0.817
4997	4213	1	0.952
5161	1935	1	0.871
2076	6001	0	0.000352
9068	6151	1	0.918
4779	3833	0	0.000618
9638	8105	1	0.916
6401	6980	1	0.9
5581	4263	1	0.891
6270	867	1	0.862
5591	8938	1	0.825
257	1796	1	0.832
5709	3343	1	0.984
3869	9305	1	0.904
5387	3629	1	0.828
5548	7480	1	0.946
2178	9853	1	0.856
3077	1175	1	0.967
9959	2734	1	0.851
731	1745	1	0.967
6018	54	1	0.979
6099	3239	1	0.98
8330	4956	1	0.895
5350	4671	1	0.982
6074	6104	1	0.886
5616	9825	1	0.847
2089	9078	1	0.816
8164	2907	1	0.803
5216	4567	1	0.954
4171	2145	1	0.87
8346	2408	1	0.935
30	5486	1	0.937
3671	7789	1	0.996
8842	7413	1	0.933
1021	9854	1	0.908
2519	6376	1	0.932
382	8966	0	0.000611
3056	6989	1	0.993
1063	415	0	0.000626
6875	3683	1	0.987
3277	6233	1	0.939
9019	5380	1	0.87
7237	8920	1	0.918
2149	1971	0	0.000407
7484	5578	1	0.956
8670	3486	1	0.851
8696	4595	0	0.000483
5186	5860	1	0.965
5260	299	1	0.928
2326	8931	1	0.857
9906	5076	1	0.918
3940	3185	1	0.813
45	3632	1	0.812
5632	5316	1	0.949
5434	1594	1	0.804
8461	3028	1	0.869
3179	3221	0	0.0005
1881	3651	1	0.902
1672	9188	0	0.000288
1213	9640	1	0.808
6055	3124	1	0.908
1730	779	0	0.000571
9404	1878	1	0.855
296	4100	1	0.8
2343	2516	0	0.000243
3003	9098	1	0.838
245	2819	1	0.934
5439	1070	1	0.801
765	8797	1	0.969
8696	6947	1	0.947
519	2410	1	0.909
5417	8800	1	0.843
7955	9930	1	0.889
1872	4914	1	0.948
2152	5531	1	0.801
4193	8708	1	0.947
1673	7860	1	0.844
5004	2365	1	0.825
2860	6404	1	0.971
925	9708	1	0.974
3001	3678	1	0.9
9172	6932	1	0.917
5821	4003	1	0.814
317	9357	1	0.957
2339	5131	1	0.886
8508	790	1	0.909
9802	9016	1	0.918
4840	3141	1	0.865
9618	7903	1	0.84
5837	9793	1	0.906
5264	152	1	0.996
5529	8704	1	0.929
457	6303	1	0.929
8317	3909	0	0.000126
8111	9845	1	0.901
8900	9470	0	0.000504
3734	8545	0	0.000472
726	4150	1	0.991
1152	5195	1	0.833
7631	7281	1	0.886
4950	93	1	0.946
8375	8222	1	0.914
1863	6884	1	0.882
6424	6895	0	0.000328
9900	2505	1	0.978
9555	6717	1	0.857
2596	7267	1	0.885
7593	4866	1	0.979
2951	4239	1	0.937
4114	2009	1	0.879
8694	6403	1	0.964
7788	6584	0	0.000166
2555	7428	0	0.000285
8793	5310	1	0.883
8454	7653	0	0.000135
4571	4118	1	0.854
247	3763	1	0.925
2302	4108	1	0.916
3010	4650	1	0.898
1256	2681	1	0.805
4007	2094	1	0.903
5433	2644	1	0.838
4281	9478	0	0.000573
3550	5441	1	0.893
7815	9645	1	0.901
5606	7549	1	0.863
6156	3166	1	0.898
2066	7606	1	0.826
8882	8586	1	0.882
9291	2012	1	0.999
1018	7528	1	0.959
42	4204	1	0.885
3154	7402	1	0.979
4309	4803	1	0.921
9824	7027	1	0.935
1125	1948	1	0.896
5703	7307	0	0.000411
7480	4221	1	0.92
9996	7879	1	0.959
4357	7655	1	1
5224	3088	1	0.895
3122	7104	0	0.000337
2328	6742	1	0.984
6105	1105	0	0.000284
2233	7848	1	0.991
8280	8690	0	0.000511
6119	7262	1	0.93
7082	2461	1	0.842
209	483	1	0.823
4598	3546	1	0.808
6809	5883	1	0.859
126	5690	1	0.823
8253	3498	1	0.913
1519	9242	1	0.999
2604	7505	1	0.844
8275	9171	1	0.877
4273	1006	1	0.871
8990	5663	1	0.955
6646	1267	0	0.000568
1213	5659	1	0.904
144	1871	1	0.942
7229	196	1	0.976
3900	5513	1	0.945
432	4043	0	0.000347
8936	6917	1	0.896
825	6132	1	0.97
2329	1503	0	0.000284
9252	2816	1	0.825
5531	1106	1	0.972
7952	9396	1	0.965
1837	5330	1	0.993
2827	9997	0	0.000509
3139	1946	1	0.96
8421	1726	0	0.00022
9130	7627	1	0.831
6821	1644	1	0.852
6860	8924	1	0.933
6506	1512	0	0.000491
9838	2396	1	0.995
3216	4422	1	0.805
1587	7849	1	0.801
4041	1130	1	0.954
2475	2311	1	0.992
6732	332	1	0.917
1908	944	0	0.000201
8972	5987	0	0.000379
2872	3069	1	0.95
9711	4697	1	0.915
41	5700	1	0.913
5969	7821	1	0.876
4879	2163	1	0.926
7301	9982	1	0.807
8792	3410	1	0.938
8658	30	1	0.826
6084	3380	1	0.98
2762	4799	1	0.99
2414	4618	1	0.837
2609	3665	1	0.801
9831	348	1	0.986
8629	6904	1	0.988
2657	4593	1	0.813
5809	9846	1	0.866
2024	8230	1	0.978
8428	8232	1	0.867
6875	2937	1	0.903
6444	7098	1	0.8
1086	1335	1	0.909
8681	6144	1	0.912
6793	792	1	0.844
1809	6026	1	0.815
2121	6051	1	0.819
8512	1608	1	0.881
5353	3519	0	0.000343
986	767	1	0.858
7611	3125	1	1
9711	7630	1	0.801
159	5221	1	0.866
9833	9325	1	0.814
3346	842	0	0.000597
1181	8964	1	0.864
3564	7722	0	0.000292
3532	66	1	0.922
8829	7591	1	0.959
5070	2954	1	0.871
1298	2544	1	0.996
2198	7367	1	0.974
3075	2049	0	0.000392
3046	7731	1	0.854
3054	6850	1	0.901
3765	4025	1	0.841
4893	1075	1	0.805
1049	1922	1	0.968
75	4067	1	0.82
2143	8578	1	0.831
3070	188	1	0.985
563	3234	1	0.834
1467	1311	0	0.000274
3349	361	1	0.889
7013	9419	1	0.868
9304	793	1	0.886
257	5460	1	0.905
9870	2291	0	0.000335
2631	8148	1	0.805
3165	7036	1	0.806
670	1784	1	0.944
5000	2254	1	0.971
6414	2517	1	0.995
1728	336	1	0.813
7347	4092	0	0.000268
1632	4847	1	0.933
5073	5057	1	0.918
9256	1616	1	0.997
3809	3305	1	0.961
8773	7715	1	0.835
3171	2459	1	0.992
1014	3524	0	0.000554
7421	771	1	0.814
8994	7769	1	0.9
4657	9593	1	0.938
121	9391	1	0.983
248	3379	1	0.976
2567	6336	1	0.808
6822	7023	1	0.989
364	5227	1	0.918
2548	622	1	0.863
7240	5528	1	0.907
4075	3788	1	0.811
1852	7373	1	0.953
5727	771	1	0.915
3138	7367	1	0.915
3592	7732	1	0.806
6419	6514	0	0.000139
3977	7052	1	0.925
520	2953	0	0.000438
9912	5761	1	0.895
5970	8463	0	0.000588
9537	4086	0	0.000245
7819	6678	1	0.965
4672	6015	1	0.934
9782	6326	1	0.846
2114	9451	0	0.000134
9242	8686	1	0.83
3850	3761	1	0.991
1815	349	1	0.829
4230	2827	1	0.88
7077	636	1	0.807
2560	3745	1	0.994
3521	7571	1	0.802
1575	2051	1	0.929
1389	2289	1	0.895
852	8324	1	0.853
1789	6768	1	0.931
8512	4229	0	9.74e-05
656	1674	1	0.808
5505	2062	1	0.814
1072	711	0	0.000416
626	6625	1	0.884
1006	285	1	0.824
6827	9536	1	0.954
8054	9443	0	0.000385
2822	4224	1	0.917
5482	4724	1	0.836
3486	1079	1	0.866
7281	3397	1	0.867
1621	4882	1	0.949
8877	4562	1	0.874
9457	3357	1	0.971
8030	3917	0	0.000501
798	459	1	0.926
6631	6289	1	0.898
927	2564	1	0.813
4414	9111	1	0.968
6971	4266	1	0.956
7732	4075	1	0.88
8832	6587	1	0.837
5960	4358	1	0.943
9816	2453	1	0.865
6836	5938	1	0.898
9550	7274	1	0.835
4686	2386	1	0.976
8975	9069	1	0.819
7039	3019	0	0.000304
9205	4245	1	0.83
5681	8493	1	0.835
1978	6523	1	0.855
1398	3860	1	0.939
9834	7186	1	0.893
6677	4962	1	0.858
9178	2168	1	0.971
5818	2893	0	0.000117
5375	2641	1	0.805
2726	206	1	0.838
7714	7871	1	0.869
2997	1650	1	0.963
5645	509	1	0.955
9995	7044	1	0.911
364	6834	1	0.87
3007	9403	1	0.954
255	4857	1	0.965
5413	148	1	0.962
2785	9448	0	0.000214
1665	973	1	0.802
1917	9854	0	0.000506
9739	5052	1	0.882
4761	1538	1	0.806
8839	3453	1	0.851
8383	578	1	0.902
9405	9300	1	0.954
9779	3811	1	0.866
5954	2695	1	0.902
8298	4606	1	0.814
3623	1450	0	0.000195
9081	3383	1	0.959
6996	4412	1	0.927
3804	4670	1	0.825
4928	5786	1	0.953
1935	9634	1	0.891
2152	8870	0	0.000419
3557	6195	1	0.897
3191	4605	1	0.803
788	4330	1	0.878
3863	3972	1	0.904
8905	1329	1	0.944
5133	4373	1	0.828
869	5087	1	0.947
8079	1030	1	0.984
3877	3761	0	0.000329
4316	6533	1	0.812
7153	6440	1	0.86
1133	9449	1	0.88
3005	8191	1	0.99
7517	9639	1	0.961
2211	60	1	0.872
2237	5545	1	0.896
4230	8269	1	0.984
8307	4067	1	0.804
7860	4130	1	0.943
8586	3127	1	0.827
7643	8615	0	0.000585
1878	3007	1	0.885
4157	2109	0	0.000243
9870	4744	1	0.884
7474	1900	1	0.894
3239	3746	1	0.982
1397	4500	1	0.924
7938	5483	1	0.917
6260	7976	1	0.82
2997	9353	1	0.845
4404	3212	1	0.809
5417	5321	1	0.873
8132	3532	1	0.921
44	6540	1	0.807
141	4445	1	0.884
4043	6146	1	0.908
8004	2501	1	0.841
884	2731	1	0.804
3598	2659	1	0.906
8525	4801	1	0.939
4093	7251	1	0.862
5795	484	1	0.952
8702	1001	1	0.919
1802	8954	1	0.99
8043	7154	1	0.946
6699	4225	1	0.847
8259	9976	1	0.85
8265	8625	1	0.83
4297	7847	1	0.895
1703	2134	1	0.946
1912	2057	0	0.000383
588	3012	1	0.944
7593	459	0	0.000363
1921	2823	1	0.843
9680	3408	1	0.899
1663	7977	1	0.819
3155	9446	0	0.000416
1995	1208	1	0.809
8490	2318	1	0.823
8708	7717	1	0.804
8164	6094	1	0.825
4103	7561	1	0.979
5197	8767	1	0.894
9010	4261	1	0.856
9487	6607	1	0.967
7260	1562	1	0.805
5310	6250	1	0.973
352	5326	1	0.988
1266	7678	1	0.929
3698	3071	0	0.000628
2960	8545	1	0.947
9776	8892	1	0.842
4145	1845	1	0.831
5431	4684	1	0.876
3139	2670	1	0.84
9441	3878	1	0.829
6044	6837	0	0.000465
8945	2222	1	0.934
6159	1600	1	0.84
892	8436	1	0.974
6379	8501	1	0.992
7580	961	1	0.884
206	4733	1	0.825
3064	7916	1	0.848
8708	2656	1	0.927
1176	7524	1	0.904
5282	6583	1	0.904
3351	2073	1	0.974
9222	7419	1	0.808
3498	3235	1	0.826
7983	598	1	0.906
6129	8748	1	0.968
1144	659	1	0.805
4670	8885	1	0.845
7910	2171	1	0.967
1919	1105	1	0.921
4901	7126	1	0.989
2069	4152	1	0.822
7476	6370	1	0.803
2248	712	1	0.934
7914	3512	1	0.814
6526	811	1	0.991
195	9660	1	0.966
5309	9572	1	0.962
9837	8424	1	0.864
4162	8236	1	0.963
954	734	1	0.982
5185	7356	0	0.000613
3717	5812	1	0.849
9781	6410	1	0.87
707	6360	1	0.817
8292	2407	1	0.912
5991	8199	1	0.856
4218	8945	1	0.96
1262	1686	1	0.928
1112	1476	1	0.942
147	6217	1	0.805
9432	7530	1	0.829
5665	6082	1	0.873
909	1248	1	0.851
3239	5616	1	0.836
2600	998	1	0.97
6855	4963	0	0.000279
2816	725	1	0.861
1804	9629	1	0.871
2804	7724	1	0.841
35	4319	1	0.872
3158	1168	1	0.956
100	953	1	0.855
1545	4431	1	0.877
3119	4710	0	0.000513
6152	6948	1	0.897
1119	5425	0	0.000306
3649	4624	1	0.904
9028	617	0	0.000284
7900	2478	1	0.946
7092	8007	1	0.94
7373	4073	1	0.861
5788	6359	1	0.972
7187	7183	1	0.831
8167	6185	1	0.926
3412	75	0	0.000578
6970	199	1	0.859
7082	204	0	0.00045
6414	9293	1	0.865
4361	9410	1	0.85
2919	867	1	0.846
1655	6153	1	0.972
7624	8076	1	0.886
3292	2241	1	0.92
5516	3005	0	0.000523
7679	3143	1	0.873
139	2671	1	0.987
7033	4660	1	0.95
4305	8000	0	0.000368
2459	6713	0	0.000238
9664	384	1	0.972
5180	4366	1	0.852
3394	8936	1	0.864
429	8415	1	0.802
7120	7122	1	0.931
6635	7336	1	0.89
5727	7315	1	0.836
6478	8768	1	0.975
1009	7428	0	0.00013
3767	9727	1	0.927
4556	1402	0	0.000125
3442	2896	0	0.000499
760	8531	1	0.869
2513	4659	1	0.994
2566	9466	1	0.884
9733	9596	1	0.855
9101	8740	1	0.874
3512	9435	1	0.88
5604	68	1	0.88
184	9235	1	0.965
6011	3380	1	0.901
2634	7335	1	0.883
5669	1315	0	0.000254
9164	8757	1	0.902
6097	2440	1	0.882
8052	1407	1	0.957
5567	7937	0	0.000272
8502	911	1	0.925
1127	84	1	0.87
7315	1180	1	0.911
2103	9475	0	0.000321
1667	7338	1	0.811
7593	2861	1	0.898
4560	2140	1	0.944
5824	924	1	0.975
8993	7708	1	0.913
6236	1738	1	0.801
5566	4937	1	0.852
3336	3971	0	0.000552
6871	8631	1	0.988
5348	7778	1	0.836
4949	2270	1	0.88
6424	1448	1	0.826
1434	5729	1	0.893
9102	6519	1	0.873
1509	102	1	0.88
8085	1844	1	0.994
5707	8002	1	0.88
851	9612	1	0.858
783	8658	1	0.902
3415	4113	1	0.92
7497	5454	1	0.836
3114	3242	1	0.98
8381	8276	1	0.801
7298	7738	0	0.000272
6684	161	1	0.919
1670	6918	1	0.985
7431	5775	1	0.924
1718	5327	1	0.857
7860	9910	1	0.967
6946	9426	1	0.936
6233	8705	1	0.919
4495	1343	0	0.000281
3057	7151	1	0.901
4764	8646	0	0.000222
3687	1916	1	0.909
8846	1747	1	0.825
1013	2887	1	0.822
7536	5774	1	0.858
8744	1758	1	0.972
2265	4348	1	0.812
468	2335	0	0.000243
8981	9432	1	0.95
902	5109	1	0.95
8329	1027	0	0.000495
8649	5721	1	0.968
627	7040	1	0.891
8430	3611	1	0.983
6733	2151	1	0.846
450	2822	1	0.95
8203	9019	1	0.859
9161	963	1	0.929
3105	6780	1	0.902
4201	2261	1	0.875
8456	1822	1	0.979
7065	3351	1	0.877
3269	860	1	0.83
4562	8938	0	0.000147
3825	4253	1	0.945
7884	8681	1	0.891
2421	7495	1	0.945
6950	9735	0	0.000398
9730	3188	1	0.931
3568	9931	1	0.853
1399	1287	0	0.000236
5334	2862	1	0.894
5203	9775	1	0.828
7819	958	1	0.953
1542	4876	1	0.829
1760	6683	1	0.814
5027	5065	1	0.944
6281	6309	1	0.971
1661	2412	1	0.877
2130	2674	1	0.849
2714	7807	1	0.975
9466	4647	1	1
1631	6579	1	0.812
6768	2133	1	0.924
1252	3845	1	0.868
7587	8373	1	0.869
5110	225	0	0.000584
2043	9432	1	0.876
2877	3772	1	0.92
5826	3462	1	0.936
1420	5666	1	0.856
8810	5016	0	0.000115
7498	1335	1	0.813
6220	6800	1	0.869
3945	5989	1	0.938
9335	2056	1	0.978
3660	6104	1	0.989
7811	7550	0	0.000526
9494	8130	1	0.903
2315	6375	1	0.853
9089	2040	1	0.932
9775	9706	1	0.826
3710	2770	1	0.932
9685	1735	1	0.863
9425	1395	1	0.967
4340	340	1	0.88
544	905	1	0.91
6547	9894	1	0.88
9134	8572	0	0.000139
1144	9419	0	0.000492
3747	5467	1	0.855
5209	731	1	0.953
6368	6714	1	0.859
2648	8438	1	0.884
1493	3325	1	0.831
7987	4077	0	0.000621
6013	4557	1	0.973
6217	9060	1	0.985
9903	6692	0	0.000206
7191	5480	1	0.972
7312	4997	1	0.83
9283	8438	1	0.923
3078	281	0	0.000158
9958	3116	1	0.855
814	5119	1	0.955
5798	926	1	0.937
2554	5676	0	0.00053
9652	9901	1	0.973
4103	1587	1	0.986
861	7572	1	0.997
6184	4038	1	0.974
2486	3565	1	0.999
4247	2985	1	0.844
9046	1114	1	0.853
3274	4708	1	0.887
1071	9667	1	0.908
3343	7895	1	0.817
3336	4396	1	0.839
8515	5189	0	0.000399
5166	6417	1	0.913
4530	9512	0	0.000576
2134	9379	0	0.000269
3650	6819	1	0.851
8653	6335	1	0.847
8422	6758	0	0.000172
5359	2168	1	0.99
1753	7438	1	0.827
3864	9897	1	0.847
4295	6777	1	0.949
3574	6604	1	0.807
3950	2199	1	0.831
353	8974	1	0.954
7977	3129	0	0.000613
5959	5556	0	9.57e-05
5006	7445	0	0.000406
3989	1009	1	0.948
5303	6895	1	0.925
9183	6048	1	0.904
6007	6409	1	0.871
1602	5291	1	0.859
6862	4254	1	0.919
2270	3984	0	0.000244
3337	3954	1	1
5530	1900	0	0.000257
9969	6151	1	0.894
4212	4211	1	0.835
5883	3048	1	0.921
1910	3931	1	0.986
3873	10	1	0.953
8535	9482	1	0.946
7793	3843	1	0.911
6030	9277	1	0.92
2372	4320	0	0.000226
4422	165	0	0.000223
7205	8741	1	0.809
4372	2571	1	0.926
9	9164	1	0.833
4054	2568	1	0.948
6266	752	1	0.805
6177	8505	1	0.923
8139	9106	0	0.000203
2266	1549	1	0.925
1658	107	1	0.988
9508	9700	1	0.822
1901	1446	1	0.835
2082	6125	1	0.887
8728	2698	1	0.816
6645	1381	1	0.93
6702	8028	1	0.806
7347	7561	1	0.911
3699	3107	1	0.887
6119	2853	0	0.000254
4316	7197	1	0.8
9091	7329	1	0.827
8300	500	1	0.804
8563	5796	1	0.931
7932	715	1	0.894
9535	474	0	0.000116
1001	33	1	0.812
8851	1883	1	0.927
4646	6460	1	0.97
7047	8157	1	0.912
2358	3094	1	0.913
3511	5686	1	0.918
346	4211	1	0.949
1108	8050	0	0.000224
1307	1145	1	0.933
8095	2951	1	0.842
2694	4564	0	0.000386
517	9214	1	0.899
3730	4677	1	0.998
3887	7662	1	0.851
1626	2469	0	0.000466
4584	5247	1	0.954
8373	5098	0	0.000265
7066	1635	0	0.000271
8324	9626	1	0.889
7562	980	1	0.844
7576	661	1	0.893
5190	8992	0	0.000206
7607	3851	1	0.846
3565	1985	1	0.845
6751	1180	1	0.913
7137	7185	1	0.988
5264	4843	1	0.914
5271	5727	1	0.97
5107	3931	1	0.945
7386	3950	1	0.824
3102	9291	1	0.969
2082	1435	1	0.92
4652	3987	0	0.000332
1373	6926	1	0.843
8772	7294	1	0.927
8365	9020	1	0.935
861	6526	1	0.827
4019	5862	1	0.85
3369	8802	1	0.843
7876	6069	1	0.875
918	7187	1	0.962
6943	8285	1	0.991
3426	1973	1	0.895
9265	2461	1	0.886
3567	9615	1	0.806
4805	7061	1	0.906
3786	569	1	0.843
8740	7467	0	0.000479
6704	7867	1	0.81
7605	4179	1	0.963
1134	9597	1	0.87
5268	4701	1	0.998
949	4326	1	0.848
6025	1544	1	0.843
5117	6156	1	0.979
7871	106	1	0.976
7666	6706	1	0.971
4710	4701	0	8.48e-05
3945	7206	1	0.866
4611	1553	1	0.997
2620	4982	1	0.865
6898	6750	1	0.959
7034	7857	1	0.893
9441	2578	0	0.00026
7368	3517	1	0.808
6186	2244	1	0.998
3399	8456	0	0.000623
2103	1309	1	0.887
8556	4908	1	0.811
7819	4996	1	0.972
3425	1246	1	0.973
5099	385	1	0.931
5802	2096	1	0.97
4495	738	0	0.000175
6141	2449	1	0.862
1304	4276	0	0.00062
6239	6808	1	0.974
2972	1596	1	0.865
6796	4806	1	0.84
3258	6688	1	0.828
7043	8242	1	0.906
8439	9	1	0.972
9379	495	0	0.000584
1038	6215	1	0.828
7902	5127	1	0.831
9712	3920	1	0.898
2471	7039	1	0.944
8702	9946	1	0.949
8883	6820	1	0.995
4840	494	1	0.917
457	3849	1	0.92
2010	9427	1	0.945
6452	8005	1	0.808
1186	2233	1	0.846
7112	6148	1	0.899
3083	4055	1	0.922
7579	1020	1	0.831
3570	1476	1	0.962
7860	6469	0	0.000351
7966	9068	1	0.967
9285	7286	1	0.804
4640	4235	1	0.909
5947	8165	1	0.954
2702	4087	0	0.000297
268	7648	1	0.833
3774	5864	1	0.933
5950	4474	1	0.866
3206	7579	1	0.927
3343	2204	1	0.946
7186	7197	1	0.961
5360	4464	1	0.861
3373	850	1	0.945
3741	5998	1	0.875
821	643	1	0.977
1241	15	1	0.888
1672	7757	0	9.3e-05
612	376	1	0.984
2976	7846	0	0.000316
144	7051	1	0.917
8814	6508	1	0.886
9991	1607	1	0.991
6730	3139	1	0.97
9893	445	0	0.000318
9856	475	1	0.903
1673	1242	1	0.935
4145	8280	1	0.914
7190	8512	1	0.963
7552	711	1	0.883
8386	5708	0	0.000511
9813	4450	1	0.827
6506	5370	1	0.888
7793	3992	1	0.92
8164	1187	1	0.969
1066	4981	1	0.923
144	543	1	0.947
3406	7609	1	0.859
9421	5158	1	0.886
8585	3704	1	0.815
9675	6667	1	0.809
2338	2306	0	0.000554
1185	3249	0	0.000454
5801	957	1	0.854
4036	7118	1	0.923
2683	8419	1	0.857
961	9528	1	0.916
6314	2162	1	0.874
3917	1007	0	0.00043
5090	9649	1	0.979
4046	5406	0	0.000384
6131	2045	1	0.968
685	2290	1	0.93
6770	3417	1	0.9
6768	5910	1	0.978
8910	1396	1	0.882
3168	449	1	0.804
8916	799	1	0.978
3842	7737	1	0.954
9149	9480	1	0.812
610	926	0	0.000387
2518	8583	1	0.829
8640	2057	1	0.864
2038	8720	1	0.968
5844	3358	1	0.865
7103	7711	1	0.933
4262	9342	1	0.993
7195	5906	1	0.961
8535	3841	1	0.84
920	2478	1	0.81
8172	9199	1	0.867
9595	5067	1	0.837
630	9847	0	0.000106
4200	1485	1	0.942
8900	1853	1	0.968
5712	7371	1	0.954
7759	1669	1	0.94
5718	964	1	0.995
4127	756	1	0.925
240	9116	1	0.981
3168	6047	0	0.000119
5678	5431	1	0.896
7335	2201	1	0.892
5105	8742	1	0.975
5784	7009	1	0.871
5926	3524	1	0.885
635	3329	1	0.956
6011	3115	1	0.967
6841	940	1	0.866
4588	1961	1	0.907
805	655	1	0.955
6383	2009	1	0.869
6364	1531	1	0.96
7720	8708	1	0.984
4362	7344	1	0.914
151	9421	1	0.904
7075	6921	1	0.866
5338	9582	1	0.856
968	204	1	0.823
5757	5925	0	9.83e-05
1	6772	1	0.826
7670	686	1	0.937
3425	5979	1	0.828
7622	5841	1	0.844
5469	3388	0	0.000101
1153	4358	1	0.833
5967	9566	1	0.895
3931	2645	1	0.989
1930	3689	1	0.889
5707	2474	1	0.978
9996	9472	1	0.915
3302	3305	1	0.803
6971	1063	1	0.935
8127	3659	1	0.829
5051	3147	1	0.895
2969	8925	1	0.911
9894	2720	1	0.854
713	674	1	0.916
8920	4691	1	0.93
8481	5433	1	0.873
1146	7756	1	0.925
596	7951	1	0.83
4237	4877	1	0.996
2507	1655	1	0.878
1520	108	1	0.889
952	3934	0	0.00043
2630	2400	1	0.917
6355	3691	1	0.949
7091	5108	1	0.963
1028	7659	1	0.97
8822	8742	1	0.939
757	9193	1	0.985
8658	8265	1	0.877
5699	6512	1	0.945
6134	3615	1	0.812
5573	236	1	0.915
2418	4008	1	0.822
3412	9693	1	0.844
6315	8390	1	0.953
9867	7566	1	0.989
3883	5688	1	0.805
7745	771	1	0.976
6872	359	0	0.000638
867	8991	1	0.998
8532	6511	1	0.907
6002	9186	1	0.975
4859	9943	1	0.934
6390	4723	1	0.817
7571	9524	1	0.891
5454	1510	1	0.846
2576	9635	1	0.924
3742	2531	1	0.904
448	910	1	0.898
7167	7626	1	0.9
8919	21	1	0.893
2558	954	1	0.951
9000	9418	1	0.945
3809	4806	1	0.911
2620	5308	1	0.822
6445	76	1	0.99
7114	7566	1	0.924
4384	2556	0	0.000166
8624	555	1	0.882
7223	6687	1	0.976
949	6041	1	0.929
2576	9026	1	0.999
5574	9454	1	0.94
5633	1522	0	0.000423
1035	3785	1	0.81
3724	5919	0	0.000212
5612	6833	1	0.987
8814	8997	1	0.894
8729	9159	1	0.821
4717	9736	0	0.000136
607	8765	1	0.946
2781	7113	1	0.81
904	4706	1	0.912
8074	4026	0	0.000209
3914	2453	1	0.856
5177	5879	1	0.871
9104	5082	1	0.854
2354	8535	1	0.812
7567	1925	1	0.886
4686	6145	1	0.945
4619	3267	1	0.932
9379	4241	1	0.844
3246	2114	1	0.968
5784	7902	1	0.813
3438	5488	1	0.974
2764	7437	1	0.977
7342	7525	1	0.974
3766	1137	1	0.824
1509	363	1	0.818
7334	7374	1	0.922
8729	4380	1	0.902
1808	4378	1	0.95
3529	5130	1	0.947
6698	5648	1	0.89
8825	2860	1	0.817
7276	7731	1	0.857
9093	648	1	0.881
7409	9704	0	0.000636
8515	1115	1	0.801
9640	7099	1	0.899
3318	717	1	0.9
3683	9120	0	0.000497
2086	4295	1	0.927
1578	8747	0	0.000252
3063	3010	1	0.898
2030	8966	1	0.917
5608	4794	0	0.000185
664	1050	1	0.906
1939	4859	1	0.933
4507	5539	1	0.969
6345	2840	1	0.866
4676	9341	1	0.864
8448	7152	0	0.000242
6692	4677	1	0.919
1984	9256	1	0.843
4834	8684	0	0.000524
5371	7195	1	0.857
788	7107	1	0.892
8635	5612	1	0.979
6813	4376	1	0.859
5045	2722	1	0.884
5683	5998	1	0.87
8346	8273	1	0.93
5851	830	1	0.819
2988	7201	0	0.000295
7227	7048	1	0.955
9622	6540	1	0.848
2562	1480	0	0.00059
8897	9211	1	0.843
2384	977	0	0.000478
2104	7179	1	0.942
9720	7690	1	0.82
6706	7870	1	0.929
3476	5770	1	0.979
7639	4610	1	0.989
6325	2094	0	0.000167
3180	1568	1	0.928
7100	8013	1	0.829
3440	5287	1	0.896
7468	5397	1	0.846
1508	9962	1	0.939
4997	1571	1	0.92
9042	4455	1	0.945
9195	6639	1	0.938
963	7574	1	0.866
2246	5720	0	0.000188
2761	9259	0	0.00038
3329	7132	0	0.000172
7743	2893	1	0.886
8326	5585	0	0.000609
953	6255	1	0.854
3712	1691	1	0.94
737	7937	1	0.841
7573	885	1	0.876
1811	5294	1	0.914
4416	6999	1	0.819
9872	3515	1	0.933
6110	4525	1	0.809
1851	6017	1	0.894
9405	1424	1	0.939
466	7786	1	0.818
7551	1552	1	0.942
1573	187	0	0.000498
7010	3322	1	0.954
2291	510	1	0.813
9638	7970	0	0.000129
9792	7860	1	0.83
3883	6338	1	0.989
3164	7905	1	0.94
7819	9811	1	0.907
1233	7421	0	0.000117
3775	6585	1	0.86
7148	9358	1	0.82
35	3004	1	0.906
7219	2862	1	0.94
172	4160	0	0.000161
1980	9814	1	0.952
3790	5546	1	0.948
9086	3649	1	0.864
7197	5159	1	0.964
2439	8421	1	0.807
5686	4700	1	0.9
219	8015	1	0.837
8525	5929	0	0.000193
5020	7321	1	0.898
516	9845	1	0.99
8999	3165	1	0.813
6235	9942	1	0.867
7076	3556	1	0.863
3519	8377	1	0.861
4296	2848	1	0.882
8695	7526	0	0.000483
8566	8612	1	0.9
217	638	1	0.803
1473	1621	1	0.903
3191	2540	1	0.951
4460	8018	1	0.96
6846	1517	1	0.95
5400	922	0	0.000502
8277	851	1	0.986
4823	435	1	0.87
2379	4184	1	0.822
7449	1749	1	0.824
7154	4867	1	0.938
5217	6066	1	0.942
685	2583	1	0.899
3315	3136	1	0.833
1566	8525	0	9.48e-05
2996	2331	1	0.872
9018	3351	1	0.88
2271	6777	1	0.803
8666	3216	1	0.951
3628	9582	1	0.825
1788	7549	1	0.991
8042	2034	1	0.813
1595	1453	1	0.935
8612	3180	1	0.971
2426	1214	1	0.87
7965	4155	0	0.000574
5858	3509	1	0.879
3347	6117	1	0.816
1001	6116	1	0.931
9451	4420	0	0.000378
3109	4508	0	0.00012
8950	9659	1	0.912
6623	2766	1	0.85
7834	2947	1	0.83
4381	7473	1	0.826
3023	6693	1	0.934
5593	4096	1	0.875
4753	872	1	0.93
7641	9502	1	0.997
7408	5282	1	0.957
6832	3926	1	0.882
4920	3160	1	0.874
8665	118	1	0.804
7732	9740	0	0.000296
1155	7647	1	0.883
3908	5410	1	0.938
1865	6084	1	0.891
8179	487	1	0.982
9170	4310	1	0.806
4726	7057	1	0.955
6274	3743	0	0.000495
3199	867	1	0.822
2670	5528	0	0.000336
8250	7459	1	0.982
544	4990	1	0.92
8118	4533	1	0.946
2722	9588	1	0.84
6663	2599	1	0.921
8716	6098	1	0.855
2137	4802	0	0.000174
2025	3763	0	0.000399
9067	1148	1	0.902
6661	9964	1	0.833
4423	5879	0	0.000219
1013	3576	1	0.869
8551	4821	1	0.851
4243	8338	1	0.927
9322	6311	1	0.876
7065	2174	1	0.973
7448	6962	1	0.982
3723	4873	1	0.995
507	1772	1	0.973
674	7457	1	0.946
2658	2860	1	0.817
5286	2798	1	0.868
9616	3053	0	0.000561
8777	6966	1	0.977
4894	2238	1	0.974
3465	9129	1	0.86
1246	2296	1	0.923
2277	4993	1	0.928
1276	6970	1	0.822
9738	6274	1	0.983
5335	1772	0	0.000367
5364	4980	1	0.963
9795	6334	1	0.967
1656	9029	1	0.823
4944	2310	1	0.98
4237	9797	1	0.864
8524	3053	0	0.000392
4087	4734	1	0.908
1022	3698	0	0.000169
9929	5761	1	0.821
5104	1375	1	0.923
6950	3938	1	0.884
505	8770	1	0.916
3962	9845	1	0.998
1663	59	1	0.87
4272	6861	1	0.965
1543	5778	0	0.000321
1901	3205	1	0.828
3353	4037	1	0.864
877	5074	1	0.998
3285	4212	1	0.884
834	6852	1	0.806
2094	3607	1	0.897
855	2019	1	0.912
4097	1189	1	0.991
1616	9552	1	0.955
1223	8728	1	0.882
2006	6420	1	0.857
6771	2488	0	0.000544
4199	6367	1	0.868
4212	6346	1	0.976
7385	9960	1	0.972
3027	3670	0	0.000129
8095	1018	1	0.889
8988	4664	0	0.000117
2219	1155	1	0.864
9718	3930	1	0.95
743	8372	1	0.917
4681	6096	1	0.841
285	5619	1	0.841
4068	6005	1	0.887
2399	1407	1	0.974
7325	705	1	0.845
9427	6085	1	0.895
4590	2685	1	0.853
4539	7453	1	0.933
7872	5766	1	0.871
8477	9093	1	0.982
7540	3596	1	0.903
8534	9936	1	0.916
6456	8872	1	0.821
4689	8388	1	0.831
4863	4050	1	0.934
2837	3235	1	1
1434	3083	1	0.822
5739	925	0	0.000176
9332	2669	1	0.818
5361	6329	1	0.933
1185	5664	1	0.828
4672	1375	1	0.953
4822	5490	0	0.000614
3064	4143	0	0.000365
4941	2048	0	0.000341
9304	5189	1	0.839
5677	2767	0	0.000534
6762	3663	1	0.947
2294	1861	1	0.852
9979	1919	1	0.908
6953	9257	0	0.000507
8698	4911	1	0.941
6545	9685	1	0.866
9359	717	1	0.893
1767	7546	0	0.000497
6369	7827	0	0.000198
3362	5458	1	0.818
2324	5846	1	0.983
726	3885	1	0.916
7712	5472	1	0.983
2529	5041	1	0.825
1270	7490	1	0.918
1984	3258	1	0.974
200	7361	0	0.000316
5457	9155	1	0.801
4615	2256	1	0.977
8879	8011	1	0.802
9259	4395	0	0.000146
7168	2689	1	0.979
3528	8714	1	0.922
209	457	1	0.991
2455	2767	1	0.806
1520	6035	1	0.949
5956	9109	1	0.997
7772	9179	1	0.884
5130	3231	1	0.872
2359	9408	1	0.965
808	7654	0	0.000542
7308	4243	0	0.000616
7820	1485	1	0.951
6846	799	1	0.943
7599	7907	1	0.885
6935	3877	1	0.937
1678	7993	1	0.94
179	9240	1	0.922
5867	6512	1	0.904
4106	509	1	0.821
3827	1153	0	0.000159
4768	1093	1	0.817
2708	9623	1	0.801
2900	3580	1	0.845
4370	1787	1	0.995
3902	1470	1	0.995
8110	3956	1	0.808
8459	9420	1	0.835
2549	2110	1	0.877
7415	7302	1	0.865
8065	1879	1	0.884
8422	3646	1	0.812
6493	3202	1	0.918
657	7687	1	0.948
4296	9380	1	0.847
5395	6869	1	0.831
7573	1852	1	0.814
6293	3481	1	0.904
3544	6943	0	0.000449
7244	8368	0	0.000245
9568	4278	1	0.958
8230	2509	1	0.914
4178	509	1	0.908
5411	9143	0	0.000245
2630	5167	1	1
893	3469	1	0.829
7941	7279	1	0.831
8168	6741	1	0.87
456	802	1	0.984
9501	2530	1	0.855
1276	5579	1	0.97
814	8786	1	0.828
5608	8948	1	0.868
3255	9042	1	0.967
5086	3817	1	0.947
1360	9426	1	0.901
9876	5283	1	0.821
4008	4243	1	0.829
5294	3185	1	0.98
6058	935	1	0.993
2437	6607	1	0.807
6540	1336	1	0.912
5913	3579	0	0.000491
3779	5661	1	0.885
7065	2698	1	0.951
503	8882	0	0.000427
5707	3364	1	0.961
4855	3387	0	0.000318
2839	5514	1	0.929
4799	6850	1	0.837
6191	1402	0	0.0005
465	4741	1	0.896
5623	1709	1	0.85
8471	7211	1	0.972
3783	849	1	0.929
8687	9107	1	0.977
5777	9547	1	0.966
4809	6850	0	0.000395
6074	3369	1	0.899
9801	9353	1	0.888
3284	3108	1	0.948
8468	3067	1	0.921
2233	5161	1	0.961
8158	9570	1	0.863
2878	8539	1	0.861
1452	3679	1	0.866
2964	4454	1	0.905
3303	9885	1	0.994
6938	492	1	0.928
919	6476	1	0.94
4881	4898	1	0.839
203	519	1	0.88
9539	6377	1	0.923
6668	9078	0	0.000297
8992	4388	1	0.908
8832	8476	1	0.891
3117	9459	0	0.00012
4421	1420	0	0.000259
8667	1720	1	0.977
6975	7409	1	0.861
4959	882	1	0.866
5716	1128	1	0.861
8383	5587	1	0.863
3523	9092	0	0.000159
6707	1365	1	0.819
284	7451	1	0.92
6979	6985	0	0.000563
6727	8435	1	0.836
260	3837	1	0.806
1873	1940	1	0.953
1009	8419	1	0.896
6779	7457	1	0.994
2413	5743	0	0.000507
1735	9012	1	0.921
735	2722	1	0.956
494	9121	0	0.000514
3370	9118	1	0.907
6432	4982	1	0.849
8263	5892	1	0.975
5218	1003	0	0.000377
2005	3749	1	0.825
33	9297	0	0.000414
8025	644	0	8.75e-05
9995	7443	1	0.835
8019	6295	0	0.000543
1265	8994	1	0.836
358	4659	1	0.957
7768	7504	1	0.999
3515	8456	1	0.801
1561	9069	1	0.914
7657	6842	1	0.971
8002	4899	1	0.884
6884	9966	1	0.997
1783	6091	0	9.17e-05
8345	4162	1	0.964
1465	5560	0	0.000151
4972	5877	1	0.868
5960	700	1	0.916
8515	545	1	0.99
6904	7574	1	0.808
2253	970	1	0.865
206	2197	0	0.00034
2480	2546	1	0.92
6084	6683	1	0.984
4585	6694	1	0.855
1092	6541	1	0.825
8011	5567	1	0.86
1861	2758	0	0.000182
6600	492	1	0.972
573	8034	1	0.896
5858	58	1	0.965
667	2523	0	0.000425
5426	3347	1	0.921
9849	4980	1	0.967
4048	2708	1	0.823
4284	2711	0	0.000585
1630	3789	1	0.856
3993	2013	1	0.951
3888	8033	1	0.954
4998	1243	1	0.902
8633	5965	1	0.882
585	7790	1	0.837
7147	9232	1	0.932
7802	9142	1	0.942
3310	7878	1	0.807
1819	3661	1	0.889
5553	3910	1	0.919
3994	6992	1	0.844
6365	4438	1	0.853
5612	4557	1	0.85
720	388	1	0.979
5545	9745	1	0.833
2533	2793	1	0.969
1202	2048	1	0.977
9259	5140	1	0.979
490	9220	1	0.978
8046	9867	1	0.839
5911	116	1	0.959
6736	7353	1	0.962
256	3034	1	0.979
5880	2561	1	0.909
1675	6327	0	8.44e-05
1449	1353	1	0.901
6590	6909	0	0.000405
7764	7015	1	0.986
2117	2799	0	0.000541
924	1271	1	0.834
668	520	0	8.9e-05
4229	456	1	0.941
3206	7967	0	0.000128
8303	5625	1	0.849
5935	3356	1	0.979
885	6277	1	0.826
7384	332	0	0.000623
9650	6805	1	0.834
3985	8244	1	0.922
3037	3916	0	0.000585
9681	2743	1	0.982
2387	5709	1	0.918
6049	2532	1	0.997
4836	2083	0	0.000484
7518	6139	1	0.926
4969	3855	1	0.806
6281	216	1	0.918
5339	1543	1	0.879
6569	3693	1	0.984
8833	2147	1	0.867
5975	4341	0	0.000597
9921	9020	1	0.948
6521	1948	1	0.971
6345	1418	1	0.858
3219	8626	1	0.871
443	8624	1	0.972
1444	6932	1	0.971
4982	7139	1	0.906
7621	2596	1	0.851
9098	6627	1	0.865
6970	3532	1	0.819
8927	9007	1	0.845
716	66	1	0.927
7036	360	1	0.96
1156	5887	1	0.889
7035	8622	0	0.000317
7617	7245	1	0.861
6092	3012	1	0.883
9054	4208	1	0.939
2914	535	1	0.969
3463	8466	1	0.816
1876	9458	0	0.000591
8012	4278	0	0.000189
7174	7345	1	0.92
1755	2999	1	0.871
7066	3943	0	8.64e-05
2526	415	1	0.932
3830	3908	1	0.865
8462	5816	1	0.966
923	3728	1	0.843
5176	7947	0	0.000276
9668	2172	0	0.000283
7336	802	1	0.846
5123	5369	1	0.867
9818	4786	1	0.813
1994	2826	1	0.834
6320	7747	1	0.974
3654	1158	1	0.978
8833	4101	1	0.804
2355	8144	0	0.000317
3520	7137	0	0.000179
6696	5865	1	0.816
7427	9171	1	0.938
20	1723	1	0.924
9512	9534	1	0.977
5934	7292	1	0.948
8395	6525	1	0.932
8815	5812	1	0.833
9777	1356	1	0.893
9712	1773	1	0.979
5107	8515	1	0.865
2229	7849	0	0.000598
8718	9423	1	0.846
1228	1516	1	0.807
2854	8623	1	0.985
1563	2148	1	0.894
7561	2925	1	0.818
7929	9919	1	0.914
1921	4008	1	0.968
5485	2346	1	0.884
121	5088	1	0.904
1511	1772	1	0.851
5129	2486	1	0.933
1558	2991	1	0.935
8637	3539	0	0.000522
1450	1670	1	0.846
4347	378	0	0.000456
1196	5472	1	0.899
8070	9142	1	0.863
2190	7333	1	0.976
988	2966	1	0.921
7581	6823	1	0.892
3571	127	1	0.845
9071	319	1	0.959
4577	8086	1	0.949
1976	5573	1	0.978
115	601	0	0.00028
1259	7869	1	0.852
924	8871	1	0.882
1486	6886	1	0.82
9644	2689	1	0.98
4702	2340	0	0.00058
610	3147	1	0.886
5932	414	0	0.000459
7930	4246	1	0.866
2583	8504	1	0.869
1154	8628	1	0.922
5484	7223	1	0.928
715	4269	1	0.9
6137	7361	0	0.000381
7425	5665	1	0.975
7850	4961	1	0.85
970	2318	1	0.939
785	733	1	0.848
939	4350	1	0.95
6843	3668	1	0.866
2582	7893	1	0.836
7084	7192	0	0.000434
2831	9262	0	0.000316
83	5414	1	0.94
9569	3470	1	0.889
725	9383	1	0.94
5337	703	1	0.976
646	3564	1	0.912
90	9027	1	0.955
7882	2825	1	0.873
9655	6717	1	0.927
7769	781	1	0.939
2269	8915	1	0.99
7562	4001	1	0.83
864	4093	0	0.000282
7862	7438	1	0.899
3453	7322	1	0.83
8119	4390	1	0.879
2698	2504	1	0.998
217	3650	1	0.889
8427	7085	1	0.971
747	2671	0	0.000233
6962	6416	1	0.815
6820	6042	1	0.876
8322	4772	1	0.976
3217	531	1	0.845
3907	9109	1	0.867
6773	8490	1	0.933
2239	2531	1	0.996
9399	742	1	0.833
3738	1064	1	0.946
4198	6692	1	0.987
4396	6901	1	0.998
6414	4439	1	0.889
8686	5230	1	0.869
148	1399	1	0.95
3810	7527	1	0.86
3860	250	1	0.946
3670	8652	1	0.838
6381	7255	1	0.869
1948	7228	1	0.805
2798	6164	1	0.826
9069	6754	1	0.931
5260	3018	0	0.0004
6260	985	1	0.856
4071	4207	1	0.902
8131	5668	1	0.962
9752	3646	1	0.889
5405	8222	0	0.000264
4345	3267	1	0.817
242	8921	1	0.814
2409	8389	1	0.996
2102	917	0	0.00045
5145	7452	1	0.885
4283	2697	1	0.843
3554	406	1	0.892
2237	9252	1	0.81
5888	4066	1	0.849
3286	2471	1	0.955
8092	5240	1	0.844
7307	1097	0	0.000593
5733	555	1	0.844
9000	6934	0	0.000222
4697	6675	1	0.822
3968	1196	1	0.915
6547	9478	1	0.89
8273	6368	0	0.000456
2258	3812	1	0.965
3847	4440	1	0.999
518	2471	1	0.981
3573	9209	1	0.975
3277	2379	1	0.924
9115	6755	0	0.000163
1414	4827	1	0.879
6151	4831	0	0.000354
5376	8406	1	0.986
6067	1549	0	0.000195
4980	500	1	0.984
2966	7748	1	0.932
3129	3636	1	0.943
8565	9315	1	0.988
8136	127	1	0.912
1281	5388	1	0.934
8418	836	1	0.947
246	1154	1	0.933
7279	1161	1	0.922
7480	432	1	0.967
6744	881	1	0.899
7598	4023	1	0.891
5916	179	1	0.911
2343	5010	1	0.959
2182	9066	1	0.999
9127	8204	0	0.000344
4999	3569	1	0.971
9864	9346	1	0.871
2086	609	1	0.872
4198	5124	1	0.877
1942	9792	0	0.000229
7004	7231	1	0.871
2876	5740	1	0.895
8340	3989	1	0.821
3626	7551	0	0.000187
6270	8343	1	0.865
7019	1739	0	0.000437
6019	3399	1	0.883
5154	9178	1	0.852
4885	9225	1	0.801
465	9510	1	0.897
1251	4694	1	0.948
3433	7404	1	0.811
2504	36	1	0.934
3490	8987	1	0.945
5733	4403	1	0.814
1243	8232	1	0.885
5612	3134	1	0.957
6133	980	1	0.811
7011	1342	1	0.906
2978	605	1	0.996
1955	6090	1	0.925
5274	7650	1	0.944
4322	113	1	0.896
9757	3189	1	0.878
3342	1718	1	0.989
3328	8189	1	0.979
2168	2622	1	0.937
1078	5459	1	0.952
6736	9855	0	0.000481
9125	1078	0	0.000265
3898	2087	1	0.941
1170	6095	1	0.927
3203	1193	0	0.000471
1011	2160	1	0.852
1074	9540	1	0.978
1762	6940	1	0.934
9882	638	1	0.875
8905	8447	1	0.854
1489	1441	1	0.987
4155	8744	1	0.894
335	2707	1	0.987
9606	5218	0	0.000163
5291	4205	1	0.978
5489	9808	1	0.936
9038	7314	1	0.924
7918	720	1	0.894
8432	8385	1	0.997
3275	5922	1	0.968
1966	7403	1	0.897
8379	996	1	0.809
1073	6668	1	0.862
9163	3143	1	0.966
3441	6140	1	0.888
2021	9442	1	0.924
7142	4537	1	0.816
4982	8135	1	0.882
8671	422	1	0.89
3149	6336	1	0.805
2623	5983	1	0.901
7819	7119	1	0.9
4648	8990	1	0.903
8326	783	1	0.805
6694	6758	0	0.000483
7426	8705	1	0.8
2267	7004	1	0.846
7054	843	1	0.898
5287	1004	1	0.882
3142	6341	1	0.977
852	3637	1	0.912
851	7858	1	0.825
345	9395	1	0.839
187	8887	1	0.817
1166	4033	1	0.828
9534	3432	1	0.819
1630	5913	1	0.957
4336	7639	1	0.951
3019	9093	1	0.807
8129	720	1	0.848
342	8389	1	0.985
8908	7628	1	0.98
200	2163	1	0.905
9516	410	1	0.895
9185	9295	1	0.947
1923	8152	1	0.858
5881	8404	1	0.897
487	3212	1	0.945
7770	6110	1	0.954
6980	194	1	0.859
2444	7485	1	0.998
858	8705	0	0.000465
6264	7296	1	0.971
1498	8259	1	0.805
820	2611	1	0.97
3615	7256	1	0.863
3096	7794	1	0.968
6260	9002	0	0.000279
3219	5135	1	0.844
1448	4283	1	0.805
3812	317	1	0.933
8612	1602	1	0.817
8814	1250	1	0.88
4929	8185	1	0.851
2937	419	1	0.929
345	2144	1	0.902
2403	428	1	0.933
2519	2281	1	0.904
3131	6495	1	0.917
1576	9549	1	0.923
895	7706	1	0.881
4736	7812	1	0.908
8036	7288	0	0.000155
4787	117	1	0.926
5343	1516	1	0.805
5899	2587	1	0.849
6256	3587	1	0.906
6410	5978	1	0.928
9337	457	1	0.955
547	7893	1	0.807
6786	2980	1	0.861
941	8732	0	0.000172
4136	5055	1	0.903
5721	346	1	0.852
2923	1460	0	0.000553
5731	8366	1	0.813
8856	2411	1	0.815
4604	5884	1	0.955
7922	610	1	0.826
466	1347	1	0.961
5017	5715	1	0.804
7930	4164	1	0.98
9152	529	1	0.942
7374	4693	0	0.000269
643	7769	0	0.000592
9800	8814	1	0.99
8790	2362	1	0.928
382	5038	1	0.927
6557	641	1	0.911
7438	196	1	0.865
2048	5211	1	0.858
3520	5889	1	0.89
1319	8627	1	0.816
2454	573	1	0.996
5415	2010	0	0.00033
3493	7473	1	0.811
4948	6004	1	0.909
6237	8023	1	0.875
2071	9862	0	0.000272
6239	5524	1	0.802
8405	2511	0	0.000552
823	6480	1	0.989
2538	5898	1	0.912
8013	5239	1	0.96
2144	6781	0	0.000382
3876	1258	1	0.807
9756	7366	0	0.000614
6190	3111	1	0.972
5838	2105	1	0.998
1855	1260	1	0.911
8475	1651	0	0.000601
5484	1083	1	0.973
9354	1338	1	0.917
6078	2295	1	0.885
231	8604	1	0.864
7406	1004	1	0.911
1743	3651	1	0.903
9712	1249	1	0.949
7262	6545	1	0.932
6040	411	1	0.924
2093	545	0	0.000516
8897	2205	1	0.884
7052	2323	1	0.881
5060	3751	1	0.841
8240	1521	1	0.987
7569	1693	1	0.931
3127	6735	1	0.866
5486	5130	1	0.864
132	5849	1	0.822
8784	5952	1	0.897
1532	5695	1	0.872
8943	1347	1	0.944
4298	3007	1	0.992
1478	4682	1	0.839
6764	12	0	0.000511
8109	1966	1	0.828
8571	2225	1	0.891
8545	7897	1	0.929
672	3912	1	0.845
1159	3456	1	0.933
6845	8036	1	0.81
51	6526	0	0.000147
3866	6735	1	0.916
9205	4037	1	0.872
4501	5712	0	0.000159
4433	5150	1	0.907
6491	277	1	0.973
4404	2048	0	0.000148
8076	7113	1	0.818
4473	8546	1	0.923
4975	1205	1	0.897
8499	273	0	0.000563
9528	189	1	0.882
9517	900	1	0.921
4121	1750	1	0.938
8192	1943	1	0.986
869	8657	1	0.937
7857	4976	1	0.976
3313	9913	1	0.894
8860	2972	1	0.897
9254	9171	1	0.986
9464	7537	1	0.877
7572	8671	1	0.818
1859	351	1	0.838
3777	883	0	0.000345
1940	6013	1	0.818
2153	8277	1	0.906
4653	9899	1	0.985
9198	7226	1	0.818
6907	2120	1	0.968
9188	4231	1	0.899
4429	3922	1	0.833
1119	19	1	0.849
370	7062	1	0.994
7439	6576	1	0.81
5567	2622	1	0.842
3137	9467	0	0.000332
319	7545	0	0.000185
5168	6759	1	0.983
3078	2044	1	0.894
9090	5044	1	0.949
3864	3309	0	0.000503
1305	2166	1	0.89
9566	5457	0	0.000447
942	8962	1	0.988
2147	9393	1	0.861
3649	5057	0	0.000322
8193	6234	1	0.817
9885	6033	1	0.916
5090	2413	1	0.812
765	109	1	0.982
126	6743	1	0.988
3365	3055	1	0.948
453	4062	1	0.867
217	1303	1	0.812
3253	6029	1	0.889
8743	9802	1	0.845
8305	2845	1	0.835
4962	4075	1	0.937
732	4247	1	0.991
1650	9000	1	0.997
5717	3841	1	0.985
1288	5506	1	0.826
1290	2342	1	0.89
2971	4130	1	0.987
7973	5672	1	0.895
2322	5622	1	0.877
6901	2399	1	0.93
9796	3796	1	0.816
1617	2098	1	0.846
1564	2213	0	9.36e-05
1452	5422	0	0.000137
737	3404	1	0.826
8542	7628	1	0.914
582	9384	1	0.993
4784	602	1	0.908
246	2007	0	0.00041
6428	5310	1	0.862
239	5382	1	0.817
6277	8523	1	0.835
5637	6604	1	0.879
3055	8755	1	0.929
7617	8476	1	0.934
1568	7729	1	0.903
4117	7746	1	0.909
8014	6998	1	0.984
545	9540	0	8.35e-05
6264	7204	1	0.895
2938	3525	1	0.84
384	7182	1	0.846
1733	8464	1	0.955
8796	2262	1	0.846
4688	5057	1	0.95
6360	1406	1	0.96
6983	4828	0	0.000333
1792	9273	1	0.935
4486	6303	1	0.802
2958	569	1	0.924
6150	629	1	0.897
7371	1502	1	0.979
4590	9973	0	0.000469
2916	5583	0	0.000312
1729	4998	0	0.000495
3710	2619	1	0.805
4299	8434	1	0.991
4141	9623	1	0.885
1846	8779	1	0.808
9225	4808	1	0.968
6726	5085	1	0.808
1954	9035	0	0.000584
3570	7170	1	0.918
7475	4688	1	0.852
2160	2610	1	0.937
7367	2022	1	0.836
808	2774	0	0.000599
3242	8073	1	0.88
4477	8805	1	0.875
6205	6853	1	0.959
1080	5440	1	0.909
3049	2706	1	0.801
6016	922	1	0.942
3413	3219	1	0.827
9256	4908	0	0.000495
2916	3721	1	0.85
3469	3454	1	0.97
9641	716	1	0.996
9004	6505	1	0.969
4651	6742	1	0.937
7223	7616	1	0.824
2552	8861	1	0.948
3585	2359	1	0.884
9317	2831	1	0.876
431	896	1	0.861
1525	1943	1	0.835
9496	9620	1	0.814
6347	952	1	0.837
7693	5159	1	0.931
7279	5984	1	0.917
6412	5462	1	0.843
4350	6203	1	0.966
8566	1009	1	0.891
86	2355	1	0.888
9786	5024	1	0.929
5899	3699	1	0.922
3897	137	1	0.919
9095	8831	1	0.855
48	332	1	0.882
5321	258	1	0.96
3216	364	1	0.888
9962	4043	1	0.896
9154	8566	1	0.899
4569	9851	1	0.819
2375	7872	1	0.835
2893	8908	1	0.875
9910	3988	1	0.988
9021	1822	1	0.884
1405	3059	1	0.997
9653	293	1	0.859
7993	4478	1	0.831
2664	4120	0	0.000483
9794	8163	1	0.898
3226	2072	1	0.81
7183	7330	0	0.000362
9627	2677	1	0.937
2948	8432	1	0.87
7962	5917	1	0.951
5724	2775	1	0.828
7593	7682	1	0.949
5836	3647	1	0.997
5864	3194	1	0.889
4886	3670	1	0.982
1642	3827	1	0.961
3628	6794	1	0.819
660	9301	1	0.93
5259	8317	1	0.91
5427	8984	1	0.961
5254	5474	1	0.881
3280	8328	1	0.831
5067	2724	1	0.807
6387	5984	1	0.817
4395	7098	1	0.999
296	7981	1	0.981
4226	8128	1	0.982
4114	8294	0	0.000453
3322	6420	1	0.94
5607	8570	1	0.81
9948	6224	1	0.919
8782	6989	0	0.00038
4196	9661	1	0.808
1478	9261	1	0.974
5176	6967	1	0.852
4716	9248	1	0.845
919	2037	1	0.906
9699	2414	1	0.962
5341	511	1	0.992
8399	2345	1	0.808
3322	7993	1	0.857
7641	4538	1	0.848
6553	3360	1	0.853
1681	6271	1	0.829
8503	3932	1	0.932
9713	8147	1	0.908
8794	8961	1	0.978
1197	7024	1	0.895
8910	8298	1	0.999
5376	7284	1	0.951
1489	162	1	0.809
8233	7228	1	0.825
3998	2192	1	0.962
9281	740	1	0.904
4058	3772	1	0.882
5233	1723	1	0.915
5567	749	1	0.866
5846	160	1	0.855
5161	3954	1	0.877
1039	2593	1	0.961
141	8899	1	0.807
6077	3038	1	0.952
397	9644	1	0.879
5792	4145	0	0.000586
8525	2865	1	0.82
8831	1383	1	0.87
530	7201	1	0.847
8946	5414	1	0.971
9967	601	0	0.00057
2158	300	1	0.802
6031	1780	1	0.97
3513	8552	0	0.000568
4524	3213	1	0.837
9942	325	1	0.986
3664	9736	0	0.000432
2091	5905	1	0.838
5073	2429	1	0.967
4296	4524	1	0.956
9103	7985	0	0.000411
9814	486	1	0.882
7942	7814	0	0.000113
4942	9572	1	0.944
909	2216	1	0.932
1988	5737	1	0.961
3091	1153	1	0.801
9769	1921	1	0.885
3625	7856	1	0.803
362	2603	1	0.82
8688	2357	1	0.842
45	1888	1	0.899
3618	8529	1	0.825
3342	4938	1	0.827
2019	401	0	0.000187
4329	4520	1	0.961
9893	465	1	0.978
2468	5830	1	0.84
8466	4462	0	0.000445
1400	2484	1	0.812
310	9496	1	0.864
9905	7741	0	0.000286
5953	4731	1	0.958
4443	5750	0	9.73e-05
4479	2971	1	0.822
7215	9764	1	0.921
1631	1090	1	0.804
2435	2557	1	0.923
587	2224	0	0.000172
3423	5943	1	0.969
6494	1905	1	0.958
7377	3420	1	0.83
4776	7976	1	0.862
968	3714	1	0.882
8928	6374	1	0.918
9388	1629	1	0.848
4332	6413	1	0.876
7489	3941	0	0.000323
1528	7853	0	0.000215
864	5858	1	0.895
9722	1536	1	0.812
1970	8445	1	0.834
4265	9398	1	0.87
2253	4641	1	0.875
4159	8664	1	0.901
5081	2790	1	0.971
2418	8531	1	0.823
5542	6097	1	0.85
6274	4105	0	0.000128
1322	9406	1	0.896
7102	3492	1	0.873
4638	8244	1	0.904
5538	9523	1	0.898
1619	8283	0	0.000563
9716	105	1	0.963
3811	5052	0	0.000619
5016	176	1	0.934
8838	4510	1	0.969
4701	1029	0	0.00028
5320	1764	1	0.931
820	9389	0	0.000309
4627	5419	1	0.896
5780	7685	1	0.982
1205	8616	0	0.000513
8901	5428	1	0.813
1108	2694	1	0.846
1186	3455	1	0.889
7660	2063	1	0.921
681	136	1	0.852
5379	6784	1	0.844
2774	2651	1	0.998
226	5803	1	0.879
9118	4478	1	0.968
9967	5338	1	0.974
4122	1688	1	0.869
6602	4244	1	0.901
9797	2763	0	0.000324
7995	2235	1	0.915
2519	3616	0	0.000496
1247	1156	1	0.898
3816	4669	1	0.901
1936	549	1	0.993
3885	8794	0	0.000251
20	4165	1	0.987
5645	939	1	0.857
9610	4473	1	0.963
5780	9152	1	0.941
8881	3902	1	0.911
6730	2705	1	0.898
6624	9880	1	0.976
6569	2349	1	0.804
9224	722	1	0.983
8868	9630	1	0.816
3490	4706	1	0.929
3604	4990	1	0.955
8514	6789	1	0.852
1791	6985	1	0.893
6096	4486	1	0.975
2179	4039	1	0.893
4161	5443	1	0.872
951	1847	1	0.915
2968	7566	1	0.813
7137	6009	1	0.839
3123	104	1	0.941
4799	2178	1	0.849
172	9090	1	0.976
1950	2742	1	0.879
9721	5038	1	0.933
7176	2429	1	0.833
8792	1608	0	0.000429
2281	7264	0	0.000478
1895	9853	1	0.967
5239	9324	1	0.982
529	3188	1	0.891
2992	8444	1	0.944
1062	9952	1	0.929
668	6742	1	0.833
3205	706	1	0.874
6004	4183	1	0.945
1489	3361	0	0.000343
4342	755	1	0.939
2636	2571	1	0.884
3471	2100	1	0.954
4912	6508	0	0.000357
9337	4973	0	0.000164
6681	8917	1	0.848
4460	1966	1	0.836
8257	6855	1	0.927
6871	1171	1	0.816
3130	4759	1	0.816
6841	6689	0	0.000454
8162	5434	0	0.000271
5515	371	1	0.932
8689	5184	0	0.000323
5404	6365	1	0.932
744	9276	0	0.00054
9143	6905	1	0.912
1510	4079	0	0.000396
3671	1853	1	0.89
9189	6048	1	0.821
9874	2361	1	0.801
2249	7865	1	0.934
5795	1304	1	0.973
9452	8846	1	0.894
9230	4441	1	0.907
8597	65	1	0.919
8831	710	1	0.906
2570	6281	0	0.000635
3814	9777	0	0.000122
4290	1355	1	0.802
1842	3230	1	0.968
1112	924	1	0.959
7036	577	1	0.878
2645	9029	1	0.826
1374	2286	1	0.949
122	3651	0	0.000399
1051	5483	1	0.867
8925	2064	1	0.826
1648	4345	1	0.963
7270	3967	1	0.841
3585	1314	1	0.905
97	405	1	0.878
1311	3709	1	0.956
2460	99	1	0.833
1884	428	1	0.897
4962	3788	0	8.05e-05
6945	92	1	0.999
3746	7345	0	0.00027
6244	6593	1	0.878
7718	6657	1	0.958
310	5546	1	0.823
8948	8294	1	0.821
7902	128	1	0.817
6750	1764	1	0.802
5461	3570	1	0.867
3120	1021	1	0.906
1149	2335	1	0.9
5771	6604	1	0.913
9869	2896	1	0.879
2240	2329	0	0.00032
3762	3025	1	0.969
4138	4659	1	0.931
7999	85	1	0.978
5421	811	1	0.807
5554	4985	0	0.000159
9237	6072	1	0.811
9256	6836	1	0.922
1335	4971	1	0.939
5953	2088	1	0.952
4108	244	1	0.883
2773	1168	1	0.966
2806	3375	0	0.000392
3119	88	1	0.968
8449	8311	1	0.882
4438	5404	1	0.86
1321	4359	1	0.965
7092	5606	1	0.844
8815	4129	1	0.837
7225	3407	1	0.823
6246	8917	0	0.000342
537	5932	0	0.000258
3749	1696	0	9.37e-05
5767	4129	1	0.821
9501	3323	1	0.803
1392	6939	1	0.829
8723	1244	1	0.835
8249	5	1	0.881
6976	991	1	0.928
227	204	1	0.973
8783	4955	0	0.000418
784	158	1	0.868
6931	4107	1	0.971
4037	2825	1	0.9
9073	1331	1	0.809
8866	8573	1	0.823
6547	2720	1	0.884
2138	3868	1	0.824
8115	2173	1	0.86
4761	851	0	0.000315
8393	4154	1	0.964
5105	9383	1	0.98
2655	727	1	0.879
9413	9257	1	0.865
9571	6606	1	0.969
7269	5384	1	0.871
7516	150	1	0.829
5088	6318	1	0.808
1815	6365	1	0.971
5948	8978	0	0.00032
3205	299	1	0.871
4966	7494	1	0.85
5041	2196	0	0.000607
5504	6874	1	0.946
3602	2429	1	0.932
2137	1041	1	0.819
6602	868	0	0.000366
6167	6730	1	0.993
7275	175	1	0.951
5933	6113	1	0.969
9965	5881	1	0.995
9347	5692	1	0.801
8386	2570	1	0.912
9030	1889	1	0.923
2824	245	1	0.811
3028	3820	1	0.955
110	172	1	0.874
5799	411	1	0.984
3037	979	0	0.000513
8367	5524	1	0.861
8006	6449	1	0.87
2339	903	1	0.946
1987	2083	1	0.873
4433	3687	1	0.862
1450	462	1	0.911
8456	254	0	0.000164
4557	3328	1	0.888
6052	5632	0	0.000259
1921	936	1	0.981
1912	631	1	0.863
8586	87	1	0.9
7856	1754	1	0.917
8450	7535	1	0.903
7576	8988	1	0.9
204	6192	1	0.802
5039	7490	0	0.000511
8462	8214	1	0.923
7370	8111	0	0.000485
9236	1729	1	0.86
8583	3911	1	0.817
9332	3119	1	0.875
3334	8773	1	0.848
1872	6205	0	0.000603
2140	4253	1	0.85
6892	1656	1	0.952
6593	6244	1	0.887
9609	1900	0	0.000383
2950	8728	1	0.942
248	8502	1	0.982
7802	8438	1	0.91
4045	4778	1	0.909
5184	9602	1	0.894
9815	698	1	0.885
3513	2140	1	0.854
8649	2068	0	0.000622
6875	871	1	0.821
1726	7513	0	0.000412
2341	1525	1	0.802
8261	4412	1	0.855
3928	3696	1	0.934
52	2504	1	0.886
6287	2199	1	0.823
8646	8334	1	0.874
45	921	1	0.954
2187	6151	0	0.000484
6098	6122	1	0.825
7741	5530	1	0.969
5838	479	0	0.000425
8931	4668	1	0.914
5776	770	1	0.944
1117	2757	0	0.000282
2235	9054	0	0.000165
6591	2483	1	0.923
6175	2599	1	0.843
6713	939	1	0.801
1759	5884	0	0.000151
8996	9948	1	0.863
6477	7186	1	0.92
4989	209	1	0.884
5253	4004	1	0.991
4902	8000	1	0.987
1241	7133	1	0.993
2295	468	1	0.829
8096	953	1	0.822
629	9864	1	0.949
3583	8908	1	0.898
1550	1921	1	0.909
1356	9756	1	0.9
4369	9421	1	0.953
4830	1329	1	0.948
1893	6942	1	0.816
2519	9525	1	0.842
971	88	1	0.943
5991	8682	0	0.000447
3725	5277	1	0.995
9663	885	1	0.954
7246	9599	1	0.967
8481	8676	1	0.963
5596	2197	0	0.000516
1810	1725	1	0.846
9122	2137	0	0.000587
5898	7740	1	0.985
8709	2746	1	0.995
3914	8839	1	0.977
6494	1127	1	0.969
919	2940	1	0.927
2090	201	1	0.89
7642	3755	0	0.000466
5382	3436	1	0.992
9961	4795	1	0.948
9410	2052	1	0.837
2746	8659	1	0.904
1834	3907	1	0.886
6208	1137	1	0.884
3056	3461	1	0.966
6500	608	1	0.972
9353	1650	1	0.875
8283	8357	1	0.936
4074	9456	1	0.858
9514	5630	1	0.909
7249	4217	1	0.889
7336	3399	1	0.801
3799	2006	1	0.956
4093	427	1	0.897
7974	8969	1	0.967
1903	3199	0	0.000611
5324	363	0	0.000562
2024	4774	1	0.908
7654	3369	1	0.809
9136	9202	1	0.938
5457	7987	1	0.824
1453	1572	1	0.966
6232	9782	1	0.834
9169	8342	1	0.843
7429	9320	1	0.843
6408	5191	1	0.959
3346	8881	1	0.85
8530	6843	1	0.925
672	7199	1	0.839
3396	4425	1	0.891
9331	5024	1	0.836
2429	2902	1	0.804
4788	3629	1	0.91
6366	9609	0	0.000313
3219	6788	1	0.965
4857	4600	0	0.000132
6072	6667	0	0.000615
7361	68	0	0.000215
9270	1030	1	0.959
3319	4539	1	0.966
7159	904	1	0.946
3927	7381	1	0.847
2371	6296	1	0.859
8936	418	1	0.958
304	4326	1	0.816
7297	1450	1	0.909
465	6792	1	0.874
1769	1078	1	0.815
8164	4270	1	0.997
4669	179	1	0.935
6507	9074	1	0.821
9814	6249	1	0.912
6112	6915	0	0.000217
5319	8029	0	0.00036
6828	5366	1	0.866
9650	4203	1	0.856
8777	980	0	0.000188
3822	9314	1	0.948
3030	8895	0	0.000207
6017	5848	1	0.93
8892	518	1	0.97
132	906	1	0.961
3686	431	1	0.884
2405	4753	1	0.828
8629	7574	1	0.852
6759	9167	1	0.942
3551	1652	1	0.825
3926	9250	1	0.848
3934	5886	1	0.879
3071	7605	1	0.803
4623	5708	1	0.883
5908	2773	1	0.847
3520	1332	1	0.895
8908	2893	1	1
6486	3745	0	0.000304
8322	420	1	0.984
8102	2094	1	0.824
3824	515	1	0.998
5254	3332	1	0.948
4777	900	1	0.947
2200	3019	1	0.947
238	8122	1	0.828
7331	1952	1	0.928
8356	1340	1	0.883
8927	804	1	0.997
9962	4248	1	0.816
9478	9894	1	0.913
3302	6280	1	0.872
2803	1996	1	0.892
259	4017	1	0.875
1066	2533	1	0.998
2491	2071	1	0.894
6228	3516	1	0.875
6806	3765	1	0.909
6957	4390	1	0.801
4968	2015	0	9.64e-05
5746	6093	0	0.000171
6485	9571	1	0.886
6353	409	1	0.951
9151	4472	1	0.954
6030	892	1	0.805
7439	5478	1	0.853
1590	8521	1	0.826
4076	7296	1	0.812
3964	1451	1	0.9
6658	3164	1	0.925
4067	5451	1	0.931
1848	1184	1	0.894
84	806	1	0.805
4083	7615	1	0.919
9515	1403	1	0.986
6357	4670	1	0.826
3365	3075	0	0.000494
7208	9357	1	0.81
7335	3666	1	0.929
9079	2774	1	0.813
7064	2234	1	0.858
1192	308	0	0.000501
7556	1964	1	0.88
8072	5161	1	0.83
9517	1775	1	0.984
9446	4415	1	0.935
2535	496	1	0.977
2828	10	1	0.822
6033	6159	1	0.858
4718	2167	0	0.000633
2490	1011	1	0.977
3504	7468	1	0.992
7709	5384	1	0.877
721	5618	1	0.891
9500	1760	1	0.847
6390	3159	0	0.000148
5398	59	1	0.846
7606	2004	1	0.948
5653	5603	1	0.9
7762	7159	1	0.955
5652	1846	0	0.000342
7940	2314	1	0.96
426	3403	1	0.892
3025	770	1	0.975
1514	8030	0	0.000322
1620	6624	1	0.946
2602	6360	1	0.95
1630	5327	0	0.000528
1768	1063	1	0.858
586	372	1	0.901
1926	3149	1	0.867
7607	137	1	0.947
5967	7644	0	0.000103
9735	624	1	0.94
1610	3774	0	0.000203
4659	2513	1	0.849
1079	5449	0	0.000275
7696	407	0	0.000166
522	5806	0	0.000103
2407	1768	0	0.00033
930	1948	1	0.895
4658	2774	1	0.848
1345	3745	1	0.914
1559	686	1	0.84
3046	360	1	0.86
4102	2082	1	0.994
4839	4283	1	0.909
6015	9463	0	0.000507
7383	2041	1	0.893
2865	1566	1	0.809
3349	9818	1	0.965
6384	2996	1	0.84
5217	3469	1	0.949
6108	3199	1	0.965
5804	2726	1	0.969
7793	8275	1	0.98
3767	1123	1	0.885
3029	9114	1	0.895
7770	4715	0	0.000575
6317	9703	1	0.94
5974	3128	1	0.803
4719	4779	1	0.83
3895	5645	1	0.901
7645	324	1	0.848
8134	8873	0	0.000503
8772	5792	1	0.941
2502	9805	1	0.972
4890	634	1	0.803
7072	3970	1	0.978
7374	7970	0	0.000318
3090	1197	1	0.969
1086	404	1	0.929
7691	3605	1	0.968
1575	2349	1	0.888
6285	4605	0	0.000591
4116	6157	1	0.825
8271	804	1	0.896
551	4773	1	0.945
6342	608	1	0.802
4195	2634	1	0.955
3741	6813	0	0.000561
9302	6940	1	0.873
6400	1099	1	0.98
7254	4650	0	0.000196
6715	3290	1	0.995
2607	9456	1	0.967
998	893	1	0.924
9712	1593	1	0.925
4853	3905	1	0.889
214	3263	1	0.81
188	5989	1	0.943
5372	5118	1	0.974
4027	1289	1	0.922
5578	8789	0	0.000616
1376	3048	1	0.94
786	2120	1	0.974
190	9834	0	0.000296
5099	5668	1	0.901
8146	1600	1	0.864
1448	1261	1	0.966
4870	6841	1	0.994
4091	2078	1	0.979
3283	6068	1	0.823
2573	834	1	0.912
3644	1887	0	0.000294
747	5170	1	0.848
1863	7347	0	0.000361
5846	4249	1	0.994
5237	15	1	0.813
1613	1213	1	0.839
5635	8366	0	0.000354
1139	4047	1	0.962
2777	5265	1	0.93
6401	982	1	0.802
2955	484	1	0.859
3605	5784	1	0.975
417	3157	0	0.00012
328	5987	1	0.848
4677	2047	1	0.95
3761	8086	1	0.957
7155	4343	1	0.954
6055	6616	1	0.93
5381	2215	1	0.956
3816	590	1	0.831
1816	9004	1	0.806
9642	9360	1	0.827
891	1099	1	0.884
4666	81	1	0.891
3121	4796	1	0.893
3467	8435	1	0.808
4238	835	1	0.82
1764	5320	1	0.951
8862	4697	0	0.000149
9257	5111	1	0.806
6012	563	1	0.846
4319	1925	1	0.924
6558	8791	1	0.893
1211	9179	1	0.937
7788	5052	1	0.971
7834	4284	1	0.904
3434	3799	1	0.837
1046	9601	1	0.825
5096	1129	1	0.955
4824	105	1	0.89
7372	4546	1	0.991
9738	4105	1	0.955
4820	5311	1	0.926
1410	1755	1	0.976
5968	1999	1	0.936
4642	567	1	0.958
4806	965	1	0.828
3420	7553	1	0.887
2995	307	1	0.824
8850	183	0	0.000234
348	8329	1	0.946
154	3361	1	0.827
4484	1131	0	0.000375
9163	1715	1	0.868
7541	2399	1	0.998
3946	4763	1	0.874
9782	1538	1	0.827
2279	2539	1	0.986
752	3317	1	0.895
9874	280	0	0.000382
89	8563	1	0.836
5793	1174	0	0.000136
7131	5633	1	0.934
6891	1169	1	0.892
9923	7010	1	0.9
3909	5259	0	0.000188
1915	6010	1	0.874
7172	1442	0	0.000467
8900	4157	1	0.931
5824	5883	1	0.995
9387	4621	1	0.805
1827	4164	1	0.87
4709	2725	1	0.904
9330	2637	1	0.827
599	9594	1	0.805
4670	8976	1	0.854
8011	7937	1	0.858
9899	5445	1	0.981
3094	1522	0	0.000254
4727	8515	1	0.997
4795	2564	1	0.995
7002	8972	0	0.000288
4161	7899	1	0.914
8516	413	1	0.943
8031	4575	1	0.87
3607	2857	0	0.000447
6805	9729	1	0.934
8861	8022	0	0.000629
5562	8015	1	0.863
789	95	1	0.993
9568	468	1	0.894
7271	1023	0	0.000611
3941	3262	1	0.889
4757	2618	0	0.000298
8123	7482	1	0.86
3738	7123	1	0.996
7360	1358	1	0.847
8476	1693	1	0.992
1773	8117	1	0.946
5665	5170	1	0.998
7503	1009	1	0.858
838	5077	1	0.856
9975	2010	1	0.802
5442	8767	1	0.979
8484	5291	1	0.876
3871	9973	1	0.961
3943	2988	0	0.000504
9531	7370	1	0.925
8269	1351	1	0.875
723	8649	1	0.846
7125	504	1	0.892
7689	1720	1	0.825
7595	1504	1	0.969
9768	1962	1	0.816
8260	1667	1	0.97
5990	6255	0	0.000249
6032	3915	0	0.000343
7058	9416	1	0.857
2593	1201	1	0.942
661	8988	1	0.805
7318	73	1	0.917
6029	1095	1	0.812
9137	7656	1	0.982
1949	7429	1	0.923
2633	8417	1	0.982
2704	3510	1	0.92
1742	1846	1	0.85
1109	5521	1	0.915
4944	401	1	0.934
6683	1526	1	0.885
420	8333	1	0.863
1365	4192	1	0.941
7975	2839	1	0.971
2159	9012	1	0.873
4977	2124	1	0.858
1100	4384	1	0.851
1300	8556	1	0.974
2399	1516	1	0.881
1712	4083	1	0.86
6852	278	0	0.000106
9144	6383	1	0.94
4923	1473	1	0.816
4860	3451	1	0.879
4211	6346	1	0.865
1201	3791	1	0.982
5420	6738	1	0.88
1735	93	1	0.937
6306	600	0	0.000279
459	6469	1	0.94
8689	5287	1	0.916
9512	3432	1	0.984
6842	1460	1	0.926
1795	4879	1	0.83
3309	9379	1	0.91
544	2158	1	0.935
9173	337	0	0.000411
5309	3663	1	0.942
5755	4684	1	0.803
3158	543	0	0.000541
5505	2996	0	0.000412
9873	8580	1	0.948
2707	823	1	0.872
2082	4102	1	0.826
2572	3458	1	0.908
8932	9916	1	0.948
4035	3722	1	0.866
6505	8500	1	0.916
3935	3089	1	0.887
2639	9854	1	0.864
5989	1941	1	0.956
2964	2253	1	0.932
4082	5406	1	0.87
4151	3175	1	0.983
3333	6048	1	0.934
8335	8202	1	0.819
102	3287	1	0.984
1892	7301	1	0.83
3258	9256	1	0.932
9687	277	0	0.000121
8252	252	1	0.872
9920	4741	0	0.00016
9693	8768	1	0.944
1828	4241	1	0.896
2498	3186	1	0.82
1587	206	1	0.809
9555	7819	1	0.913
8256	468	1	0.838
6710	6813	0	0.000564
3754	6491	1	0.863
3534	5335	1	0.984
4410	7322	1	0.857
2687	3271	1	0.897
5165	1666	0	0.000627
9560	1717	1	0.9
5703	930	1	0.957
2793	1273	1	0.881
1503	842	1	0.831
6478	1403	0	0.000413
6510	7962	1	0.948
5050	1283	1	0.919
7537	4681	0	0.000192
3492	9326	1	0.875
1167	1524	1	0.815
4585	2520	1	0.95
4793	2935	1	0.992
6124	7147	0	0.000112
5848	7093	1	0.924
8224	9358	1	0.916
410	686	0	0.000301
524	5208	0	0.000292
3289	1563	1	0.895
9198	7068	1	0.886
6606	6485	1	0.969
4038	5347	1	0.861
7173	1848	1	0.97
301	243	0	0.000354
3262	824	1	0.847
9112	2129	1	0.929
9894	3384	1	0.989
9898	6971	1	0.857
6981	405	1	0.888
2031	981	1	0.989
7761	5482	1	0.919
1948	930	1	0.922
868	786	1	0.915
3797	8563	1	0.835
147	4221	1	0.837
4602	1080	1	0.907
2045	349	1	0.907
8348	1020	1	0.924
1304	2302	1	0.866
6128	3803	1	0.858
121	4567	0	0.000598
4367	4615	1	0.979
588	9048	1	0.905
8857	409	1	0.818
1716	1043	1	0.966
3606	5838	1	0.955
893	998	1	0.903
855	1085	1	0.892
6222	4968	0	0.000417
6344	1798	1	0.935
3616	2281	1	0.912
7692	2022	1	0.947
6896	521	0	0.000177
2489	3174	1	0.987
6718	9239	1	0.909
2523	4982	1	0.881
4288	8255	1	0.954
8548	9549	1	0.903
1814	9089	1	0.861
5443	1347	1	0.899
9351	1280	1	0.919
6761	1698	1	0.976
2375	2896	1	0.828
2597	5470	1	0.814
6379	9096	1	0.867
5556	812	0	0.000114
2350	3438	1	0.953
5402	472	1	0.987
7293	49	0	0.000203
9806	3275	1	0.872
5134	441	1	0.884
6257	5954	1	0.972
6984	6428	0	0.000181
9745	4527	1	0.934
8058	577	1	0.85
6756	2576	1	0.842
5513	7887	1	0.879
4590	5286	1	0.826
1308	9240	1	0.923
9908	6398	1	0.907
1331	8539	1	0.959
7926	7915	1	0.837
1061	3148	1	0.865
8324	3637	1	0.865
5960	2886	1	0.892
8503	2141	1	0.98
1083	3954	1	0.848
4818	4276	1	0.862
3829	5967	1	0.821
9932	2335	1	0.841
7923	4423	1	0.895
3499	1429	1	0.858
4662	141	1	0.877
6417	589	1	0.994
5484	6687	0	0.000299
1793	1542	1	0.884
9805	2502	1	0.826
4461	4434	1	0.976
2571	659	1	0.871
2330	2986	1	0.933
8299	9503	1	0.92
6213	9500	1	0.93
3298	8082	1	0.96
7248	666	1	0.953
6491	3754	1	0.942
4084	2649	1	0.859
11	306	1	0.935
7175	3186	1	0.94
3770	7547	1	0.903
2737	3583	1	0.811
8609	9059	1	0.872
3903	9075	0	0.000224
9326	5751	1	0.996
6307	824	0	0.000588
8025	6184	1	0.921
4100	1980	0	0.000214
3093	420	1	0.878
5273	5703	1	0.971
3618	5480	1	0.972
5224	4678	1	0.857
2920	853	1	0.949
5741	9929	1	0.989
8244	3422	1	0.997
8759	723	1	0.991
6110	7770	1	0.874
6457	93	1	0.855
3016	785	1	0.958
5818	812	1	0.953
4799	9853	1	0.99
7767	1815	1	0.897
1418	7421	1	0.982
626	6651	1	0.881
7117	9169	1	0.975
7828	4343	1	0.957
8397	2231	1	0.924
7068	9720	1	0.997
852	2533	1	0.835
5347	6365	1	0.969
2857	7309	1	0.941
5391	6907	1	0.873
9206	7970	1	0.894
5489	5479	1	0.978
631	2239	1	0.859
16	3263	0	0.000104
8507	3473	1	0.968
6766	8493	1	0.932
6119	4184	1	0.894
890	9146	1	0.895
6186	3175	1	0.843
8496	1282	1	0.832
7903	4637	1	0.821
1302	2580	0	0.000524
622	4460	0	0.000462
8320	4333	1	0.852
1470	9407	1	0.971
4148	1091	1	0.866
9949	324	1	0.921
4021	7247	1	0.833
2253	4454	1	0.952
8956	4998	1	0.817
7668	2338	1	0.931
8467	4051	1	0.84
3422	5497	1	0.903
4436	2317	1	0.802
207	4229	1	0.982
792	9317	0	0.000579
4384	9788	1	0.927
8463	6857	0	0.000148
6432	1253	1	0.82
7259	4452	1	0.823
1730	7387	1	0.898
3226	3849	1	0.845
1621	6001	1	0.997
6159	6033	1	0.869
9450	9472	1	0.926
1406	707	1	0.821
7402	6067	1	0.911
1359	418	1	0.908
9389	1918	1	0.861
8611	316	1	0.824
9530	2855	0	0.000352
5549	382	1	0.915
2011	26	1	0.808
5673	1381	1	0.95
3998	9531	1	0.967
9367	4552	1	0.809
8276	3350	1	0.895
7211	1558	1	0.854
4717	1490	1	0.948
377	4659	1	0.924
3474	6077	1	0.849
7332	6403	1	0.843
1273	8418	0	0.000105
5221	31	1	0.984
8051	5495	1	0.979
5529	9148	1	0.811
5860	8579	1	0.872
7629	500	1	0.919
8399	9983	1	0.849
386	7670	1	0.894
7574	9161	1	0.838
9232	2965	1	0.952
8443	51	1	0.842
9862	3890	1	0.887
8257	6015	1	0.915
6310	245	1	0.853
5807	9906	1	0.885
7854	3279	1	0.973
3111	3860	1	0.891
51	5520	1	0.875
2663	3224	1	0.92
5668	8216	1	0.907
53	5460	1	0.961
5731	1974	1	0.842
8512	5568	1	0.965
3009	6410	1	0.97
7114	961	1	0.847
8549	4366	1	0.966
6911	1772	0	0.00014
2778	4651	1	0.962
451	5088	1	0.935
9215	7075	1	0.9
3487	5381	1	0.822
6221	2594	1	0.878
6527	8263	1	0.906
5220	463	1	0.943
2689	485	0	0.000565
4152	7689	0	0.000483
9192	6940	1	0.96
8608	964	1	0.961
2059	3585	1	0.849
239	9825	0	0.000531
8914	4329	1	0.821
1910	3682	1	0.836
8085	2653	1	0.834
7301	2777	1	0.991
4265	9040	1	0.813
642	473	1	1
3466	7427	1	0.939
1803	8321	1	0.973
277	2920	1	0.823
5389	1897	1	0.81
9778	3795	1	0.843
8326	9229	1	0.923
9038	1161	1	0.945
7675	7376	1	0.995
2885	2399	1	0.968
803	5421	1	0.902
5628	8257	1	0.972
1265	9759	1	0.864
5173	1467	1	0.866
4725	2588	1	0.943
1767	5479	1	0.831
19	2136	0	0.000626
9888	5815	1	0.965
4789	9540	1	0.923
9838	6096	1	0.913
8517	8129	1	0.987
2832	976	1	0.894
2529	5612	1	0.873
4361	1196	1	0.857
9542	2683	1	0.95
2767	7345	1	0.965
9863	1915	1	0.878
47	223	1	0.977
7666	2577	1	0.903
775	7548	1	0.856
374	4285	0	0.000501
3631	900	1	0.984
482	435	1	0.957
1665	3244	1	0.968
6793	1837	1	0.888
3809	116	1	0.948
6518	2263	0	0.000526
9777	1663	1	0.905
2168	3005	1	0.842
8501	4049	1	0.895
8247	536	1	0.855
4111	7743	1	0.877
6768	1000	0	0.000559
2066	2004	1	0.871
2198	5771	1	0.825
7426	285	1	0.942
8967	698	0	0.000467
225	2286	0	0.000459
1877	748	1	0.911
462	1450	1	0.894
2524	2659	1	0.801
5031	1589	1	0.938
9619	5337	0	0.000109
9108	944	1	0.892
945	3965	1	0.816
6878	3501	0	0.000327
6607	949	1	0.939
7268	2549	1	0.992
5977	5279	1	0.963
4741	5690	0	0.000197
2073	4096	1	0.997
2385	6028	1	0.963
5843	2042	0	0.000389
6541	2254	0	9.09e-05
2104	817	1	0.923
2257	5690	1	0.876
3106	1777	1	0.98
5608	2992	1	0.916
5059	6580	1	0.822
5051	3999	1	0.986
7791	6300	1	0.811
9187	2601	1	0.97
5085	1740	1	0.828
1990	8938	1	0.812
2831	6234	1	0.863
4956	1077	1	0.873
7683	5698	1	0.985
1134	4020	1	0.926
1096	382	1	0.949
1099	5259	1	0.974
4087	3932	0	0.000621
5563	1965	1	0.884
5211	163	1	0.891
6161	3114	1	0.914
8431	3333	1	0.804
7945	4661	1	0.877
9197	4371	1	0.941
7819	6248	1	0.846
8345	1102	0	0.000491
435	2340	0	0.000356
1501	3836	1	0.971
6557	356	1	0.995
8092	6781	1	0.888
1224	4617	0	0.000361
9884	8389	1	0.988
384	9094	0	0.000302
3300	4658	1	0.801
5970	18	1	0.978
6126	9483	1	0.971
302	944	1	0.982
2646	7834	1	0.869
9856	3700	1	0.967
9653	6049	1	0.939
7341	8441	1	0.826
7062	3261	1	0.88
7594	6853	1	0.809
8748	526	1	0.893
8824	1171	0	0.00052
4055	1434	1	0.84
6668	2089	1	0.844
2722	1429	1	0.95
1297	3179	0	0.000411
4712	419	0	0.000322
8039	4923	1	0.862
3377	478	1	0.853
347	4097	1	0.926
2349	3440	1	0.87
4627	1634	1	0.864
2809	5335	1	0.83
2	243	1	0.899
5844	6816	1	0.853
4961	1775	1	0.872
3254	8428	1	0.859
4957	1870	1	0.957
39	2049	1	0.992
5209	1745	1	0.991
7704	8417	1	0.921
5599	2695	1	0.845
3232	5434	1	0.942
2642	8163	1	0.825
7698	965	1	0.901
5496	3905	1	0.865
3812	234	1	0.856
6777	3767	1	0.897
3681	3589	1	0.843
6849	5405	1	0.974
108	2460	1	0.905
5560	2505	0	0.000173
2118	2906	0	0.000546
4231	2797	1	0.953
6968	2089	1	0.879
4791	534	1	0.823
6333	5075	1	0.836
4096	3995	0	0.000469
535	771	1	0.8
4559	2127	1	0.944
8724	8455	1	0.843
1600	6033	1	0.858
4439	413	1	0.979
2819	586	1	0.957
2183	3342	1	0.949
7917	2869	1	0.806
7218	2910	1	0.829
5761	6752	1	0.937
3248	7795	1	0.835
8169	5919	1	0.998
1283	6427	1	0.904
2860	9869	1	0.886
2585	4023	0	0.000273
6637	4164	1	0.869
5725	3231	1	0.89
1786	6629	1	0.972
1285	3312	1	0.923
5814	3473	0	0.000555
1801	6015	1	0.995
7221	4629	1	0.821
8859	1129	1	0.962
8663	7049	1	0.895
3202	2677	1	0.98
1473	9227	1	0.988
3228	9305	1	0.809
4136	9671	1	0.967
3170	4866	0	0.000209
9713	7853	0	0.000314
2019	632	1	0.837
8577	1030	0	0.000375
6109	7640	0	8.59e-05
8360	9109	1	0.97
7040	543	1	0.886
4740	1340	1	0.863
6687	3052	1	0.886
4129	3433	1	0.863
7637	2130	1	0.941
7427	3466	0	0.000456
1231	3363	1	0.824
6281	9916	0	0.000633
5806	522	1	0.829
3711	8468	0	0.000575
9363	2059	1	0.855
539	95	1	0.922
2270	1660	1	0.954
9352	2060	1	0.858
9436	8534	0	0.000141
4778	3003	1	0.877
3068	6078	0	0.000392
4877	869	1	0.984
1668	7257	1	0.995
4497	1375	1	0.937
8770	1081	1	0.842
8858	3315	0	0.000285
6792	989	1	0.96
1849	3189	1	0.915
1038	9763	1	0.857
9179	4855	1	0.816
4368	1780	0	0.000248
841	6056	1	0.922
1721	7612	1	0.9
1423	4660	1	0.958
6978	3277	1	0.998
8891	1921	1	0.865
5433	1459	1	0.893
4851	8925	0	0.000414
1463	4959	1	0.928
2057	166	1	0.931
4007	9566	0	0.000185
7511	2410	1	0.977
8760	235	1	0.872
6986	4029	1	0.933
7581	916	1	0.978
6013	746	1	0.801
860	1289	1	0.832
7622	861	1	0.921
1055	1292	0	0.000233
7911	996	0	0.000536
4644	4771	0	0.000334
9793	4596	1	0.997
4532	2067	1	0.898
1445	466	0	0.000398
3421	3815	1	0.942
835	2108	1	0.861
766	1022	1	0.926
7028	6008	1	0.876
992	2	1	0.948
9024	6592	1	0.918
7103	1314	1	0.965
8046	7566	1	0.984
2594	6221	0	0.000103
3112	2113	1	0.819
453	1226	0	0.000207
229	274	1	0.814
2354	9141	1	0.828
6198	3986	1	0.91
9981	9427	1	0.812
3640	2414	1	0.82
2779	977	1	0.88
6074	2579	1	0.914
3554	461	0	0.000284
3392	2239	1	0.874
3729	72	1	0.949
7674	1516	1	0.977
3362	738	1	0.895
369	892	1	0.995
844	7197	1	0.95
7454	7376	1	0.99
4997	752	0	0.000378
7164	1507	1	0.827
3696	5556	1	0.818
2906	6953	1	0.825
771	8962	1	0.985
781	9344	1	0.953
8388	9645	1	0.862
2043	3338	1	0.938
6745	2501	1	0.968
813	4563	1	0.893
8590	237	1	0.854
6339	5194	1	0.891
6513	2318	1	0.953
9534	5762	1	0.817
8543	1025	1	0.918
4896	1151	1	0.853
1152	5874	1	0.961
1599	3539	1	0.867
4456	5498	1	0.819
1271	2668	0	0.000157
9532	5260	1	0.998
9993	3343	1	0.971
687	646	1	0.999
5342	6971	1	0.907
9414	6472	0	0.000572
4424	6338	1	0.966
1190	4439	1	0.943
3088	6359	1	0.897
5303	7798	1	0.973
4866	459	1	0.974
2363	733	1	0.83
3477	348	1	0.906
5723	1107	0	0.000225
7776	555	1	0.873
3059	948	1	0.835
9115	2882	1	0.907
3206	2025	0	0.000389
6252	1239	1	0.848
5589	931	1	0.895
8888	542	1	0.826
3207	1771	1	0.968
9987	9465	1	0.935
1236	432	1	0.991
2708	1502	1	0.818
7455	7153	1	0.832
8010	830	1	0.911
8780	4189	1	0.887
8130	2167	1	0.828
3597	381	1	0.984
2273	692	1	0.858
8536	1202	1	0.818
8700	3453	1	0.992
3063	7876	1	0.992
5845	4098	1	0.811
7359	4991	1	0.93
1745	611	1	0.949
2414	996	1	0.848
9002	4425	1	0.825
6653	9991	1	0.983
547	6540	1	0.825
5825	9366	1	0.879
9855	471	1	0.822
9188	3079	1	0.838
7167	5270	1	0.857
2686	6277	1	0.91
6234	733	1	0.814
566	3486	1	0.879
8171	2913	1	0.953
961	2195	1	0.86
6248	9555	1	0.855
3615	6463	1	0.842
2953	1314	1	0.925
7003	4809	1	0.972
9677	8858	1	0.803
1243	7695	1	0.91
8532	3269	1	0.923
6418	2420	1	0.968
9010	7406	0	0.000386
4596	9793	1	0.866
2254	6541	1	0.877
6938	9232	1	0.886
4075	3592	1	0.801
360	5691	1	0.85
8872	7567	1	0.902
668	5398	1	0.927
2497	5893	1	0.948
2925	1253	1	0.964
4269	646	1	0.967
2482	1099	0	0.000272
799	166	1	0.893
346	6094	0	0.000394
9085	813	1	0.848
2716	9602	1	0.937
9298	6419	1	0.876
2383	863	1	0.967
8270	2570	1	0.877
3287	1308	0	0.000314
1883	361	0	0.000251
9499	8023	1	0.869
7435	3634	1	0.861
3974	684	1	0.981
74	1201	1	0.936
3230	7597	1	0.899
2063	2355	1	0.887
155	232	0	0.000172
7289	5213	0	0.000616
5604	200	1	0.95
4032	7642	1	0.986
8682	3586	1	0.829
9009	3816	1	0.999
9545	9248	0	0.000522
8688	3741	1	0.818
9107	1950	1	0.981
3789	5118	1	0.869
2040	1814	1	0.997
4207	6404	1	0.881
3470	382	1	0.82
9337	3849	1	0.822
6096	4919	1	0.878
1467	9979	1	0.942
2346	6335	0	0.000385
153	7027	1	0.955
7067	5869	1	0.941
5482	3915	1	0.864
7631	6411	1	0.825
9334	7573	1	0.81
3522	895	1	0.931
617	2094	1	0.942
2106	6103	1	0.965
2837	7434	0	0.000579
3627	8294	1	0.831
4528	7336	0	0.000293
9106	8040	1	0.831
3486	1323	1	0.85
2971	6683	1	0.989
4542	6878	1	0.985
5559	26	1	0.896
3045	7020	1	0.932
7106	9986	1	0.882
2071	8708	1	0.812
8466	5064	1	0.943
7749	5360	0	0.000514
6726	1740	0	0.000291
5739	341	1	0.827
4985	6575	1	0.969
2368	8508	1	0.974
2272	6206	0	0.000262
8598	8704	1	0.84
6801	794	1	0.801
7499	600	1	0.949
9844	418	1	0.906
9289	2554	1	0.913
1381	6587	1	0.998
5826	1940	1	0.945
7168	485	1	0.87
1319	727	1	0.879
1405	2604	0	0.000416
6520	5944	1	0.981
1776	659	1	0.993
1537	156	1	0.926
8416	2523	1	0.852
5321	78	1	0.928
5258	5177	1	0.999
9239	2985	1	0.87
8036	5050	1	0.866
4240	9245	1	0.978
1731	5678	1	0.816
3968	9410	1	0.97
8732	1300	0	0.000326
6180	7304	1	0.912
2856	2798	0	0.00028
9604	1929	1	0.945
8357	8283	1	0.9
8084	1885	1	0.961
5881	2485	0	0.000632
2378	7679	1	0.824
2373	5971	1	0.964
7848	1186	1	0.839
6469	4130	1	0.828
1669	7150	1	0.806
3764	327	1	0.873
1303	5626	1	0.806
7151	8649	1	0.986
3057	1035	1	0.82
5282	6369	1	0.97
5570	8333	1	0.815
275	1700	1	0.916
5374	7028	1	0.873
7773	3536	1	0.968
4070	6779	1	0.947
3930	402	0	0.000233
5065	223	1	0.975
7029	9130	1	0.842
9294	8422	1	0.87
3732	6765	1	0.918
2890	5403	1	0.963
2377	1099	1	0.829
905	683	0	0.000304
9171	8798	0	8.35e-05
2208	1758	0	0.000617
7127	5360	1	0.915
6103	6119	1	0.986
1029	2500	1	0.913
3680	1858	0	0.00052
7386	361	1	0.861
1130	3133	1	0.992
2991	8471	1	0.929
4967	3179	0	0.000234
6099	3746	1	0.834
8296	4347	1	0.918
326	2781	1	0.824
3329	6849	1	0.997
3242	4959	1	0.885
663	812	0	0.000373
2518	1255	1	0.943
6691	729	1	0.986
7437	8455	1	0.829
4158	7502	1	0.963
2163	1795	1	0.979
8518	7032	1	0.815
2167	2336	1	0.851
6655	1583	0	0.000413
979	4381	1	0.827
3004	2106	1	0.972
8045	9844	1	0.827
7837	1208	1	0.895
1777	6601	0	0.000136
671	2556	1	0.828
6219	4857	1	0.878
1938	8433	1	0.935
7748	4608	0	0.000532
5938	6499	1	0.871
2374	27	1	0.834
4336	2961	1	0.855
1699	1088	1	0.962
5997	301	1	0.801
6104	7668	1	0.801
5293	1814	1	0.925
7571	1026	1	0.967
4970	5562	0	0.000356
6101	6677	1	0.895
4210	4357	1	0.809
4286	5103	1	0.809
1952	9647	1	0.852
7784	726	1	0.972
7602	1151	1	0.825
6834	5227	1	0.834
5004	5538	1	0.841
9438	470	1	0.997
9233	116	1	0.892
9849	1023	1	0.87
9665	7554	1	0.981
9100	5637	1	0.852
324	2675	1	0.807
9891	2345	1	0.975
23	2100	1	0.854
3483	26	1	0.801
5025	7684	1	0.917
60	1592	1	0.956
4674	1258	0	0.000535
6438	1732	1	0.887
9795	6818	1	0.842
9356	5786	0	0.000388
6181	9405	1	0.968
4006	9905	0	0.000622
593	5812	1	0.817
5627	9230	1	0.823
2863	2778	1	0.816
3642	1160	1	0.813
8407	1745	1	0.868
9185	3003	0	0.000115
7210	2835	1	0.832
4781	8428	1	0.968
9897	3725	0	0.000508
6508	9800	1	0.888
6965	5884	1	0.887
1916	5010	1	0.873
6868	7791	1	0.977
306	2254	1	0.89
24	9450	1	0.992
8162	3232	1	0.901
5497	9045	1	0.994
9318	607	1	0.844
5532	7015	1	0.937
3495	7703	1	0.879
114	5771	1	0.943
1720	9483	1	0.939
897	2788	1	0.901
1584	3734	1	0.929
8769	4053	1	0.975
7711	5818	1	0.911
7906	7061	1	0.921
444	726	1	0.843
8636	4651	1	0.987
7892	2367	1	0.882
7592	3288	1	0.844
8876	3263	1	0.858
2804	424	1	0.953
7745	5143	1	0.973
6448	39	1	0.856
7569	2213	1	0.999
2318	1322	0	0.000575
2343	29	1	0.981
5646	8179	1	0.815
6359	152	0	0.000552
8533	909	1	0.904
4986	4949	0	0.000148
6864	3516	1	0.842
4735	414	0	0.000233
4112	6009	0	0.000623
2220	5488	1	0.985
8029	9870	1	0.838
6961	2547	1	0.876
9130	2864	1	0.861
3689	905	1	0.859
1628	6852	1	0.805
4926	3843	1	0.997
9513	6334	1	0.857
113	9139	1	0.862
2681	6987	1	0.842
7909	6029	1	0.852
4854	9140	1	0.84
8172	5496	1	0.98
9283	3009	1	0.854
6001	517	1	0.896
2688	3760	1	0.959
7410	1462	1	0.937
1542	9000	1	0.872
6259	6793	1	0.86
2657	2563	0	0.000536
5476	2402	1	0.941
9405	8720	1	0.864
5999	1657	1	0.863
7798	6393	1	0.834
3190	2806	1	0.859
7294	8000	1	0.873
466	2665	1	0.915
3100	4998	1	0.985
7337	5363	1	0.925
373	992	0	0.000516
6830	1925	0	0.000276
8482	6291	1	0.824
4517	250	0	0.000554
263	8249	1	0.853
8980	2082	1	0.982
8137	3873	0	0.000514
1267	2475	1	0.869
3338	2043	1	0.932
6577	6724	1	0.928
4144	3461	1	0.818
1611	509	1	0.881
2086	1181	1	0.97
546	2713	1	0.833
7107	293	1	0.951
2820	1604	0	0.00021
2577	9	1	0.888
9734	4878	1	0.885
2976	1987	1	0.927
3155	1688	1	0.866
469	2072	1	0.865
2598	9421	1	0.82
1856	389	1	0.961
2936	6440	0	0.000249
964	5161	1	0.883
1114	1505	1	0.819
6042	8534	1	0.973
8306	2190	1	0.922
6138	5769	0	0.000531
9395	6147	1	0.958
4282	1	1	0.862
2448	1373	1	0.925
8618	1162	1	0.814
3249	2010	1	0.942
2192	9531	1	0.836
3186	8511	1	0.84
405	2906	0	0.000545
5956	7500	1	0.859
3235	5613	1	0.994
4194	788	1	0.818
5140	1578	0	0.000316
3320	420	1	0.944
6781	5983	1	0.937
3700	5602	1	0.92
3441	6751	1	0.817
904	2523	1	0.939
686	1559	1	0.976
5311	5495	0	0.000545
4690	874	1	0.836
2732	7077	0	0.000554
4878	5060	1	0.904
86	5287	1	0.877
2423	81	1	0.938
2565	6853	0	0.00011
2195	7580	1	0.879
5647	3022	1	0.92
7800	8189	1	0.907
4530	3723	1	0.989
2028	744	1	0.9
4044	3644	1	0.964
8167	6975	1	0.819
8606	8295	0	0.000486
7089	2200	1	0.924
7298	6197	1	0.919
3622	14	1	0.835
5715	4906	1	0.915
8613	1167	1	0.894
9970	2540	1	0.914
3464	7271	1	0.893
8231	7027	1	0.895
5518	3408	0	0.00048
8053	2768	1	0.985
5117	1578	1	0.948
8595	4194	1	0.925
9556	8777	1	0.805
4468	7247	1	0.817
175	6811	1	0.933
6484	6908	1	0.968
3002	272	1	0.864
2111	6658	1	0.901
6509	3539	1	0.898
9631	3593	1	0.865
2286	3228	1	0.863
570	2942	1	0.938
8522	1831	0	0.000297
1233	1389	1	0.937
8901	4478	1	0.945
8448	1737	0	0.000277
7054	6155	0	0.000362
1709	1460	1	0.974
5708	9484	1	0.959
940	9432	1	0.904
6928	970	0	8.31e-05
9471	5143	1	0.863
3802	3239	1	0.951
1864	89	1	0.912
2651	8454	1	0.958
6303	971	1	0.853
412	2814	1	0.943
9921	9802	1	0.837
3613	7750	0	0.000472
911	8790	1	0.804
6598	8248	1	0.82
5375	3635	1	0.977
1111	6506	1	0.895
5851	882	1	0.919
7593	2814	1	0.988
9013	4853	1	0.922
9474	1630	1	0.983
6594	1393	1	0.951
8303	6478	1	0.942
5316	5594	1	0.938
9900	5169	1	0.829
1970	2732	1	0.801
1579	3619	1	0.957
9099	220	1	0.865
1540	3303	0	0.000307
9065	3015	1	0.816
8972	1969	1	0.808
4429	4706	1	0.855
1705	1972	0	0.000248
5131	7095	1	0.935
2685	6962	1	0.806
2074	2957	1	0.803
6415	2396	1	0.859
2280	4164	1	0.953
1235	6306	1	0.931
3655	2616	1	0.946
1507	2858	1	0.816
3693	973	0	0.000455
9703	4538	1	0.974
5159	7040	1	0.831
409	677	1	0.904
2331	5505	1	0.951
6330	4792	1	0.974
2956	4552	0	0.000636
288	2149	0	0.000239
9020	2262	1	0.85
4259	5970	1	0.919
3755	8607	1	0.871
2871	94	1	0.885
8550	854	1	0.836
4174	2018	1	0.998
5019	9998	1	0.922
2048	8536	1	0.846
9067	7879	1	0.816
6763	1725	1	0.983
797	7027	1	0.899
6951	1853	0	0.000279
4808	9599	1	0.896
461	391	1	0.992
7958	3317	1	0.949
9483	6126	1	0.824
2296	8640	0	0.0006
358	2699	0	0.000253
4469	629	1	0.837
840	1583	1	0.803
5	5291	0	0.000618
4365	4605	1	0.825
2136	4021	1	0.861
8735	472	1	0.804
3674	5145	1	0.968
5200	4521	0	0.00058
6966	8690	1	0.987
5636	5971	1	0.939
4326	8925	0	0.000609
4481	8520	1	0.827
8839	9181	1	0.846
2541	7229	1	0.955
4714	20	0	0.000346
9080	35	1	0.952
495	4241	1	0.805
3086	7499	1	0.867
7286	6490	1	0.951
6741	525	1	0.84
3036	9653	1	0.873
2842	5505	1	0.848
8982	8593	0	0.00025
9213	422	1	0.825
3281	8432	1	0.957
3387	1608	1	0.916
637	1003	0	0.000183
557	5515	1	0.825
3505	1111	1	0.967
62	5567	1	0.895
5167	1009	1	0.834
7984	3936	1	0.88
293	848	1	0.932
3461	8612	1	0.84
2785	699	0	0.000407
2415	201	1	0.898
1792	2382	1	0.919
5582	105	1	0.976
523	2527	1	0.932
8284	6374	1	0.914
9359	3853	1	0.887
8875	859	1	0.916
7105	984	1	0.847
2258	6567	1	0.911
2627	4593	1	0.919
3379	6009	1	0.961
5792	8772	1	0.962
8437	461	1	0.943
6769	1836	1	0.921
7924	6636	0	0.000176
6846	8868	1	0.97
349	494	0	0.000611
9510	2908	1	0.988
5091	3596	1	0.939
6567	359	1	0.96
5075	1644	1	0.977
8784	5874	1	0.937
7025	7977	1	0.958
2989	7772	1	0.944
6497	2216	1	0.944
1858	1194	0	0.000392
7491	7151	1	0.856
587	5451	0	0.000546
5662	1584	0	0.000528
9822	1026	0	0.000321
966	8687	1	0.918
4837	1043	1	0.981
7863	9907	1	0.973
9249	1357	1	0.939
1362	83	1	0.9
2801	5692	1	0.979
4380	9159	1	0.981
1402	9946	1	0.875
4746	2986	1	0.956
3893	1094	1	0.926
881	6616	1	0.975
1014	5418	1	0.993
3355	2338	1	0.807
9252	4079	1	0.814
1135	2048	1	0.996
7466	2603	1	0.908
8785	2503	1	0.997
5474	8631	1	0.853
3533	6841	1	0.864
621	112	0	0.000479
2026	5455	1	0.888
965	1592	1	0.821
6286	2036	1	0.971
9429	867	1	0.838
9005	2913	1	0.864
9425	7594	1	0.873
6196	9800	1	0.857
5891	542	1	0.951
6962	4929	1	0.907
8987	3225	1	0.894
9381	3073	0	0.000357
1414	2740	1	0.81
1486	1471	0	0.000167
1612	153	1	0.962
2003	3114	1	0.87
2984	2426	1	0.807
5680	8171	1	0.964
184	2019	1	0.842
8012	812	1	0.891
4051	4623	1	0.873
1064	7247	1	0.927
693	91	1	0.81
434	298	1	0.907
7242	6777	1	0.8
1009	7290	1	0.925
975	166	1	0.936
3279	7854	0	0.000123
922	666	1	0.866
5264	3358	1	0.804
1215	1222	1	0.852
3500	852	1	0.871
3904	2813	0	0.000343
3962	7696	1	0.945
7484	7068	1	0.844
8339	9487	1	0.893
2528	7099	1	0.924
8575	9135	1	0.819
7529	8302	0	0.000384
6870	3415	1	0.863
2992	4794	1	0.819
8362	6707	1	0.85
8977	285	1	0.929
6371	5678	0	0.00011
785	90	1	0.871
4834	8838	1	0.842
6445	569	1	0.873
7096	7445	1	0.845
7228	930	1	0.963
9829	906	1	0.806
5071	755	1	0.92
9374	1172	1	0.897
8677	1192	1	0.84
8344	2035	1	0.968
10	9522	1	0.823
7830	3539	1	0.872
7121	276	1	0.826
7833	1624	1	0.939
3286	7039	1	0.945
8028	4657	1	0.898
1964	8239	1	0.988
9228	5864	1	0.909
6496	1977	0	0.000411
185	9280	0	0.000204
1585	6448	0	0.00057
4553	3231	1	0.808
8033	3354	1	0.992
9753	2715	1	0.938
4212	4211	1	0.924
5281	2348	1	0.887
7695	1855	1	0.842
1806	59	1	0.861
3198	3017	0	0.000411
2099	4734	1	0.84
3858	5785	1	0.918
6720	6314	1	0.988
4581	6944	1	0.929
6205	1872	1	0.854
6912	8688	1	0.939
4921	5353	1	0.993
2452	5334	1	0.906
6738	2467	1	0.845
4842	94	0	0.000492
5346	4615	1	0.969
7400	1025	0	0.000161
3074	8220	1	0.868
8268	2864	1	0.998
4801	2865	0	0.000317
7135	8742	1	0.867
1129	6506	1	0.923
9685	2209	1	0.942
742	5820	1	0.817
858	2382	1	0.941
9119	9259	1	0.86
2875	1277	1	0.944
6899	5337	1	0.976
6283	3866	1	0.989
4391	2234	1	0.813
6519	2002	1	0.819
2061	9584	1	0.971
7149	6371	0	0.000585
6580	1329	1	0.832
138	352	1	0.869
5335	3534	0	0.000512
6009	2616	1	0.889
8816	172	0	0.000457
9809	8305	1	0.858
317	5640	0	0.000105
7980	6732	0	0.000528
9346	161	1	0.874
6946	587	1	0.867
5018	3767	0	0.000523
7146	1743	1	0.945
5368	8110	0	0.000437
4520	4961	1	0.986
160	762	1	0.81
5903	5678	1	0.84
9384	6379	0	0.000568
5291	8160	0	0.000398
2297	4373	0	0.000622
3699	1965	1	0.836
6982	3247	1	0.967
761	4655	1	0.847
8091	742	1	0.881
1101	8896	0	0.000185
7560	6457	1	0.808
1825	21	1	0.883
9669	2826	1	0.983
8222	3017	1	0.97
6094	2907	1	0.819
6296	2459	1	0.826
1148	7561	1	0.811
4390	8062	1	0.854
5272	139	1	0.968
9291	5910	1	0.921
2918	3897	1	0.869
1095	2708	1	0.919
6522	4570	0	0.000273
3342	141	1	0.896
5649	3386	1	0.866
2007	3629	1	0.835
2435	2064	1	0.943
5499	8986	1	0.846
9190	971	1	0.965
4652	1798	0	0.000114
452	1025	0	0.000145
5306	4296	0	0.000161
820	8402	1	0.984
3993	1199	1	0.838
988	4573	1	0.936
4228	4779	1	0.986
6212	4777	0	0.00018
7260	1392	1	0.913
7526	1593	1	0.866
7199	941	1	0.886
3297	6873	1	0.838
596	1196	1	0.919
9184	7515	1	0.806
2609	1856	0	0.000615
8571	1804	1	0.812
1160	3642	1	0.821
3940	6485	1	0.876
7345	7290	1	0.813
9833	819	1	0.958
7786	1347	1	0.905
7219	5219	1	0.929
6050	3154	0	0.000122
2788	41	1	0.849
1072	866	1	0.996
9955	764	1	0.915
6539	3134	1	0.887
8273	3878	1	0.927
3274	4296	1	0.98
8946	1791	1	0.814
8428	5092	1	0.835
61	189	1	0.822
708	4609	1	0.907
3165	577	1	0.867
8225	4439	1	0.908
286	7503	1	0.91
9576	658	1	0.806
5434	8475	1	0.945
6721	2009	1	0.917
5631	9442	1	0.829
8002	6977	0	0.000571
3621	5024	1	0.866
9924	8263	1	0.866
2403	8732	1	0.944
3255	7622	1	0.984
3635	7983	1	0.816
7780	4119	1	0.893
4871	273	1	0.954
8389	335	1	0.808
619	9181	1	0.954
9303	3189	1	0.837
3301	852	0	0.000357
512	4327	1	0.886
5029	4159	1	0.969
8334	8421	1	0.878
7781	6420	1	0.876
4702	95	1	0.998
8955	791	1	0.933
7104	1328	1	0.96
7712	1196	1	0.82
5341	9020	1	0.85
4501	2693	1	0.899
4551	4836	1	0.931
1132	1397	1	0.863
9960	6692	1	0.908
3162	8095	0	0.000411
9674	7413	0	0.000226
5600	2962	1	0.876
3558	6740	1	0.928
876	6367	1	0.819
8061	9783	1	0.917
9681	1127	1	0.992
2334	6121	1	0.962
9758	2563	1	0.862
4182	3179	0	0.000197
4054	946	1	0.89
501	8049	1	0.962
5233	5978	1	0.966
3823	8953	1	0.923
474	7785	0	0.000611
5141	805	1	0.82
8373	495	0	8.23e-05
5733	2499	1	0.978
6900	6308	1	0.856
5338	601	0	0.000452
4229	3432	1	0.852
2699	4129	1	0.823
2206	9982	1	0.886
6623	8251	1	0.876
5927	3016	1	0.853
9857	461	1	0.95
6425	1290	1	0.987
8670	1323	1	0.846
4142	3171	1	0.969
5172	8042	0	0.000133
2109	987	1	0.974
7495	608	1	0.841
8208	2108	1	0.945
7378	5098	1	0.866
4914	6205	1	0.84
1251	2749	1	0.931
2548	8018	1	0.918
4648	8640	1	0.954
2259	8755	1	0.992
9655	9555	1	0.892
8152	4429	0	0.000218
9998	1322	1	0.806
6780	839	1	0.905
6220	8936	1	0.887
3214	1836	0	0.000606
883	6722	1	0.869
2471	3286	1	0.917
6934	3541	1	0.834
7235	6483	1	0.972
3718	6727	1	0.959
8702	1402	1	0.845
4509	2360	1	0.866
4786	4383	1	0.954
6387	7279	1	0.962
5863	3886	0	0.00039
8653	2346	1	0.801
4850	55	1	0.85
5644	1050	1	0.911
6743	5400	1	0.961
6530	5958	1	0.893
873	8510	1	0.986
7925	2334	1	0.869
6742	1572	0	0.000207
6362	9954	1	0.957
6831	27	1	0.964
4463	2530	1	0.855
3662	6369	1	0.838
4564	6335	1	0.951
1317	7510	1	0.869
3888	8033	1	0.847
9418	7819	1	0.834
6020	5845	1	0.894
9135	3860	1	0.901
1543	457	1	0.844
7397	4067	1	0.955
9639	5810	0	0.000582
3101	7093	1	0.802
7444	1588	1	0.9
6467	2893	1	0.966
7772	1466	1	0.903
9090	950	1	0.935
8489	9886	1	0.875
8294	1407	1	0.952
9956	2290	1	0.967
3131	514	1	0.975
7075	7271	1	0.91
88	8987	0	0.0003
8974	895	1	0.85
7160	3314	1	0.94
8625	5465	1	0.817
5530	7474	1	0.92
4405	5641	1	0.93
8003	2684	1	0.828
4030	1322	0	0.000381
6757	13	1	0.937
1000	1064	1	0.985
278	3508	1	0.809
3769	7468	1	0.983
8148	7457	1	0.825
8328	968	0	0.000297
3366	1014	1	0.881
1756	7270	1	0.876
8500	56	0	0.000603
8030	5086	0	0.000287
6367	1196	1	0.868
1703	661	1	0.923
9343	4648	1	0.913
4984	1319	1	0.81
9935	8755	1	0.971
3260	7593	1	0.931
9889	7988	1	0.992
6512	4825	1	0.862
6837	5597	1	0.981
8310	8305	1	0.868
2051	234	1	0.998
6070	4631	1	0.932
9526	701	1	0.853
3997	1949	0	0.000402
2122	1673	1	0.855
5299	4420	0	0.000555
5163	3457	0	0.000627
3535	456	1	0.984
1220	1378	1	0.859
4603	5807	0	0.000104
3552	7633	1	0.865
8159	1819	0	0.000152
7236	88	1	0.829
8110	115	1	0.824
6838	944	1	0.835
9278	1865	1	0.98
4507	5793	1	0.877
7391	7650	1	0.92
101	8122	1	0.961
9181	5420	0	0.000231
8610	4158	1	0.889
1370	4463	1	0.868
9762	1151	1	0.835
4880	1322	1	0.983
984	3415	1	0.926
6576	6294	1	0.808
7392	2272	0	0.000445
7405	1505	1	0.875
7626	8774	1	0.945
3383	6367	0	0.000103
4169	6061	1	0.907
5243	961	0	0.000222
8183	7579	1	0.895
2022	2579	1	0.867
4015	1634	1	0.952
5136	8825	1	0.889
6964	60	1	0.877
3626	469	1	0.872
767	368	1	0.945
1143	4280	1	0.995
298	222	0	0.000413
3884	748	1	0.825
7932	2237	1	0.844
7680	3902	1	0.842
3624	2363	1	0.911
2083	617	1	0.903
3070	1288	1	0.896
9766	6024	1	0.845
124	8439	0	0.000128
9340	1966	1	0.866
1	24	1	0.935
9312	65	1	0.825
8370	2048	1	0.907
706	2862	1	0.901
6985	3337	1	0.886
9224	9178	1	0.838
4164	9907	1	0.993
7031	2015	1	0.975
3361	70	1	0.869
8553	9060	0	0.000126
6414	9868	1	0.837
9323	8023	1	0.963
9971	1203	1	0.896
7436	4959	1	0.84
1216	3739	1	0.998
6268	3445	1	0.964
7328	1448	1	0.894
2292	8186	1	0.817
8809	909	1	0.849
9643	8705	0	0.000607
6949	774	1	0.818
6134	743	1	0.888
3113	474	1	0.901
4594	1864	1	0.948
3985	5497	1	0.969
2320	9510	1	0.921
743	5610	1	0.828
7878	3342	1	0.928
4331	904	1	0.843
825	5077	1	0.865
5429	5532	1	0.863
2899	6922	1	0.831
8757	3179	1	0.909
8019	7868	1	0.988
4978	1907	1	0.82
143	376	0	0.000416
9496	8234	1	0.834
4982	333	1	0.99
8616	4975	1	0.993
1843	9528	1	0.878
8890	3927	1	0.912
4577	3660	1	0.802
1102	975	1	0.843
2390	2566	1	0.945
2692	2976	1	0.859
5060	4240	1	0.854
9733	3051	1	0.987
5492	1200	0	0.000286
4742	9808	1	0.941
8253	3235	1	0.879
4065	480	1	0.99
5994	8797	1	0.874
575	45	1	0.935
8487	3941	1	0.88
9349	7395	1	0.803
1696	7132	1	0.85
7646	5948	1	0.945
2893	1602	1	0.856
5957	9808	1	0.879
7061	1722	1	0.881
6294	6635	1	0.962
5538	2687	1	0.911
228	8329	1	0.827
4476	31	1	0.93
3161	195	1	0.918
9915	596	1	0.895
9434	1078	1	0.95
5932	1215	1	0.803
6688	7069	1	0.876
8483	1128	0	0.000338
8429	4590	1	0.864
9848	771	1	0.858
5785	3561	0	0.000245
6709	3695	1	0.828
1676	8612	1	0.896
6024	2804	1	0.972
9146	890	1	0.894
5179	1819	1	0.883
5350	9948	1	0.936
4762	8946	0	0.000553
1357	7405	0	0.000459
5445	6716	1	0.946
3154	8537	1	0.908
6209	915	0	0.000473
5709	9993	1	0.826
2278	8728	1	0.974
210	4635	1	0.949
8246	283	1	0.992
9304	7156	1	0.948
236	6542	1	0.811
5732	7358	0	0.000267
6358	31	1	0.937
1282	401	1	0.863
5330	1053	1	0.955
6018	3640	1	0.856
9575	3091	1	0.98
7514	5990	1	1
899	2094	1	0.863
3581	7347	1	0.824
8578	2226	1	0.975
690	4049	1	0.924
4020	6231	1	0.879
732	8300	0	0.000287
3135	741	1	0.981
1417	8095	1	0.883
8009	375	1	0.812
7471	2560	1	0.876
3217	6895	1	0.999
8279	1601	0	0.000319
9968	6065	1	0.968
8425	63	1	0.889
567	3493	1	0.804
5101	4530	1	0.955
5467	2202	1	0.922
1900	2618	1	0.943
7835	7094	1	0.834
6173	9494	1	0.925
9362	9397	1	0.904
5063	361	1	0.976
999	684	1	0.841
2567	6440	1	0.867
7204	2047	1	0.833
5939	348	1	0.822
4459	6899	1	0.872
6921	7075	1	0.985
1110	4733	1	0.862
6111	3565	1	0.951
3124	923	1	0.924
9006	2672	1	0.928
2115	9012	1	0.838
5871	1475	1	0.902
1431	8124	1	0.99
7357	3243	1	0.956
3430	5577	1	0.818
6773	202	1	0.845
1400	7082	1	0.856
5473	2459	1	0.901
7673	1696	1	0.847
5515	436	1	0.909
9003	4043	1	0.844
8821	3539	1	0.853
387	4427	1	0.92
4635	7186	1	0.858
9673	5270	1	0.824
6341	188	1	0.875
8264	4669	0	0.00036
6068	3283	0	0.000595
974	8759	1	0.87
5707	4393	1	0.934
4227	8535	1	0.924
7763	5985	1	0.979
9216	3140	0	0.000536
1783	7570	1	0.819
7475	8086	0	0.000465
8243	2411	1	0.908
9273	1772	1	0.916
5850	2520	1	0.875
3253	5367	1	0.881
1830	1247	1	0.841
3881	1823	1	0.957
5044	172	1	0.958
1894	1344	1	0.901
3684	3569	1	0.937
6474	5513	1	0.908
9646	7838	0	0.000362
6429	7414	0	0.000484
9658	2008	1	0.82
460	669	1	0.908
8338	6119	0	0.00018
1508	1066	1	0.826
1917	1695	1	0.983
7774	8211	1	0.826
1121	8023	1	0.955
2112	9623	1	0.926
8558	4243	1	0.976
4124	4425	1	0.899
2580	9067	1	0.81
9355	3576	1	0.889
9803	83	1	0.865
3870	8583	1	0.865
594	1271	1	0.952
5623	6192	0	0.000422
8474	8337	1	0.995
8291	2255	0	0.00051
3378	7837	1	0.863
1755	8015	1	0.93
1608	7190	0	0.000455
3571	8989	0	0.000255
1316	2729	1	0.891
7694	5240	1	0.91
5109	362	1	0.869
4334	7984	1	0.969
1851	7093	1	0.935
9846	8731	1	0.854
5736	223	1	1
8325	3069	1	0.828
4450	4049	1	0.99
1175	410	1	0.804
2404	2839	1	0.818
2285	458	1	0.838
5404	3941	1	0.836
5356	6455	1	0.882
5555	6001	0	0.000452
8151	3375	0	0.000224
8412	9030	1	0.826
8432	56	1	0.936
9415	1758	1	0.812
4166	949	0	0.000102
3848	7240	1	0.826
5539	1732	1	0.936
5747	6923	1	0.978
5102	2655	1	0.849
2604	1074	0	0.0002
99	2460	1	0.831
2522	721	0	0.00022
602	8516	1	0.842
7872	4151	0	0.00061
5833	9278	1	0.963
4706	4331	1	0.81
341	1472	1	0.814
3537	1048	1	0.952
7792	906	1	0.923
1290	6425	1	0.952
2951	3090	1	0.963
1535	3788	1	0.823
1898	5637	1	0.992
7070	638	1	0.854
4357	3558	1	0.953
4168	3434	1	0.964
7237	4762	1	0.802
6826	14	1	0.89
1961	7657	1	0.886
1386	1587	1	0.903
5082	8114	0	0.000189
1106	2199	1	0.888
5770	1673	0	0.00038
5506	9941	1	0.979
4261	245	1	0.902
9309	2714	0	0.000244
4435	1925	1	0.867
9125	7269	0	0.000399
3868	2138	1	0.953
7538	8307	1	0.836
3087	1728	1	0.943
6270	392	1	0.871
1593	8985	1	0.854
1796	53	0	9.46e-05
4204	1025	1	0.835
9509	7138	1	0.999
8090	7075	1	0.823
9104	6228	1	0.984
481	9334	1	0.883
9391	4634	1	0.888
853	2920	1	0.808
7447	673	1	0.849
823	2306	0	0.000304
8017	6545	1	0.866
4292	7565	1	0.851
8564	3320	1	0.992
3617	228	1	0.885
71	978	1	0.894
7661	7983	0	0.000328
5343	2885	1	0.976
5683	4855	1	0.939
9131	5247	0	0.000622
2162	2788	1	0.977
8044	8011	1	0.942
3311	6742	1	0.851
9774	5684	1	0.849
8374	8851	0	0.000476
4685	4263	1	0.862
9689	4842	1	0.953
9097	5365	0	0.000343
2870	7561	0	0.000186
6166	7657	1	0.892
1396	1326	1	0.837
5260	1901	1	1
2740	683	0	0.00058
603	20	0	0.000317
1931	1260	1	0.92
3064	7867	1	0.94
9559	3091	1	0.888
4999	4200	1	0.84
6669	2567	1	0.895
2244	5955	1	0.981
2486	4598	1	0.88
9858	6165	1	0.984
3005	9178	0	0.000461
3710	7837	1	0.922
1140	8233	1	0.913
7102	3492	1	0.812
7202	9045	0	0.000327
7195	466	1	0.851
3000	8118	1	0.934
5935	221	1	0.891
6973	7489	1	0.879
2233	1314	1	0.929
9451	1522	1	0.981
5694	1365	0	0.000599
4411	1517	1	0.808
1555	49	1	0.866
7191	3937	1	0.81
3850	3877	1	0.834
1314	4693	1	0.851
260	431	1	0.927
3961	5863	0	0.000436
1596	8860	1	0.924
401	4803	1	0.816
9620	4896	1	0.84
1425	2898	1	0.912
4910	3209	1	0.815
7644	5361	1	0.914
5593	4281	1	0.84
6786	952	1	0.982
3791	1141	1	0.864
4394	4049	1	0.975
9	5	1	0.83
7543	8536	1	0.955
7302	5759	1	0.927
2826	1994	1	0.854
7867	646	1	0.998
7382	9605	1	0.874
3358	152	1	0.934
1758	6153	0	8.54e-05
8293	7332	0	0.000244
4333	4688	1	0.934
9191	4545	1	0.812
9684	5106	1	0.814
7065	4551	1	0.834
2948	56	1	0.98
296	3128	1	0.968
4626	1588	1	0.957
7969	6230	0	0.000113
5302	8293	1	0.958
8592	1952	1	0.96
7827	7408	1	0.849
6511	1927	1	0.865
9651	84	1	0.908
7947	3692	1	0.914
6867	2591	1	0.914
9375	7631	1	0.995
1447	2285	1	0.952
7743	1472	0	0.000222
6086	1467	1	0.893
6157	5598	1	0.989
8601	4097	1	0.885
7717	4982	1	0.802
5158	4413	0	0.000476
7084	3726	1	0.92
2313	9115	1	0.828
3780	5375	1	0.986
8849	9076	1	0.89
208	4610	1	0.879
8346	8145	0	0.000615
1092	366	1	0.807
1765	6039	1	0.82
294	6860	1	0.978
5274	8691	1	0.875
670	2058	1	0.919
7818	8992	0	0.000411
8513	9528	0	0.000579
4738	58	0	0.000301
441	401	1	0.833
6877	3156	1	0.975
3788	7567	0	0.000517
9274	1316	1	0.941
1075	1405	1	0.951
8426	3322	1	0.944
6784	1099	1	0.948
5078	9878	1	0.873
9168	1423	1	0.908
2408	7176	0	0.000373
8841	3984	1	0.896
611	423	1	0.842
98	2355	1	0.968
4922	6241	0	0.000371
321	5519	1	0.912
4493	402	1	0.906
7082	5865	1	0.856
4686	1801	1	0.916
6191	1874	1	0.821
2480	3386	1	0.867
2626	2059	1	0.944
6862	3691	1	0.888
8098	4999	1	0.874
3652	5221	1	0.956
5064	57	1	0.956
8142	5630	1	0.931
2294	2196	1	0.81
7488	3036	1	0.909
2766	2803	1	0.97
7651	5451	1	0.942
4249	160	1	0.959
2301	1766	1	0.912
224	5291	1	0.805
1178	478	1	0.973
2072	4039	1	0.998
9063	1149	1	0.934
3261	5799	1	0.907
3244	2878	0	0.000221
235	2303	1	0.983
6952	1574	1	0.878
4506	7188	1	0.886
8521	8032	0	0.00022
3151	6628	1	0.841
164	3626	1	0.949
8440	1253	0	0.000231
8705	6413	1	0.98
5300	2479	1	0.85
3418	1787	1	0.841
7408	5282	1	0.941
9412	856	1	0.896
338	9976	1	0.851
6243	192	1	0.905
4950	9900	1	0.955
9049	6741	1	0.897
7050	1350	1	0.965
6245	1233	1	0.919
1780	485	1	0.873
4009	3720	1	0.847
8856	3658	1	0.992
3830	9625	1	0.986
1145	6855	1	0.803
4392	2246	1	0.883
8144	2063	1	0.973
1649	426	1	0.891
2710	4425	1	0.827
1352	5396	0	0.000448
9664	7182	1	0.904
8560	2313	1	0.871
361	3349	1	0.857
9914	7239	1	0.993
6798	2684	1	0.911
568	355	1	0.924
7156	793	1	0.861
1412	967	1	0.824
6063	5083	1	0.828
6858	5867	1	0.976
4965	158	1	0.898
7934	2698	1	0.836
7893	2758	1	0.854
6078	278	1	0.87
7985	7739	1	0.863
8438	7802	1	0.931
5081	3110	1	0.822
2625	1838	0	0.000203
5815	2285	0	0.000399
9288	9353	1	0.906
9590	5644	1	0.975
9110	2310	0	0.000373
3127	5500	1	0.941
511	9739	1	0.998
8365	8796	1	0.939
8473	8061	1	0.854
7198	7283	1	0.924
7039	518	1	0.815
5883	6313	0	0.000551
7884	6099	1	0.959
1482	6026	1	0.944
5775	8616	1	0.811
6800	138	1	0.98
6140	3644	1	0.881
7933	6204	1	0.971
4823	709	1	0.882
7735	4010	1	0.836
6676	6574	1	0.822
7055	968	1	0.852
6082	7916	1	0.979
9618	6274	1	0.852
6263	4976	1	0.937
8669	9453	1	0.88
6278	1007	1	0.844
641	356	1	0.915
5859	480	0	0.000457
281	834	1	0.866
3995	3430	1	0.838
8683	3515	1	0.986
6538	7830	1	0.803
4545	3013	1	0.976
5067	8523	1	0.848
4843	3665	0	0.000432
3222	1893	1	0.801
1034	7114	1	0.938
7196	343	1	0.804
2319	8356	1	0.965
2901	5565	1	0.854
6313	6129	1	0.874
3885	8961	1	0.907
2931	161	1	0.831
7181	3701	1	0.985
6410	3124	1	0.956
7021	6142	1	0.926
4139	5751	1	0.822
2432	76	0	0.000511
3142	679	0	0.000105
8245	6116	1	0.861
4137	6540	1	0.868
9880	159	1	0.99
8143	5002	0	0.000568
6803	3453	1	0.859
5704	6104	0	0.000241
3081	4930	0	0.000602
4558	3772	1	0.88
2049	1585	1	0.918
7183	94	1	0.976
7493	1679	1	0.807
2396	4486	1	0.997
4153	4450	1	0.949
1171	1816	0	0.000476
3322	8194	1	0.953
2021	4777	1	0.8
8569	958	1	0.815
3381	3954	1	0.939
5155	1949	1	0.808
6458	7040	1	0.898
1257	9962	1	0.884
8364	5844	1	0.986
2907	346	1	0.929
8698	3658	1	0.924
5208	4366	1	0.801
9044	6519	1	0.906
4287	2401	1	0.966
6150	3980	0	0.00045
2420	737	1	0.942
5058	7901	0	0.000204
1197	1045	1	0.904
4081	3581	1	0.967
1088	1252	1	0.874
3803	1192	0	0.000319
2816	9383	0	0.000199
762	2185	1	0.825
7916	5225	1	0.878
921	3632	1	0.966
2359	6493	1	0.878
1838	2901	1	0.936
4483	917	1	0.915
212	2806	0	0.000502
4069	3022	1	0.863
4407	5406	1	0.842
582	4732	1	0.918
3041	822	1	0.886
2164	1526	1	0.854
2154	1627	1	0.873
7823	9057	1	0.884
6412	1171	1	0.86
5687	2803	1	0.942
9543	9854	1	0.921
9551	4734	1	0.92
4264	7270	1	1
5551	4748	0	0.000172
487	2355	1	0.806
5983	7746	1	0.944
1490	922	0	0.000579
9477	3351	0	0.000539
4639	29	1	0.824
1617	8838	1	0.907
8704	4010	1	0.873
4734	8503	1	0.946
2105	3606	1	0.993
2046	9052	1	0.91
711	7831	0	0.000291
6751	3790	1	0.886
1093	3970	1	0.972
1651	379	0	0.000514
6047	3106	1	0.934
7998	2805	1	0.887
6812	5177	0	0.000356
5072	115	1	0.846
9907	6637	1	0.933
5753	7035	1	0.906
9718	9472	0	0.000581
3044	2209	1	0.976
4327	512	1	0.971
6190	309	0	0.000209
388	5709	1	0.845
8968	987	1	0.965
58	4444	1	0.917
7874	9734	0	0.000429
471	8861	1	0.903
526	3417	1	0.879
2226	2143	1	0.816
927	307	1	0.874
9834	3055	1	0.988
1415	7336	1	0.988
383	296	0	9.9e-05
5354	7539	1	0.808
9502	473	1	0.822
3199	9867	1	0.966
7643	3173	1	0.898
9204	7591	0	0.000303
4792	1887	0	0.000605
7630	317	0	0.000113
4417	6117	1	0.944
7324	5221	1	0.804
6648	9948	1	0.943
8886	7103	1	0.961
4492	1077	1	0.903
5194	8501	1	0.962
5975	384	1	0.88
9523	387	1	0.825
3276	1638	1	0.96
4753	2405	0	9.21e-05
6563	1511	1	0.802
2054	4716	1	0.841
1739	4630	1	0.973
7785	474	1	0.868
1451	3257	1	0.895
2327	8013	1	0.944
1852	9414	1	0.81
4599	672	0	0.000555
7724	5915	1	0.804
1623	114	1	0.865
4673	2210	1	0.961
9876	1090	1	0.965
1629	273	1	0.869
3763	8225	1	0.863
8782	5126	1	0.992
9754	1631	0	0.000551
3922	8152	1	0.936
7373	1182	1	0.869
1965	5563	0	0.000147
6182	236	1	0.832
3039	232	1	0.958
2181	1507	1	0.942
7693	3766	1	0.89
5212	15	1	0.937
4479	4130	1	0.869
2289	9837	1	0.98
7632	5417	1	0.986
3424	8026	1	0.855
4458	1561	1	0.875
5954	8774	1	0.837
1538	802	1	0.951
7001	3351	0	0.000241
2386	4284	1	0.962
9314	38	1	0.996
1589	5031	1	0.841
4049	690	1	0.802
845	341	1	0.915
880	8136	1	0.935
9610	630	1	0.921
5076	5321	0	0.000176
4335	5686	1	0.88
2440	134	1	0.847
3123	7140	1	0.985
4879	2683	1	0.818
4519	5339	1	0.836
717	457	1	0.883
5958	2189	1	0.93
3024	9205	1	0.823
2462	6520	1	0.833
8442	7650	1	0.895
5926	1014	1	0.894
5531	5296	1	0.987
416	8009	1	0.991
9686	2760	1	0.942
6528	7098	1	0.83
56	23	1	0.974
1977	2154	1	0.993
6059	3143	1	0.822
6814	6934	1	0.986
6404	2131	1	0.894
7636	3576	1	0.987
3484	2931	0	0.000362
2065	9653	1	0.985
9124	50	0	0.00061
8106	2160	1	0.952
6495	7996	1	0.81
9836	2837	1	0.903
7757	1555	1	0.841
9371	6786	1	0.957
646	840	1	0.818
4094	2355	1	0.852
6927	2114	1	0.992
5876	7505	1	0.873
1715	3032	1	0.879
1428	3813	1	0.849
284	352	1	0.887
7904	5841	1	0.982
8999	7918	1	0.841
7779	6532	1	0.894
7981	245	1	0.976
5169	5560	1	0.809
9212	5812	1	0.906
4293	3077	0	9.27e-05
770	9594	1	0.86
755	7943	1	0.853
9696	8507	1	0.806
9140	5633	0	0.000177
7005	1403	1	0.974
9657	1086	1	0.844
7375	166	1	0.851
4146	8324	0	0.000439
7032	649	0	0.000155
8265	30	1	0.869
4618	6769	1	0.929
2581	5589	1	0.97
9344	7780	1	0.933
7572	4951	1	0.843
6555	1105	1	0.884
9051	8033	1	0.888
1057	1106	1	0.863
1305	668	1	0.984
8136	3638	1	0.991
1601	6	1	0.923
3316	791	1	0.916
8411	5029	1	0.823
1907	4978	1	0.979
3191	755	0	0.000439
2758	2196	1	0.953
7775	9960	1	0.937
3959	8255	1	0.899
3485	6511	0	0.00047
5946	1643	1	0.809
9892	6357	1	0.901
6385	8008	1	0.99
9023	4605	0	0.000565
5852	1335	0	9.71e-05
5355	2773	1	0.991
750	9711	1	0.944
9109	6894	1	0.866
503	312	1	0.904
5250	5608	1	0.991
5193	5173	1	0.883
1582	3459	1	0.862
7929	5498	1	0.898
2014	94	0	0.000501
7921	2360	1	0.926
1998	9998	1	0.943
1288	877	1	0.863
2998	8131	1	0.806
183	6867	1	0.93
3908	8733	1	0.845
3859	6337	1	0.823
5326	3067	1	0.917
4901	7976	1	0.949
2439	3783	1	0.996
3448	166	1	0.963
4314	3973	1	0.815
3184	8749	1	0.843
1821	431	1	0.891
809	3460	1	0.872
1329	5010	1	0.95
6393	6895	1	0.997
1878	8004	1	0.922
8124	7679	1	0.915
4773	551	1	0.906
4370	6768	1	0.89
1268	5862	1	0.806
9094	9664	1	0.854
3603	9088	1	0.935
2701	4411	1	0.891
2370	8972	0	8.72e-05
205	1197	0	0.000399
3975	1688	0	0.000575
1973	2025	1	0.904
638	1172	0	0.000272
5314	913	0	0.000144
4563	9085	1	0.83
9621	5559	1	0.909
4667	4093	1	0.895
976	2832	1	0.808
7567	90	0	0.0006
352	3067	0	0.000453
8984	7113	1	0.952
7212	981	1	0.942
9420	7307	1	0.818
9262	9317	1	0.973
3999	3145	1	0.82
5520	1133	1	0.976
1539	573	1	0.926
2416	4034	1	0.81
9922	6016	1	0.958
3976	542	0	0.000368
8918	43	1	0.946
9071	935	1	0.8
8591	4265	1	0.872
1946	1597	1	0.829
6381	6723	1	0.945
9004	4382	1	0.889
0	592	1	0.96
4145	1337	1	0.814
2013	5126	1	0.907
9629	3750	1	0.895
7963	4003	1	0.973
1439	3407	1	0.873
7539	1513	1	0.942
5858	299	1	0.9
5017	4906	1	0.904
425	1562	0	0.000351
2924	3423	1	0.869
9066	697	1	0.955
7715	7596	1	0.972
6360	5303	1	0.876
9652	1626	1	0.891
9396	5276	1	0.958
6616	3124	1	0.811
6970	7434	1	0.978
3423	9167	1	0.802
4732	1301	1	0.862
2438	7495	1	0.984
9660	217	1	0.989
6077	3474	1	0.925
5317	1265	1	0.842
1822	254	1	0.803
676	6932	1	0.94
2588	9053	1	0.804
4525	1242	1	0.891
1330	8814	1	0.841
5252	3689	0	0.000452
8873	2257	1	0.854
5378	2103	1	0.916
4115	1742	0	8.26e-05
4770	4894	1	0.878
2730	7113	1	0.938
6340	1132	1	0.961
4504	787	1	0.983
2209	1447	1	0.953
6816	1602	1	0.905
2496	600	1	0.913
2665	4025	1	0.984
8141	2587	1	0.91
1571	2565	1	0.823
2165	276	1	0.924
9248	7614	1	0.878
6533	7197	0	0.000381
4248	6116	1	0.964
4324	7886	1	0.801
9338	324	1	0.819
2182	644	1	0.817
8652	5277	1	0.818
757	7981	1	0.876
7910	3342	1	0.865
3526	822	0	0.000541
6199	1309	1	0.839
2078	5101	1	0.899
6380	3863	1	0.907
7035	5753	0	0.000447
1680	8519	1	0.982
3006	1797	1	0.888
5730	3274	1	0.9
7174	1009	1	0.947
5780	5551	1	0.971
4704	9993	0	0.0001
8584	1392	1	0.973
8570	5839	0	0.000168
6441	677	1	0.886
1652	1219	1	0.8
7733	2684	1	0.885
7244	593	1	0.824
1655	9679	1	0.911
3092	9099	1	0.951
8145	3968	1	0.971
8493	502	1	0.912
6019	9685	1	0.808
9449	5520	1	0.883
4764	8421	1	0.941
9165	348	1	0.848
5452	9383	1	0.907
2772	685	1	0.923
7803	3968	1	0.826
6065	1857	1	0.891
1159	63	1	0.805
5759	1000	1	0.807
5275	4000	1	0.961
5534	6370	1	0.852
2191	6786	1	0.919
1411	9860	1	0.957
924	1271	1	0.946
4846	1544	1	0.973
5641	6753	0	0.000257
2389	3398	1	0.851
5617	8636	1	0.947
2276	4943	1	0.977
3072	16	1	0.832
5888	1185	1	0.838
2039	2040	1	0.806
3838	6024	1	0.96
5783	3287	1	0.874
9076	8849	1	0.891
7498	8148	1	0.801
6315	7771	1	0.812
9577	6235	1	0.934
7349	771	1	0.832
3419	5480	1	0.817
6564	5051	1	0.964
2647	2176	1	0.965
8557	4790	1	0.897
5111	6953	1	0.858
3570	954	1	0.987
862	231	1	0.817
4911	2411	1	0.97
4660	544	1	0.828
2770	6946	1	0.814
4372	659	1	0.918
250	9245	1	0.878
3719	1248	1	0.989
7648	8969	1	0.919
4583	345	1	0.876
2224	95	0	0.00051
9801	7860	1	0.962
4608	4802	1	0.878
2032	5287	1	0.989
2887	3576	1	0.929
1326	9047	1	0.863
3438	3506	1	0.931
9868	4439	1	0.928
2517	9884	1	0.997
1073	722	1	0.909
4298	1397	1	0.942
4812	491	1	0.802
1230	3157	1	0.815
5813	1224	1	0.901
2248	733	1	0.944
7721	5117	1	0.886
8150	9	1	0.985
1766	1437	1	0.971
7158	5795	1	0.97
9729	2598	0	0.000638
6327	8733	1	0.884
5263	1468	1	0.863
7939	8293	1	0.924
20	265	1	0.885
6716	1400	1	0.813
8993	14	1	0.926
344	1826	1	0.884
9243	6327	0	0.000127
6817	4769	1	0.981
2932	3171	0	0.000499
1466	3072	1	0.944
5222	9148	1	0.904
5950	4214	1	0.866
7813	2280	1	0.88
200	9326	1	0.902
531	4145	1	0.839
7423	55	1	0.812
8376	68	1	0.998
4996	6609	1	0.855
9996	9472	1	0.915
8637	4873	1	0.826
6427	8938	1	0.978
8126	9795	1	0.895
2851	247	0	0.000484
1670	2765	1	0.875
1753	8777	1	0.904
6847	8389	1	0.989
2512	3835	1	0.977
4196	3664	1	0.976
6118	6668	1	0.857
2618	1915	1	0.884
2641	3780	1	0.931
8812	3123	1	0.95
5877	5260	1	0.915
6382	38	1	0.915
3672	1676	1	0.898
4444	58	0	0.000348
8278	6379	1	0.859
9149	3629	1	0.901
5156	152	1	0.828
9055	9086	1	0.879
4825	776	1	0.918
8673	1290	1	0.937
9741	3523	1	0.866
2485	1193	1	0.98
9919	4456	1	0.904
7161	1932	1	0.81
4362	8290	1	0.813
226	3108	1	0.889
158	3834	1	0.995
3394	20	1	0.826
3670	888	1	0.861
3902	3084	1	0.994
4022	9117	1	0.966
6177	1263	0	0.000261
558	16	1	0.872
7898	1283	0	0.000464
8094	7173	1	0.971
4936	493	1	0.957
3188	1723	1	0.966
3490	1047	1	0.999
8627	1775	1	0.833
7404	4129	1	0.909
9208	5433	0	0.000375
9342	5377	1	0.845
8800	5076	1	0.94
1526	231	1	0.976
3706	646	1	0.956
7882	3681	1	0.986
7306	1132	1	0.972
7566	392	1	0.846
2941	6623	1	0.937
2194	1316	1	0.927
9692	2532	1	0.964
8659	8709	0	0.00044
1124	667	1	0.872
5383	7918	1	0.987
5816	3873	1	0.88
3728	8914	1	0.931
4811	8360	1	0.943
4442	2958	0	0.000317
1531	6097	1	0.888
6851	9188	1	0.921
4836	7065	1	0.912
187	4412	1	0.981
3397	8792	0	0.000276
9254	7427	1	0.871
6377	7571	1	0.862
3807	6374	0	0.000454
2044	4672	1	0.897
7659	8523	1	0.819
9864	6913	1	0.94
9366	6479	1	0.848
1424	4277	0	0.000303
3173	4288	1	0.886
9986	7106	1	0.983
8504	3936	1	0.962
2033	2338	1	0.824
6833	6808	1	0.977
2811	731	1	0.81
6210	6968	1	0.95
3266	6345	0	0.000439
3879	4967	1	0.84
7755	2955	1	0.942
3445	5027	1	0.94
7448	2659	1	0.81
2615	2999	1	0.895
9905	5419	1	0.844
4140	7251	1	0.834
3736	5389	1	0.989
4267	3519	1	0.92
4731	2088	0	0.000497
3857	2043	1	0.872
7188	3931	0	0.000141
1487	7897	1	0.972
9488	1455	1	0.806
4475	1587	1	0.983
6241	4204	1	0.903
6288	3085	1	0.801
1218	1909	1	0.895
3181	2103	1	0.838
399	2790	1	0.988
3796	2604	1	0.866
1962	3996	1	0.834
2465	6901	1	0.917
1287	7622	1	0.869
1310	526	0	0.000149
5567	1004	0	0.000397
8761	6766	1	0.827
5868	3360	1	0.906
5187	605	1	0.915
6092	9889	1	0.849
9315	2437	1	0.984
9606	637	1	0.973
2023	1527	1	0.818
3784	7480	1	0.909
5027	6268	1	0.885
2500	3701	0	0.000208
7524	7561	1	0.981
530	8191	1	0.975
7049	7563	1	0.859
9901	2303	1	0.821
3967	1756	1	0.884
8277	5940	1	0.891
3443	95	1	0.867
4898	8847	1	0.855
1372	2617	1	0.912
4154	949	0	0.000174
675	6048	1	0.98
1249	205	1	0.975
6489	6233	1	0.996
3043	5055	1	0.857
9394	5986	1	0.93
3431	4790	1	0.951
5232	4153	1	0.98
8836	8461	0	0.000189
5295	1430	1	0.867
7443	2127	0	0.000519
7390	2947	1	0.804
9102	2449	1	0.902
1440	3856	1	0.954
3265	6649	1	0.817
6304	6347	1	0.95
6164	2856	1	0.937
5801	3023	1	0.95
7232	3302	1	0.877
1380	2815	1	0.879
9498	1268	1	0.95
6466	925	1	0.925
4859	2887	1	0.906
2345	1091	1	0.822
9101	7467	1	0.98
41	900	1	0.902
70	7335	0	0.000373
5191	6408	1	0.896
3033	6212	1	0.955
5449	2668	1	0.942
7523	9334	1	0.933
9476	7276	0	0.000202
9744	1485	1	0.83
6282	736	1	0.961
5397	1948	1	0.942
2963	5056	1	0.828
3690	5780	1	0.996
5026	3596	1	0.977
2461	6716	1	0.976
7411	961	0	0.000177
1489	51	1	0.889
1385	279	1	0.809
6188	4463	1	0.975
4750	4660	1	0.846
1708	1931	1	0.905
9466	9023	1	0.923
3546	839	1	0.891
5821	8403	1	0.948
1778	4642	1	0.907
7988	7167	1	0.881
777	4476	1	0.807
1011	8722	1	0.848
1255	3870	1	0.835
3451	8102	1	0.934
1631	5005	1	0.935
342	6847	1	0.816
5130	7616	1	0.834
5643	4061	1	0.949
5366	6828	0	0.000347
3435	3369	1	0.874
1955	6055	1	0.954
1041	111	1	0.925
4080	9574	1	0.96
9229	7650	1	0.898
2075	1642	1	0.876
7777	1686	1	0.898
8951	4183	1	0.929
7548	337	1	0.971
8920	4772	1	0.997
3136	9677	0	0.000546
104	6465	1	0.824
4826	7860	0	0.000206
5712	7401	1	0.806
2450	7331	1	0.932
8205	2438	1	0.999
8065	8984	1	0.964
6642	1590	1	0.912
9588	2848	1	0.922
4678	5224	1	0.875
3629	9681	1	0.863
6080	4620	1	0.872
1688	95	1	0.817
3856	6353	1	0.862
6893	4479	0	0.00017
9397	6517	1	0.94
2293	9438	1	0.871
7343	9334	0	0.000232
2676	9151	1	0.837
8788	9827	1	0.902
8957	638	1	0.931
4199	3383	1	0.823
2215	3586	0	0.000551
7100	1669	0	8.57e-05
3820	9457	1	0.821
727	4073	1	0.878
811	9604	1	0.846
8185	1189	0	0.000223
4540	9879	1	0.969
9997	77	1	0.894
6998	5542	1	0.851
6237	2083	1	1
3804	9714	1	0.892
529	412	1	0.815
9329	6540	1	0.834
7133	1360	1	0.979
5035	7807	1	0.996
5182	5099	1	0.839
2473	8218	1	0.852
4167	2764	1	0.905
829	1136	0	0.000394
3304	8247	1	0.929
9025	1577	1	0.918
9746	1988	1	0.921
8943	1347	1	0.904
5437	1522	1	0.833
4916	428	1	0.804
6600	6349	1	0.986
4321	2853	1	0.91
6936	5467	1	0.819
5779	3565	1	0.86
3722	345	1	0.945
5583	4614	1	0.818
9180	8903	1	0.84
7900	2962	1	0.997
839	5594	1	0.947
7505	6523	1	0.851
1826	6370	1	0.977
2736	8983	1	0.882
5412	2217	0	0.000609
8251	3200	1	0.831
7787	3986	0	0.000635
6076	5462	1	0.858
6695	6853	1	0.842
5414	8946	0	0.000348
5030	1196	0	0.000189
8635	2394	0	0.00049
8274	2949	1	0.922
3373	1241	1	0.824
8417	5601	1	0.922
325	8925	1	0.837
1193	2871	1	0.92
8551	7298	1	0.822
4560	4238	1	0.919
7590	4587	1	0.926
1860	3649	1	0.866
6682	2008	0	0.000203
4366	1247	1	0.937
6442	4006	1	0.924
9296	9530	1	0.832
9586	1376	0	0.000164
4002	4464	0	0.000396
7544	2888	1	0.964
5915	1	1	0.928
6183	949	1	0.958
1217	7259	1	0.937
4907	8021	1	0.931
4617	1589	1	0.874
9719	5783	1	0.901
7422	1881	1	0.911
2340	3842	1	0.954
5124	65	1	0.915
9779	465	1	0.811
1761	3258	1	0.897
1002	1990	1	0.977
6819	3071	1	0.844
549	1727	1	0.922
5756	440	0	0.000546
7126	7976	1	0.872
7845	5301	1	0.836
6318	7648	1	0.912
6813	8711	1	0.925
8975	5760	1	0.849
7713	2087	0	0.00011
1388	4092	1	0.969
7742	3115	1	0.976
9927	993	1	0.968
8236	502	0	0.000512
5363	118	1	0.831
9647	31	1	0.927
2666	9804	1	0.985
4981	1508	1	0.826
1247	4042	1	0.841
6845	5050	1	0.933
1187	256	1	0.954
7108	2030	1	0.962
9433	690	1	0.881
1168	7503	1	0.809
2827	77	1	0.81
9821	2536	1	0.883
65	734	0	0.000112
9430	6898	0	0.000184
7026	3417	0	0.000405
6168	382	1	0.911
5517	547	0	0.000618
2501	4683	1	0.827
8408	1530	1	0.97
3651	7146	0	0.000205
7701	2272	1	0.802
3324	511	1	0.896
8475	1594	0	0.00017
4478	8426	0	0.000514
343	6577	1	0.853
5857	8023	1	0.92
4056	7718	1	0.98
830	7272	0	0.000518
1812	5661	1	0.901
3488	5470	1	0.836
9939	9880	0	0.000266
4315	3542	1	0.928
7782	7264	1	0.97
3110	1663	1	0.844
8288	8381	1	0.844
8464	201	1	0.913
8336	9063	1	0.803
7171	1265	1	0.851
169	161	1	0.81
2210	1641	1	0.962
3083	2287	1	0.934
5862	9498	1	0.804
3035	1219	1	0.95
9765	308	1	0.994
7554	3423	1	0.847
5548	4221	1	0.818
1772	5017	1	0.927
8854	3071	0	0.000606
2520	5880	1	0.952
2069	4576	1	0.936
1138	8977	1	0.921
1465	2505	1	0.904
5611	3681	0	0.000221
1279	1201	1	0.881
2041	7383	1	0.878
4309	1728	1	0.914
4959	7285	1	0.845
2441	6191	0	0.000301
625	3664	0	0.000425
4097	5083	1	0.83
8693	3328	1	0.838
3403	426	1	0.919
6736	6765	1	0.842
4354	7490	1	0.895
2961	4336	1	0.954
7950	1505	1	0.955
4302	5573	1	0.89
4019	9498	0	0.000514
1454	9733	1	0.936
6338	5688	1	0.865
7580	4080	1	0.872
4592	7511	1	0.866
1491	468	1	0.944
8654	7086	1	0.924
7476	6370	0	0.000375
6141	124	1	0.969
7500	5956	1	0.871
6100	7166	1	0.906
6223	9363	0	0.000366
9203	709	1	0.882
963	9161	1	0.904
8179	6907	1	0.953
3966	3068	1	0.997
783	8221	1	0.891
3748	4174	0	0.00049
4616	3020	1	0.989
7288	6845	1	0.883
2750	1181	1	0.931
2179	9508	1	0.916
5371	2921	0	0.000448
696	95	1	0.888
1363	7816	0	0.000354
2362	2942	1	0.851
8519	5766	1	0.925
3308	1756	1	0.852
5080	1469	1	0.887
9791	820	0	0.000146
8651	4153	1	0.839
140	2126	1	0.857
6504	2073	1	0.978
6350	5956	1	0.82
7169	2	0	0.000164
7729	854	1	0.853
5502	5773	1	0.922
1728	1023	1	0.851
8352	7439	1	0.893
9740	6132	1	0.827
9470	1853	1	0.979
4937	7325	1	0.888
1661	3279	1	0.846
3578	4012	1	0.834
6235	9577	1	0.893
6997	302	0	0.000442
533	8649	0	0.000295
5544	979	1	0.858
6635	7439	0	0.00047
9267	3809	1	0.849
4619	443	1	0.982
5710	3232	1	0.924
3559	2096	1	0.885
8921	8622	1	0.91
2161	9813	1	0.964
2684	779	1	0.852
9675	3536	1	0.973
6597	8172	1	0.832
2446	1505	1	0.908
3413	1125	1	0.998
1647	3995	0	0.000533
689	834	1	0.98
7831	1574	1	0.955
1497	824	1	0.988
5980	7122	1	0.958
4609	3795	1	0.881
4360	330	1	0.812
8189	4332	1	0.958
365	7974	1	0.853
267	4417	1	0.852
8945	5190	0	0.00044
9473	67	0	0.000492
4881	1185	1	0.821
4946	4265	1	0.902
7339	8326	1	0.876
4993	5986	1	0.915
7145	1659	1	0.883
3739	128	1	0.97
362	3527	0	0.000285
7962	2451	1	0.872
8740	6695	1	0.903
8976	1098	0	0.000475
7726	597	0	0.000228
3475	7583	1	0.885
8095	3273	1	0.822
8099	4002	1	0.826
4412	8958	1	0.905
8524	6839	1	0.811
5618	9452	1	0.942
1366	2799	1	0.855
5910	7363	1	0.995
7949	5930	1	0.977
4318	931	0	0.000505
9788	671	1	0.899
7045	209	0	0.000612
7530	4936	1	0.878
2392	9142	1	0.853
2234	4068	1	0.983
9954	9110	1	0.94
8576	3162	1	0.926
2896	1287	1	0.808
7016	3111	0	0.000293
5468	2966	1	0.831
6582	8317	1	0.916
81	8218	1	0.83
2467	5420	1	0.92
5503	2183	0	0.000151
565	6815	1	0.948
2176	8633	1	0.918
589	6846	0	0.000262
1266	2163	0	0.000345
7877	559	0	0.000549
17	9124	1	0.82
5754	824	0	0.00037
1800	4880	1	0.962
5083	5769	1	0.905
3925	3883	1	0.927
4119	6276	0	0.000171
9796	9744	1	0.857
3013	8531	1	0.83
7239	2150	0	0.000326
7847	215	1	0.829
8798	9171	1	0.837
1393	4875	1	0.918
5393	1173	1	0.803
4975	3396	1	0.856
2207	2730	1	0.831
8701	8146	1	0.828
3898	68	1	0.953
3643	3082	1	0.919
6449	2448	1	0.826
8332	1965	1	0.88
5893	1681	1	0.887
2962	5600	1	0.814
5409	1155	1	0.807
9021	5953	1	0.91
7829	377	1	0.879
7309	3607	1	0.86
6355	9522	1	0.98
1985	2486	1	0.817
5190	6518	1	0.968
7006	4961	1	0.913
8537	8726	1	0.852
6939	5433	1	0.843
8275	4926	0	0.00018
9431	5865	1	0.918
5702	142	1	0.804
4510	8838	1	0.835
6818	4289	1	0.901
463	1958	1	0.947
2062	6319	1	0.805
7859	1450	0	0.000372
3388	3894	1	0.831
2800	4412	1	0.906
2376	371	1	0.92
7647	5087	1	0.836
3185	9761	1	0.978
3948	1719	1	0.851
2840	1418	1	0.808
4206	53	1	0.955
7316	7144	0	0.000285
8112	5008	1	0.95
3735	3588	1	0.82
5357	784	1	0.994
8778	5421	1	0.996
3567	2332	1	0.962
8846	122	0	0.000308
4919	4486	1	0.982
5937	4608	1	0.85
3364	4393	1	0.929
4884	3513	1	0.92
1250	1027	1	0.942
2025	1407	1	0.83
7811	6553	0	0.000101
700	5960	1	0.879
4312	279	1	0.935
9170	3169	1	0.807
5670	3828	1	0.95
3604	8335	1	0.856
4707	2634	1	0.855
3400	4499	1	0.808
5318	6301	1	0.866
2103	735	1	0.889
1789	809	1	0.901
7739	6121	1	0.865
7162	3996	1	0.908
5951	7375	1	0.987
5261	8744	1	0.812
8180	1660	0	0.000211
822	6383	1	0.961
4258	1340	1	0.983
4844	6750	1	0.933
1641	1493	1	0.874
8594	8290	0	0.000487
1446	9114	1	0.916
851	1819	1	0.969
6364	7735	1	0.99
1312	324	0	0.000346
1234	4460	1	0.919
8210	2198	1	0.937
8050	549	1	0.81
1242	3922	1	0.965
6832	3913	1	0.987
7394	2339	1	0.967
6452	7863	1	0.849
4591	9843	1	0.995
9881	2434	1	0.887
6980	8385	1	0.984
472	8984	1	0.873
7	9354	1	0.989
4078	2623	1	0.885
3439	7613	0	0.000378
9966	471	0	0.000526
6053	2166	1	0.815
1348	5195	1	0.819
5110	1374	1	0.832
8049	5545	1	0.905
4934	1887	1	0.958
3994	5276	1	0.825
4175	2516	1	0.921
6129	8748	1	0.857
1784	8138	0	0.000331
6821	1488	1	0.957
8804	2729	1	0.848
5139	1179	1	0.873
3055	2368	1	0.952
6372	31	1	0.885
3372	1898	1	0.953
1375	8658	0	0.000344
9086	2087	1	0.967
1654	6677	0	0.000285
6443	31	1	0.828
1464	8959	1	0.809
9155	9566	1	0.96
7676	792	1	0.92
9508	3512	1	0.919
2835	4298	1	0.957
7843	719	1	0.843
7504	7	1	0.878
3661	5179	1	0.848
107	1762	1	0.988
4344	8149	1	0.876
2584	3088	1	0.878
3203	94	1	0.84
949	8201	1	0.953
7247	28	0	0.000149
5369	3045	1	0.841
5998	809	0	0.000217
9209	7378	1	0.896
2731	324	1	0.978
3465	3497	1	0.944
8959	9524	1	0.808
8023	7550	1	0.863
3785	6826	0	0.000267
3839	3674	1	0.98
4289	6282	1	0.942
9984	8384	1	0.941
2239	1828	1	0.83
1923	9114	1	0.99
18	3057	0	8.43e-05
9598	2796	1	0.991
9317	2176	1	0.962
1351	8269	1	0.921
612	3713	1	0.842
7263	111	0	0.000316
1087	124	1	0.89
3128	1980	1	0.803
8588	5197	0	0.000596
4039	485	1	0.969
7841	71	1	0.807
4426	8859	0	0.000421
9879	9053	1	0.967
9973	9864	1	0.831
4598	3565	1	0.816
5947	6175	1	0.883
8285	1063	1	0.843
171	9599	1	0.805
5735	566	0	0.000378
597	4883	1	0.988
6603	4253	1	0.964
2944	2871	1	0.996
6120	6011	1	0.941
6439	1558	1	0.862
6176	7595	1	0.875
9201	3810	1	0.861
4744	8493	1	0.881
2630	759	0	0.000262
3956	115	1	0.879
87	7682	1	0.833
6542	3483	1	0.981
6901	2399	1	0.99
6675	5055	1	0.944
3714	7221	1	0.962
3391	6497	1	0.925
4351	1921	0	0.000278
8235	97	1	0.947
528	389	1	0.808
6588	5198	1	0.993
6796	2675	1	0.99
4720	8793	1	0.877
3549	6030	1	0.886
198	659	1	0.829
4306	9245	1	0.935
8737	3683	1	0.891
6488	1215	1	0.976
7097	2287	1	0.81
5822	626	1	0.83
7542	7344	0	0.00024
8140	4196	1	0.887
1974	4141	1	0.861
9999	5467	1	0.811
2555	8806	0	0.000593
8775	8406	1	0.894
2036	7333	1	0.941
2229	220	1	0.865
6873	6152	1	0.815
9592	1099	1	0.869
7137	4112	1	0.807
6795	397	1	0.892
9615	3188	1	0.921
6298	7959	1	0.901
1549	1205	1	0.886
3284	133	0	0.000174
4930	3081	1	0.812
1037	1123	1	0.882
8764	3034	1	0.93
6711	4485	1	0.984
5885	6205	1	0.85
3356	221	1	0.989
269	8938	1	0.9
268	5322	1	0.92
3331	1434	1	0.866
7912	5980	1	0.855
3529	2283	0	0.000394
6049	3098	0	0.000563
9608	5383	1	0.955
4544	9	1	0.963
1981	16	1	0.851
1069	5055	1	0.803
3432	5762	1	0.999
445	7428	0	0.00047
9250	2520	1	0.861
3842	7032	1	0.996
4955	8783	1	0.92
8414	2047	1	0.86
6267	2664	1	0.966
322	4068	1	0.971
7549	6982	1	0.961
8132	1181	1	0.991
5430	347	1	0.82
3315	8858	1	0.838
4071	198	1	0.944
4771	9867	0	0.00038
9443	8253	1	0.824
2897	4837	1	0.875
6284	507	1	0.907
772	242	0	0.000381
7750	7159	0	0.000148
4790	6818	1	0.89
7669	3155	1	0.948
3050	7289	1	0.883
8211	3736	0	0.000385
3038	4859	0	0.000421
8718	2269	1	0.972
5794	9639	1	0.959
5216	1156	1	0.9
4631	9276	1	0.812
7257	2787	0	0.000201
6897	149	1	0.828
3458	2716	1	0.956
4749	3687	0	0.000404
5387	2684	1	0.901
6764	7	1	0.959
1534	9945	1	0.929
6611	1922	1	0.846
1063	6971	1	0.937
6490	1841	1	0.884
5907	7592	1	0.984
1115	7023	1	0.991
6660	5743	1	0.821
5896	3968	1	0.865
6993	7777	1	0.953
7441	6330	0	0.000181
9742	6049	1	0.886
9467	2323	1	0.833
8535	1684	1	0.908
203	2410	1	0.897
2527	1010	1	0.894
1202	8497	1	0.991
4983	1096	1	0.814
7728	8662	1	0.91
1274	332	1	0.832
1399	4093	1	0.958
4209	5382	1	0.824
7876	9976	1	0.906
5463	5929	1	0.928
5773	1772	1	0.897
1520	7609	1	0.979
7807	3199	1	0.948
2419	847	1	0.931
9726	7224	1	0.823
8082	5182	1	0.911
4001	1355	1	0.998
4114	5608	1	0.882
7551	8736	1	0.816
5579	4355	1	0.945
9980	2490	1	0.807
3270	3425	1	0.942
6776	5645	1	0.975
1642	1316	1	0.973
376	707	0	0.000115
1237	3286	0	9.51e-05
7193	9712	1	0.9
4353	382	1	0.934
9859	1050	1	0.949
7347	7524	1	0.932
8212	7453	0	0.000368
1960	2488	0	0.000597
6664	5115	1	0.977
5906	9321	1	0.884
615	1458	0	0.000375
1928	2299	1	0.942
4703	2489	0	0.000553
831	78	0	0.000106
7584	6478	1	0.927
7094	7746	1	0.963
3117	7923	1	0.855
5594	619	1	0.996
6206	3063	1	0.829
7927	2724	1	0.81
6311	5620	1	0.879
4733	1401	1	0.966
9159	525	1	0.923
8845	7095	1	0.8
8199	5991	1	0.882
1480	3156	1	0.943
848	9653	1	0.804
9626	4146	1	0.898
251	7639	1	0.955
2417	9437	1	0.969
4400	7524	1	0.849
9497	7004	0	0.000246
1698	9480	1	0.914
3580	9685	1	0.996
2156	649	1	0.872
5661	3171	1	0.969
4782	8149	1	0.887
7178	7634	1	0.992
8121	4284	1	0.841
7285	7436	1	0.845
199	6427	1	0.853
137	7607	1	0.878
892	369	0	0.000253
8327	1921	1	0.869
7809	630	1	0.869
4688	6925	0	0.000524
4938	7543	0	0.000278
354	3965	0	0.000442
4010	3945	1	0.915
2521	932	1	0.894
372	134	1	0.939
2538	6604	1	0.883
2968	7114	1	0.857
5305	3154	1	0.86
3450	4467	1	0.99
8404	305	1	0.991
3017	1717	1	0.897
957	2865	1	0.879
4434	4461	0	0.000114
4889	968	1	0.953
3978	4650	1	1
262	2129	1	0.833
4522	2674	1	0.948
9546	4809	1	0.878
6320	9994	0	0.00061
1155	537	1	0.825
5151	1681	1	0.87
943	7960	1	0.98
6662	6257	1	0.883
3060	3611	1	0.886
5587	5530	1	0.863
3332	5254	1	0.919
1483	8820	1	0.975
8101	1277	1	0.947
1632	3105	1	0.827
2683	2163	1	0.926
2277	6875	0	0.000446
978	4417	1	0.85
3555	7298	1	0.846
9628	718	1	0.872
9150	2827	0	0.000549
1026	1464	1	0.996
2447	5177	1	0.85
4300	431	1	0.993
297	2149	1	0.995
3234	566	1	0.862
8153	4283	1	0.842
1383	5176	1	0.9
1186	5161	1	0.892
4347	9219	1	0.985
2134	5277	1	0.909
2695	4545	1	0.881
8363	3789	1	0.996
8040	1172	1	0.822
1195	4324	1	0.87
4873	2071	0	0.000468
7157	2406	1	0.802
6346	3285	0	0.000163
6787	6786	1	0.826
666	5484	1	0.838
8667	8128	1	0.848
5333	27	1	0.862
6650	8452	1	0.9
2622	2072	1	0.804
112	142	1	0.859
6572	2519	1	0.93
3712	9185	1	0.882
2437	1831	1	0.861
5094	1961	1	0.873
6200	1302	1	0.839
2252	9168	1	0.847
986	7378	1	0.954
7287	6121	1	0.833
939	509	1	0.899
3187	114	1	0.95
7849	2050	1	0.899
4320	2870	1	0.963
1320	1504	1	0.983
3507	918	1	0.808
5765	9111	1	0.968
364	8666	1	0.926
9195	761	1	0.973
9052	5490	0	0.000146
7048	9713	1	0.801
7855	7271	1	0.805
2583	6234	1	0.937
8508	3297	1	0.907
7023	8515	1	0.858
4821	609	1	0.99
6725	9296	1	0.814
6694	8422	1	0.948
279	5443	0	0.00041
6556	228	1	0.851
7552	2075	1	0.895
545	4727	1	0.912
9957	2047	1	0.885
514	1985	1	0.976
8281	8831	1	0.855
7314	9233	0	0.000161
7368	2580	1	1
4565	9634	1	0.815
9763	5499	0	0.000208
103	4422	1	0.924
7565	8635	1	0.872
4217	1530	1	0.992
8461	3415	0	0.000617
9773	3428	1	0.893
3375	7296	1	0.933
3920	9920	1	0.952
2882	946	1	0.919
9524	1464	1	0.912
180	6590	1	0.997
2916	7137	0	0.000113
3665	3736	1	0.982
7616	3231	1	0.925
7130	1624	1	0.815
9301	656	1	0.839
2085	7275	1	0.919
8340	2670	0	0.000581
6276	7754	1	0.881
4624	661	1	0.87
4101	2147	0	0.0005
7177	7659	1	0.863
7937	6418	1	0.973
598	3635	1	0.926
2060	8085	1	0.813
7986	6677	0	0.000612
5213	309	1	0.81
5764	7162	0	0.000374
2093	5001	1	0.939
5769	2970	1	0.855
5289	7593	1	0.871
8223	9898	1	0.909
6579	5005	1	0.819
2703	5200	1	0.827
1684	9482	1	0.852
8401	5583	1	0.923
470	2813	1	0.989
7573	3954	1	0.96
4612	7008	1	0.877
5659	92	0	0.000117
3481	4214	1	0.964
960	2844	1	0.914
5788	2977	1	0.96
9756	3887	1	0.983
650	4452	1	0.8
1113	3219	1	0.843
1862	7542	1	0.916
1013	4859	1	0.917
5519	3408	0	0.00025
4500	9701	0	0.00053
6524	3347	0	0.000152
6652	8527	1	0.8
691	2548	1	0.869
1711	4645	1	0.912
2470	6206	0	0.000611
429	5599	1	0.833
7681	1845	1	0.829
7727	8636	1	0.821
5911	6593	1	0.934
3183	3305	1	0.993
4122	2779	1	0.959
2123	6754	1	0.842
2205	1003	1	0.882
2574	8549	1	0.858
4471	3217	1	0.898
6797	4204	0	0.000196
9139	4294	1	0.878
356	5761	1	0.931
4641	4454	0	0.000359
4449	2176	0	9.24e-05
8585	6034	1	0.843
3482	2444	1	0.853
5672	6813	1	0.899
4687	1915	1	0.843
3660	9282	1	0.896
4052	1804	1	0.825
6148	5074	1	0.979
4171	4824	1	0.883
4869	8813	1	0.823
9426	1241	1	0.972
4408	3434	1	0.868
404	3364	1	0.824
3323	63	1	0.94
4226	7689	0	0.000449
7371	174	1	0.916
6038	2828	1	0.822
916	8118	0	0.000357
2184	6493	1	0.813
9385	4412	1	0.989
9058	1712	1	0.965
5234	7095	1	0.87
5385	25	0	0.000327
8903	4783	1	0.936
5310	1813	1	0.848
3598	4660	1	0.87
2201	190	0	0.000555
7052	4405	1	0.966
4060	1517	1	0.94
2050	9138	1	0.999
9521	1507	0	0.000181
7915	634	1	0.947
4345	360	1	0.91
5460	1796	0	0.000374
1771	8943	1	0.991
5210	6191	1	0.913
6561	1336	1	0.812
2016	8222	1	0.927
3882	3665	1	0.859
5439	641	1	0.925
2979	3737	1	0.977
9940	812	1	0.829
8445	6931	0	0.000386
4649	3380	0	0.000345
1813	8793	1	0.937
6179	21	1	0.92
2631	7498	1	0.908
9096	6379	1	0.945
7087	310	1	0.859
6269	4927	1	0.805
7299	3067	1	0.937
6665	1364	1	0.821
2977	3088	1	0.916
4274	6959	0	0.000184
6003	6832	1	0.81
2324	160	1	0.855
5697	5490	1	0.996
1499	2866	1	1
4127	515	1	0.806
314	5798	1	0.847
7261	7134	1	0.874
1882	8055	1	0.816
4024	1732	1	0.993
1658	756	0	0.000632
5595	793	1	0.943
6455	6474	1	0.893
8863	2368	1	0.84
9186	1199	1	0.881
7825	9419	0	0.000305
1513	92	0	0.00059
4480	6795	1	0.992
4942	6217	1	0.959
5052	3185	1	0.861
3806	171	1	0.96
3471	1199	1	0.933
7282	9001	1	0.986
1071	7205	1	0.955
5340	1546	1	0.952
7943	1674	1	0.831
1177	2657	1	0.982
6748	9468	1	0.975
793	5189	1	0.989
141	8265	1	0.894
3963	8691	1	0.983
3875	1358	0	0.000639
9336	1644	1	0.956
9787	8321	1	0.917
4040	4153	1	0.95
4106	9966	0	0.0005
5952	9286	1	0.965
2919	9239	1	0.866
4784	446	0	0.000399
7759	3709	1	0.872
2825	3681	1	0.857
3271	2687	1	0.961
6752	2460	1	0.857
432	330	1	0.997
3141	7122	1	0.865
3831	5417	1	0.82
3073	8550	1	0.966
6740	3558	1	0.98
8546	2128	1	0.856
2576	9575	1	0.865
5576	6286	0	0.000206
5152	6092	1	0.909
9325	5435	1	0.861
6194	7156	0	0.000549
93	5073	1	0.906
4041	3955	1	0.878
6930	50	1	0.925
9842	5052	1	0.987
1098	2993	1	0.886
3116	2235	1	0.944
6022	3565	1	0.874
7051	3375	1	0.813
6230	5270	1	0.975
2993	1098	1	0.885
7009	2733	0	0.000393
468	1107	1	0.879
8423	7436	1	0.889
6413	4332	1	0.861
4121	919	1	1
6144	8317	1	0.888
5522	221	1	0.995
133	3284	0	0.000281
8781	2396	1	0.976
5973	3437	1	0.896
2395	4652	1	0.814
9732	9710	1	0.83
5426	6117	0	0.000192
4893	2706	1	0.948
4755	2816	1	0.817
4920	8114	1	0.906
9839	9169	1	0.928
5514	2814	1	0.861
1264	8164	1	0.853
8985	1338	1	0.807
574	7687	1	0.949
9444	246	0	9.6e-05
4387	3751	1	0.914
1207	2824	1	0.824
9321	7195	1	0.864
8909	6429	0	0.000566
9017	3803	1	0.844
8100	834	1	0.915
1546	5469	1	0.859
5415	9586	1	0.932
5245	7205	1	0.995
5240	7694	1	0.812
1660	4005	1	0.919
4736	4367	1	0.976
7731	360	0	9.91e-05
774	6952	1	0.884
6988	292	1	0.813
5853	9434	1	0.981
519	6038	1	0.885
656	4432	1	0.958
7489	6365	1	0.853
1635	3943	1	0.809
1747	6551	1	0.93
3498	5801	1	0.866
871	9634	0	0.00043
4588	3765	1	0.886
7582	4281	0	0.000582
9580	1874	1	0.847
8991	6104	1	0.846
303	7275	1	0.912
9211	2205	0	0.000177
8037	2930	1	0.858
2455	5110	1	0.898
6170	5310	1	0.883
1346	2501	0	0.00062
9516	4226	1	0.901
4953	984	1	0.958
6153	2507	1	0.927
9535	474	1	0.964
8994	758	0	0.000421
5569	5383	0	0.000244
9095	1383	0	9.59e-05
3436	1891	1	0.898
4498	4478	1	0.938
7996	6398	1	0.988
117	7248	1	0.879
3047	2737	0	0.000161
2814	5289	1	0.993
2914	160	1	0.943
7056	6235	1	0.957
7266	3199	1	0.859
2623	5216	1	0.877
4973	457	1	0.986
7419	1715	1	0.883
665	2882	1	0.871
3367	9754	0	0.000504
5543	4975	1	0.875
4713	4109	0	0.000241
6955	8591	0	0.000492
7844	3519	1	0.958
6172	2642	1	0.806
1318	5354	1	0.988
7730	1766	1	0.931
6352	1314	1	0.96
4008	2454	1	0.94
1530	7249	1	0.904
467	2817	1	0.855
2171	3342	1	0.943
1781	4605	1	0.92
5166	4705	1	0.988
5849	6944	0	0.000269
4149	3313	1	0.894
826	1081	0	0.000576
8881	9407	1	0.974
5749	8924	1	0.802
2010	9427	1	0.917
8933	9	1	0.845
4126	4944	0	0.000162
9275	4771	1	0.891
4645	2925	1	0.817
6699	4160	1	0.984
5920	6116	1	0.858
6122	9420	1	0.891
1724	1255	1	0.985
3542	7410	1	0.823
9036	8984	1	0.924
3971	7920	0	0.000482
5894	9843	1	0.852
3679	1758	1	0.884
4768	1689	1	0.878
2749	971	1	0.965
8066	1420	1	0.873
4303	6276	1	0.943
4743	5824	1	0.952
9091	6497	0	0.000457
9350	3887	1	0.986
9308	7183	1	0.922
8191	5516	1	0.94
4521	9894	0	0.000526
4193	460	1	0.975
334	8879	0	0.00016
485	3186	1	0.988
928	1430	1	0.904
7550	1450	1	0.909
908	394	1	0.949
9828	1474	1	0.856
8403	4170	1	0.916
337	3930	1	0.877
6935	5148	0	0.00021
6499	6836	1	0.822
8226	5947	1	0.812
1890	544	1	0.849
8139	5521	1	0.874
8638	1615	1	0.913
4933	6604	1	0.811
4780	504	1	0.843
8287	518	1	0.819
415	927	1	0.854
4547	159	1	0.953
7895	5709	1	0.862
2981	2984	1	0.871
8394	7201	1	0.865
8776	4427	1	0.813
1885	2761	1	0.84
8685	54	1	0.951
7851	4996	1	0.89
7024	6021	1	0.955
2175	6423	0	0.000381
910	3702	0	0.000274
8418	2533	1	0.935
3171	5494	1	0.837
6083	2820	1	0.875
1008	222	1	0.814
2266	6067	0	0.000418
9265	1400	1	0.972
9659	7780	0	0.000409
584	892	1	0.943
7492	6498	1	0.809
812	3864	1	0.828
7707	2710	1	0.856
895	257	1	0.815
4113	3820	1	0.875
5185	420	1	0.838
4728	8583	1	0.996
6550	2090	1	0.822
7078	659	1	0.902
1544	4960	1	0.834
213	4278	0	0.00023
942	1705	1	0.855
5307	9113	1	0.913
6706	2107	1	0.903
2680	4322	1	0.842
8380	2640	1	0.998
144	2886	1	0.98
5406	2570	0	0.00017
1762	9255	1	0.902
4751	9447	1	0.855
8479	7290	1	0.866
7413	4313	1	0.929
3078	2573	0	0.000284
7627	2864	1	0.851
5267	9084	1	0.856
3765	118	0	0.000318
9506	2165	1	0.998
8842	2462	1	0.98
7012	7629	1	0.979
3335	1648	1	0.834
3918	2082	1	0.894
3768	7437	1	0.801
1580	6932	1	0.83
1435	5499	1	0.884
7656	7325	1	0.861
9358	4631	1	0.952
6233	2022	1	0.881
437	6366	1	0.824
9324	9477	1	0.9
698	959	1	0.873
4628	1439	1	0.841
9944	5661	1	0.883
75	6184	1	0.904
4432	928	1	0.992
1749	4499	0	0.000357
6575	1423	1	0.926
4892	1540	0	0.000333
8835	6581	0	0.000478
9627	6032	1	0.816
7738	603	1	0.821
331	4427	1	0.975
8158	3217	1	0.885
6601	1777	1	0.871
1966	727	0	0.000237
1732	5387	1	0.999
3775	9129	1	0.928
4356	706	0	0.000604
8919	6179	1	0.813
6570	9836	1	0.835
8116	3924	1	0.801
3938	9735	1	0.8
5418	1014	1	0.979
6280	3302	1	0.98
4807	4551	1	0.922
3517	2580	0	9.4e-05
1182	727	1	0.85
8658	272	1	0.893
3781	5652	1	0.819
6758	4585	1	0.816
1441	18	1	0.865
7363	5910	1	0.838
4317	6022	1	0.979
525	119	1	0.985
9835	1352	1	0.825
1151	9040	1	0.909
2178	8708	1	0.969
2886	5960	0	0.000212
7708	150	0	0.000163
764	1819	1	0.899
918	757	1	0.815
3208	968	1	0.983
3988	7689	1	0.879
282	27	1	0.937
3476	5124	1	0.873
5164	4115	1	0.87
1525	1804	1	0.94
257	1797	0	0.000524
4691	8023	1	0.989
4840	9323	1	0.801
819	9833	0	0.000141
1930	0	1	0.916
5992	2819	1	0.907
2714	3199	1	0.984
4399	5212	0	0.000451
5828	1239	1	0.823
3515	9706	1	0.995
9176	49	1	0.963
5819	5070	1	0.821
4763	1523	1	0.933
4221	867	0	0.000574
2718	2585	1	0.857
319	3040	1	0.987
7684	237	1	0.949
6586	2204	1	0.845
2157	2015	1	0.949
5790	2015	1	0.979
8593	3540	1	0.932
5192	3	1	0.833
5399	8441	1	0.807
2590	3922	1	0.847
9409	6257	1	0.865
4235	9580	1	0.968
6612	2349	1	0.933
1636	4753	1	0.948
1030	8229	1	0.83
3330	8525	1	0.828
391	1629	1	0.91
4233	9604	0	0.000419
2847	4433	1	0.904
8104	175	1	0.814
8201	9444	1	0.809
6788	3219	1	0.966
6649	8528	1	0.936
2173	4288	1	0.993
4813	4130	1	0.808
1942	6331	1	0.825
7170	558	1	0.843
843	2915	1	0.893
119	7020	1	0.933
4277	6003	1	0.807
9616	8524	1	0.997
240	592	1	0.801
8726	3878	1	0.826
5125	3985	1	0.902
1873	746	1	0.997
7771	6315	1	0.953
6420	438	1	0.984
2097	3234	0	0.000587
5738	2067	1	0.906
5359	1162	1	0.855
6062	1983	0	0.000473
4485	6711	1	0.843
2008	3190	1	0.844
3442	2232	1	0.898
7562	4998	1	0.849
2387	9973	1	0.861
2267	6155	1	0.995
1568	2910	0	0.000449
2369	5648	0	0.00027
4615	7983	0	0.000459
8847	2473	1	0.921
4192	2165	1	0.945
5257	3124	1	0.975
4243	8316	1	0.865
3782	5788	1	0.843
6174	206	1	0.877
832	5128	0	0.000413
1238	277	1	0.849
715	324	1	0.893
6585	3931	1	0.905
2342	3268	1	0.835
4941	573	0	0.000371
6273	1241	0	0.000469
157	6555	0	0.000432
7139	8135	1	0.927
4448	9565	1	0.86
6075	1454	0	0.000556
6908	19	1	0.929
6728	2887	1	0.921
5168	9167	1	0.868
6569	2517	1	0.906
9594	3762	1	0.801
4625	12	1	0.868
8034	4008	1	0.803
4496	6084	0	0.000195
8059	9464	1	0.801
3987	4652	1	0.867
4848	3797	1	0.818
9083	3956	1	0.871
8713	5280	1	0.801
4876	1650	1	0.899
2761	2941	1	0.989
6712	435	1	0.897
1127	5323	1	0.932
9928	5628	1	0.976
4236	5026	0	0.000443
8219	9970	1	0.967
274	869	1	0.871
6337	3605	0	0.000325
2366	2660	0	0.000318
2153	562	1	0.958
4176	2935	1	0.999
130	501	1	0.948
1940	1873	1	0.804
6081	9054	1	0.817
2058	670	1	0.913
7407	8930	1	0.999
2196	5735	0	0.000453
436	1539	1	0.956
7758	5910	1	0.867
1407	2885	0	0.000596
9978	5611	1	0.946
2592	1495	1	0.843
476	8264	0	0.000461
9205	106	1	0.955
3238	9259	1	0.852
888	6209	1	0.812
6378	112	1	0.935
6944	2743	0	0.000381
2356	7333	1	0.874
5422	3762	1	0.816
714	4252	1	0.843
1324	2174	1	0.976
2391	2706	1	0.976
2080	7267	1	0.974
3384	730	1	0.856
9578	2572	1	0.913
6254	1838	1	0.858
2843	3827	1	0.88
3275	1250	1	0.936
1342	7657	1	0.966
2110	1340	1	0.834
7805	2927	1	0.839
9988	8536	1	0.913
9092	8409	1	0.865
2263	664	1	0.822
2180	181	1	0.826
1865	4703	1	0.84
1421	5496	1	0.949
1068	9773	1	0.918
4141	2694	1	0.996
3239	3802	1	0.891
109	4850	1	0.8
7914	748	1	0.967
8008	4109	1	0.976
3031	643	1	0.863
2107	7870	1	0.883
3835	1611	1	0.885
2428	8770	1	0.992
8492	93	1	0.995
9089	1814	1	0.858
2357	406	1	0.907
8983	135	1	0.803
3623	2645	1	0.927
249	4705	1	0.916
6702	7398	1	0.955
5174	3286	1	0.983
37	9274	1	0.853
7060	2335	0	0.0002
4684	8587	1	0.885
9882	1933	0	0.000241
1666	1584	1	0.802
1353	950	0	0.000466
8197	7819	1	0.97
2562	7340	1	0.971
7931	4893	0	0.000462
4404	487	0	0.000281
3810	2449	0	0.000605
2526	927	1	0.922
7008	4592	1	0.829
4797	2296	0	0.000619
6589	306	1	0.903
4415	7669	1	0.809
7719	9491	1	0.997
8128	1316	1	0.946
2130	5892	1	0.933
8979	7590	1	0.862
1951	2851	1	0.984
7501	1450	1	0.812
2323	71	1	0.936
9327	586	1	0.948
6663	6304	1	0.847
8381	9703	0	0.000637
9595	3050	0	0.000406
6142	4917	1	0.942
366	6283	0	0.000308
8679	7390	1	0.902
9284	1522	0	0.000165
9599	171	1	0.981
4972	509	0	0.000601
604	7471	1	0.957
5622	7555	1	0.914
4128	270	1	0.823
2079	8541	1	0.804
2547	6129	1	0.946
6160	5030	1	0.986
6025	4960	1	0.853
5612	4856	1	0.825
246	6121	1	0.824
2605	9568	1	0.966
636	9524	1	0.898
8655	8580	0	0.000534
2933	2015	0	0.000157
5912	7345	1	0.93
3506	2220	1	0.893
6633	1697	1	0.991
5837	4596	1	0.987
3527	6151	1	0.899
5797	6977	1	0.935
9648	9389	1	0.949
4301	7065	1	0.833
9785	2271	1	0.84
4147	8265	1	0.961
9072	2479	1	0.807
1791	5414	1	1
4250	5110	1	0.868
8730	9342	1	0.908
241	5797	0	0.00034
9845	7370	1	0.906
7797	2002	1	0.824
1144	961	1	0.877
1785	5060	1	0.977
3313	149	1	0.995
8719	907	1	0.992
2797	7431	0	0.000384
5436	1853	1	0.994
8129	8999	1	0.857
1322	1998	1	0.967
4698	1935	0	0.000375
8213	4370	1	0.869
2874	3889	1	0.938
2504	2043	1	0.997
9306	2456	0	0.000176
4526	1815	0	0.00013
393	8508	1	0.973
34	2828	0	0.000219
543	2886	1	0.986
3107	5563	1	0.868
5581	4274	0	0.000447
8111	8856	1	0.965
9300	2133	0	0.00061
4047	9150	1	0.862
8377	4267	1	0.97
8308	302	1	0.865
3293	3378	1	0.937
4183	3137	1	0.994
6532	7825	1	0.822
8424	2289	0	0.0003
3272	4661	1	0.978
7880	4596	0	0.000365
6627	175	1	0.852
2311	1194	1	0.967
2748	4434	1	0.883
583	5033	1	0.956
6844	1144	0	0.000587
2081	35	1	0.851
3744	7028	1	0.914
3468	634	1	0.92
2351	3180	1	0.978
8468	4273	0	0.000266
8810	9081	0	0.00045
6545	2209	1	0.925
300	544	1	0.858
5695	3161	0	0.000345
2833	4173	1	0.896
8826	3607	1	0.918
7891	3283	1	0.842
8906	5897	1	0.821
174	1199	1	0.952
9182	8344	0	0.000209
6918	2598	0	0.000485
7388	5644	0	0.000549
7667	611	0	0.000553
9037	115	0	0.000496
4068	2805	1	0.955
8811	635	1	0.995
9967	1768	0	0.000368
9974	1910	1	0.871
3844	583	1	0.99
5417	3014	1	0.899
1403	2987	1	0.92
4655	761	1	0.811
2791	5714	1	0.801
1672	2172	1	0.928
7754	781	0	0.000512
5283	7948	1	0.919
1871	60	1	0.885
2917	92	1	0.893
6028	853	1	0.803
8170	363	1	0.823
5129	2895	1	0.85
7227	7853	0	0.000541
5571	7195	0	0.000527
2348	7950	1	0.961
5699	4825	1	0.808
561	56	1	0.938
9752	6910	1	0.84
1646	112	1	0.847
8005	3724	0	0.000122
1382	7422	1	0.9
2830	8355	1	0.998
7614	677	1	0.843
7272	2665	1	0.839
2217	9682	1	0.988
7532	6060	0	0.000461
4460	2528	0	0.000598
3821	2783	0	0.000521
38	1635	1	0.894
2309	4596	1	0.922
7486	1504	1	0.833
6926	4961	0	0.000419
9668	536	1	0.992
3167	161	1	0.873
3220	6999	1	0.923
9132	5103	1	0.955
3130	6398	1	0.922
1941	9235	0	0.000172
7485	1284	1	0.878
7258	5486	1	0.872
9260	6421	0	0.000513
2854	4186	1	0.96
3178	2072	1	0.846
1519	555	1	0.911
6008	7833	1	0.839
1689	4768	1	0.976
6626	2372	1	0.82
6874	15	1	0.814
7478	3335	1	0.855
8749	4027	1	0.997
1547	2222	1	0.97
7520	3674	0	0.000617
6820	8592	1	0.96
5897	8906	1	0.95
1401	4733	1	0.946
6654	4790	1	0.832
1027	9806	1	0.875
7817	9004	1	0.989
490	693	0	0.000221
8894	4193	1	0.939
8154	6915	1	0.815
9931	3142	0	0.000481
8665	259	1	0.832
7612	2249	1	0.827
3456	1928	1	0.881
925	1088	1	0.998
1010	7613	1	0.998
2472	6153	1	0.928
4329	1775	1	0.914
3032	6121	1	0.889
5016	1117	1	0.872
3826	6985	1	0.971
2781	3833	1	0.973
2776	8351	1	0.988
2189	5958	1	0.857
3760	9277	1	0.892
8207	6908	1	0.925
8343	4867	1	0.861
2494	1541	1	0.876
2866	4371	1	0.884
2757	1117	0	0.000341
1817	1487	1	0.862
5453	9527	0	0.000531
3312	7024	1	0.876
2709	8323	0	0.000349
176	2330	1	0.9
3977	2355	1	0.85
3227	1311	1	0.988
473	562	1	0.952
560	6336	1	0.848
456	8512	1	0.87
1685	2544	0	0.000628
8459	6122	1	0.909
8043	1262	1	0.935
1779	5529	1	0.867
12	246	1	0.823
1048	1282	1	0.969
9441	6879	1	0.811
7079	4950	1	0.892
903	524	1	0.931
2158	857	1	0.835
3429	2813	1	0.925
2930	6068	1	0.998
5677	6090	1	0.967
3628	8643	1	0.911
4552	4596	0	0.00013
2752	479	1	0.949
4578	130	1	0.866
5114	741	0	0.000596
8422	4585	1	0.899
2603	3698	0	0.000482
816	3888	0	0.000141
7585	5884	1	0.861
1054	3	1	0.992
3590	1643	0	0.000265
985	3396	1	0.928
1881	7433	1	0.833
4077	1060	1	0.815
6604	7218	0	0.000391
7649	3293	1	0.903
3669	5480	0	0.000562
1416	629	1	0.905
2536	9847	1	0.919
5640	9741	1	0.87
753	980	0	0.000176
3444	2684	1	0.849
9259	2941	0	0.000132
5007	2694	0	0.000566
2268	514	1	0.811
4663	6271	1	0.892
9392	3091	1	0.91
9448	4435	1	0.87
7840	1365	1	0.878
6437	5950	1	0.949
1548	9946	1	0.956
6987	5310	0	0.000278
36	2043	1	0.816
4868	1949	0	8.02e-05
4157	1853	1	0.959
967	1688	1	0.997
5447	8991	0	0.000279
2493	928	1	0.88
9026	8535	1	0.94
5093	8461	1	0.81
1972	7679	1	0.992
5924	1823	1	0.878
4949	1789	1	0.879
3389	7490	1	0.915
4536	429	1	0.842
5904	3418	1	0.825
9328	609	1	0.929
7367	8210	1	0.96
165	9549	1	0.994
6133	1753	1	0.943
9258	259	1	0.934
991	6976	1	0.957
7535	1594	1	0.949
3180	1958	1	0.82
4708	5882	1	0.87
5373	1335	1	0.972
2671	1523	1	0.917
5720	9560	1	0.84
1433	504	1	0.803
956	7547	1	0.988
7972	119	1	0.931
6426	3283	1	0.832
2177	6398	1	0.928
9481	837	0	0.000158
8664	5029	1	0.881
7295	933	0	0.000251
3076	6377	1	0.921
9442	2017	1	0.843
1269	2086	1	0.933
734	9312	1	0.885
5074	1288	1	0.9
5855	4379	0	0.000572
8024	4177	0	0.000547
6453	4482	1	0.868
2530	1370	1	0.871
6882	5421	1	0.947
2973	6555	1	0.901
7640	2839	1	0.804
5533	533	1	0.984
3562	8686	1	0.832
7379	2035	1	0.991
7020	8289	1	0.868
3163	2456	0	0.000154
5959	1971	1	0.93
6361	8871	1	0.825
4110	1187	1	0.817
2753	4359	1	0.897
6334	4810	1	0.802
8302	3258	1	0.943
7702	9679	1	0.977
4979	5437	1	0.801
3478	1777	1	0.997
870	9793	1	0.971
6697	8709	1	0.824
5498	16	1	0.903
8666	7389	1	0.973
9976	949	1	0.957
7826	4126	1	0.988
5656	2202	1	0.811
5202	1372	1	0.98
6913	8051	1	0.984
6402	6820	1	0.882
6677	6101	0	0.000542
9853	8081	1	0.975
9000	6814	1	0.962
2563	1285	1	0.86
5713	1487	1	0.838
7141	2300	0	0.000489
3065	2855	1	0.973
5485	2751	1	0.961
6808	1822	1	0.988
1691	3055	0	0.000313
6090	957	1	0.853
6407	102	1	0.85
7118	9631	1	0.993
209	1042	1	0.936
4170	2983	1	0.925
9717	6159	1	0.996
1717	5720	1	0.848
9917	3574	1	0.838
2556	1100	1	0.868
2236	2301	1	0.889
9826	9107	1	0.991
8805	8038	1	0.935
2822	61	0	0.000299
5247	4584	1	0.89
6794	9582	1	0.879
8837	3453	1	0.873
8599	391	1	0.923
7744	1792	1	0.905
6411	169	0	0.000605
3077	2457	1	0.874
8238	4941	0	0.000167
449	5580	1	0.869
7908	1492	1	0.858
9582	2272	1	0.825
3493	1778	1	0.908
6211	8205	0	0.000474
7723	1659	0	0.00062
407	3962	1	0.978
6178	106	1	0.96
3709	1738	1	0.94
6275	865	1	0.933
6747	3266	1	0.856
3545	5266	1	0.986
8829	9030	1	0.944
8433	7779	0	0.000166
7897	4173	0	0.00032
4263	8958	1	0.881
9491	6346	1	0.865
2915	3044	1	0.976
5313	3189	1	0.857
9769	8891	1	0.886
3091	2519	0	0.000198
2336	3661	0	0.000126
7557	8095	1	0.863
4005	3984	1	0.918
8233	317	1	0.901
5157	3986	1	0.816
2823	1921	0	0.000345
222	434	1	0.977
9764	7625	1	0.863
8398	4760	1	0.814
1474	2521	1	0.902
1016	5472	1	0.943
8478	2420	1	0.839
5728	2717	0	9.75e-05
6727	1882	0	0.00034
4257	2923	1	0.837
1518	138	0	0.00025
5380	8203	0	0.000243
32	5941	0	0.000236
3591	7022	1	0.881
1609	4177	1	0.849
8660	7459	1	0.958
1653	3235	0	0.000145
7545	208	1	0.922
8747	9259	1	0.972
652	977	0	0.000169
6791	647	0	0.000111
8706	9307	1	0.837
607	443	1	0.976
2693	8012	0	0.00031
8731	2776	1	0.867
1457	2185	0	0.000633
3343	2204	1	0.858
2146	7356	1	0.958
243	6719	0	0.000483
2877	284	0	0.000485
2978	8799	1	0.994
6026	6869	1	0.865
1619	2513	1	0.83
2352	5923	1	0.991
2000	7769	1	0.862
576	4187	1	0.856
7510	410	1	0.849
1999	6153	1	0.836
9767	8716	1	0.922
1295	277	1	0.803
837	9481	1	0.998
252	226	1	0.857
4036	9631	1	0.858
5464	5546	1	0.897
8833	6375	1	0.901
5650	7134	0	0.000585
8175	723	1	0.836
2422	9971	1	0.991
7431	1529	1	0.936
4621	3723	1	0.999
6560	6473	1	0.931
2988	723	1	0.849
6207	8419	1	0.889
2674	1511	1	0.826
8820	3154	0	0.000387
6085	8607	1	0.963
5077	825	1	0.806
7531	144	0	0.00031
5565	6254	1	0.914
3285	137	1	0.979
1462	4675	1	0.922
5358	2407	0	0.000338
1509	7999	1	0.878
508	2585	0	0.000186
1967	3678	1	0.871
7575	3696	1	0.885
3543	2172	1	0.868
5370	1512	1	0.885
1707	1279	1	0.896
442	8165	1	0.871
8656	3853	1	0.942
7412	7590	1	0.975
4875	964	1	0.92
6554	9778	1	0.929
9221	72	1	0.915
6905	7409	1	0.84
7605	8854	1	0.914
5964	9246	1	0.897
8013	1388	1	0.867
5810	6670	1	0.89
5458	6344	1	0.955
3596	5091	1	0.957
7110	1424	1	0.876
129	2441	1	0.862
5280	8713	1	0.896
3573	7378	1	0.92
1059	9276	1	0.958
4579	8558	1	0.931
4925	7487	1	0.882
8396	4205	1	0.962
2612	5470	1	0.854
6405	7985	1	0.973
6397	3272	1	0.916
9364	877	0	0.000514
2975	2713	1	0.997
2532	6255	1	0.934
864	427	0	0.000222
2002	9044	1	0.988
491	4176	0	0.000204
6640	6698	0	0.000296
69	5766	1	0.935
8751	5825	1	0.811
6628	3151	1	0.875
9406	8859	0	0.000576
5905	1407	1	0.955
713	355	0	0.000301
7187	8925	1	0.931
722	1812	1	0.933
8301	2851	1	0.981
507	6456	0	0.000136
3837	1838	1	0.843
1914	4	1	0.936
6714	4213	1	0.984
6325	1077	1	0.818
1710	54	1	0.931
572	980	1	0.85
1692	2661	1	0.996
1897	3665	1	0.847
8457	7440	1	0.866
9563	6232	1	0.899
9886	8702	1	0.827
579	5071	1	0.907
4200	9744	1	0.914
4908	134	1	0.856
9505	2417	1	0.841
5613	3195	1	0.976
795	511	1	0.831
3129	1247	1	0.951
1603	1530	1	0.918
5084	4894	1	0.922
1032	273	1	0.849
7047	3928	1	0.833
4656	1412	1	0.882
7507	4509	1	0.895
7163	1127	1	0.83
4057	5632	1	0.895
8937	3234	1	0.939
2531	8102	1	0.942
6260	376	1	0.838
1070	641	1	0.843
3341	99	1	0.928
1471	6439	1	0.883
9348	3558	1	0.847
8506	1798	1	0.939
8552	888	1	0.84
1323	5691	1	0.843
7264	7782	1	0.831
2424	3603	1	0.916
3815	1858	1	0.844
4954	734	0	0.000592
644	964	1	0.97
5521	9106	1	0.976
4275	7387	1	0.968
3843	6033	1	0.849
1561	1444	1	0.989
4104	3930	1	0.848
6242	6274	0	0.000184
3645	6886	1	0.928
7365	2185	1	0.946
3996	1744	1	0.996
3250	1242	1	0.986
505	7819	0	0.000182
941	8114	1	0.855
7497	8276	1	0.801
8202	8335	1	0.828
4815	161	1	0.877
796	3683	1	0.95
9386	7974	1	0.921
1176	7347	1	0.947
8022	3919	1	0.82
9573	1167	1	0.803
5491	1718	0	0.000578
8969	268	1	0.847
2006	1187	1	0.959
8217	6840	1	0.971
7389	727	1	0.808
2600	893	1	0.913
7142	7705	1	0.983
8108	3969	1	0.895
1782	3582	1	0.956
3133	1130	1	0.963
3519	8377	1	0.954
9824	153	0	0.000445
1212	5163	1	0.806
5553	7459	1	0.89
6481	1237	1	0.973
6431	6489	1	0.909
3175	3827	1	0.948
6143	5119	1	0.844
5462	7947	1	0.9
2569	4524	0	0.000304
6297	3044	1	0.997
1042	209	1	0.812
1802	7062	1	0.934
3246	2781	1	0.861
1021	3120	1	0.973
2333	390	1	0.995
126	2811	1	0.826
2697	7249	1	0.909
5231	1739	1	0.905
8027	6927	1	0.808
1598	9817	1	0.832
5605	1777	1	0.819
3683	6540	1	0.96
6979	3337	1	0.824
77	269	1	0.803
308	5073	1	0.84
2271	5018	1	0.85
8997	8860	1	0.889
729	1158	1	0.93
3568	3081	1	0.905
483	1042	1	0.822
5936	3136	1	0.943
1633	42	1	0.978
1788	4649	0	0.000515
1174	5793	1	0.967
1945	7197	1	0.86
866	5422	1	0.862
6701	2622	1	0.994
1583	6655	1	0.884
5428	7993	0	0.000206
4386	7613	1	0.942
2540	9634	1	0.867
2610	4086	1	0.917
2960	3734	1	0.966
4683	2501	1	0.904
878	3212	1	0.985
1389	2523	1	0.812
7230	980	1	0.824
9011	3224	1	0.983
3216	8804	1	0.965
2649	1269	1	0.92
6136	3114	1	0.868
1162	3285	1	0.834
4693	6693	1	0.82
6920	934	1	0.803
5757	5126	1	0.816
9771	2046	0	0.000249
15	6677	1	0.801
7482	8169	1	0.851
447	7609	1	0.894
8387	3020	1	0.934
2124	5130	0	0.000173
4042	2262	1	0.81
7014	1642	1	0.945
7971	6915	1	0.856
3942	514	1	0.875
3497	3465	0	0.000538
8227	2951	1	0.886
1614	5474	0	0.000388
266	25	1	0.895
2544	3113	0	0.000243
3917	6	1	0.848
5717	2794	1	0.865
3563	3219	1	0.804
1905	7546	0	0.000322
8678	6592	1	0.967
8620	940	1	0.842
5297	5977	1	0.831
4939	4058	1	0.834
7197	9834	1	0.998
6881	9681	1	0.8
7619	232	1	0.874
4156	372	1	0.941
6824	6056	1	0.819
9783	7999	1	0.93
8446	956	1	0.838
2970	5769	0	0.000343
2700	2110	1	0.932
166	799	1	0.964
8165	755	1	0.898
3899	2428	1	0.91
4888	1258	1	0.827
9452	885	1	0.848
9945	7780	1	0.983
116	709	1	0.901
4095	258	1	0.924
879	5695	1	0.835
5012	1408	1	0.872
5403	6009	1	0.948
234	1755	1	0.861
3773	7302	1	0.962
2381	94	1	0.824
7216	2036	1	0.946
8793	1424	1	0.981
3637	3359	1	0.961
1298	2954	1	0.996
1371	633	1	0.831
8070	875	1	0.842
9029	3623	1	0.997
1481	5095	0	0.000397
9698	5250	1	0.847
6674	7574	1	0.974
7250	9792	1	0.83
1350	926	1	0.942
4523	7834	0	0.000218
5889	3520	1	0.941
8361	2232	0	0.000616
4574	6990	1	0.889
1947	7515	1	0.922
8329	412	1	0.899
2034	6281	1	0.868
8973	9126	1	0.818
9057	7823	1	0.987
536	149	1	0.857
2228	1177	1	0.908
7464	4825	1	0.858
7077	2385	1	0.846
2092	8110	1	0.939
3538	4204	1	0.955
3751	2770	1	0.814
7769	3893	1	0.942
741	3815	0	0.000327
2817	4347	1	0.883
8177	3050	1	0.957
4090	137	1	0.981
1263	4191	1	0.989
6958	1632	0	0.000513
1156	1704	1	0.939
7073	3244	1	0.816
6048	8431	1	0.977
5444	9478	1	0.894
8494	6466	1	0.926
1442	3107	1	0.855
7041	5031	1	0.841
1656	1450	1	0.894
8617	2008	1	0.822
134	9256	1	0.963
6552	143	0	0.000396
480	5859	1	0.947
7887	5116	1	0.909
8893	121	1	0.874
5322	8969	1	0.953
1560	401	1	0.961
7641	4480	1	0.958
9808	7791	1	0.846
3001	1967	1	0.903
4675	1462	1	0.966
9947	944	1	0.875
4636	717	1	0.935
1847	3360	0	0.000375
8853	4761	1	0.835
4397	5074	1	0.911
3984	7114	1	0.907
2743	8607	1	0.909
244	6065	1	0.85
8765	1239	1	0.844
5205	146	1	0.92
3192	5990	0	0.000322
1019	869	0	9.75e-05
2711	4523	1	0.802
3937	5966	0	0.000479
5882	5730	1	0.836
5251	5861	1	0.856
5796	89	1	0.855
8241	4827	0	0.000254
5500	1563	1	0.878
478	681	0	0.000373
105	4171	1	0.848
1429	8939	1	0.826
9372	1847	1	0.945
5774	3743	1	0.867
3541	1650	1	0.801
7617	4897	1	0.967
5940	8277	1	0.994
4266	966	1	0.862
8527	2	0	0.00037
8321	9787	1	0.842
2507	2472	1	0.902
9871	1857	1	0.96
3145	5051	1	0.823
3919	8022	1	0.845
4465	2660	1	0.958
7547	2692	1	0.962
8497	4069	1	0.854
8895	446	0	0.000639
1004	4261	1	0.807
8947	1035	1	0.98
1845	855	1	0.872
9494	5159	0	0.000547
3745	1068	1	0.963
7120	7122	1	0.977
4945	6893	1	0.944
1984	933	1	0.825
1906	9735	1	0.896
7438	7229	0	0.000304
1683	6678	1	0.983
7129	3535	1	0.825
6365	5404	1	0.861
7046	2456	1	0.811
7864	7669	1	0.997
4239	4080	1	0.848
2001	3810	1	0.801
1204	1205	0	0.000632
4089	4669	1	0.807
6774	4562	1	0.91
660	671	1	0.801
5865	3891	1	0.84
1334	8050	1	0.846
4382	644	0	0.000593
7474	2408	1	0.813
2067	1617	0	0.000498
4373	8513	1	0.801
6917	8056	1	0.826
6290	2143	1	0.804
398	1283	0	0.000141
993	913	1	0.919
382	2830	1	0.853
6543	6851	1	0.806
3675	676	0	0.000141
5126	7656	1	0.866
7213	1311	1	0.819
2131	769	1	0.992
136	3377	1	0.871
163	7617	1	0.818
1472	6236	1	0.938
8372	743	1	0.869
8081	766	1	0.879
8703	3487	1	0.828
8729	7742	1	0.829
2675	7645	1	0.882
9601	1453	1	0.902
3350	205	1	0.868
3221	4389	1	0.87
5981	7258	0	0.00011
1844	3742	0	0.000193
7446	1471	1	0.984
9297	79	1	0.973
5884	3529	1	0.826
1567	8572	1	0.949
2475	48	1	0.988
9518	3463	1	0.939
8758	2280	1	0.88
6646	8957	0	0.000342
2836	257	1	0.902
3393	500	1	0.856
5619	285	1	0.959
378	5333	1	0.894
4634	1070	1	0.819
7687	7390	1	0.819
4381	6966	0	0.000523
3702	8670	1	0.857
2849	476	0	0.000207
763	2185	1	0.971
8318	9618	1	0.818
8887	2800	1	0.941
6775	4345	1	0.845
2431	6152	1	0.962
9704	389	1	0.999
1986	5049	1	0.939
9041	4955	1	0.834
7229	5144	1	0.942
9818	5063	1	0.831
577	3046	1	0.996
977	1772	1	0.816
5327	1630	1	0.872
9564	2026	1	0.841
4607	2167	0	0.000243
9607	5435	0	0.000209
680	3453	0	0.00042
1313	14	1	0.995
2656	35	1	0.908
2401	7361	1	0.811
9162	4859	1	0.949
6462	1519	1	0.873
2322	4403	1	0.886
8427	3573	1	0.843
720	256	1	0.853
5494	2459	1	0.869
9166	9667	0	0.000364
6132	7732	1	0.997
2774	1580	0	0.000495
1693	4717	1	0.94
8623	4186	1	0.908
4026	3914	1	0.914
4653	9265	1	0.891
305	7405	1	0.92
3340	8466	1	0.808
2418	1921	1	0.814
7952	5754	1	0.811
8409	9454	1	0.953
8644	2870	1	0.951
3007	8779	1	0.846
7890	5453	1	0.946
5336	9022	0	0.000529
6391	2306	1	0.925
3321	759	1	0.841
9807	3004	1	0.928
9603	9067	1	0.827
849	4574	1	0.981
7894	777	1	0.896
1607	1672	0	0.000287
1576	817	1	0.847
3584	5622	1	0.836
7983	4249	1	0.879
8710	2015	1	0.831
4242	7	1	0.861
1933	2714	1	0.814
1136	559	1	0.817
7747	2764	1	0.999
8272	767	1	0.892
8221	8658	1	0.99
6084	4496	1	0.899
6608	5691	1	0.968
3929	973	1	0.987
6444	2625	1	0.965
8514	3041	0	0.000471
3939	6248	1	0.921
4191	2767	1	0.914
2005	3749	0	0.00033
1150	1688	1	0.816
7071	959	1	0.869
6162	7655	1	0.843
1697	5641	1	0.997
8307	1670	1	0.819
2972	2129	1	0.931
5766	4805	1	0.926
9402	1573	0	0.00056
3317	231	1	0.968
2628	251	1	0.945
4072	545	1	0.82
8534	6820	1	0.984
1369	978	1	0.998
7292	6997	1	0.87
9893	989	1	0.822
9486	2950	0	0.000201
4952	3148	1	0.937
4657	9681	1	0.808
6446	3508	1	0.874
6802	292	1	0.902
2568	4054	1	0.874
2325	8666	1	0.993
1657	3258	1	0.856
995	7187	1	0.886
9544	6876	0	0.000211
2250	320	1	0.982
5360	4002	0	0.00031
1686	8043	0	0.000546
1452	2706	0	0.000236
7011	7657	1	0.879
6299	8951	1	0.845
707	5454	1	0.972
8762	2473	0	0.000152
9989	1631	1	0.888
7445	5006	1	0.912
4132	7257	1	0.936
2464	2540	1	0.996
3564	687	1	0.961
1750	54	1	0.83
6460	8260	1	0.915
5408	4053	1	0.961
3503	3471	0	0.00047
3776	4669	1	0.939
3058	892	1	0.9
7088	166	1	0.989
4013	7201	1	0.98
2468	453	1	0.811
4219	8490	1	0.851
8787	9340	1	0.857
9541	3473	1	0.89
8447	4345	1	0.939
1725	2184	1	0.892
5244	8530	1	0.829
1895	2715	1	0.941
8612	3434	1	0.828
5866	9177	1	0.908
2913	8171	1	0.934
8840	480	1	0.879
564	8685	1	0.976
438	3800	1	0.929
2760	4126	1	0.894
9154	6691	0	0.00062
1527	273	1	0.966
9454	8409	1	0.881
3453	8700	1	0.817
3600	7593	0	0.00057
9585	8358	0	0.000134
934	6920	1	0.98
3539	7699	0	0.000623
1702	2	1	0.957
5642	1603	0	0.000446
1920	412	0	0.000502
389	9704	0	0.0002
7794	9000	1	0.919
3012	51	1	0.943
1183	6186	0	0.00014
673	410	0	0.000568
3303	2205	0	0.000397
1003	5218	1	0.907
1738	8238	1	0.809
8642	5869	1	0.82
7989	422	0	0.000106
9527	1030	1	0.945
9525	9392	1	0.926
7312	752	1	0.831
7752	2300	1	0.975
1679	6225	1	0.839
8472	1094	1	0.898
4223	1268	1	0.927
7604	3	1	0.802
1492	7773	1	0.879
3103	687	0	0.000551
8832	1381	1	0.975
4220	8895	1	0.925
6698	7474	1	0.971
8105	8505	0	0.00042
6465	3123	1	0.944
7868	8019	1	0.923
1911	1965	1	0.942
5276	8682	0	0.000495
7737	2340	1	0.915
2769	4448	1	0.807
7938	3872	0	0.000149
9942	8728	1	0.962
3531	693	1	0.829
7871	8912	0	0.000395
254	6239	1	0.995
9813	6289	1	0.976
5119	4234	1	0.945
5170	5225	0	0.000372
3268	5756	1	0.891
9472	9450	1	0.808
1397	7698	1	0.94
3698	6226	1	0.957
2808	9258	1	0.894
8604	1526	1	0.974
1913	6763	1	0.818
3612	6819	1	0.842
5009	241	1	0.971
2966	4573	0	0.000636
6735	1116	0	0.000207
5575	3178	1	0.848
5511	767	1	0.803
4295	1269	0	0.000274
4515	4207	1	0.983
6679	950	1	0.892
2616	2660	0	0.00056
2848	9957	1	0.963
5630	5873	1	0.925
127	5044	1	0.94
2430	961	1	0.968
3209	1749	1	0.977
7570	9857	1	0.874
4827	8831	1	0.818
8161	1180	1	0.943
5113	3343	0	0.000276
8080	4716	1	0.824
3705	2722	1	0.938
4710	88	1	0.813
6631	1667	0	0.000521
3411	1973	0	0.000403
9210	1014	1	0.999
6470	1917	1	0.854
2927	4517	1	0.892
8088	4334	1	0.981
6898	6750	0	0.000464
8351	8731	1	0.821
1545	25	1	0.957
5603	921	1	0.875
4535	968	1	0.803
6279	6614	0	0.000625
8871	6361	0	0.00055
9678	1883	1	0.927
692	7181	1	0.857
6117	5800	1	0.802
2983	3940	1	0.887
340	14	0	0.00027
983	6178	1	0.968
5241	1938	1	0.884
2852	617	1	0.99
8069	6667	1	1
8391	2722	0	0.000419
3351	7065	1	0.995
1191	4936	0	0.000588
5339	457	0	0.000539
285	8977	1	0.868
7599	2103	1	0.892
8963	3083	1	0.844
8255	3173	0	0.000246
3532	716	1	0.875
3472	8399	1	0.903
5089	6744	1	0.932
8528	2252	1	0.959
3371	5572	1	0.823
3894	167	1	0.949
5301	7658	1	0.827
8827	5087	1	0.986
1367	6850	1	0.924
3646	6694	1	0.916
8402	820	1	0.848
1045	6211	1	0.998
4847	6958	1	0.908
6568	6433	1	0.927
3473	636	1	0.866
6071	3455	1	0.907
1199	9623	1	0.839
2578	7573	0	0.000472
3653	3244	1	0.961
5795	4276	1	0.839
3758	2105	1	0.92
2393	9383	1	0.972
8047	223	1	0.891
1924	8458	1	0.85
902	8434	1	0.952
1022	6914	1	0.86
1239	5828	0	0.000498
8187	7589	1	0.952
5601	5339	1	0.872
6506	2339	1	0.899
7470	1167	1	0.877
3182	6088	0	0.000539
6087	3544	0	0.000256
9636	3671	1	0.922
7490	4354	1	0.904
3512	9700	1	0.87
2636	1917	1	0.827
6782	1389	1	0.831
6146	1457	1	0.957
3339	8324	1	0.89
4029	2121	1	0.896
7403	3004	1	0.93
4737	8064	1	0.98
915	1737	1	0.934
8986	9763	1	0.966
9238	551	1	0.832
4722	1432	1	0.934
4308	8732	0	0.000611
1232	9554	1	0.881
1944	5790	1	0.863
5856	7032	1	0.956
4630	2455	1	0.867
22	4329	1	0.851
8349	1102	1	0.89
3610	8033	1	0.995
861	5841	1	0.88
4805	69	1	0.91
5047	2284	1	0.875
6656	8731	1	0.851
9445	1744	1	0.869
4701	3308	1	0.866
7147	6124	1	0.922
9925	3454	1	0.957
7342	7	1	0.909
8855	667	1	0.875
5895	6257	0	0.000454
6004	2359	1	0.907
5365	130	1	0.848
8823	590	1	0.801
563	2097	1	0.883
8911	3254	1	0.839
8742	5761	1	0.949
541	4884	0	0.000173
7978	691	1	0.895
1565	235	1	0.959
8392	505	1	0.853
5495	8664	1	0.853
7824	4068	1	0.852
664	4732	1	0.861
3023	7959	1	0.924
6482	2817	0	0.000453
8230	3980	1	0.947
4271	2641	1	0.975
4284	5592	1	0.848
418	6800	1	0.814
8168	7932	1	0.828
5917	6510	0	0.000389
1700	275	1	0.86
1592	41	1	0.907
1373	6449	1	0.846
6409	5251	1	0.866
8879	7937	1	0.928
8541	1035	0	0.000164
1398	1530	0	0.000203
5066	1148	1	0.804
151	4563	1	0.847
9313	5232	1	0.866
3536	1492	1	0.824
1502	6050	1	0.898
2884	2082	1	0.959
3523	8777	1	0.882
2203	4889	1	0.842
5864	3774	1	0.921
7533	8126	1	0.891
2094	1077	1	0.83
3727	2978	1	0.867
2410	4779	1	0.82
9558	7084	1	0.985
9360	5356	1	0.851
5135	1426	1	0.919
2128	1260	1	0.826
8563	496	1	0.913
5535	1153	1	0.829
8790	8502	1	0.942
9388	2845	1	0.846
5475	5019	1	0.829
628	9638	1	0.951
2213	1043	1	0.987
4311	9284	1	0.854
7546	5479	1	0.983
159	5221	1	0.917
9583	3046	1	0.899
7603	332	1	0.945
8471	1558	1	0.834
8794	3885	1	0.873
9311	1629	0	0.000447
6770	1500	1	0.951
92	8808	1	0.811
161	6659	1	0.97
6187	9826	1	0.895
504	9703	1	0.89
9081	820	1	0.862
8619	2797	0	8.03e-05
3586	1841	1	0.921
3805	95	1	0.921
7185	2176	1	0.856
6925	8086	0	0.000249
5689	2961	1	0.903
7428	4452	1	0.854
5705	9392	1	0.835
309	51	1	0.953
8178	8131	0	0.00022
8924	4631	1	0.934
9979	8770	1	0.882
4272	2446	1	0.83
632	2643	1	0.833
7356	420	1	0.991
9138	7056	1	0.962
7563	2090	1	0.971
1919	4582	1	0.926
6158	2520	1	0.902
5985	6314	0	0.000595
5546	3516	1	0.92
4730	8329	1	0.854
605	2999	1	0.826
5104	843	1	0.907
1060	4077	1	0.838
6217	5548	1	0.945
4589	3866	1	0.899
3096	683	1	0.946
9749	3905	1	0.897
5466	6096	1	0.917
5786	2300	1	0.972
3415	2090	1	0.94
8439	7599	1	0.901
355	7457	1	0.929
7873	8229	1	0.83
9837	21	1	0.944
8626	7715	1	0.962
6942	6002	0	0.000581
989	2695	1	0.983
363	5078	1	0.944
7922	248	1	0.969
3049	7931	1	0.921
4062	7829	1	0.92
7875	4777	1	0.863
4998	4642	1	0.885
2654	3717	0	0.000272
7099	147	1	0.887
6733	207	0	0.000405
3759	163	1	0.894
2477	2359	1	0.846
3852	3330	0	0.000158
8480	6777	1	0.874
4014	8216	1	0.9
760	6330	1	0.945
9292	7331	1	0.931
1908	3494	1	0.94
1276	2426	1	0.884
7327	520	1	0.853
1049	6611	1	0.94
6265	181	1	0.806
1161	420	0	0.000331
9747	4049	1	0.909
2481	8470	1	0.858
2939	2853	1	0.968
3960	8009	1	0.839
5487	206	1	0.886
1566	4801	0	0.000357
5942	1162	1	0.992
446	4220	1	0.936
6095	8138	0	0.000389
4004	9712	0	0.000187
802	4528	1	0.933
83	3532	1	0.99
4376	7576	1	0.821
13	969	1	0.907
3840	2523	0	0.000538
4622	7320	1	0.917
5121	4383	0	0.000316
3836	1247	1	0.824
7905	4991	1	0.867
5524	8367	0	0.000389
9507	4881	0	0.000192
6894	7062	1	0.881
4401	4846	1	0.893
2298	8780	1	0.807
95	7737	1	0.999
6266	3966	1	0.941
1690	348	1	0.811
7907	9124	1	0.882
8905	360	1	0.92
7519	813	1	0.975
5367	3870	1	0.914
4043	7788	1	0.883
145	83	1	0.809
9706	3515	1	0.808
1682	7598	1	0.979
5861	144	1	0.946
834	6078	1	0.814
5827	7022	1	0.829
5043	7710	1	0.891
7861	4773	1	0.881
9656	6855	1	0.966
3176	5496	1	0.938
1804	2341	1	0.862
9825	3436	1	0.871
6227	5937	1	0.892
9088	1275	1	0.832
5162	3384	1	0.903
8486	6001	1	0.904
8232	2513	1	0.813
5722	1279	1	0.958
7256	4974	1	0.985
7783	3151	1	0.995
8942	8512	1	0.988
659	1558	0	0.000593
7234	6476	1	0.807
118	4017	1	0.872
4383	9818	0	0.000335
2287	200	1	0.856
1281	3384	1	0.832
6536	7251	0	0.000505
9116	1088	1	0.876
6416	67	0	0.000509
4350	3704	1	0.896
5633	9140	1	0.814
9623	8081	1	0.984
7098	5538	1	0.922
2152	3184	1	0.905
3825	5841	1	0.89
5478	9052	1	0.934
7664	2041	1	0.907
3550	8616	0	0.00055
4495	3362	1	0.834
4794	67	1	0.827
1347	1887	1	0.827
7670	1559	1	0.929
488	94	0	0.000269
9995	7023	1	0.971
8743	1642	1	0.834
4661	1594	1	0.831
9432	990	0	0.000341
8194	6420	0	0.000331
6424	922	1	0.855
3876	1159	0	0.00044
5566	4637	0	0.000203
6609	4996	1	0.832
5312	188	1	0.973
6526	1387	1	0.805
1500	4915	1	0.967
1259	7609	1	0.865
2225	7	1	0.993
719	4078	1	0.905
912	4508	1	0.887
7832	9804	1	0.921
9909	879	1	0.933
4364	7192	1	0.98
8869	4888	1	0.849
4796	3970	1	0.955
4430	6862	1	0.824
152	6378	1	0.983
1701	6375	1	0.93
7291	4585	1	0.853
3742	8975	1	0.874
1997	6711	1	0.926
5615	3272	1	0.881
954	89	1	0.849
7518	5323	0	0.000582
736	3687	1	0.977
4375	7347	1	0.99
8239	3033	1	0.853
5011	5072	1	0.836
3801	3203	1	0.858
454	9877	1	0.949
520	2181	1	0.869
3872	2619	1	0.846
1558	7211	1	0.823
3808	823	1	0.938
6137	6795	1	0.83
5218	9606	0	0.000225
3777	6722	0	9.27e-05
4632	1276	1	0.865
191	1928	1	0.982
5010	6580	1	0.993
3641	1660	1	0.981
5666	8066	1	0.986
9379	3725	0	0.00051
8752	43	1	0.992
8415	7260	1	0.838
5654	2061	1	0.914
5451	8307	1	0.916
2411	338	1	0.886
5584	1584	1	0.887
5070	183	1	0.88
2145	8424	0	0.000605
3619	1382	0	0.000356
5714	2662	1	0.804
3889	1188	1	0.816
847	1195	1	0.852
345	1224	1	0.946
3134	921	1	0.963
5839	5607	1	0.901
8135	4063	1	0.984
1763	8164	1	0.965
9649	3815	1	0.873
6039	2727	1	0.834
1222	1215	0	0.000552
4441	2539	1	0.932
8864	1258	0	0.000437
2652	1661	1	0.895
2384	3747	1	0.888
5598	5790	0	0.000255
2661	4569	1	0.959
4924	3488	1	0.851
894	9815	1	0.95
4422	364	1	0.903
1572	2774	1	0.869
9574	2195	1	0.852
3277	2379	1	0.85
2728	203	1	0.849
3267	1867	1	0.889
5379	122	1	0.854
7180	3898	1	0.806
90	2363	0	0.000566
6885	3755	1	0.909
3724	9907	1	0.886
9701	4500	1	0.968
3354	471	1	0.893
1108	1727	1	0.905
2980	7263	0	0.000415
3544	2949	1	0.877
7568	9222	1	0.919
5228	6237	1	0.928
2868	787	1	0.81
7307	930	1	0.879
6363	3975	1	0.907
2617	1511	1	0.898
4340	644	1	0.819
2247	791	0	0.000158
8714	2015	1	0.815
2891	2630	1	0.903
1141	1201	1	0.906
616	29	1	0.814
6240	4177	1	0.905
4971	1328	0	0.000313
1498	5990	0	0.000164
7990	1900	1	0.941
4927	6269	1	0.954
8064	8824	1	0.984
6667	9237	1	0.887
167	6004	1	0.974
2030	747	1	0.994
2702	3835	1	0.82
8317	8681	1	0.96
368	6609	1	0.949
2624	10	0	0.00015
4466	3659	1	0.835
6629	4480	1	0.967
635	8811	1	0.878
2402	5716	1	0.88
2353	515	1	0.801
5483	3872	1	0.841
2664	6267	0	0.00023
186	3873	1	0.933
624	1906	1	0.81
4251	3040	1	0.965
2027	1397	1	0.99
7577	1837	0	0.000326
3676	2999	0	0.000445
9480	3629	1	0.988
4474	3982	0	0.000352
6724	1176	1	0.975
7836	590	1	0.895
4246	1406	0	0.000574
8579	8682	1	0.82
8454	4658	1	0.802
9841	656	0	0.000397
7329	5229	1	0.971
4339	9960	1	0.884
5740	3915	1	0.95
381	1057	1	0.994
3269	6511	1	0.846
6620	4209	1	0.878
556	56	1	0.872
2261	911	1	0.856
5395	9162	1	0.932
4760	3894	1	0.865
1458	12	1	0.873
9941	8023	0	0.000283
744	1317	1	0.836
2029	3180	1	0.893
758	5531	0	0.000101
8041	7142	1	0.916
1855	1931	1	0.866
7262	9980	1	0.924
4769	258	1	0.839
2068	974	1	0.988
8763	4759	1	0.977
4861	9868	0	0.000555
9798	3063	1	0.815
6464	5980	1	0.814
3189	4869	1	0.997
6218	2853	0	0.000326
7525	7667	1	0.867
4816	6453	0	0.000164
2959	2110	1	0.993
9277	4696	1	0.959
1722	3195	1	0.863
3587	184	0	0.000302
7665	5855	1	0.94
4252	608	0	0.000516
6093	7847	1	0.968
5400	9518	1	0.89
5207	555	0	0.000572
3257	7617	1	0.949
6272	181	0	0.000251
8756	5720	1	0.863
6595	275	1	0.818
6651	1762	1	0.934
5700	60	1	0.877
5729	6784	1	0.946
9014	2874	1	0.918
2466	247	1	0.851
1277	511	1	0.914
739	710	0	0.000383
9817	3156	1	0.929
8939	5045	0	0.000127
1364	5640	1	0.958
7814	9828	1	0.918
6865	7205	1	0.883
5086	3944	1	0.985
3509	4358	1	0.838
4159	103	1	0.982
4696	9277	1	0.808
2620	7717	1	0.942
2344	5769	1	0.919
5132	194	1	0.95
8218	9578	1	0.917
9830	0	1	0.916
4247	3707	1	0.895
749	8483	1	0.852
2174	4836	1	0.923
2549	4740	1	0.896
3566	544	0	0.000523
5470	2597	1	0.834
1444	6585	1	0.947
2388	4617	1	0.859
66	9641	1	0.823
735	2103	1	0.872
7326	470	0	0.000197
8093	5727	1	0.854
2231	9536	1	0.962
2717	8810	1	0.958
1979	9084	1	0.913
1496	1708	1	0.859
2579	8991	1	0.827
872	7395	1	0.836
6565	2990	1	0.982
2768	1985	1	0.944
6856	5886	1	0.857
3923	6952	1	0.918
1604	1975	1	0.945
9916	216	0	0.000526
1988	38	1	0.894
8539	1614	1	0.884
4188	6619	1	0.853
2149	9641	1	0.855
5465	2983	1	0.951
886	9909	1	0.97
5112	185	1	0.803
3409	2547	1	0.972
7982	925	1	0.993
7564	1624	1	0.99
8966	7108	1	0.995
406	8688	1	0.981
2484	4434	1	0.989
3685	4593	1	0.899
9902	8666	1	0.832
5892	1511	0	0.000527
5834	1630	1	0.935
938	9609	0	8.24e-05
8960	866	1	0.819
4088	3501	1	0.935
1325	868	1	0.962
27	5333	1	0.836
9276	1059	1	0.893
1084	752	1	0.821
7465	9826	1	0.834
7746	6522	1	0.924
4988	2632	0	0.000304
3883	4424	1	0.947
7688	1108	1	0.996
8797	2444	1	0.801
146	1383	1	0.942
9263	2158	1	0.824
5145	6512	1	0.885
4576	4768	1	0.977
7635	5354	0	0.000347
3337	4928	1	0.948
8451	4436	1	0.861
2864	3823	1	0.993
3014	4547	1	0.982
2644	5433	1	0.851
8889	8471	1	0.851
948	6988	0	0.00054
9948	1738	1	0.883
2310	8843	1	0.874
1861	7893	1	0.888
7808	8500	1	0.888
5236	3816	1	0.815
8216	2729	1	0.809
8354	2315	1	0.816
5256	3263	1	0.959
8615	9973	1	0.811
1971	61	1	0.899
1339	8243	0	0.000336
1805	9028	1	0.864
1126	685	0	0.00053
1574	7831	1	0.899
3194	1610	1	0.841
270	90	1	0.802
8166	7391	0	0.000507
5286	9973	1	0.941
8509	595	0	0.000326
1065	2846	1	0.929
7321	7473	0	0.000264
1327	7181	1	0.961
68	8388	1	0.89
2784	1129	1	0.802
8885	4088	1	0.872
2338	2253	0	0.000551
5042	5768	1	0.952
8470	7215	1	0.916
7885	2189	1	0.911
6857	8435	0	0.00029
1719	3305	1	0.809
6434	6426	1	0.933
3658	4489	1	0.838
1512	3124	1	0.985
9061	4227	1	0.877
9963	7999	1	0.863
7967	2174	1	0.83
5949	109	1	0.997
5606	3247	0	0.000331
8163	2279	0	0.000502
2637	5708	1	0.919
863	624	1	0.918
125	3215	1	0.853
4063	8810	1	0.898
9220	7579	1	0.892
3080	410	1	0.902
5349	3674	1	0.874
7679	3143	1	0.96
4323	9068	1	0.803
7115	4810	1	0.839
7233	4024	0	0.000266
2070	1102	1	0.827
3410	1608	1	0.879
7304	1718	1	0.863
3697	4837	1	0.896
3	225	0	0.000417
7558	3378	1	0.806
6811	3578	1	0.979
1706	9541	1	0.877
3138	693	1	0.97
2888	770	1	0.935
8962	535	1	0.961
4817	6500	1	0.913
233	4396	1	0.865
1618	7607	1	0.872
4017	259	1	0.899
4064	7010	1	0.969
9223	54	1	0.942
9059	8280	1	0.923
4672	4126	1	0.967
5055	6675	1	0.969
5664	8847	1	0.801
4186	5683	1	0.917
1811	359	1	0.97
156	336	0	0.000386
6696	6670	0	0.000561
2765	9729	1	0.887
333	7139	1	0.993
3847	4602	1	0.998
423	8158	0	0.000397
4092	57	1	0.979
6483	5061	1	0.892
1427	4397	0	0.000474
1594	8450	1	0.889
3345	1075	1	0.935
5789	2202	0	0.000396
8188	1982	1	0.98
8964	2086	1	0.882
2121	2174	1	0.974
9699	180	1	0.956
8453	7529	1	0.911
5296	2152	1	0.999
2575	466	1	0.85
499	206	1	0.981
4852	7640	0	0.000325
4724	9627	1	0.864
2170	3839	1	0.853
5963	7649	1	0.816
5607	5008	0	0.000208
5455	5665	1	0.869
3753	1781	1	0.845
2601	5417	1	0.971
5175	192	0	0.000595
2789	1289	1	0.803
4431	7336	1	0.956
2841	2527	1	0.925
1516	8019	1	0.941
3704	8585	1	0.851
8469	181	1	0.934
8337	2577	0	0.000244
6329	7644	1	0.899
8186	2292	1	0.805
6127	3637	1	0.892
3851	3285	1	0.867
1818	6992	1	0.808
7080	754	1	0.904
3813	1766	1	0.921
3085	9510	1	0.813
3955	5110	1	0.883
645	2533	1	0.973
419	4712	1	0.903
2795	7647	1	0.939
1478	9098	1	0.901
1438	7743	1	0.854
9295	1310	1	0.903
1996	5687	1	0.812
1153	4252	1	0.826
3457	1917	1	0.849
7150	3709	1	0.938
2552	509	1	0.813
1760	1526	1	0.891
3733	1197	1	0.811
2735	2214	1	0.891
5235	6692	1	0.902
1240	569	1	0.863
521	3148	1	0.843
5890	6072	1	0.981
3406	1520	1	0.858
6822	9995	1	0.908
2694	1727	1	0.805
7311	2954	1	0.918
4216	4037	0	0.000223
8350	7693	1	0.85
6692	4339	1	0.862
1569	332	0	0.000616
9310	9402	1	0.876
111	6711	1	0.827
9867	8046	1	0.872
7457	674	1	0.962
2883	2851	1	0.84
2312	45	1	0.956
4451	9113	1	0.957
1044	3753	0	0.000521
8015	5562	1	0.829
8282	6056	1	0.834
6292	726	1	0.952
8681	4941	1	0.968
1299	2086	1	0.82
4533	8118	1	0.983
5784	5949	1	0.809
8052	5905	0	0.000245
5424	5319	1	0.975
7751	5919	1	0.862
9380	4524	1	0.9
3772	7710	0	8.65e-05
5690	2466	1	0.844
8441	1481	0	0.000543
600	7499	1	0.887
8007	7549	0	0.000174
8779	5040	1	0.929
8184	3821	1	0.934
9143	1085	1	0.898
1836	4517	1	0.872
1976	3406	1	0.924
8309	6709	1	0.965
9335	4348	0	0.000462
9167	2924	1	0.99
649	1174	1	0.898
4343	9414	1	0.854
6840	8217	1	0.815
4	30	1	0.843
776	7705	0	0.00047
9105	5697	1	0.913
9895	1010	0	0.000332
1937	122	1	0.891
950	9090	1	0.847
7111	4116	1	0.975
8728	9486	1	0.815
8953	1960	1	0.95
1989	4874	0	0.000627
2219	1924	1	0.829
4117	6522	1	0.969
2355	98	1	0.841
9487	9315	1	0.983
8444	9998	1	0.944
6919	8728	0	0.000553
8803	9857	1	0.97
8605	4659	1	0.882
833	4349	0	0.000571
3097	2914	0	0.000431
516	61	1	0.847
2425	6161	1	0.981
7677	1950	1	0.893
6468	6443	1	0.906
4633	190	1	0.805
7281	6411	1	0.935
8195	9452	1	0.928
7620	8309	1	0.824
8001	7104	0	0.000267
8733	5828	1	0.991
8192	2196	0	0.000217
9427	2315	1	0.989
9103	6471	1	0.906
8127	3659	1	0.907
7381	3927	1	0.905
4012	9885	1	0.89
8860	3482	0	0.000476
2035	6002	1	0.989
8691	7650	1	0.952
4245	8912	1	0.949
245	188	1	0.867
8745	83	1	0.859
4254	7494	1	0.929
353	4471	1	0.966
4016	5712	0	0.00035
5572	8596	1	0.917
4571	1660	1	0.918
4066	1185	1	0.922
932	6981	1	0.947
8021	2837	1	0.968
1506	868	0	0.000588
5507	1154	1	0.932
177	2928	1	0.926
9640	4221	1	0.806
4454	26	1	0.867
7700	6907	1	0.823
2677	6763	1	0.8
9570	423	1	0.806
2792	1180	1	0.803
4765	9521	1	0.931
7928	4570	1	0.869
5471	2253	1	0.874
1638	9285	1	0.962
8254	4504	1	0.926
1876	1121	1	0.805
6922	596	1	0.849
5045	690	1	0.824
6326	4712	1	0.898
4278	925	1	0.981
6163	6141	1	0.857
2469	9901	1	0.862
4650	3941	1	0.9
821	4447	1	0.926
40	3397	1	0.858
6091	1010	1	0.991
517	4341	0	0.000232
8639	7374	1	0.918
1743	3651	1	0.937
718	77	1	0.948
1391	1322	1	0.862
9613	3963	1	0.859
6184	8025	0	0.000354
9178	2168	1	0.988
7190	3410	1	0.905
7536	5233	1	0.809
857	300	1	0.88
7348	181	1	0.826
9591	4108	1	0.863
4389	9164	1	0.881
5269	1987	1	0.987
8204	4205	1	0.988
4393	8002	0	0.000144
6625	8266	1	0.946
6021	1045	1	0.894
6672	1635	1	0.801
3907	1087	1	0.853
5079	905	1	0.942
139	7930	1	0.953
3428	2123	1	0.996
311	4941	1	0.887
3905	569	1	0.814
787	4778	1	0.887
6165	6470	0	0.000422
1278	3378	0	0.000615
4224	672	1	0.948
4694	366	1	0.889
7344	1163	0	0.000587
8076	2730	1	0.894
6114	576	1	0.93
7860	1643	0	0.000565
3703	4049	1	0.978
5014	8587	0	0.000153
5057	6925	1	0.997
8727	8428	0	0.000208
4488	5881	1	0.983
8420	514	1	0.862
630	3026	1	0.822
8940	2105	1	0.947
5812	9212	1	0.885
1790	3361	1	0.918
3778	4245	1	0.809
6300	721	0	0.000312
4443	1523	0	0.00043
6661	2657	1	0.85
1085	766	1	0.863
2372	703	1	0.941
7685	3690	1	0.949
3863	7826	1	0.982
202	7983	0	0.000365
3553	5735	1	0.994
253	1660	1	0.845
1564	4923	1	0.97
194	3215	1	0.87
5394	3767	1	0.923
1170	670	1	0.933
9027	8635	1	0.881
8631	9004	1	0.965
8520	7123	1	0.883
8753	5252	1	0.914
6719	294	1	0.934
2582	399	0	0.000374
1616	1638	1	0.851
3280	7055	1	0.921
3630	7003	1	0.827
3177	6768	1	0.841
2596	9507	0	0.000182
3766	9494	1	0.881
3969	3097	1	0.867
4951	5356	1	0.856
5525	8316	1	0.955
3160	766	0	0.000374
313	2828	0	0.000294
4491	825	1	0.815
8958	4274	1	0.922
4445	1730	1	0.883
8181	3358	1	0.802
4555	7196	0	0.000251
247	7257	1	0.877
3901	5594	1	0.88
6123	5042	1	0.956
5199	4888	1	0.994
4512	4143	1	0.98
4987	4336	1	0.902
6622	1701	1	0.967
9906	1719	1	0.893
8156	2837	1	0.95
4539	2866	1	0.98
7853	1012	1	0.853
1740	8891	1	0.914
54	1117	1	0.817
7346	991	1	0.837
8240	3289	1	0.84
7018	3666	1	0.996
6515	903	1	0.861
6888	3727	1	0.951
6907	662	0	0.000298
5922	5741	1	0.873
2997	9506	1	0.846
2648	7187	1	0.868
7799	1762	0	0.000172
4513	2916	1	0.942
9670	4883	1	0.991
9866	5670	1	0.928
6145	4813	0	0.000591
4241	3725	1	0.939
3245	1831	1	0.812
1198	971	0	0.00024
5000	7593	0	0.000529
2380	1798	1	0.943
9730	2059	1	0.811
8120	9439	1	0.855
8505	635	1	0.978
1995	3642	1	0.91
9887	7807	1	0.856
4561	8748	1	0.939
6940	9192	1	0.878
1595	8415	1	0.877
1089	3586	1	0.964
26	5508	1	0.904
5446	4136	1	0.802
8359	3524	1	0.951
7226	7068	1	0.842
3663	701	1	0.847
4511	7215	1	0.902
6189	9562	1	0.947
5401	829	1	0.949
443	7372	1	0.866
8263	6527	1	0.943
7703	3287	1	0.881
3958	3912	0	8.17e-05
3382	1892	1	0.919
9018	7065	1	0.989
6644	3800	1	0.867
2434	9881	0	0.000191
6843	2533	1	0.888
8547	3800	1	0.871
1522	406	1	0.875
3370	296	1	0.855
2855	9530	1	0.947
3832	1435	0	0.000386
1615	511	1	0.844
1723	3883	0	0.000435
4995	210	1	0.896
1980	590	1	0.869
3846	2124	1	0.904
6630	508	1	0.849
7451	3841	1	0.853
3159	4723	1	0.91
6583	7408	1	0.841
5006	7445	1	0.952
7473	979	1	0.971
9189	675	1	0.817
6717	9811	1	0.883
6454	8597	1	0.907
4711	8222	1	0.843
3114	6379	1	0.979
9553	4746	0	0.00058
6704	4269	1	0.807
73	339	1	0.948
2869	7454	1	0.847
6447	170	0	0.000278
1523	8252	0	0.000221
3579	1630	0	9.49e-05
4371	3018	1	0.967
3326	3455	1	0.863
591	7349	1	0.86
9050	6569	1	0.891
2314	7663	0	0.000495
2453	619	0	0.000304
7119	9418	1	0.979
513	2344	1	0.992
3892	5204	1	0.818
100	8096	1	0.971
4597	4616	1	0.914
3866	4897	1	0.926
4723	4846	1	0.828
4150	9641	1	0.869
2095	1909	1	0.905
4202	393	1	0.877
679	8523	1	0.96
5501	4264	1	0.948
9455	8434	1	0.962
9120	3683	1	0.991
4964	3035	1	0.955
1737	590	1	0.959
6155	3044	1	0.985
5941	2247	1	0.902
4832	3336	1	0.954
9682	2500	0	0.000127
7502	4451	1	0.81
9852	5855	1	0.896
7804	315	1	0.845
4845	4274	1	0.808
8331	9515	1	0.974
3405	6337	1	0.87
8734	727	1	0.851
647	7819	0	0.000515
3524	9210	1	0.928
7362	4333	0	0.000534
6592	1435	1	0.928
3494	3044	1	0.823
8078	6790	1	0.832
1853	308	1	0.999
3003	4778	1	0.893
1744	9445	1	0.867
8912	3024	0	0.000604
9702	5669	1	0.874
6203	3092	1	0.879
6151	5268	1	0.994
2561	6158	1	0.965
7987	1107	1	0.845
9716	61	1	0.955
7852	174	1	0.857
80	7929	0	0.000235
4606	8910	0	0.00035
3385	6031	0	8.91e-05
3790	1151	1	0.997
2459	1896	1	0.861
1734	701	1	0.893
654	609	1	0.845
3932	4373	1	0.989
8	110	1	0.862
1361	6977	1	0.888
8971	5004	1	0.809
1196	701	1	0.809
9411	1517	1	0.981
4531	7899	1	0.876
571	2162	1	0.965
6729	3531	1	0.877
931	79	1	0.933
7399	9086	1	0.925
2862	5086	1	0.902
7796	183	1	0.971
8214	6225	0	0.000628
2947	6981	1	0.968
3592	4075	1	0.946
4103	5066	1	0.906
4752	6200	0	0.000584
8133	2038	1	0.875
7315	9090	1	0.91
6546	6040	1	0.961
5328	210	0	0.000204
968	7902	1	0.907
9519	9889	1	0.999
5351	8126	1	0.87
5003	6375	1	0.93
8801	8150	1	0.993
2902	7176	1	0.85
4569	4297	1	0.877
2934	5833	1	0.892
272	7670	1	0.973
4472	9151	0	0.000267
2042	1093	1	0.854
2614	2274	1	0.871
2223	6473	1	0.954
8122	280	1	0.936
6621	2862	0	0.000142
3404	234	1	0.817
7376	2582	1	0.835
9264	1980	1	0.866
8807	142	1	0.919
6215	3468	0	0.000372
7578	6203	1	0.97
3010	4650	1	0.886
7091	1211	1	0.978
1943	9629	1	0.846
7393	4911	1	0.926
9111	4414	1	0.971
8499	4871	1	0.882
3575	193	1	0.968
6383	9144	1	0.814
397	6137	1	0.909
217	6819	1	0.824
1626	9901	1	0.815
6903	197	1	0.92
3452	3914	0	0.000441
9964	3685	1	0.911
8686	8430	1	0.875
4406	6192	0	0.000249
4906	5330	1	0.893
219	8015	1	0.869
601	6871	1	0.979
6916	4793	0	0.000633
4189	5176	1	0.823
1208	6891	1	0.851
7586	8953	1	0.882
1808	3023	0	0.000393
479	490	1	0.934
1058	1587	1	0.924
261	6565	0	0.000231
7366	1356	0	8.6e-05
4833	1846	0	0.00014
7253	5460	1	0.845
2949	3544	1	0.96
7460	159	0	0.000155
510	9870	1	0.902
3540	8982	1	0.846
3412	4290	1	0.886
1887	2344	1	0.903
2619	3872	1	0.827
2715	5094	1	0.856
9755	9935	1	0.925
2720	6	1	0.933
8510	9820	0	0.000393
2098	5929	1	0.861
3144	2475	1	0.83
4337	2954	1	0.874
4570	8092	0	0.000106
3143	6059	1	0.899
7030	3536	0	0.000388
2799	1366	1	0.837
1556	275	1	0.976
8262	3527	1	0.966
3278	720	1	0.988
2055	4642	0	0.000213
2838	4441	1	0.882
3449	348	1	0.827
3783	2832	1	0.907
9851	5069	1	0.884
223	498	0	0.000457
7610	909	1	0.931
2503	8785	1	0.893
5829	9061	1	0.986
6040	6457	1	0.911
2119	5896	1	0.865
8929	5015	1	0.905
1832	3378	1	0.944
7136	5203	1	0.939
2678	2245	0	0.000526
4503	1655	1	0.951
8870	8749	1	0.961
1627	3943	1	0.856
8502	6565	1	0.934
9697	3878	1	0.898
9040	2074	1	0.886
7896	44	1	0.841
5021	9855	1	0.858
6493	2677	0	0.000572
8073	111	0	0.000268
1624	6008	1	0.943
1754	8114	1	0.95
877	3330	1	0.853
5148	3540	1	0.937
8574	3783	0	0.000143
9141	841	0	0.000505
9929	5922	1	0.957
9832	5258	1	0.874
9460	2015	1	0.84
4863	2287	1	0.809
8405	9879	1	0.818
9918	7685	1	0.883
4748	3690	1	0.999
1252	9116	1	0.984
8880	3046	0	0.000489
3880	1595	1	0.935
7869	447	1	0.996
6034	2296	1	0.984
3915	9627	1	0.985
7132	2485	0	0.000428
8844	243	1	0.806
4935	7627	1	0.909
8421	8646	1	0.916
6010	2618	1	0.911
2326	1082	1	0.94
6886	3801	0	0.000386
9440	2607	1	0.963
4940	7590	1	0.919
4131	180	1	0.984
3792	6103	1	0.925
3664	9098	1	0.99
1227	3012	1	0.868
7279	5106	1	0.814
1664	593	1	0.887
6967	9095	1	0.991
3530	6097	1	0.881
1306	7978	1	0.835
3633	143	1	0.815
5435	979	1	0.813
8813	3189	1	0.827
3325	8368	1	0.817
5742	7664	1	0.95
6578	2177	0	0.000402
2904	3679	1	0.831
3172	7246	1	0.84
6389	4970	1	0.848
1455	1629	1	0.995
2982	2371	1	0.984
9272	1506	1	0.833
8581	3186	0	0.000146
4580	8524	1	0.869
7806	1023	1	0.864
4028	4485	1	0.994
3140	1091	1	0.83
3437	1287	1	0.875
5413	7738	0	0.000143
8209	2790	1	0.981
5068	9505	1	0.818
5758	6688	1	0.824
4747	2962	1	0.966
4244	1325	1	0.843
9654	8979	1	0.849
400	5798	1	0.902
6343	21	1	0.942
6956	3069	0	0.000134
5805	5455	1	0.94
8174	4592	1	0.928
7589	3179	1	0.913
9666	3487	1	0.991
9399	3923	1	0.864
5239	7988	1	0.928
1118	7428	1	0.962
5929	9845	1	0.854
4905	6696	1	0.828
8055	2512	1	0.844
3649	9086	0	0.000267
7509	7711	1	0.881
815	1701	1	0.882
8131	3176	1	0.811
8802	2879	0	0.000492
1185	8876	0	0.000548
3166	1578	0	0.000263
4086	6550	1	0.806
5150	315	1	0.89
4208	92	0	0.000501
1932	8476	1	0.853
9736	4196	1	0.987
1807	6247	1	0.945
7611	9434	1	0.807
4855	5998	1	0.883
1119	2408	1	0.979
7995	2489	1	0.903
8622	5753	1	0.927
9054	706	1	0.861
8722	1197	1	0.816
1939	5531	1	0.959
7189	7483	1	0.829
4296	4524	0	0.000603
9007	3775	1	0.979
5698	1337	1	0.918
7401	2293	1	0.895
929	925	1	0.892
6149	8275	1	0.999
9567	853	1	0.941
3682	2221	1	0.967
3306	2857	1	0.939
6014	7086	1	0.842
8838	8390	1	0.901
9369	7107	1	0.888
7657	2314	0	0.000137
357	1489	1	0.925
5469	167	1	0.84
1868	20	1	0.956
1340	2319	1	0.979
3414	7819	0	0.000596
7469	7901	1	0.835
710	7652	1	0.959
4363	1356	1	0.93
9536	367	1	0.817
9990	2044	1	0.865
7790	62	1	0.84
489	3658	0	0.000308
1090	1810	1	0.897
5751	4139	1	0.969
5734	167	0	0.000259
5916	9240	0	0.000256
85	1894	1	0.86
8711	1166	1	0.81
9068	3272	1	0.803
2696	8830	1	0.942
135	5012	0	0.000543
3636	287	1	0.826
1272	9059	1	0.898
2394	8487	1	0.9
8266	6026	1	0.914
8300	4790	1	0.919
5580	4569	1	0.958
2908	3085	0	0.000167
7290	3746	0	0.000308
9354	895	1	0.943
5886	310	1	0.897
6671	5576	0	0.000231
5486	7258	1	0.806
1456	8388	1	0.84
4346	1723	1	0.891
5586	9300	0	0.000508
5976	4177	1	0.952
4593	2657	1	0.885
2242	1504	1	0.999
4705	976	0	0.000205
4518	691	1	0.85
2796	5411	1	0.939
5177	9832	1	0.871
329	6382	1	0.911
1137	5159	0	0.000608
846	7821	1	0.828
6249	9065	1	0.849
4508	912	1	0.926
933	2302	1	0.835
926	248	1	0.91
9282	1217	1	0.899
724	1271	1	0.85
1667	4075	1	0.934
8624	9467	1	0.91
2957	4741	1	0.944
7858	1819	1	0.987
9714	1010	1	0.911
6105	1018	1	0.892
7935	1838	1	0.942
2142	5670	1	0.901
2256	8551	1	0.963
1158	5022	1	0.989
5523	2766	1	0.989
1017	2220	1	0.951
8305	8440	0	0.000101
7276	7731	1	0.847
8922	5505	1	0.845
2543	5510	0	0.000139
6056	2354	1	0.978
3887	3041	1	0.826
3677	3270	0	0.000504
5669	1468	1	0.945
9992	1992	1	0.836
4929	5928	1	0.975
6835	3253	1	0.95
5972	7748	1	0.87
9759	3514	1	0.882
3314	9246	1	0.947
1840	2971	1	0.911
3179	4485	0	0.000291
6373	1411	1	0.967
9816	2044	1	0.837
4637	7281	1	0.942
3588	9170	1	0.925
2445	4998	0	0.000192
9645	2129	1	0.961
4135	8174	1	0.843
1253	1046	1	0.97
9634	1935	0	0.000283
1460	9195	1	0.837
4534	9434	0	0.00011
3890	1901	1	0.879
9679	7702	1	0.967
7179	5002	0	0.000432
3051	3363	1	0.865
5054	7554	1	0.945
9969	6151	1	0.822
7456	1658	1	0.908
5568	2504	1	0.961
8193	2363	1	0.894
595	9108	1	0.926
712	239	1	0.855
6624	159	1	0.844
424	756	1	0.889
898	8401	1	0.846
6779	7498	1	0.808
5706	9437	1	0.934
9581	9853	1	0.907
4976	6263	0	0.000612
3989	5355	1	0.856
162	51	1	0.844
5684	7161	1	0.946
3912	672	1	0.96
35	8708	1	0.973
1959	9390	1	0.949
1200	3825	1	0.981
1221	7897	0	0.000562
7351	3100	1	0.848
4378	957	1	0.816
3947	4774	1	0.895
9048	6432	0	0.000313
5032	719	1	0.872
4665	633	1	0.993
49	1583	0	0.000618
9593	9681	1	0.952
5899	1965	0	0.000575
5510	61	0	0.000136
3834	8851	1	0.991
8198	234	1	0.836
5943	586	0	0.000451
28	133	0	0.000344
1536	1768	1	0.994
8330	4092	1	0.828
5945	8326	0	0.000234
5268	3308	1	0.977
7948	1543	1	0.94
1794	4876	1	0.857
8369	8	1	0.921
5120	501	0	0.000586
9847	2536	1	0.977
2305	181	1	0.991
6031	3385	1	0.87
9153	1787	1	0.812
4900	3683	1	0.808
3105	6780	1	0.998
6480	823	1	0.811
4134	3784	1	0.972
255	2052	0	0.0002
1963	1244	0	0.00063
703	560	1	0.977
5392	4077	0	0.000561
4969	768	1	0.941
9183	3571	1	0.836
7597	2243	1	0.815
8075	7268	1	0.917
3933	2353	1	0.935
457	7074	1	0.979
3215	194	1	0.852
4023	1682	1	0.862
737	4067	1	0.99
627	5159	0	8.61e-05
4756	3585	1	0.918
4538	4780	1	0.858
6044	4227	0	0.000455
7013	8454	1	0.909
7512	5242	0	0.000195
8465	5992	1	0.808
2117	2799	1	0.817
3713	6968	1	0.98
7176	2408	1	0.882
8795	1929	1	0.97
8488	2095	1	0.805
5287	2349	0	0.000229
5046	719	1	0.915
6229	5792	0	8.23e-05
5180	8549	1	0.867
8113	6598	1	0.996
76	763	1	0.902
1179	2515	1	0.894
5189	5595	1	0.929
9819	4523	1	0.862
1214	2981	1	0.997
9408	8537	1	0.862
6398	4759	0	0.000369
9019	5380	1	0.908
6937	3550	1	0.887
9316	1345	1	0.884
8561	4276	1	0.848
874	5583	1	0.83
2727	1018	0	0.000618
8830	5300	1	0.825
2629	1339	1	0.876
6262	2691	1	0.907
1746	6126	1	0.857
4566	5038	1	0.846
2771	2359	0	0.000583
5214	1743	1	0.914
8498	2915	1	0.946
5597	1540	1	0.868
9475	4441	1	0.941
8634	4164	1	0.968
2553	9936	1	0.93
9865	1000	1	0.891
7182	9094	1	0.969
8851	6529	1	0.897
3896	207	1	0.857
3252	757	1	0.821
336	156	1	0.909
3582	9081	0	0.000264
5037	4191	1	0.908
4994	9451	1	0.854
946	3720	1	0.851
371	436	0	0.00051
3560	3679	1	0.803
4582	8130	1	0.852
2691	9877	1	0.89
6730	2670	0	0.000598
1809	826	1	0.871
6514	9298	1	0.844
2474	4393	1	0.885
2564	4077	1	0.954
9435	9700	0	0.000314
1570	646	0	0.000283
9339	1034	1	0.801
8695	7727	1	0.801
2537	1584	1	0.995
4310	8203	1	0.974
5536	4454	1	0.811
9082	917	1	0.877
7720	501	1	0.849
8160	5291	1	0.941
9896	7654	1	0.835
6501	8215	1	0.855
6328	1196	0	0.000187
5344	7845	1	0.801
7976	4901	1	0.988
3752	6740	1	0.943
773	60	1	0.927
4180	1199	1	0.827
6331	9792	1	0.854
1254	2813	1	0.893
2288	1974	1	0.869
5987	1969	0	0.000378
189	5299	1	0.819
768	3855	1	0.967
1206	8530	1	0.875
9032	4350	1	0.872
5872	1754	1	0.824
197	9443	1	0.847
2734	7856	1	0.821
8071	1892	0	0.000302
9462	4637	0	0.000536
7184	8521	1	0.929
8295	3691	1	0.988
1154	4941	1	0.945
3798	1193	1	0.985
6130	5541	0	0.000404
678	1928	1	0.872
96	2211	1	0.958
3853	9474	0	9.41e-05
2317	8451	1	0.834
9770	3996	1	0.94
9721	5038	1	0.973
1674	8849	0	0.000563
6349	920	1	0.828
9958	8415	1	0.944
7406	4261	1	0.921
5036	3766	1	0.843
9953	4559	1	0.935
8989	3571	1	0.924
7918	5383	1	0.862
1020	4460	1	0.987
705	5566	1	0.801
3970	7072	1	0.971
7101	70	1	0.988
9748	284	0	0.000637
2193	8011	1	0.937
6689	2670	1	0.937
5292	6110	1	0.954
2905	8335	1	0.979
5353	8838	1	0.818
1189	8969	1	0.907
9985	6195	1	0.818
375	2932	1	0.979
1341	2127	1	0.834
4601	2194	1	0.938
2227	584	1	0.892
8138	910	1	0.859
913	2723	1	0.854
9539	3775	1	0.855
1484	8923	0	0.000361
754	5949	1	0.818
2108	5422	1	0.918
4297	5746	0	0.000402
2332	9316	0	0.000309
7053	1166	1	0.897
9421	667	0	0.000141
9357	41	1	0.806
3608	332	1	0.995
2100	8500	1	0.999
2064	8925	1	0.905
3416	5277	1	0.882
1333	4974	1	0.962
1597	5863	1	0.857
5966	1810	1	0.94
4160	6699	1	0.876
9875	9467	0	0.000571
4427	577	1	0.882
952	2980	0	0.000212
230	3844	1	0.985
5440	1080	1	0.972
5441	2855	1	0.927
7883	3983	1	0.875
7123	7162	1	0.839
2895	5228	1	0.806
1157	5786	1	0.851
2668	8871	0	0.000424
9393	7599	1	0.946
2613	2947	1	0.822
3020	242	1	0.955
9398	4240	1	0.813
5308	4805	1	0.896
1039	189	1	0.844
31	5221	1	0.834
1950	4266	1	0.913
6705	3342	1	0.802
9737	1362	0	0.000435
9423	2269	0	0.000336
6002	8344	1	0.902
4173	4620	1	0.823
6860	6338	1	0.854
9707	5955	1	0.911
494	258	1	0.985
6309	648	1	0.859
7953	2295	1	0.807
8717	5788	1	0.985
2780	8260	1	0.989
2546	3386	1	0.975
1164	2010	1	0.988
552	371	1	0.843
4767	254	1	0.854
3291	5095	1	0.846
6605	5168	1	0.849
606	5009	1	0.891
179	5916	1	0.937
4464	924	1	0.877
9522	1632	1	0.884
9633	209	1	0.834
500	4852	1	0.859
292	9503	1	0.854
5127	6820	0	0.00049
1640	3481	1	0.954
9860	1454	1	0.923
2759	1931	1	0.92
6436	1414	1	0.872
6859	2767	1	0.961
6971	415	1	0.863
237	7073	1	0.83
6473	5233	1	0.841
4473	3898	0	0.000398
1169	453	1	0.979
4550	4339	1	0.95
5693	8326	1	1
3632	1888	1	0.987
1662	6834	1	0.809
756	107	1	0.991
6684	8871	1	0.905
1846	2130	0	0.000482
5262	4707	0	0.00063
4000	4721	0	0.000462
7789	4467	0	0.000271
3034	4110	1	0.85
1958	6186	1	0.889
8687	9826	1	0.887
1080	3598	1	0.944
1390	1224	1	0.894
1047	4706	1	0.814
2559	5386	1	0.949
8712	9808	1	0.809
6613	1478	1	0.944
1040	1604	1	0.956
6421	3902	1	0.812
7459	5181	1	0.853
64	8711	1	0.9
5541	1533	0	9.49e-05
9552	486	1	0.863
502	6766	1	0.984
2125	1626	1	0.806
3953	3954	1	0.903
9266	7451	1	0.848
5836	8695	1	0.929
9320	1949	0	0.000269
7203	6266	1	0.957
5116	9520	1	0.854
2300	1953	1	0.909
9152	412	1	0.892
9786	4390	1	0.869
9938	3019	1	0.926
1459	6939	1	0.911
657	7390	1	0.814
780	4101	1	0.996
2745	7306	1	0.983
7425	8930	0	0.000639
216	8846	1	0.876
6121	8584	1	0.895
7481	3768	1	0.901
1280	2066	1	0.935
4783	556	1	0.842
8981	2043	1	0.803
3469	998	1	0.933
2454	350	1	0.903
1436	6687	1	0.917
6125	981	1	0.829
8304	2575	1	0.91
9365	4578	1	0.818
193	6538	1	0.992
3211	6888	1	0.953
9885	2152	1	0.862
7463	1227	1	0.932
6632	478	1	0.922
5711	7076	1	0.831
6225	4110	0	0.000327
44	547	0	0.000426
882	7436	1	0.848
422	5797	1	0.846
5493	6119	1	0.865
2144	7217	1	0.961
7396	2462	0	0.000466
9333	674	1	0.809
8672	243	1	0.844
9776	6590	1	0.895
8744	4155	1	0.928
4059	111	1	0.948
5423	3421	1	0.918
7964	8386	1	0.962
1205	5336	1	0.952
9113	7269	0	0.000477
9549	817	1	0.908
3008	566	1	0.959
9691	1615	1	0.957
5870	1551	1	0.846
1625	6940	1	0.978
4285	603	1	0.946
9597	9089	1	0.991
2230	5797	1	0.807
3241	5129	0	0.000352
3501	4088	1	0.93
6147	5972	1	0.88
4689	5647	1	0.823
7027	1612	1	0.832
5288	1609	1	0.804
3066	6192	1	0.934
4178	594	1	0.928
8554	968	1	0.97
3701	2500	1	0.849
4754	5443	1	0.981
9854	2571	1	0.859
5325	2343	1	0.86
6250	5310	1	0.994
5171	1269	1	0.856
5161	7848	1	0.816
6584	2785	1	0.812
3390	2359	1	0.882
1787	356	1	0.924
7186	4931	1	0.886
7238	9503	1	0.836
6192	4406	1	0.958
4332	1618	1	0.87
1420	1187	1	0.889
7951	5720	1	0.812
5978	4714	1	0.911
5540	4623	1	0.858
3201	8512	1	0.865
8831	6967	1	0.877
2570	648	1	0.964
3814	7366	1	0.892
4290	1777	0	0.000333
1112	2603	1	0.976
3327	9144	1	0.832
7036	8058	1	0.856
2645	6892	1	0.93
122	1937	0	0.000505
1051	4625	1	0.826
7913	961	1	0.826
1648	3224	1	0.875
3585	6223	1	0.979
6476	4590	1	0.951
1311	8238	1	0.887
2460	77	1	0.907
1884	1145	1	0.913
5701	1617	1	0.858
4962	1654	1	0.904
6945	92	1	0.935
8944	7017	1	0.86
3746	7884	1	0.943
3098	581	1	0.884
6244	6643	1	0.92
7718	6657	0	0.000632
310	5464	1	0.96
8948	3627	1	0.994
7902	4371	0	0.000142
6750	5993	1	0.87
5461	1112	1	0.883
1149	1491	1	0.892
4018	4997	1	0.988
5771	241	1	0.88
5149	5695	1	0.828
9869	4207	1	0.92
725	9383	1	0.998
5762	2846	0	0.000582
3762	770	1	0.927
4138	2513	1	0.833
7999	102	1	0.961
6953	3462	1	0.915
5421	8306	1	0.996
2658	4207	0	0.000484
4958	6945	1	0.823
9256	6499	1	0.821
1335	9657	1	0.878
5953	1822	1	0.891
2806	3375	1	0.953
3119	88	1	0.885
4438	1974	1	0.906
1975	372	1	0.944
1321	6287	1	0.878
7140	3123	1	0.898
8815	3433	1	0.801
7225	9089	1	0.947
6246	2640	0	0.000244
4803	3087	1	0.843
2511	207	1	0.816
537	1215	0	0.000523
3749	1696	1	0.804
9501	5979	1	0.936
9117	4022	1	0.991
1031	7933	1	0.93
658	255	1	0.811
3687	3242	0	0.000444
4802	4608	1	0.844
1392	6939	1	0.959
8249	3277	1	0.99
2449	33	1	0.841
5223	8149	1	0.913
227	1144	1	0.942
8783	1643	1	0.955
784	16	1	0.95
6931	4107	1	0.895
4037	9205	0	0.000189
9073	1331	0	0.000494
8866	8188	0	0.000185
8057	2775	1	0.837
9463	1801	0	0.000597
8115	2173	1	0.973
8774	4859	0	8.58e-05
7265	2564	1	0.805
5034	4402	1	0.815
5105	9383	1	0.879
2655	1475	1	0.826
9413	9257	0	0.00056
5479	7546	1	0.961
7269	9113	1	0.897
7516	150	1	0.886
5088	7648	1	0.86
817	1576	1	0.864
1982	8866	1	0.961
5948	570	1	0.878
5637	4933	1	0.994
8990	3239	1	0.858
4966	4254	1	0.801
6356	2015	0	0.000145
5041	5612	1	0.811
2137	2046	1	0.867
6602	1325	1	0.828
6167	6730	1	0.987
7275	6627	1	0.801
5933	5955	1	0.985
9347	1345	1	0.907
9030	1667	1	0.928
1729	2445	1	0.931
2824	188	0	0.000582
3028	4113	1	0.98
3489	9210	1	0.983
110	649	1	0.895
5799	3261	1	0.932
9937	278	1	0.852
3037	3490	1	0.813
2148	390	1	0.916
8006	7853	1	0.911
5718	7013	1	0.886
2339	7004	0	0.000408
1987	4551	1	0.953
1450	462	1	0.993
8456	7336	1	0.947
1912	5194	1	0.883
8586	93	0	0.000599
7856	8114	1	0.867
4549	9632	1	0.886
8450	8475	0	0.000211
7576	661	1	0.955
6369	7408	1	0.907
204	1709	0	0.0005
5039	9332	1	0.985
8462	256	1	0.859
7370	3998	0	0.000315
9236	4859	0	0.000362
7633	8486	0	0.000327
8583	3870	1	0.812
8455	1334	1	0.834
3334	8773	1	0.824
1872	5885	1	0.973
2140	4701	1	0.809
3231	5130	0	0.000497
6892	9029	1	0.845
3707	923	1	0.947
411	3261	0	0.000486
4562	3061	1	0.959
276	780	1	0.89
3027	9144	1	0.962
6593	6244	1	0.954
4341	8386	1	0.95
2986	9690	1	0.948
9609	2130	1	0.833
3833	31	0	0.000548
2950	1679	0	0.000604
248	1558	1	0.825
7802	1074	1	0.958
4045	4778	1	0.837
5331	2848	1	0.928
5184	2716	0	0.000186
9815	698	1	0.809
3513	2140	0	0.000636
8649	2373	1	0.839
6875	2464	1	0.981
3910	9611	0	0.000477
1726	741	1	0.884
2341	6277	0	0.000198
4215	8121	1	0.811
8261	2545	1	0.808
3928	3696	1	0.932
52	3114	1	0.821
6287	4359	1	0.974
8646	1547	1	0.901
45	3632	1	0.942
2187	4080	0	0.0005
6098	3270	1	0.89
7741	8731	1	0.972
5838	2105	0	0.000134
5776	3025	0	0.000134
5107	2460	1	0.973
9722	3495	1	0.96
1117	54	1	0.931
2235	9054	1	0.831
655	6778	1	0.943
6591	1064	1	0.814
6175	1747	0	0.000229
6713	5824	1	0.958
1759	8610	1	0.907
9403	317	0	0.000345
8996	315	1	0.998
6477	4931	1	0.908
4989	483	1	0.994
2038	2066	1	0.957
4902	6673	1	0.896
1241	6273	1	0.837
2295	6634	1	0.969
8096	7781	1	0.811
3583	1272	1	0.903
5591	1990	1	0.817
1356	9777	1	0.916
4369	9421	1	0.802
4830	1329	1	0.807
1893	6942	1	0.933
2519	5705	0	0.000264
5991	8579	1	0.936
3725	3864	1	0.974
9663	721	1	0.874
7246	3567	1	0.842
8481	50	1	0.975
5596	9058	1	0.893
2621	9570	1	0.845
1810	3937	0	0.000103
5898	1293	1	0.861
8709	6697	1	0.917
3914	4026	1	0.851
4604	6965	1	0.873
6494	1127	1	0.836
4487	80	1	0.969
2488	8953	0	0.000507
919	2940	1	0.861
2090	201	1	0.828
7642	3755	1	0.84
5382	666	1	0.939
3786	1559	1	0.835
7820	3347	1	0.804
9410	1694	1	0.876
9622	3683	1	0.807
2746	6670	0	0.000262
6208	1753	0	0.000623
8884	8856	1	0.851
9353	1643	1	0.821
4074	9456	1	0.916
9514	8142	1	0.874
7249	4071	1	0.993
643	2565	1	0.97
3799	3990	1	0.956
4093	6491	1	0.89
7974	5088	0	0.000454
1903	9867	1	0.808
2024	5149	0	0.000389
7654	2022	1	0.935
1524	3114	1	0.821
5457	7987	1	0.822
1453	849	1	0.933
6232	9782	1	0.949
3528	1708	1	0.973
7429	9454	1	0.861
3346	4530	1	0.963
672	1745	0	0.000496
6366	5652	1	0.997
6027	1037	1	0.942
5768	5042	1	0.853
6072	6667	1	0.965
8436	2901	1	0.879
7361	7573	1	0.806
3319	5260	1	0.875
7159	7762	1	0.972
3927	7381	1	0.991
2371	5473	1	0.837
8355	382	1	0.879
8936	418	1	0.936
2539	2838	1	0.856
304	6475	1	0.964
7297	1656	1	0.971
1769	8741	0	0.000168
8164	9317	1	0.944
4669	5916	1	0.99
6507	6568	1	0.873
9814	6249	0	0.000376
6828	1659	1	0.842
3841	8801	1	0.921
3822	62	0	0.000426
4260	3064	1	0.801
3030	6355	1	0.874
6017	859	0	0.000513
2020	1165	1	0.87
807	5035	1	0.979
132	6944	1	0.902
3686	431	1	0.894
2892	4233	1	0.936
794	6527	1	0.997
3015	484	1	0.823
192	587	1	0.98
9424	3166	1	0.815
8629	963	1	0.817
3638	4634	0	0.000443
1573	3493	1	0.821
4403	6113	0	0.000588
6759	5168	1	0.932
3551	9740	1	0.935
7600	1480	1	0.963
3926	4277	1	0.855
3071	3612	1	0.968
5908	2800	0	0.000109
3520	6009	1	0.943
8908	7743	1	0.861
3561	23	1	0.816
6486	4973	1	0.94
8322	5878	1	0.961
8102	4860	1	0.888
9705	4324	1	0.962
3824	9292	1	0.831
5254	3189	1	0.947
2200	7039	1	0.886
238	9874	1	0.845
7331	6930	1	0.893
8927	3004	1	0.881
9962	1257	1	0.955
1408	9151	1	0.899
3302	565	1	0.959
1081	707	1	0.954
2803	2766	1	0.985
259	118	0	0.000117
1066	3711	1	0.925
2491	3890	0	0.000541
6806	3069	0	0.000498
6957	8119	1	0.901
5746	215	1	0.934
2427	9642	1	0.891
6485	9571	1	0.922
3048	1545	1	0.859
6353	8404	1	0.912
699	6584	0	0.000199
7439	6576	1	0.964
1590	1317	0	0.00014
4076	6264	1	0.975
3964	3257	1	0.906
6658	771	1	0.962
4067	7501	1	0.978
6463	9764	1	0.812
84	9681	1	0.953
9515	7663	1	0.823
6760	1743	1	0.873
4419	5454	1	0.861
3365	6029	1	0.927
9079	2774	1	0.871
7064	2234	1	0.919
8234	310	1	0.83
1219	9601	1	0.837
7556	5301	1	0.902
8072	5507	1	0.844
9517	3562	1	0.957
9446	4744	1	0.844
2828	2463	1	0.843
6033	3843	1	0.929
3845	9817	1	0.918
4718	802	1	0.892
9142	2505	1	0.95
2490	9980	1	0.892
3504	3275	1	0.834
7709	9113	1	0.908
6904	329	1	0.866
9500	6213	1	0.926
6390	5982	1	0.956
2306	3458	1	0.913
7606	1843	1	0.985
7762	7750	1	0.879
8077	1133	1	0.923
5652	6356	1	0.996
2969	3562	1	0.958
8196	6925	1	0.807
9624	2521	0	0.000451
7940	7657	1	0.993
426	1298	1	0.909
3025	770	1	0.852
4225	791	1	0.979
9461	1632	1	0.999
1514	6	1	0.802
1620	159	1	0.919
5226	3033	1	0.955
2602	1406	1	0.913
1630	5327	1	0.914
1768	233	1	0.843
408	3845	1	0.997
586	2352	1	0.814
6	1514	1	0.98
1926	757	1	0.869
7607	806	0	0.00044
5967	7644	1	0.999
4659	8232	1	0.887
1079	531	1	0.942
3855	98	1	0.894
7696	3863	1	0.848
522	1665	0	0.000205
2407	1768	1	0.808
930	7307	0	0.000162
6848	4430	1	0.966
4658	9419	1	0.841
1345	7471	1	0.972
1559	6922	1	0.888
4102	6952	0	0.000212
4839	1448	1	0.829
6015	2044	1	0.865
7383	1259	1	0.88
271	1592	1	0.947
2865	1916	1	0.806
3196	439	1	0.994
7034	4976	1	0.827
3349	9818	1	0.993
6384	8912	1	0.815
242	8019	1	0.882
8602	1621	1	0.982
5804	1386	1	0.948
7793	9171	1	0.959
3767	1506	1	0.896
3029	6352	1	0.883
1074	9283	0	0.000274
7770	5292	0	0.000384
5974	245	0	0.00024
4719	31	1	0.892
3895	3835	1	0.836
7645	6796	1	0.83
7768	1928	1	0.954
8134	6549	1	0.959
2502	94	1	0.817
4890	1415	1	0.881
9241	3785	1	0.903
7398	8028	1	0.864
4033	2953	1	0.919
3692	5015	0	0.000254
7691	3605	1	0.92
1575	6569	1	0.824
7690	9720	1	0.983
4116	9908	0	0.000581
8271	6585	1	0.91
551	6160	1	0.924
6342	5218	0	0.00061
4195	2634	1	0.805
6400	2292	1	0.885
7254	954	1	0.903
685	6234	1	0.801
9160	3691	1	0.836
7019	1739	1	0.931
3817	2862	1	0.897
998	3454	1	0.8
149	501	0	0.000321
9712	205	1	0.961
9550	355	1	0.912
188	3128	1	0.872
4446	5864	1	0.879
4027	3184	0	0.000271
2560	6486	1	0.848
1376	25	1	0.804
9114	3183	1	0.929
786	868	1	0.932
190	5376	1	0.905
3153	8530	1	0.857
1448	6895	1	0.811
6197	260	1	0.981
9933	5685	1	0.92
4091	2078	1	0.971
3283	3428	1	0.966
2573	281	1	0.895
9147	7464	1	0.874
5410	4739	1	0.852
3644	9252	1	0.827
3525	2210	1	0.985
8715	5467	1	0.977
1863	846	0	0.000391
5846	2206	1	0.892
4270	6094	1	0.979
9459	4423	1	0.922
5237	15	1	0.818
9831	707	1	0.839
1613	111	1	0.985
1139	9150	1	0.833
2777	8228	0	0.000521
6401	8432	1	0.836
6239	9712	1	0.874
328	2628	1	0.907
4677	5520	1	0.956
3761	4587	1	0.891
7155	4343	1	0.979
6055	5065	1	0.813
5381	3586	0	0.000288
3816	9009	1	0.84
1816	1177	1	0.867
891	1900	1	0.918
3121	3970	1	0.968
3467	6727	1	0.945
4238	2140	1	0.951
4338	9201	1	0.952
8862	5055	0	0.000614
9257	1319	1	0.999
4319	35	1	0.973
4061	2282	1	0.982
6558	7739	1	0.884
9468	5083	1	0.948
1211	9179	0	0.000595
7788	2785	1	0.874
4162	4815	1	0.82
7834	5592	1	0.825
3434	4168	1	0.875
1046	1595	1	0.873
5096	4795	1	0.997
6947	666	1	0.823
4824	105	1	0.847
7372	4546	1	0.876
9738	4105	1	0.844
8485	2349	1	0.987
4820	9661	1	0.912
5968	5761	0	0.000622
5249	7500	1	0.857
4642	1573	1	0.896
4806	2977	1	0.827
3420	7377	1	0.805
2995	307	1	0.842
8850	183	0	0.000521
2321	724	1	0.867
8938	204	0	0.000215
4484	7199	1	0.923
9163	7419	1	0.984
7541	2465	1	0.813
3946	5750	1	0.999
2550	5700	1	0.956
2279	7199	1	0.837
1515	6967	1	0.847
752	231	1	0.966
9874	8122	1	0.968
89	7776	1	0.924
5793	936	1	0.996
2361	1177	1	0.862
7131	4854	1	0.94
9923	5088	1	0.845
3909	1752	1	0.914
7172	5563	0	0.000546
4586	785	0	0.000284
8900	337	1	0.803
5824	2741	1	0.833
9387	7906	1	0.906
2942	4744	1	0.826
5874	5195	1	0.866
9330	5708	1	0.846
2635	6691	1	0.907
599	2635	0	0.000366
8011	8466	0	0.000171
9899	8054	1	0.972
8852	4552	0	0.000519
3094	7503	0	0.000408
1488	4923	1	0.966
4727	6665	0	0.000534
4795	6515	1	0.821
7002	1969	0	0.00053
4161	757	1	0.813
8516	4784	1	0.988
8031	726	1	0.85
3607	7755	1	0.873
5562	4970	1	0.998
789	560	1	0.87
4358	3509	0	0.000213
5716	5915	1	0.95
1413	3219	1	0.849
3941	3262	1	0.85
4757	1366	1	0.898
8123	5919	0	0.000123
3738	2888	1	0.832
7360	1358	1	0.808
8476	3866	1	0.922
1773	9712	1	0.814
5665	7665	1	0.975
7503	1009	1	0.995
838	825	1	0.827
5442	8588	1	0.949
4822	6237	1	0.857
8484	5291	0	0.000616
3871	9973	1	1
3943	9183	1	0.803
723	529	1	0.969
7125	4538	1	0.944
7689	8128	1	0.945
7595	1777	1	0.886
8260	8590	1	0.817
6032	1976	1	0.865
8215	4042	1	0.92
7058	1192	0	0.000617
2593	1046	1	0.993
661	432	1	0.896
7508	5917	1	0.908
7318	6247	1	0.921
6029	3365	1	0.947
5645	9797	1	0.812
9137	6989	1	0.86
5609	6255	1	0.919
2633	4348	0	0.000495
6617	1928	1	0.876
2704	508	1	0.864
1742	2481	1	0.983
2337	1054	1	0.97
4944	9686	1	0.815
6683	231	1	0.844
420	5878	1	0.806
7975	5514	1	0.964
2159	173	1	0.876
4977	2283	1	0.987
2399	4771	1	0.954
1712	6970	1	0.889
5448	6353	1	0.867
6852	1923	0	0.000236
9144	6383	1	0.945
4923	2213	1	0.936
4860	4825	1	0.876
4211	363	1	0.875
1201	4814	1	0.946
6790	5143	1	0.813
1735	5643	1	0.922
6306	9236	1	0.984
459	286	1	0.923
8689	5287	1	0.849
9512	5950	1	0.893
6842	2314	1	0.978
3309	812	1	0.986
1062	3465	1	0.981
8383	1797	0	0.000369
5841	7622	1	0.821
544	5440	1	0.9
555	9467	1	0.923
9173	6377	1	0.821
6097	1574	1	0.804
5309	678	1	0.82
5755	8587	1	0.982
3158	5251	1	0.863
6256	868	0	0.000319
2912	8185	1	0.811
5658	8920	1	0.924
5505	6319	0	0.000108
2707	3077	1	0.821
2082	508	1	0.89
295	5420	1	0.976
8932	6224	0	0.000408
4035	2955	1	0.934
8395	8847	1	0.949
4133	5467	1	0.866
6505	1322	1	0.984
3935	675	1	0.838
8347	9130	0	0.000173
2265	1513	1	0.966
2639	1021	1	0.969
5989	9235	1	0.877
2964	1864	1	0.801
5195	1348	0	0.000244
6884	9745	1	0.962
6932	1444	0	0.000612
4082	2570	1	0.989
4151	3175	1	0.985
1511	889	1	0.905
5028	4808	1	0.847
9688	2226	1	0.902
8298	8791	1	0.875
102	431	1	0.913
4457	626	1	0.984
3258	6688	1	0.9
9687	1295	1	0.805
8252	5803	1	0.962
6073	5569	1	0.833
9693	8768	1	0.947
1828	6326	1	0.839
8256	5723	1	0.84
3694	1288	1	0.921
6710	4664	1	0.82
3754	427	0	8.84e-05
4410	3424	1	0.924
9708	1699	1	0.868
2687	7206	1	0.929
5165	1833	1	0.972
9560	177	1	0.833
3263	17	1	0.968
5703	3648	1	0.956
7699	1030	1	0.961
2793	9524	1	0.832
6478	1403	1	0.84
7941	661	1	0.925
2275	4184	1	0.881
5050	9405	1	0.991
7537	7468	1	0.909
1167	8961	1	0.886
4585	2427	1	0.873
4793	6916	1	0.877
6124	2399	1	0.849
740	1937	1	0.913
5848	6017	1	0.829
8224	2097	1	0.992
410	2472	1	0.946
524	4795	1	0.839
3289	2991	1	0.802
6606	9571	1	0.872
4038	2288	1	0.867
7173	1272	1	0.948
3307	646	0	0.000238
3262	1497	1	0.946
4695	4390	0	0.000564
9112	2129	1	0.91
5726	0	0	0.000336
9894	6547	1	0.867
9898	2407	1	0.872
6981	4284	1	0.867
2031	1087	1	0.993
7761	3915	1	0.912
1172	638	1	0.806
810	5467	1	0.871
1948	1125	0	0.000638
3797	8563	1	0.971
4177	8024	0	0.000213
147	8610	0	0.000622
4602	4313	0	0.000608
1798	3362	1	0.906
8348	198	1	0.982
5456	4721	1	0.81
8545	2854	1	0.808
1209	1380	1	0.862
121	1127	1	0.876
4367	2256	1	0.902
588	8412	1	0.842
8857	635	0	0.000471
3737	880	1	0.849
1716	1473	0	0.000625
3606	2105	0	0.000562
893	2180	1	0.962
855	184	1	0.815
6222	6292	0	0.000536
6344	8506	1	0.997
7692	8610	1	0.901
6896	458	1	0.932
7223	6836	1	0.924
2489	9054	1	0.816
6718	5152	1	0.936
2523	8855	1	0.939
6933	4434	1	0.839
2076	1473	1	0.813
7415	6722	1	0.898
8548	1748	0	0.000262
1814	2040	1	0.863
5443	3207	1	0.981
9351	1280	1	0.942
6761	2851	1	0.835
1870	908	1	0.915
7850	1924	1	0.931
2597	8334	1	0.945
6379	3352	1	0.861
6974	3721	0	0.000634
5556	7311	1	0.906
3398	6622	1	0.985
5402	2207	1	0.827
7293	3090	0	0.000508
9806	3769	1	0.949
5134	401	1	0.816
6045	1475	1	0.983
6984	7699	1	0.896
9745	6884	1	0.904
7334	9497	1	0.928
2096	7861	1	0.953
8058	5610	0	0.000359
6756	9575	1	0.811
2232	1772	1	0.846
8596	3371	1	0.862
4590	6476	1	0.863
1308	7703	1	0.991
9908	3131	0	0.000566
7926	4528	1	0.944
4214	1640	0	0.000536
1061	4952	1	0.894
8324	3359	1	0.927
8503	8569	1	0.906
1083	7573	1	0.896
4818	100	1	0.966
3829	7644	1	0.817
9932	5267	1	0.999
1495	1270	0	0.000578
7923	4423	1	0.883
3499	2822	0	0.000481
4662	8265	1	0.991
7215	970	1	0.941
7671	3058	1	0.89
6417	249	0	0.000159
2662	3399	1	0.893
9234	6762	1	0.996
5484	7748	1	0.879
5902	5421	0	0.000216
3425	3618	1	0.866
9805	1268	1	0.896
4461	6933	0	0.000248
2330	4746	0	0.000423
8299	9503	1	0.99
3318	9359	0	0.00056
6213	9500	1	0.953
3298	5182	0	0.000607
9016	9921	1	0.805
4084	7298	1	0.823
6529	1883	1	0.806
8609	8295	1	0.877
9326	5350	1	0.801
782	360	1	0.966
6307	824	0	0.000514
8025	6184	1	0.844
4100	24	1	0.927
3093	8322	1	0.815
5273	3106	1	0.976
1043	1564	1	0.97
8643	3202	1	0.994
3618	3669	1	0.942
1301	136	1	0.828
8297	5623	1	0.939
5224	6359	1	0.906
2920	853	1	0.85
5741	7543	1	0.991
7122	5980	1	0.964
2190	1014	1	0.887
6110	363	1	0.899
6457	93	1	0.826
1889	9048	1	0.822
5818	2840	1	0.816
4799	1895	1	0.826
4181	9989	0	0.000438
626	9255	1	0.93
7117	8342	1	0.926
7828	4343	0	0.000288
8397	6827	0	0.000209
7068	5608	1	0.922
5391	7700	1	0.979
6041	9976	0	0.000525
9206	7970	1	0.875
631	2239	1	0.979
16	3876	1	0.913
6766	4415	1	0.913
6119	3792	1	0.954
890	1799	1	0.888
5537	1516	1	0.807
6186	2029	1	0.925
791	4573	0	0.000606
5488	3506	1	0.947
7903	8318	1	0.878
3747	2994	1	0.812
1302	7561	1	0.929
622	8348	1	0.925
7765	6846	0	0.000334
4611	6337	1	0.809
8320	4333	1	0.814
9156	9171	1	0.82
4148	1091	1	0.933
9949	324	1	0.852
3380	4496	1	0.994
6943	3545	1	0.882
8956	1573	0	0.000588
8467	4623	1	0.941
3422	2475	1	0.919
4436	6983	1	0.948
792	6234	1	0.903
6432	9030	0	0.000371
7259	7542	1	0.878
996	54	1	0.863
1730	141	1	0.916
6645	6587	1	0.916
6159	9885	1	0.952
9450	3930	1	0.893
7639	187	1	0.931
7402	4762	1	0.949
1359	580	1	0.825
9389	1918	1	0.915
8611	1740	1	0.902
9530	4222	1	0.879
5549	4751	1	0.915
2011	95	1	0.916
5673	6587	0	0.000136
3998	9637	1	0.94
42	6241	1	0.949
9367	4646	1	0.961
8276	707	1	0.859
7211	659	1	0.952
4717	1932	1	0.975
377	64	1	0.849
3474	3038	1	0.836
7332	8293	1	0.992
1273	852	1	0.937
2881	6713	0	0.000241
5221	159	1	0.921
7618	3020	0	0.000388
8051	103	1	0.812
8621	3788	1	0.838
5529	5222	1	0.834
5860	5991	1	0.834
7629	8300	1	0.95
7756	924	1	0.844
1052	709	1	0.934
8399	3472	0	0.000265
4395	4207	1	0.892
386	9022	1	0.905
9632	6303	1	0.876
7574	4053	1	0.814
9232	3247	1	0.8
8443	1441	0	0.000553
9862	6511	1	0.881
6310	6990	1	0.961
5807	4603	1	0.812
3111	4636	1	0.935
51	1387	0	0.000212
2663	5722	1	0.884
5668	8131	1	0.831
53	1744	1	1
5731	5347	1	0.877
6911	4798	1	0.804
7477	1509	0	0.00026
6535	255	0	0.000314
451	2891	1	0.92
9215	7075	1	0.992
4467	3374	0	0.000349
4891	6048	1	0.947
3487	2215	0	0.000238
6527	8263	1	0.892
5220	1095	1	0.865
4152	1689	1	0.898
5348	834	1	0.936
7662	3887	1	0.864
7993	8901	1	0.93
8608	644	1	0.988
2059	2812	1	0.822
239	6620	1	0.859
8914	4961	1	0.828
1910	3931	1	0.846
8085	9352	0	0.0003
7301	2777	1	0.837
4265	9040	1	0.856
9469	5797	1	0.887
642	7641	0	0.000426
3466	1996	1	0.992
1803	1655	1	0.846
277	3230	1	0.994
5389	1897	1	0.801
9778	6789	1	0.853
1552	6403	1	0.859
2451	5917	1	0.863
5737	2722	1	0.93
9038	21	1	0.804
8754	6668	1	0.98
2885	2091	1	0.947
3827	847	1	0.821
7561	3581	1	0.819
803	327	1	0.988
3972	9686	0	0.000166
4643	878	1	0.904
5173	6086	1	0.986
4725	2588	1	0.906
1767	8712	1	0.932
19	597	1	0.856
4789	5119	1	0.941
9838	8781	1	0.88
4909	8359	1	0.999
8517	8129	1	0.865
2120	4482	1	0.948
2832	3783	1	0.988
3118	1208	0	0.00044
2529	3328	1	0.955
9542	2163	1	0.911
9863	1076	1	0.891
47	9772	1	0.958
3402	1201	1	0.897
1622	271	0	8.19e-05
7666	8337	1	0.821
775	4157	1	0.886
3631	2197	1	0.946
482	13	1	0.876
1665	237	1	0.942
6793	6718	1	0.816
6518	4218	1	0.887
9777	3110	0	0.000343
2168	8191	1	0.868
8501	7588	1	0.889
8247	5626	1	0.801
4111	1676	1	0.907
7540	2577	0	0.000581
2898	854	1	0.858
6768	1000	1	0.946
2066	9351	1	0.892
2198	5771	1	0.921
9269	5463	1	0.904
8967	2215	1	0.867
225	4043	1	0.92
1877	633	1	0.902
5031	4617	1	0.944
9619	2372	1	0.891
115	6022	1	0.973
9108	302	1	0.827
945	931	1	0.947
6607	9315	1	0.918
7268	2549	1	0.997
2433	708	1	0.887
958	8569	1	0.952
6872	532	1	0.949
2967	6786	1	0.981
8173	2948	1	1
4741	8255	1	0.946
2073	925	0	0.000386
2385	3647	1	0.843
5843	3893	1	0.821
178	2386	1	0.851
7801	318	1	0.901
7652	2606	1	0.809
2104	817	1	0.864
2257	6907	1	0.9
3106	930	0	0.000308
4776	7969	1	0.885
5059	7034	1	0.85
55	1166	1	0.804
5051	3999	1	0.887
7791	1077	1	0.812
5921	5800	0	0.000424
9187	7898	1	0.994
5085	1806	1	0.913
496	89	1	0.942
1990	8938	1	0.974
2831	2583	1	0.954
4956	4092	0	0.000559
7683	5932	0	0.000233
1134	7867	1	0.906
1096	4983	1	0.888
2928	4719	1	0.982
1099	6784	1	0.986
6161	736	1	0.926
8431	3935	1	0.827
7945	505	1	0.955
9197	7902	1	0.852
7819	9655	1	0.85
8345	3700	1	0.906
435	4823	0	0.000187
1501	9965	1	0.949
6557	1787	1	0.886
8092	1538	1	0.977
9884	4095	1	0.996
4651	5617	1	0.983
3300	9419	1	0.808
7222	2587	1	0.911
5970	3	1	0.811
7736	4572	1	0.953
6126	1746	1	0.932
302	5383	1	0.944
5760	1573	1	0.921
2646	178	1	0.931
2303	3715	1	0.908
4774	2509	1	0.818
1799	9772	1	0.901
9653	5976	1	0.949
7341	4363	1	0.904
7062	370	1	0.89
7594	382	1	0.868
8748	526	1	0.893
2763	4237	0	0.000303
8824	8064	0	0.00026
6668	722	1	0.801
1297	7589	1	0.875
4712	9782	1	0.964
8039	1473	1	0.951
3377	136	0	9.98e-05
347	8185	0	0.000524
3731	1306	1	0.991
5196	6265	1	0.999
3395	3215	0	0.000561
4627	7168	1	0.956
5844	3358	1	0.983
3156	408	1	0.814
4961	1775	1	0.903
7000	7819	1	0.896
30	192	0	0.000144
3254	8437	1	0.993
39	4187	1	0.801
1125	3888	0	0.000177
5209	1745	0	0.000221
7704	5601	0	0.000125
5599	1392	1	0.853
3232	7945	1	0.824
2642	2539	1	0.834
7698	3188	1	0.857
5496	8131	0	0.000106
3681	9978	1	0.839
108	7902	1	0.804
4231	6004	1	0.822
6968	6668	1	0.849
6333	5023	1	0.991
4096	6836	0	0.000394
535	368	1	0.855
4559	6448	1	0.997
8724	8050	0	0.000336
3756	853	1	0.926
1600	907	1	0.811
4439	9868	1	0.833
6615	312	1	0.848
2819	1207	1	0.882
1256	7571	1	0.867
5638	5818	1	0.978
2183	4187	1	0.905
7917	2388	0	0.00057
7218	3051	1	0.837
3248	7795	1	0.857
8169	8123	1	0.871
1283	2661	1	0.883
2860	2131	0	0.000253
6637	7930	1	0.941
1786	4480	1	0.837
9676	4870	1	0.858
8663	5283	1	0.88
3202	2359	0	0.000611
433	995	1	0.901
7007	4243	0	9.78e-05
3228	225	0	0.000144
9042	4820	1	0.813
4136	1069	1	0.879
3170	1690	0	0.000261
2019	1867	1	0.896
8577	4717	1	0.886
6109	7975	1	0.956
4575	8013	1	0.918
8360	6894	1	0.865
1953	166	1	0.85
6836	223	1	0.991
2442	1182	1	0.822
7040	758	1	0.829
4740	2319	1	0.803
6687	3052	1	0.924
7624	5870	0	0.000521
4129	3433	1	0.87
1231	8770	1	0.938
6281	7964	1	0.801
1528	6245	1	0.987
5806	3244	1	0.973
3711	1508	0	0.000131
6319	2996	1	0.909
9363	3585	1	0.912
539	7715	1	0.822
2270	1660	1	0.832
9352	2653	1	0.891
9780	6295	1	0.97
9436	2004	1	0.943
7206	1924	1	0.913
3068	7203	1	0.908
5147	7033	1	0.81
4877	2763	1	0.821
1668	5405	1	0.963
4497	783	1	0.985
8770	7819	0	0.000595
6731	7710	1	0.864
1355	7595	1	0.805
9587	6851	1	0.99
1038	4631	1	0.933
9179	4186	1	0.841
4368	1780	1	0.908
3992	6574	1	0.967
841	4402	1	0.894
1721	7877	1	0.948
1423	5183	1	0.825
6978	2379	1	0.997
8891	8327	1	0.906
5433	9208	1	0.828
5626	536	1	0.92
1463	4008	1	0.929
4007	9566	0	0.000558
7511	4779	1	0.851
8760	2303	1	0.812
2937	1920	1	0.846
6986	2046	1	0.813
7581	291	0	0.000313
9485	5862	1	0.955
6013	9050	1	0.811
9557	8880	1	0.925
318	756	1	0.909
860	3382	1	0.912
7622	5979	1	0.886
3671	3450	1	0.989
1055	9981	1	0.845
7911	9463	1	0.863
9793	4596	1	0.986
1445	8304	1	0.97
7440	5024	1	0.953
3421	5423	1	0.868
835	3881	1	0.965
766	9853	1	0.848
992	15	0	0.000363
3854	8929	1	0.878
9024	6592	1	0.952
7461	1014	1	0.882
7103	1314	1	0.878
8046	2585	1	0.888
3112	4834	0	0.000298
453	5830	1	0.89
2354	9141	1	0.952
5577	2437	0	0.00053
9981	1055	1	0.977
6074	6104	1	0.977
3554	8437	1	0.812
5108	1196	1	0.95
6000	6227	1	0.978
8430	5230	1	0.959
3729	5520	0	0.000241
4699	2265	1	0.807
3878	6368	1	0.933
2946	1069	1	0.832
3362	4495	1	0.973
369	6511	1	0.821
1510	605	1	0.838
844	7197	1	0.989
7454	7917	1	0.922
7164	3878	0	0.000576
4352	6032	1	0.83
2906	8235	1	0.873
771	3467	1	0.989
7267	7165	0	0.000527
8388	8424	1	0.994
2043	3398	1	0.926
6745	14	1	0.859
9129	3497	0	0.000224
9784	4888	1	0.824
813	4563	1	0.91
8590	3244	1	0.923
2834	5515	1	0.896
6339	7512	0	0.000306
6513	4511	1	0.869
9534	3432	0	0.000535
8543	1025	1	0.866
4896	7602	1	0.896
1152	8164	1	0.937
1599	8637	1	0.933
6544	341	1	0.846
4456	7929	1	0.824
9043	9782	1	0.928
1271	312	1	0.82
9532	5877	1	0.844
9993	2665	1	0.866
687	9725	1	0.913
2733	2357	1	0.941
5342	1063	1	0.837
9414	2442	1	0.923
4424	3925	1	0.828
1190	906	1	0.81
3088	3440	1	0.956
4866	5514	1	0.854
2363	3783	1	0.871
3477	1027	0	0.000162
5723	8256	0	0.00023
7776	1952	1	0.935
3059	948	1	0.971
3206	2174	1	0.855
6252	5828	1	0.847
5589	2139	1	0.813
1225	4735	0	0.000327
8888	6892	1	0.812
1056	853	1	0.999
3207	7786	1	0.886
9987	2804	1	0.87
1236	661	1	0.822
1261	1295	1	0.977
2708	3817	1	0.926
7455	6440	1	0.813
8010	5976	1	0.925
5930	6667	1	0.992
8780	863	0	0.000257
8130	4607	1	0.841
2273	7181	1	0.91
8114	7856	1	0.901
8536	9326	1	0.872
1577	9025	1	0.997
8700	3614	1	0.806
3063	4650	1	0.851
5845	4548	1	0.823
1745	4982	1	0.85
2414	9298	1	0.919
9002	2710	1	0.844
6653	7032	1	0.809
547	509	1	0.838
5825	310	0	0.00051
2139	2581	1	0.815
9855	3354	1	0.952
4682	175	1	0.943
9188	5628	1	0.921
7167	9889	1	0.889
2686	7573	1	0.921
6234	733	0	0.000121
961	94	1	0.921
6248	9944	1	0.902
3615	5054	0	0.000108
6975	9704	1	0.892
2953	1484	0	0.000451
7003	318	1	0.817
9677	8858	1	0.87
6007	4626	0	0.000613
1243	3100	1	0.996
8532	892	0	0.000403
9010	4261	1	0.982
4596	7753	1	0.824
2254	2576	1	0.897
6938	8504	1	0.966
4075	237	0	0.000148
360	7731	1	0.995
8872	90	1	0.846
668	6742	1	0.993
6201	8931	1	0.978
2925	7524	1	0.973
2482	2377	1	0.962
346	4212	0	0.000394
9085	756	1	0.949
2716	6976	1	0.865
9298	4618	1	0.992
5230	2969	1	0.876
2383	8780	1	0.843
8270	408	1	0.875
3287	3495	1	0.936
1883	3834	0	0.000166
7205	1078	1	0.852
9499	5088	1	0.912
7435	3634	1	0.807
3974	9710	1	0.975
9600	5771	1	0.836
869	5798	1	0.99
74	3402	1	0.817
3230	1833	1	0.807
2063	8689	0	0.000179
155	1583	1	0.837
7289	2773	1	0.817
5604	669	0	0.000388
4032	6742	1	0.961
4499	3209	1	0.948
8682	9396	1	0.942
9009	590	1	0.85
7506	1272	1	0.97
9164	263	1	0.947
9545	1024	1	0.848
8688	2585	0	0.000221
9107	6357	1	0.858
3789	4781	1	0.924
2040	8399	1	0.982
5820	8091	1	0.956
4207	1664	1	0.981
5005	6579	1	0.824
9337	457	1	0.967
6096	4797	1	0.846
7416	9101	1	0.91
1467	1669	1	0.96
8495	6677	1	0.922
2346	2626	0	0.000203
153	797	1	0.863
7067	3986	1	0.962
5482	5740	1	0.956
3522	895	1	0.846
6983	2038	1	0.878
617	2852	1	0.986
2106	6119	1	0.821
3627	3917	1	0.805
4528	2167	1	0.918
8935	6840	0	0.00043
2971	6893	1	0.852
4542	3021	0	0.000156
5559	331	1	0.804
5024	8457	1	0.939
3045	7020	1	0.964
7106	9986	1	0.957
2071	1971	1	0.877
8466	5597	0	0.000609
4785	477	1	0.912
7128	4879	0	0.000477
5745	2948	1	0.943
7749	8451	1	0.997
6726	1928	1	0.955
5739	341	1	0.972
9219	4347	1	0.947
9617	4721	1	0.986
2368	6152	1	0.913
316	6905	1	0.984
2272	5332	1	0.824
8598	8704	1	0.89
9174	2609	1	0.882
6801	9609	1	0.883
1286	8149	0	0.000232
7499	1897	1	0.928
9844	418	1	0.989
1381	6587	1	0.822
5826	5111	1	0.965
7168	6211	1	0.903
1319	9517	1	0.946
4163	948	1	0.904
1776	7336	1	0.877
1537	8983	1	0.915
8416	1389	1	0.835
5321	69	0	0.000203
5258	2447	1	0.83
9239	4247	1	0.993
8036	2169	1	0.96
4240	6993	1	0.914
1731	7895	0	0.000276
3968	6989	1	0.917
1449	4997	1	0.852
8732	8556	1	0.805
6180	1718	1	1
9604	5421	1	0.884
9548	1511	1	0.927
4237	2763	1	0.964
8834	9631	1	0.873
2378	8124	1	0.975
2373	5721	1	0.879
7848	7490	1	0.996
6469	437	1	0.894
3169	5671	1	0.928
1669	3709	1	0.995
3764	2860	1	0.996
1303	638	1	0.931
990	7112	0	0.000195
7151	1401	0	0.000198
3057	596	1	0.923
275	523	1	0.831
94	7590	1	0.937
7773	7035	0	0.000567
4070	3372	1	0.956
3930	4493	0	0.000209
5065	2608	0	0.000394
2237	501	1	0.805
9118	2073	1	0.905
7029	5060	1	0.991
9294	9610	0	0.000197
3732	2540	0	0.000236
2890	4425	1	0.888
3954	3337	1	0.864
1133	5520	1	0.979
905	1414	1	0.948
9171	5762	1	0.913
2208	3232	1	0.917
7127	2773	1	0.98
3061	9187	1	0.984
6103	3792	1	0.801
1029	3701	1	0.969
7625	8732	1	0.873
9281	122	0	0.000231
3680	3815	1	0.922
1130	8821	1	0.882
2991	1563	1	0.996
4967	4022	1	0.897
6099	5994	1	0.935
8296	9219	1	0.934
326	2972	1	0.882
3242	8423	1	0.856
663	573	1	0.875
2518	3193	1	0.916
4048	444	1	0.814
6691	2635	1	0.91
7437	8455	1	0.987
2163	5801	1	0.915
8518	95	1	0.98
6655	840	1	0.925
979	3916	1	0.886
8556	2403	0	0.000459
8045	418	1	0.852
7837	1820	1	0.852
7217	2144	1	0.956
671	5114	1	0.859
6219	4600	1	0.881
7452	5145	1	0.834
1938	6581	1	0.887
7748	332	1	0.994
455	141	1	0.941
5938	3287	1	0.81
2374	282	1	0.811
1699	1088	1	0.954
5997	243	1	0.885
231	1526	1	0.969
6104	2022	1	0.851
5293	1814	1	0.954
4970	610	1	0.85
6101	15	1	0.81
3639	4888	0	0.000202
4210	3558	1	0.807
4286	5533	1	0.887
7784	3885	1	0.972
7602	1151	1	0.907
7857	57	0	0.000308
5004	5195	1	0.983
9233	631	1	0.855
1637	3313	1	0.9
9849	1023	1	0.84
9665	733	1	0.865
9100	7587	1	0.904
324	884	1	0.972
9891	2345	1	0.895
4865	2280	1	0.962
23	1383	1	0.83
5025	1047	1	0.972
60	2550	1	0.83
3237	4387	1	0.931
6438	1732	0	0.000127
9529	6653	1	0.935
3654	729	1	0.877
859	4758	1	0.803
1713	7783	1	0.972
9795	6818	0	0.000291
9356	6985	1	0.891
6181	9405	1	0.805
1954	1973	1	0.965
593	7244	1	0.906
5419	3724	1	0.857
5627	2838	1	0.822
2863	6677	0	0.000356
3642	2519	1	0.873
8407	4975	0	0.000198
9185	4967	1	0.841
7210	1517	1	0.842
4781	1243	1	0.948
6508	8256	1	0.978
1916	8525	1	0.874
6868	2522	0	0.000356
8162	8475	1	0.937
5497	8905	1	0.904
9318	5052	1	0.966
5532	9152	1	0.906
7587	6604	1	0.82
114	68	1	0.929
1720	7689	1	0.895
2818	9787	1	0.825
897	6314	0	0.000275
1584	9945	1	0.917
8769	250	1	0.802
3273	3162	1	0.937
8636	9079	1	0.837
6548	4281	1	0.898
7892	3422	1	0.835
8876	5888	1	0.837
6154	904	1	0.821
2804	9465	1	0.923
2903	436	1	0.911
6448	2049	1	0.964
6765	6736	0	0.000507
7569	7161	0	0.000524
2318	7215	1	0.838
2343	4639	1	0.889
5337	9619	1	0.975
1394	8302	1	0.816
5646	1257	1	0.88
6359	5189	0	0.000257
4986	1789	1	0.943
6864	5546	1	0.812
4112	2659	1	0.973
2220	9660	1	0.891
8029	1744	1	0.811
6961	2547	0	0.000577
8848	5566	0	0.0004
7583	2812	1	0.828
3689	5275	1	0.988
5097	305	0	0.000405
9890	5648	0	0.00051
4926	2740	0	0.00049
9513	4810	1	0.871
113	2680	1	0.874
2681	6428	0	0.000543
7909	3365	1	0.859
4854	5633	1	0.891
8172	5496	1	0.965
9283	6410	1	0.916
6001	8602	0	0.000326
3174	2489	1	0.883
2688	3760	1	0.852
1542	9503	1	0.939
6259	200	1	0.812
6685	3991	0	0.000442
5476	1128	1	0.914
5999	283	0	0.000538
7798	6895	1	0.854
3190	6486	0	0.000297
7294	4902	1	0.903
466	5371	1	0.984
3100	8956	1	0.955
7337	118	1	0.931
2114	9451	1	0.834
6855	5628	1	0.974
373	4108	1	0.828
8482	9646	1	0.897
4517	2120	1	0.947
263	7565	1	0.946
8980	3918	1	0.944
8137	186	1	0.952
1267	4475	0	0.000252
7148	4631	0	0.000464
6577	264	0	0.000271
4144	2038	1	0.847
5663	517	1	0.974
2211	9232	1	0.815
546	7902	1	0.83
6316	758	1	0.973
7107	2417	1	0.975
2820	3525	1	0.86
2577	6706	0	0.000474
3860	2036	1	0.804
2976	9530	1	0.856
3155	95	0	9.83e-05
469	485	1	0.931
9711	7960	1	0.993
2598	1670	1	0.881
1856	5304	0	0.000503
3282	2223	1	0.94
964	1393	1	0.99
1114	57	1	0.992
6042	8592	1	0.901
450	2822	0	0.000198
8306	5902	1	0.857
6138	1883	1	0.817
9395	1224	1	0.918
798	4281	1	0.961
4282	2	1	0.938
2448	1373	1	0.811
8618	1162	1	0.857
3249	9975	1	0.823
2192	1322	1	0.986
3186	8511	1	0.95
405	6953	1	0.898
3052	7223	1	0.936
3235	3195	1	0.887
4194	8595	1	0.933
4172	2049	1	0.874
5140	1493	1	0.882
3320	5570	1	0.998
4413	4335	1	0.856
7615	1712	1	0.84
8721	29	0	0.000338
3700	8910	1	0.982
3441	1151	1	0.891
3557	5637	1	0.874
5311	5495	1	0.881
3965	4739	1	0.936
4690	2141	1	0.922
2732	9657	1	0.989
86	6038	1	0.983
2423	81	1	0.812
2565	9101	1	0.954
2195	4080	1	0.812
5647	4689	1	0.87
7800	8189	1	0.891
1358	3901	1	0.937
2505	8492	1	0.907
4530	9512	1	0.89
4044	6140	0	0.000122
8606	8609	1	0.986
7089	4277	0	0.000186
7298	2256	1	0.89
3622	723	1	0.989
5715	4906	1	0.993
8613	7470	1	0.918
3589	1172	1	0.871
9970	8239	1	0.856
2151	1883	1	0.845
3464	7806	1	0.999
8231	7027	1	0.967
5518	2788	1	0.841
8053	3264	1	0.835
5117	7024	1	0.808
8595	4194	1	0.977
9556	5067	1	0.895
4468	4021	1	0.989
175	303	1	0.941
2798	4284	1	0.846
3002	2733	0	0.000636
9983	915	1	0.999
9631	5657	1	0.882
570	7580	1	0.808
8522	1831	1	0.937
8901	3607	1	0.822
8448	8399	0	0.000274
7054	8498	0	0.000457
4556	231	1	0.803
1709	6271	1	0.946
940	8981	1	0.881
9471	8586	1	0.828
3802	3746	1	0.86
390	3087	1	0.87
6876	5183	0	0.000517
6303	717	0	0.000557
412	9152	1	0.89
9921	2262	1	0.9
3613	1124	1	0.962
911	3379	1	0.852
6598	5522	1	0.831
7313	9080	0	0.000437
5375	7983	1	0.813
7433	7422	1	0.86
1111	351	1	0.811
8559	4923	1	0.901
5851	7488	1	0.917
9013	1630	1	0.825
9474	7574	0	0.000456
2900	23	1	0.861
6594	3088	0	0.0006
8303	2783	0	8.1e-05
9900	9142	0	0.000336
1970	4928	1	0.904
1579	2180	1	0.83
9099	220	1	0.859
1540	748	1	0.813
9904	3592	1	0.995
9065	9814	0	0.00011
8972	7002	0	0.000636
4429	8517	1	0.873
1705	1972	1	0.844
5131	7095	1	0.819
2685	2659	1	0.834
2074	8255	1	0.899
6415	2076	1	0.864
2280	1827	1	0.867
1235	600	1	0.902
3655	1134	1	0.826
1507	5304	0	0.000144
3693	1219	1	0.843
9703	4780	1	0.805
409	4	1	0.927
4543	3839	1	0.869
2331	6319	1	0.832
6330	7729	1	0.969
4895	3069	1	0.837
395	1657	1	0.936
2956	9367	1	0.971
288	9633	1	0.876
9020	1830	1	0.962
4259	5359	1	0.884
3755	6827	1	0.938
2871	500	1	0.821
8550	3073	1	0.994
4174	1847	0	0.000503
123	2763	1	1
5019	2322	1	0.964
6693	1314	1	0.988
6057	9392	1	0.944
2048	4139	1	0.949
9067	879	1	0.979
3625	1754	1	0.955
2533	6843	1	0.915
6763	2677	1	0.853
797	9121	1	0.979
6951	3239	0	0.000573
8314	4853	1	0.833
7093	859	1	0.982
4808	4728	1	0.928
7958	1571	1	0.87
9483	7689	0	0.000477
4469	5485	1	0.963
840	1583	0	0.000433
2846	913	1	0.85
5	9	0	0.000317
4365	6285	1	0.917
2136	3284	1	0.848
8735	5402	1	0.916
3779	8956	1	0.948
3674	9460	1	0.896
5200	6547	1	0.898
6966	7473	1	0.829
3200	2372	1	0.803
4326	177	1	0.847
4481	923	1	0.804
8839	9181	1	0.928
2541	634	1	0.947
4714	6410	1	0.819
6678	1188	0	0.000367
4201	1492	0	0.000596
9080	1925	1	0.934
3518	8740	0	0.000299
495	1240	1	0.813
4787	85	0	0.000293
3086	1897	1	0.86
7286	1638	1	0.943
6741	9678	1	0.805
6323	4606	1	0.804
2842	5094	0	0.000609
9213	4593	0	0.000478
3387	1234	1	0.806
637	748	1	0.951
557	5515	1	0.828
7354	586	1	0.824
62	3845	0	0.000385
5167	1739	1	0.988
293	2374	1	0.804
3461	3056	1	0.935
2415	7922	1	0.914
1792	1772	1	0.965
523	1227	0	0.000498
8284	444	1	0.987
8313	1147	0	0.000123
8875	3841	1	0.879
4779	8984	1	0.88
7105	9373	0	0.000456
1131	1349	1	0.855
4568	7227	1	0.898
2551	231	1	0.969
2627	9213	1	0.847
3379	610	1	0.845
8437	461	1	0.832
6769	6528	1	0.854
172	1449	1	0.974
7924	3728	1	0.816
4222	8987	1	0.955
6846	9630	0	0.000482
9008	3637	1	0.854
9510	4741	1	0.983
5091	5026	1	0.995
6567	5890	1	0.97
6707	7977	1	0.935
5075	919	0	0.000158
1229	1271	1	0.887
8784	2004	1	0.815
7025	287	1	0.865
2989	7701	0	0.000274
6497	2216	1	0.883
1858	5423	1	0.991
7491	596	1	0.967
587	2770	1	0.874
7152	7959	1	0.986
6804	20	1	0.998
5662	3734	1	0.82
8806	7259	0	0.000452
9822	4601	1	0.802
9249	6500	1	0.86
9458	1121	1	0.908
5592	4284	0	0.000416
9202	5665	1	0.924
1362	431	1	0.842
2801	5945	1	0.992
4380	3984	1	0.937
1402	6218	0	0.000122
9322	2130	1	0.912
4514	687	1	0.886
4746	4094	1	0.846
3893	4450	1	0.884
881	2998	1	0.884
8961	6091	1	0.831
57	7347	1	0.808
1014	9210	1	0.952
3355	7668	1	0.981
9252	6140	1	0.862
1135	7678	1	0.825
7466	3698	1	0.801
8785	111	1	0.894
1289	1184	1	0.993
3533	6689	1	0.861
621	116	1	0.826
2026	7279	1	0.914
965	1397	0	0.000226
6286	5576	0	0.000363
9429	4221	1	0.856
9425	3470	1	0.816
6196	4357	1	0.867
5891	6576	1	0.866
6962	1183	1	0.816
3750	8376	0	0.00058
3668	2533	1	0.884
9255	4439	0	0.000229
9381	8550	1	0.934
1414	4926	1	0.847
1612	8231	1	0.918
6869	1939	1	0.992
2003	4959	1	0.996
2135	6943	1	0.967
2984	2426	1	1
5680	32	1	0.869
184	632	1	0.977
8012	5959	1	0.95
4079	3766	1	0.865
4051	4623	1	0.911
1064	2483	0	0.000495
5835	335	1	0.801
693	479	1	0.813
7242	5991	1	0.866
6948	1883	1	0.889
5146	5677	0	0.000376
1009	2773	1	0.863
975	1102	1	0.867
1714	8959	1	0.842
5632	2542	1	0.978
4629	3102	1	0.96
3279	1661	1	0.851
922	6424	1	0.857
5264	8185	0	0.00029
1215	5932	1	0.845
6841	8620	0	0.000123
3500	9800	1	0.825
688	442	1	0.846
4554	210	1	0.959
7946	3657	1	0.923
3962	8856	0	0.000353
7484	8789	0	0.000613
1741	260	1	0.921
8339	9315	1	0.938
2528	2419	1	0.915
7529	3063	1	0.955
8799	5187	1	0.934
6870	2090	0	0.000472
2992	8510	1	0.949
2514	6058	1	0.829
8362	6707	1	0.966
8977	285	1	0.89
6371	3221	1	0.876
5971	8649	1	0.802
6992	5276	1	0.895
785	744	1	0.989
6767	812	1	0.891
1541	5503	1	0.941
6445	1389	1	0.949
7096	3269	1	0.818
7228	1125	1	0.819
4388	3423	0	0.000346
9829	7792	1	0.967
5071	4342	1	0.964
1328	1660	0	0.000508
8952	216	1	0.811
1404	3142	1	0.835
9374	8040	1	0.98
3794	6681	1	0.861
8677	648	1	0.94
10	578	1	0.997
5610	5691	0	0.000125
7830	618	1	0.951
9537	4710	1	0.845
7121	379	0	0.000112
7462	3872	1	0.837
1896	6296	1	0.956
3286	6481	1	0.917
8028	4819	1	0.943
1964	8239	0	0.000218
9228	5864	1	0.962
6496	1977	1	0.865
185	8917	1	0.815
1585	39	1	0.885
4841	4022	1	0.891
4553	7616	1	0.968
8033	1323	1	0.885
9753	1895	1	0.836
4212	2918	1	0.904
5281	7950	1	0.919
5106	9315	1	0.894
7695	1931	1	0.977
1806	309	1	0.832
3198	8222	1	0.87
2099	8503	1	0.897
3858	5785	1	0.99
6720	2788	1	0.95
4581	6944	1	0.996
6205	388	1	0.894
6912	5998	1	0.825
4921	954	1	0.949
2452	6963	1	0.9
6738	1002	1	0.82
4842	9689	1	0.858
5346	4367	1	0.918
7400	5989	1	0.888
6523	3665	1	0.822
3074	8563	1	0.918
8268	3823	1	0.902
4801	8525	1	0.895
7135	4581	1	0.929
742	3923	0	0.0006
3986	6349	1	0.801
858	1349	1	0.897
3147	5051	1	0.927
9119	9259	1	0.886
2875	8101	1	0.977
6899	2372	1	0.818
6283	5066	1	0.872
6519	9044	1	0.806
2061	8223	1	0.817
9775	3515	0	0.000558
7149	5678	1	0.831
6580	6569	1	0.932
914	5792	1	0.832
5335	4146	1	0.824
317	296	1	0.953
7980	5047	1	0.84
5542	1435	1	0.929
6946	1241	1	0.909
5018	9785	1	0.854
7146	6760	1	0.82
3310	2624	1	0.88
5368	3956	0	0.000385
7559	1677	1	0.963
4520	4329	1	0.94
160	7983	1	0.974
4179	3584	1	0.953
5903	1731	1	0.82
5291	2669	1	0.87
8020	4678	1	0.81
2297	61	0	0.000341
3699	5899	1	0.871
1291	274	1	0.837
6982	3247	1	0.845
761	4716	1	0.803
8091	5820	1	0.972
9872	8456	1	0.891
1101	474	0	0.000258
4107	4608	1	0.926
2608	5027	1	0.817
8222	8434	1	0.917
6094	9262	0	0.000119
6296	2459	1	0.834
1148	366	0	0.000123
4390	5365	1	0.881
9291	5917	1	0.876
1095	2826	1	0.835
6522	4570	0	0.000364
3342	6117	1	0.919
5649	3386	0	0.000132
2007	1154	0	0.000556
2435	2078	1	0.908
5499	5168	1	0.978
9190	6303	1	0.914
4377	3495	1	0.815
9781	3124	1	0.88
2129	2977	0	0.00023
5306	5344	0	0.000404
4904	6401	1	0.955
8229	32	0	0.000129
820	8808	1	0.993
3993	5126	1	0.822
988	2966	1	0.964
4228	62	1	0.955
7260	7825	1	0.981
7526	1593	1	0.938
532	6567	0	0.000104
2554	169	1	0.861
7199	731	1	0.87
2945	712	0	0.00051
3297	3055	1	0.977
596	4215	1	0.957
9184	2060	1	0.841
3940	6606	1	0.805
7345	9209	1	0.93
7083	7020	1	0.952
9833	9607	0	0.000332
7786	3024	1	0.843
7219	6621	1	0.955
6050	1199	1	0.983
2788	571	1	0.886
1072	8208	0	0.00027
9955	3661	1	0.881
4416	6999	1	0.94
9709	6068	1	0.98
6539	4856	1	0.986
8273	4013	1	0.995
3274	1773	1	0.854
8946	4762	1	0.967
61	5510	1	0.806
1349	4036	1	0.897
3165	1716	0	0.000377
6553	5643	1	0.829
8225	3206	1	0.906
286	7343	1	0.964
9576	255	0	0.000594
6721	2009	1	0.805
5631	900	1	0.86
8002	2480	1	0.932
3565	8053	1	0.879
9924	758	1	0.873
2403	8114	1	0.818
3255	4803	1	0.803
3635	9330	1	0.846
7780	6799	0	0.000404
4871	5104	1	0.828
4894	4770	1	0.991
2599	145	1	0.909
1854	2048	1	0.921
9303	3189	1	0.885
3301	4316	1	0.945
512	18	1	0.922
5029	2379	1	0.925
8334	8421	0	0.000262
7781	3104	1	0.895
4702	95	1	0.962
3021	4088	1	0.966
7104	2458	1	0.969
7712	332	1	0.988
6809	51	1	0.853
5341	6585	0	0.000127
273	535	1	0.869
4501	9438	1	0.903
4551	1121	1	0.91
1132	9242	1	0.89
9960	4339	1	0.934
5719	1483	1	0.931
885	8846	1	0.944
3162	586	1	0.812
9674	2462	1	0.989
5600	3903	1	0.929
339	262	1	0.831
876	4199	1	0.96
8061	7477	1	0.976
9681	2743	0	0.000312
2334	6121	1	0.999
3099	8866	1	0.952
8630	4842	1	0.864
5008	9902	1	0.93
4054	1684	1	0.811
1035	9952	1	0.839
1841	5276	1	0.828
501	7273	1	0.892
5233	1397	1	0.916
474	2560	1	0.958
9416	1192	1	0.881
8435	3467	1	0.961
5141	9854	1	0.93
8373	9209	0	0.000452
5733	6113	1	0.897
8902	9497	1	0.812
5338	5389	1	0.974
1554	9151	0	0.000152
4229	9512	1	0.928
2699	4129	1	0.876
2206	2175	1	0.822
6623	2941	1	0.966
5069	9851	1	0.901
9857	406	1	0.876
6425	2342	1	0.848
6566	2779	1	0.999
8670	2842	1	0.948
4142	3171	1	0.989
5172	6829	1	0.831
2109	9470	1	0.986
7495	4252	1	0.876
9175	545	1	0.807
4914	6853	1	0.978
2548	4518	1	0.962
4648	9343	1	0.962
2259	634	1	0.832
8152	4706	1	0.85
9998	1322	1	0.901
6780	6958	1	0.898
1992	1588	1	0.899
6220	6806	1	0.946
3214	806	1	0.874
883	3203	1	0.846
2471	9132	1	0.893
5830	265	1	0.802
3108	112	0	0.000593
1142	363	1	0.853
6934	9000	1	0.927
7235	5061	1	0.999
3718	1882	1	0.848
7579	8183	1	0.982
4786	3349	1	0.855
6387	7279	1	0.896
5863	4036	1	0.85
8653	2626	1	0.97
4850	1644	0	0.000545
5073	1853	1	0.884
1606	7412	1	0.973
5644	7388	1	0.836
6530	5958	1	0.977
873	8510	1	0.828
1875	6590	1	0.928
7925	1392	1	0.929
6742	3311	0	0.000301
6362	8843	0	0.000157
6831	573	1	0.987
4766	6513	1	0.969
4463	2530	0	0.000415
3662	9515	1	0.82
702	183	1	0.888
4564	2346	1	0.892
1317	785	0	0.000273
3126	457	0	0.000596
3888	3354	1	0.91
9418	3954	1	0.989
6020	4548	1	0.984
440	1290	1	0.972
6107	1918	1	0.852
9797	4237	0	0.000313
9135	3111	1	0.876
1543	9991	1	0.911
9926	2538	1	0.847
7397	8307	0	0.000138
3213	8158	1	0.827
9639	6670	1	0.862
9056	5768	1	0.939
7919	4616	1	0.911
3101	1851	1	0.879
7444	7593	1	0.836
6467	9325	1	0.809
493	6375	1	0.823
2089	6668	1	0.94
7772	2989	1	0.922
9090	8816	1	0.892
8489	8702	1	0.941
8294	8052	1	0.88
5875	7710	1	0.83
3131	514	1	0.974
88	7236	1	0.991
7160	5092	1	0.956
2382	1772	1	0.92
1006	312	0	8.33e-05
8625	4471	1	0.902
3945	8964	1	0.879
5530	7474	0	0.000577
4405	2323	1	0.865
8003	2684	1	0.924
4030	5699	1	0.976
6386	1256	1	0.806
6757	330	1	0.857
1000	4391	1	0.922
6216	1021	1	0.998
5142	1213	1	0.815
3769	7468	1	0.975
8954	370	1	0.878
955	3025	1	0.978
5817	5787	1	0.889
8328	3939	1	0.967
2037	297	1	0.914
3366	1909	0	0.000131
1756	3967	1	0.952
8500	2182	0	0.000343
8030	3627	0	0.000625
5304	389	1	0.873
6367	5108	1	0.811
1703	5492	1	0.919
4984	7389	0	0.0002
3260	5289	1	0.939
9889	7167	1	0.892
4810	9513	0	0.00027
6512	4825	0	0.000347
6837	5522	1	0.81
8310	8305	1	0.997
2051	1329	1	0.935
6070	1038	1	0.938
9526	9234	1	0.898
8580	2735	1	0.926
2839	2404	1	0.919
751	1162	1	0.922
5431	7895	1	0.996
9667	8741	1	0.881
5163	9104	1	0.973
3535	1538	1	0.887
1220	6548	1	0.89
1521	8105	0	0.000533
3552	7268	1	0.854
8159	1727	1	0.828
195	206	1	0.947
7236	222	1	0.848
8110	2768	1	0.99
6838	1153	0	0.00058
2304	5383	1	0.979
9278	3174	1	0.951
4507	1174	1	0.83
7391	5455	1	0.926
101	1331	0	0.000461
653	3661	1	0.918
9181	8839	1	0.895
8610	147	1	0.831
9511	1970	1	0.974
984	3745	1	0.985
7392	6551	1	0.946
7405	2525	1	0.809
7626	6257	1	0.888
3383	1016	1	0.891
4169	7350	1	0.914
5243	2430	1	0.902
9877	6262	0	0.000612
8183	1020	0	0.000496
7650	3963	1	0.828
1819	4332	1	0.957
1128	2402	1	0.886
4829	2007	1	0.938
2022	6233	1	0.977
4015	3305	1	0.863
9128	9481	1	0.869
5136	5686	1	0.903
5778	9834	1	0.973
2012	6510	1	0.807
1529	2797	1	0.84
7936	1309	1	0.964
3626	5477	1	0.801
767	4283	1	0.819
1143	2288	1	0.832
298	1797	1	0.811
9378	665	1	0.833
7932	6741	1	0.876
3594	8801	1	0.823
3695	7620	1	0.9
7680	9407	0	0.000385
2935	491	1	0.857
3624	90	1	0.832
5962	5083	1	0.905
2083	4551	1	0.891
3070	3852	1	0.927
9766	2804	1	0.957
124	9	1	0.932
9340	468	0	0.000329
9312	169	1	0.881
706	364	0	0.000486
315	2847	1	0.814
9224	249	1	0.849
4164	7813	1	0.994
5188	8279	1	0.888
7031	2015	1	0.8
3361	154	1	0.965
8553	1814	1	0.962
6414	2421	1	0.846
9323	7122	1	0.833
7436	736	1	0.933
1216	128	1	0.861
6268	3445	1	0.885
7328	2697	1	0.939
8809	7610	1	0.829
9643	8123	1	0.988
6949	6952	1	0.822
7066	329	1	0.955
6134	9778	0	0.000214
1028	4410	1	0.824
3113	1685	1	0.977
2952	412	0	0.000503
8538	4933	1	0.875
7387	8003	1	0.975
4594	931	1	0.844
3985	3144	1	0.875
2320	5050	1	0.863
743	5610	1	0.987
7878	7910	1	0.943
9084	5808	1	0.967
4331	8559	1	0.941
2899	5770	1	0.861
8757	4485	1	0.858
3743	7536	1	0.869
8019	242	1	0.973
143	56	1	0.872
4982	499	1	0.933
1843	3203	1	0.999
3900	5116	1	0.973
8890	7381	1	0.94
4577	7284	1	0.928
1102	1226	1	0.988
2221	7957	1	0.854
2390	899	1	0.83
2692	343	0	0.000597
5060	9734	1	0.982
5492	1085	1	0.838
4742	5957	1	0.847
4065	8840	1	0.884
5994	749	0	0.000305
575	8422	0	0.000112
9349	872	1	0.972
1696	3749	0	0.000103
7646	5278	1	0.851
2893	4111	0	0.000345
5957	4119	1	0.829
7061	7906	1	0.866
6294	2520	1	0.937
5538	6444	1	0.95
5802	7861	1	0.998
228	9165	1	0.954
4476	7894	1	0.858
1078	5307	1	0.918
3161	879	1	0.96
9434	3125	1	0.935
6688	3258	1	0.894
8483	3547	0	0.000374
8429	5495	1	0.964
6666	7028	1	0.985
9848	7349	1	0.907
5225	2671	1	0.802
1676	2893	1	0.928
9146	1559	1	0.885
5179	4564	1	1
2127	1304	0	0.000392
1879	1092	1	0.935
4762	6122	1	0.805
1357	5218	1	0.822
5445	9984	1	0.879
3154	8820	1	0.89
6209	2682	1	0.9
3648	1194	1	0.961
5709	6586	1	0.862
2278	1223	1	0.949
210	4995	1	0.833
7109	3415	1	0.858
8246	7387	1	0.953
9304	6204	1	0.928
236	4325	1	0.86
5732	22	1	0.842
6358	5990	1	0.906
1282	3087	1	0.949
5330	977	1	0.858
6018	70	1	0.936
7514	6255	1	0.809
4262	7618	1	0.943
690	61	1	0.815
4020	4594	0	0.000281
732	4980	1	0.921
5516	3005	1	0.828
9977	4842	1	0.993
3135	3648	1	0.869
1417	1018	0	0.000379
7740	2538	1	0.942
5332	6551	1	0.801
8009	187	0	0.000281
7471	9347	1	0.997
3217	4145	1	0.979
8279	1601	1	0.986
5588	903	1	0.961
9968	244	1	0.941
8425	3876	0	0.000163
567	2055	1	0.924
5101	9512	1	0.986
5467	2384	1	0.971
1900	2408	0	0.000544
6534	2524	1	0.974
7835	9159	1	0.833
6173	7040	0	0.00063
9362	6517	1	0.897
5063	3349	1	0.829
5526	7208	1	0.984
7710	3869	1	0.946
2567	286	1	0.869
5939	3477	1	0.878
458	945	1	0.873
590	2872	1	0.836
4459	2372	1	0.963
1110	206	1	0.945
6430	21	1	0.931
6111	2768	1	0.938
3124	6410	1	0.907
9006	3718	1	0.811
5871	5102	1	0.857
6066	3915	1	0.84
8250	5181	1	0.817
1431	7679	1	0.802
7357	992	1	0.803
5639	2555	1	0.931
9596	5831	1	0.876
3430	2437	1	0.89
9235	188	1	0.871
6773	2318	1	0.81
9361	5775	1	0.933
5473	1896	1	0.923
8315	1114	1	0.948
7673	3749	0	0.000306
5515	1191	1	0.852
9003	9962	1	0.93
8896	7785	0	0.000428
387	9523	1	0.895
4635	190	1	0.99
9751	5847	1	0.863
9673	3862	1	0.89
1262	7777	1	0.865
7432	8164	1	0.926
6341	9931	1	0.804
974	6001	1	0.894
3348	391	1	0.983
5707	7882	1	0.815
3446	6958	1	0.818
4227	9061	1	0.964
7763	25	1	0.962
9216	6218	1	0.947
1783	8794	0	0.000432
7475	3877	0	0.000546
9273	2382	1	0.911
2990	4759	1	0.893
9268	2349	1	0.895
5850	5771	1	0.878
6895	922	1	0.825
3253	3365	1	0.92
3881	2074	1	0.938
5044	6042	0	0.000609
1894	117	1	0.937
3684	4100	1	0.948
6516	843	1	0.952
6474	5116	1	0.916
6429	7414	1	0.953
9658	2010	1	0.825
8338	5493	1	0.883
1508	2533	1	0.913
1917	9854	1	0.948
7774	5389	1	0.92
9001	9169	1	0.988
1121	79	1	0.84
2112	2178	1	0.995
8558	2193	1	0.974
4124	2710	1	0.839
7323	3305	1	0.817
2580	7616	1	0.831
5620	2130	1	0.904
2238	5363	1	0.831
9355	2887	0	0.000336
6169	6410	1	0.861
3870	2518	1	0.897
594	1751	1	0.83
5623	4406	1	0.81
8474	1597	0	0.000465
8291	642	1	0.902
3378	8502	1	0.86
6375	9936	1	0.871
3571	6048	1	0.923
1316	4014	1	0.855
7694	6781	1	0.839
5109	8767	1	0.974
4334	8088	1	0.856
1851	859	1	0.83
9846	2352	1	0.954
5736	52	1	0.905
8325	3069	1	0.914
1175	3849	1	0.876
2404	7187	1	0.837
2421	9868	1	0.987
2285	9888	1	0.859
5404	6365	1	0.993
5356	2427	1	0.943
5555	7751	1	0.972
8151	3404	1	0.858
8412	3012	1	0.984
8432	8385	1	0.897
9415	6153	1	0.806
4166	9442	1	0.956
3848	7628	1	0.974
5539	4024	1	0.972
5747	5214	1	0.919
5102	7705	1	0.98
335	6847	1	0.888
99	8109	1	0.979
2522	9663	1	0.872
330	5043	1	0.953
602	413	1	0.843
5984	661	1	0.967
5833	1069	1	0.832
9750	246	1	0.834
4706	1242	1	0.947
341	1446	1	0.998
3537	1282	1	0.975
7792	106	1	0.989
2495	1860	1	0.952
1535	507	1	0.952
4943	8808	1	0.865
1898	4137	1	0.804
4342	579	0	0.000162
7070	1933	1	0.814
9077	6937	1	0.902
4357	4210	1	0.966
4168	3434	1	0.99
7237	5658	0	0.000569
8419	9341	1	0.917
6826	698	1	0.836
1961	7529	1	0.84
1386	1587	1	0.85
5082	2643	1	0.919
2994	9760	1	0.827
1106	2152	1	0.858
5770	2577	1	0.902
5506	9440	1	0.936
4435	3339	1	0.978
9125	5384	1	0.814
3868	7385	0	0.000188
7538	7432	0	0.000114
3087	5881	1	0.842
6270	9429	1	0.882
1593	9712	1	0.901
1796	434	1	0.907
4204	3538	1	0.821
9509	6619	1	0.988
8090	7855	1	0.855
9104	3516	1	0.884
481	3730	1	0.949
6046	7292	1	0.972
9391	2891	0	0.000253
7447	410	1	0.997
823	2716	1	0.916
8017	6545	0	0.000491
4292	4650	1	0.924
8564	420	1	0.904
7277	285	1	0.829
1001	2001	1	0.825
71	273	0	8.25e-05
7661	7983	1	0.963
5781	424	1	0.886
5683	5998	1	0.919
9131	2523	1	0.806
2162	2788	1	0.881
1332	3268	0	0.000595
1103	8428	1	0.848
8044	7937	0	0.000448
3311	4651	0	0.000405
9774	5684	1	0.882
8374	1883	1	0.917
4685	8958	1	0.9
9689	4842	1	0.919
842	8881	1	0.858
8147	2419	1	0.827
9097	130	1	0.984
4867	3185	0	0.000279
2870	1944	1	0.888
6166	1961	0	0.000475
6902	8119	1	0.857
1396	1326	0	0.000309
5260	9532	1	0.928
6673	5639	1	0.909
2740	3566	1	0.914
603	830	0	0.000408
8434	902	1	0.88
9341	6771	1	0.996
1931	2413	1	0.976
3079	4231	1	0.941
9559	846	1	0.809
4999	9744	0	0.000497
6669	368	1	0.805
5197	8588	0	0.000427
6996	8887	0	0.000627
8068	1467	1	0.832
9858	1917	1	0.84
9823	2180	1	0.925
3005	8840	1	0.918
1140	1948	1	0.859
7102	8653	1	0.827
7202	8244	1	0.801
1681	2878	1	0.888
7195	140	1	0.969
3000	916	1	0.904
5935	221	1	0.883
554	771	1	0.818
7810	1445	1	0.836
1504	7486	1	0.83
4620	1221	1	0.936
2233	7848	1	0.902
7320	7123	1	1
4411	4298	1	0.987
1555	49	1	0.856
7191	3937	1	0.889
4143	7867	1	0.867
3850	8086	1	0.823
1314	5362	0	0.000455
3961	1597	1	0.839
6923	5214	1	0.914
1596	3482	1	0.835
9620	8413	1	0.813
1425	854	1	0.803
4910	678	1	0.897
7644	5967	1	0.959
5593	4281	1	0.835
5791	9875	1	1
8661	1543	1	0.891
2299	1806	1	0.881
3791	4056	1	0.91
7513	930	1	0.999
4394	2531	1	0.837
2682	1737	1	0.812
9	7238	1	0.983
7310	6668	1	0.922
7543	5968	1	0.841
7302	3335	1	0.806
7867	1134	1	0.859
1758	3560	1	0.802
4333	7362	1	0.997
9191	8415	1	0.985
7479	5410	1	0.993
9684	7279	1	0.88
7065	3206	1	0.963
2948	1030	0	0.00027
6883	5473	1	0.859
296	3149	1	0.881
1673	5124	1	0.864
4626	2587	1	0.959
6067	3932	1	0.907
7969	7988	1	0.813
8592	5044	0	0.000288
7827	965	1	0.859
6511	892	1	0.872
9651	7518	0	0.000208
7947	1778	1	0.907
6867	2591	0	0.000141
4379	9136	1	0.957
9375	7631	1	0.885
1447	458	1	0.811
8267	1184	1	0.804
5913	9297	1	0.969
7743	9862	1	0.814
6086	9979	1	0.811
6157	7111	1	0.928
8601	8549	1	0.994
9672	536	1	0.83
3294	1881	0	0.000215
5158	211	1	0.848
7487	9142	1	0.819
2313	3463	1	0.816
8849	1372	1	0.852
208	7329	0	0.000611
8346	3968	1	0.822
1765	2294	1	0.928
294	301	1	0.829
670	77	1	0.897
7818	252	0	0.000633
8513	6423	1	0.872
441	401	1	0.933
221	3356	1	0.816
9274	457	1	0.825
48	6938	1	0.852
6348	7709	1	0.987
8426	9118	1	0.939
6784	122	1	0.813
5078	60	1	0.976
681	9619	1	0.821
9033	4468	1	0.864
9168	8528	0	0.00037
3053	8524	1	0.938
8841	100	1	0.914
611	3213	1	0.826
98	176	1	0.872
4922	651	1	0.892
321	8964	1	0.826
7082	5348	1	0.978
4686	7911	1	0.973
290	9380	1	0.926
8157	4232	1	0.947
2480	2577	1	0.854
2626	2346	1	0.926
6862	6848	1	0.859
8098	3684	1	0.989
7886	1195	1	0.836
2290	2515	1	0.866
8142	9514	1	0.952
2294	649	1	0.87
7488	603	1	0.832
2787	7257	1	0.979
2766	7344	1	0.972
7613	1098	1	0.815
4249	6773	1	0.897
9370	1327	1	0.83
6866	4183	1	0.883
224	4609	1	0.816
1178	7083	1	0.84
6890	8040	1	0.89
9063	468	0	0.000212
3261	411	1	0.973
235	4665	1	0.926
6952	6949	1	0.827
4506	1003	1	0.833
8521	1590	1	0.977
9739	956	1	0.892
4974	7602	1	0.813
3151	1713	1	0.925
7778	689	1	0.977
6395	8645	1	0.804
164	70	1	0.867
8440	9342	1	0.919
8705	7482	1	0.937
5300	2696	1	0.98
3418	9153	1	0.907
7408	8000	1	0.908
9412	3454	0	9.37e-05
338	4911	1	0.966
6243	4493	1	0.987
9049	8168	1	0.894
7352	2228	0	0.000168
7050	4877	1	0.817
962	5893	1	0.957
6245	8950	1	0.972
4980	931	1	0.861
1780	485	1	0.97
4009	2568	1	0.837
8856	1587	1	0.995
3830	3098	1	0.844
4392	3496	1	0.806
8144	487	1	0.942
1649	347	1	0.963
9407	1497	1	0.949
1082	103	0	0.000313
2710	1081	1	0.939
1352	8486	1	0.963
9664	7182	1	0.998
8560	9115	0	0.000585
361	3950	0	0.000247
8555	868	1	0.864
9914	6988	0	0.00051
6798	7733	1	0.894
568	1502	1	0.923
7156	2515	1	0.881
5098	3573	1	0.876
1412	1688	1	0.824
6063	5083	0	0.000587
994	215	1	0.958
1586	2015	0	0.000131
4965	834	1	0.969
683	2740	1	0.985
7934	2698	1	0.824
7893	6047	1	0.899
6078	4965	1	0.837
7985	4582	1	0.988
8438	6169	0	0.000264
5411	392	1	0.977
972	6805	1	0.98
2625	79	0	0.000314
5815	945	1	0.929
9590	5644	1	0.965
8657	4877	1	0.873
9110	2310	1	0.936
3127	8240	1	0.916
511	3324	1	0.811
8365	2762	1	0.896
1993	133	1	0.985
8473	1509	1	0.82
7039	4816	1	0.961
5883	6129	1	0.972
6517	9397	1	0.966
7884	2284	1	0.935
1482	9679	1	0.979
6800	8788	1	0.998
6140	4934	1	0.906
7933	7156	1	0.93
4823	2557	0	0.000532
7735	4010	1	0.945
6676	7793	1	0.938
7055	1527	0	9.88e-05
2725	9828	1	0.813
6082	5665	0	0.000611
6263	7857	1	0.921
8669	6489	1	0.851
2706	3012	1	0.829
6278	3627	1	0.858
7842	1322	1	0.946
9612	362	0	0.000159
7866	8101	1	0.91
5859	4793	0	0.000159
281	5063	0	0.000125
3995	907	1	0.846
8683	8456	1	0.926
6538	6370	1	0.803
5067	3050	1	0.869
4843	8969	1	0.942
2829	3706	1	0.86
3222	1247	1	0.947
4819	4657	1	0.961
4125	4817	1	0.937
8766	2018	1	0.88
7196	6577	1	0.888
5377	2080	0	0.000404
2319	1733	1	0.823
2901	6254	1	0.999
6313	6129	1	0.816
5803	1523	1	0.924
2931	4815	1	0.802
6410	20	1	0.958
1461	3151	1	0.824
9376	2675	1	0.98
8916	6846	1	0.99
7021	4213	1	0.983
4139	3959	1	0.979
2432	2590	1	0.873
3376	77	0	0.000227
8245	2976	1	0.931
4137	5637	1	0.801
9880	7460	1	0.948
8143	5002	1	0.817
6803	8839	1	0.935
5704	867	0	0.000398
2049	9257	1	0.96
7183	8078	1	0.88
2396	2076	1	0.897
3347	1485	1	0.977
1409	711	1	0.909
1171	7947	1	0.882
3322	5978	1	0.997
2805	7998	1	0.887
2021	4166	1	0.894
9373	7189	1	0.823
8569	505	1	0.93
3381	5247	1	0.973
7663	4517	1	0.981
3873	8685	0	0.000633
1257	9109	1	0.832
8364	6816	1	0.961
2907	8164	1	0.958
3787	61	1	0.831
8698	489	1	0.874
5208	4795	0	0.000292
9044	6519	1	0.828
4287	4177	1	0.982
6150	407	1	0.931
997	312	1	0.806
9533	3765	0	0.00032
5058	3302	0	9.2e-05
6647	352	0	0.000601
6238	7723	1	0.836
5038	7308	1	0.931
4081	9512	1	0.987
3233	2640	1	0.916
3803	5797	1	0.981
2816	7400	1	0.934
2705	6730	1	0.886
762	119	1	0.878
921	45	1	0.898
5675	7134	1	0.915
4483	3399	1	0.876
212	9937	1	0.938
4069	8536	1	0.879
6247	262	1	0.863
4407	5406	1	0.813
3041	6789	1	0.808
2164	1084	0	0.000348
2154	1357	1	0.934
7823	6833	1	0.973
6412	6871	1	0.916
5687	1996	1	0.854
9543	1917	1	0.957
9551	3932	1	0.896
4264	2827	1	0.921
5551	4748	1	0.829
486	3369	1	0.831
487	4326	1	0.836
5919	8990	0	0.000259
5983	7835	1	0.855
9477	3351	0	0.000367
4639	2856	1	0.885
1617	6081	1	0.826
6376	9525	1	0.812
8704	4010	1	0.809
2105	1613	0	0.000279
6636	3707	1	0.896
6236	5739	1	0.905
6751	1151	1	0.94
1093	285	1	0.859
5614	3870	1	0.926
4647	4365	1	0.831
6047	7893	1	0.989
7998	2805	1	0.986
6812	2447	0	0.000123
5072	8168	0	0.00054
9907	1827	1	0.906
3957	954	1	0.982
9718	4646	1	0.851
4327	18	1	0.894
6190	309	1	0.97
388	1264	1	0.853
867	4448	1	0.872
1180	9090	0	0.000635
8968	603	0	0.000581
58	5260	1	0.914
7874	5060	1	0.868
471	2552	0	9.81e-05
2226	2143	1	0.853
927	5588	1	0.913
9834	7197	0	0.000518
8738	4991	1	0.862
8460	3665	1	0.884
8531	330	1	0.92
383	3128	1	0.801
2084	8910	1	0.937
5354	1513	1	0.993
9502	2255	1	0.931
9231	4296	1	0.841
7643	587	1	0.868
4792	1520	1	0.966
7630	245	0	0.000179
4417	5921	1	0.933
3022	8536	0	0.000401
7324	2485	1	0.825
6648	6281	1	0.916
8886	1314	1	0.936
4492	899	1	0.998
5194	2057	1	0.848
5975	4341	1	0.961
9523	8633	1	0.909
3276	5006	1	0.836
4753	2405	1	0.854
2054	5313	1	0.899
6088	4783	1	0.865
7785	2560	1	0.977
1451	130	1	0.824
9060	1814	1	0.921
2327	8013	1	0.887
1852	6472	1	0.925
2638	121	1	0.964
4599	3912	1	0.934
3374	7453	1	0.97
7724	992	1	0.909
4990	7130	1	0.941
1623	8210	1	0.932
9876	679	0	0.00034
8782	3968	1	0.908
9754	5005	1	0.902
3922	3250	1	0.992
7373	1182	1	0.943
9093	2367	0	0.000504
6182	1479	1	0.852
3039	49	1	0.829
2181	71	1	0.869
7693	9252	0	0.000591
5212	4962	1	0.995
4479	4130	1	0.921
2289	21	1	0.867
7632	254	1	0.915
3424	7322	1	0.821
1775	4961	1	0.855
4458	2729	1	0.889
5954	6792	1	0.909
7001	9889	0	0.000514
2386	6164	1	0.821
9314	290	1	0.834
1589	2841	1	0.929
4049	9433	1	0.974
845	5739	1	0.922
880	2979	1	0.806
9610	1411	1	0.847
8640	8990	1	0.83
5887	1501	0	0.00029
2987	1403	1	0.937
5076	69	1	0.802
4335	8825	1	0.998
2440	6097	1	0.878
3123	2224	1	0.91
4879	980	1	0.889
4519	5339	0	0.000205
9193	1841	1	0.979
1644	2264	1	0.837
717	9190	1	0.989
5958	405	1	0.837
3024	9205	1	0.801
1927	627	1	0.841
2462	8127	1	0.884
8442	9229	1	0.955
5926	1427	1	0.986
416	1434	1	0.946
9686	401	1	0.83
9912	5402	0	0.00063
6528	5538	0	0.000526
56	9515	1	0.891
1977	6422	0	8.17e-05
6059	6410	1	0.853
6814	6934	1	0.958
6404	9869	1	0.895
7636	2887	1	0.91
3484	2554	1	0.952
2065	3036	1	0.814
9124	124	1	0.834
8106	5963	1	0.976
6495	6398	0	0.000247
9836	4390	1	0.82
7757	1607	1	0.914
6251	1589	1	0.889
9371	957	1	0.942
646	2829	1	0.963
4094	6744	1	0.823
6927	1093	1	0.912
46	3341	1	0.889
5876	1405	1	0.947
6924	7745	0	0.000394
1213	2917	1	0.962
1428	1784	1	0.893
284	192	1	0.929
7904	5621	1	0.984
2457	1175	1	0.976
1866	705	0	0.000477
8999	1473	1	0.846
7779	8433	1	0.899
7981	4850	1	0.913
5169	3902	1	0.911
9212	8815	1	0.884
4293	2457	1	0.833
770	599	1	0.855
755	7222	0	0.000316
1677	1604	1	0.887
3125	5853	0	0.000622
9140	1368	1	0.925
9657	1072	1	0.915
8739	3372	1	0.92
4385	9607	1	0.942
7375	799	0	0.000639
4146	3534	1	0.922
8265	8658	1	0.961
1695	60	1	0.896
2133	5826	0	8.23e-05
4348	8417	1	0.813
4618	2414	1	0.972
2581	931	1	0.858
9344	3495	1	0.951
7572	4878	1	0.944
6555	1018	1	0.842
4421	5666	1	0.855
9772	890	1	0.863
592	4690	1	0.806
9051	5984	1	0.978
1057	8222	1	0.871
1305	2366	1	0.984
8136	4634	1	0.954
3316	2247	1	0.996
8411	605	1	0.927
4963	1145	0	0.000204
1907	346	1	0.846
3191	3909	0	0.000616
2758	1631	1	0.961
2315	4675	0	0.000229
3959	4139	1	0.955
3485	3056	1	0.906
5946	8783	1	0.96
9892	4134	1	0.831
6385	4109	1	0.943
9023	4605	0	0.000108
5852	4971	1	0.965
5355	5360	1	0.833
750	7630	1	0.802
9109	9579	0	0.000564
503	5910	1	0.966
5250	8444	1	0.962
5193	8720	1	0.818
1582	2974	1	0.808
7929	80	1	0.877
1036	5821	1	0.846
2014	961	1	0.813
7921	3755	1	0.883
1998	5019	1	0.922
1288	3852	1	0.983
2998	5089	1	0.903
183	6610	1	0.84
5326	8	1	0.8
4901	7976	1	0.948
2439	3783	1	0.881
4314	1145	1	0.894
1821	896	1	0.885
6459	7627	0	0.00043
809	1789	0	0.000322
935	143	1	0.883
1329	2758	1	0.902
6537	634	1	0.855
6393	3217	1	0.834
1878	6962	1	0.844
8124	6059	0	0.000329
4773	7899	1	0.862
5928	6962	1	0.872
1268	9485	1	0.991
9094	384	1	0.943
2370	5842	1	0.817
4494	5494	0	0.000345
205	1234	1	0.976
3975	5729	0	0.000615
1033	1325	1	0.982
1973	2692	1	0.955
5298	971	1	0.871
5314	913	1	0.877
9439	2109	1	0.829
4563	639	1	0.931
4667	5393	1	0.866
8406	7018	1	0.963
976	6417	1	0.977
7567	6633	1	0.914
352	4273	1	0.835
6641	4637	1	0.911
8984	4969	1	0.876
7212	7499	1	0.942
6521	930	1	0.899
8125	9891	1	0.965
9262	2090	1	0.809
3999	610	1	0.889
4058	3869	1	0.837
5520	3012	1	0.947
1223	5722	1	0.916
67	4814	1	0.819
9437	5068	1	0.971
3976	4812	1	0.922
265	1288	1	0.96
8591	6955	1	0.988
6381	991	1	0.982
9004	601	1	0.838
2813	470	1	0.993
8808	1286	1	0.966
0	2343	1	0.865
1228	5537	0	0.00054
4145	7525	1	0.871
2013	6050	0	0.00022
3197	900	1	0.858
9629	4052	1	0.853
7963	7948	0	0.000461
1439	3083	1	0.83
3874	2581	1	0.916
2996	6235	1	0.859
5858	5960	1	0.986
5017	977	1	0.843
425	1066	1	0.838
4903	8711	1	0.917
2924	1282	1	0.803
9066	964	1	0.855
7715	1113	1	0.858
6360	707	0	0.000255
9396	5381	0	0.000354
6616	2998	1	0.955
4887	6374	1	0.975
3423	2924	1	0.803
4732	3873	1	0.846
1025	3538	0	0.000442
2438	6211	1	0.938
9660	158	1	0.822
1822	9032	0	0.00051
562	171	1	0.834
2588	4725	1	0.96
4525	3250	1	0.847
889	1094	1	0.967
5252	683	1	0.809
8873	126	1	0.983
2909	2267	1	0.876
5378	1309	1	0.894
4115	1586	1	0.825
8995	6813	1	0.942
4504	3142	1	0.82
2209	6019	1	0.971
2478	5623	1	0.985
2611	8808	1	0.897
5979	3471	1	0.863
9172	1444	1	0.983
6816	8181	0	0.000469
2496	1087	1	0.845
2665	830	1	0.858
9959	3160	1	0.808
8141	1965	1	0.872
9248	1024	0	0.000581
4248	7076	1	0.972
4324	7020	1	0.861
9338	324	1	0.952
5238	6456	1	0.918
2182	6505	1	0.993
8652	4886	1	0.828
757	3507	1	0.893
3526	1089	1	0.908
6199	7936	1	0.914
2078	6265	1	0.834
6380	3863	1	0.98
8087	2870	1	0.999
3251	3111	1	0.852
7035	2812	1	0.801
1680	831	1	0.938
3006	1796	1	0.979
5730	5882	1	0.859
5780	3690	1	0.88
4704	388	1	0.868
8584	6121	1	0.964
8570	5607	0	0.000276
9305	2286	0	0.000231
6441	6353	1	0.928
7733	8003	1	0.982
7244	130	1	0.918
1655	1758	1	0.816
3092	1624	1	0.983
8493	2362	1	0.811
8107	812	1	0.966
6019	5935	0	0.000548
9449	3012	1	0.845
7734	2618	1	0.904
1468	5669	1	0.982
4764	8421	1	0.834
9165	8329	1	0.805
5452	2393	1	0.896
6610	702	0	0.000215
2772	2290	1	0.826
7803	6989	1	0.872
6065	2861	1	0.916
5759	6591	1	0.877
5648	2369	1	0.934
5275	7175	1	0.952
5534	7476	1	0.988
2365	5004	1	0.856
1411	6373	1	0.934
924	594	1	0.89
4846	1882	1	1
5641	8069	1	0.805
2389	1655	1	0.849
5617	6382	1	0.958
2276	820	1	0.884
2812	7773	1	0.89
5961	414	1	0.945
3290	5296	1	0.889
3072	1159	1	0.868
5888	3000	1	0.995
2039	8399	1	0.994
3838	1380	0	0.000493
5783	102	1	0.904
9076	7943	1	0.802
2397	9941	0	0.000208
3906	183	0	0.000341
973	2819	1	0.897
4886	960	1	0.868
8565	7627	1	0.818
7498	2631	0	0.000178
8237	1758	0	0.000342
5425	6908	0	0.000126
7349	8962	1	0.945
3419	3654	1	0.922
6564	3147	0	0.000571
2647	7137	1	0.958
5111	9413	0	0.000121
3570	734	1	0.935
862	1402	1	0.97
4911	8243	0	0.000566
2770	4387	0	0.00034
4372	1671	1	0.976
1859	6483	1	0.926
250	5675	1	0.811
3719	3882	1	0.917
7648	5088	1	0.939
4583	9395	1	0.841
2224	5451	1	0.935
9801	9288	1	0.973
4608	6312	1	0.908
2032	9321	1	0.913
7245	499	1	0.914
2887	2816	1	0.88
1326	5022	1	0.924
9861	54	1	0.926
3438	9660	1	0.853
9868	6746	0	0.000365
2517	6569	1	0.837
1073	722	1	0.997
4298	2701	1	0.989
5386	5775	1	0.8
4812	5891	1	0.942
1230	1088	1	0.862
5813	2025	1	0.967
1050	5644	0	0.000111
2248	9026	1	0.993
987	3254	1	0.827
7721	4899	1	0.972
8150	3841	1	0.987
1766	2301	1	0.846
9729	6918	1	0.812
4255	1091	1	0.862
6327	6046	0	0.000402
7450	518	1	0.893
5263	5669	1	0.999
4809	318	1	0.838
1292	2010	0	0.000619
7939	8293	1	0.986
20	1739	1	0.801
6716	4653	1	0.814
730	4499	1	0.932
5625	7432	1	0.974
8993	340	1	0.834
344	219	0	0.000102
3018	1182	1	0.962
2932	438	1	0.839
1466	2989	0	0.000197
5222	5529	1	0.964
200	2734	1	0.967
531	4011	0	0.000242
4584	5374	1	0.929
7423	5949	1	0.927
6060	8839	1	0.915
8376	7361	1	0.964
4996	1004	1	0.882
9996	9472	1	0.975
8637	1472	1	0.976
6427	7898	1	0.838
8126	7533	1	0.802
1670	462	1	0.871
6847	7516	1	0.864
2512	2640	1	0.931
4196	9098	1	0.979
9098	175	1	0.82
6118	2089	1	0.995
2618	8587	1	0.983
9690	2018	1	0.963
5103	2269	1	0.97
2641	5375	0	0.000323
8812	6465	1	0.87
7623	5261	1	0.933
804	2276	1	0.965
4814	67	1	0.94
5877	4178	1	0.955
6382	7367	1	0.819
3672	420	1	0.894
4444	9723	1	0.929
8278	6379	1	0.998
9149	2743	0	0.00053
5156	152	1	0.98
2515	7933	1	0.955
3614	3453	1	0.967
6214	6399	1	0.846
6035	1077	1	0.828
9055	3649	1	0.935
9943	3038	1	0.997
4825	8102	1	0.896
8673	6425	1	0.902
9741	5640	0	0.000292
7085	986	1	0.956
2485	1293	1	0.937
9919	7895	1	0.969
4362	8290	1	0.998
226	112	1	0.974
158	7976	1	0.894
3394	418	1	0.985
3670	6209	1	0.959
3599	1738	0	0.000247
3902	5169	0	0.000425
4022	4841	1	0.97
558	482	1	0.969
7898	199	0	0.000146
2587	7464	1	0.813
3657	7888	0	0.000384
8094	1223	1	0.845
4936	1191	1	0.929
3188	2027	1	0.975
2566	6300	1	0.973
3490	3037	1	0.989
8627	9257	1	0.874
3771	2862	1	0.974
9792	1763	1	0.83
2985	2217	1	0.832
7404	5767	1	0.916
5508	6921	1	0.934
8800	5417	1	0.871
1526	6683	1	0.843
3706	6279	1	0.973
7882	5611	1	0.955
5621	563	1	0.913
7566	5411	1	0.873
2941	4627	0	0.000138
2194	5099	1	0.994
9692	2101	1	0.899
8659	2746	1	0.915
1124	2289	1	0.848
5816	8685	1	0.88
4811	853	1	0.943
4442	5023	1	0.946
1531	6097	1	0.927
6851	6543	1	0.996
187	375	1	0.805
3397	1303	1	0.977
9254	9599	0	0.00034
6377	2003	0	0.000473
3011	6459	0	0.000357
7968	5110	1	0.862
3793	2989	1	0.86
3807	4887	1	0.835
6914	6097	1	0.9
1929	5574	0	0.00022
7659	7657	1	0.895
9864	1416	1	0.96
9366	310	1	0.902
1424	3926	1	0.862
2251	273	1	0.973
1867	4276	1	0.848
3173	8115	1	0.933
3973	4963	1	0.984
8504	6938	1	0.94
2033	931	1	0.903
6833	9057	1	0.875
2811	7199	1	0.997
6210	9078	1	0.932
9883	4253	1	0.93
3879	6711	1	0.985
6135	79	1	0.806
3445	5942	1	0.934
7448	5882	1	0.828
5691	8372	1	0.994
9905	8731	1	0.818
4140	1832	0	0.000311
3736	813	0	0.000338
7753	4596	1	0.897
4267	6379	1	0.845
4731	1499	1	0.974
3857	2698	0	0.000499
7188	5107	0	0.000377
4218	4145	1	0.923
1487	1221	1	0.814
4475	2050	1	0.953
6241	42	1	0.841
5878	656	1	0.921
6288	2908	1	0.831
9382	3288	1	0.905
1218	2095	1	0.863
3181	7936	0	0.000533
399	5081	1	0.859
3796	9796	1	0.872
1962	7123	1	0.808
287	7841	1	0.89
5567	2193	1	0.866
8761	1688	0	0.000599
5868	7231	1	0.964
5187	3671	1	0.966
4947	5560	1	0.907
9315	6607	0	0.000516
9606	7405	1	0.847
2023	8554	1	0.89
8390	1313	0	0.000125
5027	1955	1	0.891
8311	8449	1	0.931
2500	2273	1	0.981
7524	3581	1	0.927
3869	1478	1	0.878
7049	1672	1	0.96
211	4413	1	0.896
9901	2469	1	0.973
6744	2355	0	0.000581
3967	1756	1	0.976
3443	6499	0	0.000205
4898	9646	1	0.87
1372	2617	1	0.899
4154	304	1	0.933
675	3935	1	0.857
1505	5218	1	0.846
7308	4566	1	0.978
3043	7732	1	0.987
9394	6189	1	0.885
3431	7934	1	0.881
5232	4153	0	0.000207
8836	4739	1	0.894
6823	4017	1	0.887
289	883	1	0.83
14	1555	1	0.947
7443	2127	0	0.000552
9102	9044	1	0.905
1440	1310	1	0.914
6304	2599	1	0.855
6164	8121	1	0.815
82	14	1	0.858
5801	2734	1	0.98
7232	6280	1	0.86
3800	7180	1	0.825
1380	2815	0	0.000138
9035	264	1	0.993
9498	5862	1	0.919
6466	9708	1	0.905
9101	643	1	0.939
41	271	1	0.996
1443	5213	0	0.000342
5191	1333	1	0.853
3033	4777	0	0.00036
7523	1852	1	0.907
4991	7905	1	0.886
9476	360	1	0.998
6282	6818	1	0.804
5397	3504	1	0.921
2963	7464	1	0.973
1275	1129	1	0.888
5459	8	1	0.859
3690	5551	1	0.827
7411	2066	1	0.976
3650	2992	1	0.94
1489	3361	1	0.879
1385	5445	1	0.826
6188	2530	1	0.951
4750	4660	1	0.901
1708	1260	0	0.000395
3546	3565	1	0.926
5821	330	1	0.895
1778	4189	1	0.974
7988	7001	1	0.832
777	132	1	0.995
1011	8381	1	0.977
1255	3870	1	0.97
3451	1828	1	0.894
1631	7224	1	0.889
342	6847	1	0.902
5130	30	1	0.996
5643	7999	1	0.855
5366	6238	1	0.971
3435	6074	1	0.917
1955	6055	1	0.858
1041	513	1	0.841
7224	1037	1	0.93
2075	8804	1	0.907
7777	1785	0	0.000183
3944	5888	1	0.919
2426	863	1	0.844
8951	4183	1	0.831
8920	4762	1	0.916
3136	8858	0	0.000499
104	7140	1	0.882
4826	1722	1	0.852
5712	5818	0	0.000425
9638	628	1	0.856
2450	1952	1	0.955
8065	9036	1	0.853
1477	5927	1	0.964
1360	9426	1	0.808
4678	3088	1	0.904
3629	12	0	0.000147
6080	4620	1	0.866
1688	4656	1	0.943
9022	163	1	0.838
3856	568	1	0.895
6893	4130	1	0.855
8883	6820	1	0.887
818	188	1	0.919
2293	5920	1	0.95
5390	5241	1	0.877
7716	2091	1	0.856
5831	3051	1	0.854
7343	7503	1	0.946
2676	1554	1	0.859
8788	586	0	0.000256
8957	1267	1	0.866
2215	661	1	0.828
7100	2327	1	0.907
9419	3300	1	0.908
5988	7841	0	0.000128
3820	4113	1	0.93
811	3758	1	0.998
8185	5928	1	0.899
4540	2588	1	0.801
9997	4264	1	0.978
6998	1435	1	0.945
5685	7787	1	0.819
6237	617	1	0.997
3804	9107	1	0.89
1244	719	1	0.966
9743	1825	1	0.87
529	9615	1	0.805
7133	9426	1	0.815
5035	481	0	0.000548
2473	5984	1	0.935
6394	707	1	0.922
4167	7747	1	0.886
829	8568	0	0.000275
8668	8294	1	0.998
3304	8247	0	0.000145
9025	2145	1	0.905
9746	2722	1	0.828
8943	3553	0	0.00036
5437	4311	1	0.995
4916	7336	1	0.914
6600	3986	1	0.821
6643	660	0	0.000246
6936	3747	1	0.914
7672	555	0	0.000147
5779	8053	1	0.812
3722	7550	1	0.831
5583	4614	0	0.000255
9180	4783	1	0.829
7900	3066	1	0.932
839	3105	1	0.835
7505	1408	1	0.917
1826	6370	1	0.992
2736	1537	0	0.000597
8251	2766	1	0.967
6076	7947	0	0.000141
5414	5280	1	0.944
5030	3986	0	0.000147
8635	4856	1	0.916
3149	1926	1	0.888
8274	2949	1	0.848
4118	8699	1	0.858
3373	4399	1	0.85
8417	2633	0	0.000259
325	1679	0	0.000413
1193	94	1	0.985
8551	7298	1	0.976
4560	821	1	0.908
1860	3629	1	0.848
6195	2434	1	0.924
6682	3375	1	0.998
4366	4795	1	0.996
6442	3915	0	0.000542
4002	924	0	0.000325
7544	1064	1	0.872
5915	6065	1	0.814
6183	6041	1	0.98
1217	1862	1	0.843
4907	6570	1	0.986
5345	6471	1	0.957
9719	9853	1	0.902
8791	7739	1	0.956
7422	1881	1	0.999
3440	2584	1	0.813
4198	599	1	0.931
33	61	1	0.895
9779	5052	1	0.853
1761	1697	1	0.935
1002	769	0	0.000263
6819	92	1	0.962
549	9318	0	0.000332
5756	2342	1	0.906
7126	3196	1	0.85
6318	7648	0	0.000194
6813	3741	1	0.925
8975	5760	1	0.943
7713	2087	1	0.931
1388	57	1	0.881
9927	1635	0	0.000447
8236	5602	0	0.00054
5363	4894	1	0.904
9647	1952	1	0.836
2666	8982	0	0.000534
4981	7353	1	0.846
1247	9635	1	0.991
8312	7769	1	0.825
6845	1544	1	0.968
1187	8066	1	0.916
7108	382	1	0.883
9433	9805	0	0.000175
3084	7680	1	0.834
7944	3455	1	0.991
1168	1009	1	0.914
9821	9847	1	0.887
65	1673	1	0.806
9430	1764	1	0.896
7026	6811	1	0.819
5517	547	0	0.000524
2501	1225	1	0.923
8408	5642	1	0.961
3651	135	1	0.871
7701	1466	1	0.81
3324	511	0	0.000575
8475	3232	1	0.998
4478	5428	1	0.814
343	7647	1	0.949
5857	9323	0	0.000541
5558	9077	1	0.815
128	99	1	0.808
4056	6657	1	0.941
830	2065	1	0.938
1812	3045	1	0.877
8342	9001	1	0.904
3488	2597	1	0.865
9939	9880	1	0.929
7782	6672	0	0.000156
3110	7977	1	0.81
8288	9703	1	0.851
8464	21	1	0.964
8336	2335	1	0.854
7171	817	1	0.825
169	8462	1	0.849
2754	3649	0	0.000321
1146	4808	1	0.885
2210	39	0	0.000271
3083	1735	1	0.917
5862	9433	1	0.842
3035	6	0	0.000279
9765	308	1	0.808
5548	4221	0	0.00036
1772	4522	1	0.961
8854	7605	1	0.918
2520	5880	1	0.901
2069	1689	0	0.000299
8286	6245	0	0.000325
8289	5369	1	0.824
1465	5682	1	0.858
307	4077	1	0.932
1279	5599	1	0.953
2041	1259	1	0.818
4309	4803	1	0.827
4959	4158	1	0.862
2441	6191	1	0.81
625	194	1	0.856
6810	1077	1	0.942
7395	9349	1	0.844
4097	8185	1	0.935
8693	1666	1	0.966
3403	347	0	0.000352
6736	2849	1	0.847
4354	7848	1	0.985
2961	7639	1	0.808
7950	7303	1	0.928
4302	8571	1	0.818
4019	5862	1	0.825
1454	1073	1	0.966
4883	1509	1	0.893
6338	3925	1	0.984
7580	2381	0	0.000293
2545	9134	1	0.881
2335	468	1	0.861
4592	2410	1	0.949
5509	2125	1	0.837
8654	7884	1	0.962
43	38	1	0.811
7500	6350	0	0.000176
6100	8486	1	0.829
6223	4756	0	0.000191
9203	8177	1	0.998
963	7574	1	0.89
8179	487	1	0.885
3966	3068	1	0.955
3026	7981	1	0.974
5993	6750	1	0.936
6722	289	1	0.957
4572	3156	1	0.856
783	8326	1	0.824
3748	3343	1	0.925
4616	1516	1	0.91
7288	1544	1	0.951
2750	290	1	0.945
7660	432	1	0.872
2179	6105	1	0.956
5371	1445	1	0.855
696	3805	1	0.815
1363	1146	1	0.979
2362	2942	1	0.944
8519	69	0	0.000515
3308	9969	0	0.000308
7305	5761	1	0.879
5080	823	1	0.866
4187	2844	1	0.922
2360	4509	0	0.000177
8651	4040	1	0.929
6504	4498	1	0.938
7169	2503	1	0.905
7729	1887	1	0.902
5502	5773	1	0.844
1728	3087	1	0.848
4025	2872	0	0.000542
9740	5838	1	0.909
8083	6338	1	0.96
9470	2956	1	0.805
4937	7547	1	0.945
1661	2412	0	0.000492
3578	7026	1	0.989
6235	9138	1	0.818
4031	986	1	0.844
7364	1536	1	0.831
9725	3706	0	0.000126
533	2471	1	0.923
168	6555	1	0.894
6635	4916	1	0.837
9267	3809	1	0.879
4619	1108	1	0.87
5710	382	1	0.868
3559	934	0	0.000123
8921	1956	1	0.967
2161	1608	1	0.898
2684	6798	1	0.929
4831	9612	1	0.858
6597	933	1	0.868
3413	8626	1	0.907
1647	4478	1	0.96
689	278	0	0.000281
7831	711	1	0.908
1678	6192	1	0.827
5980	9323	1	0.972
4609	160	1	0.958
4360	330	1	0.985
8189	7823	1	0.905
365	9386	1	0.809
267	6524	1	0.977
9473	7455	1	0.835
5842	328	1	0.9
4881	8847	1	0.875
4946	8591	1	0.985
7339	8326	1	0.941
4993	8294	1	0.9
7145	1659	1	0.959
3739	128	1	0.946
4305	2661	1	0.815
2940	1750	1	0.851
8740	3069	0	0.000128
7726	9670	1	0.895
8773	255	1	0.918
6156	5117	0	0.000502
2222	2779	1	0.869
8099	4002	1	0.979
4412	2545	1	0.942
5618	4878	0	0.000617
651	3302	1	0.941
1366	1915	1	0.837
5910	8882	1	0.841
7949	6072	1	0.993
4318	1864	1	0.901
9788	1100	1	0.804
7045	2933	1	0.894
7530	990	1	0.863
2392	4925	1	0.838
6054	816	0	0.000526
2234	6509	1	0.961
9954	8843	0	0.000124
8576	1684	1	0.866
2896	2232	1	0.975
7016	9135	1	0.857
5468	988	1	0.894
6582	8317	1	0.82
8379	6078	0	0.00036
5503	1379	1	0.932
565	997	1	0.83
1343	9951	1	0.896
7358	5732	1	0.928
2176	4449	1	0.806
6312	4064	1	0.935
589	5982	1	0.99
1266	2048	1	0.81
7877	1136	1	0.969
17	3961	1	0.898
5754	824	1	0.867
8725	9317	0	0.000298
4053	963	0	0.000179
1850	1531	1	0.919
131	44	1	0.929
1800	1322	1	0.836
5083	8601	1	0.89
8400	9618	1	0.837
4119	702	1	0.892
9796	5759	1	0.896
3013	330	1	0.929
6972	2700	1	0.879
7239	2150	1	0.833
7847	5746	1	0.981
8798	7427	1	0.9
5879	2516	1	0.897
4975	5775	1	0.935
2207	5402	1	0.865
8701	6033	1	0.887
3898	4473	0	0.000541
3643	2447	0	0.000294
6449	2484	1	0.897
8332	8141	1	0.973
2962	2300	1	0.849
5692	1345	0	0.000286
5409	3200	1	0.897
6355	6221	1	0.831
4573	3236	1	0.803
5190	6518	1	0.928
7006	8914	1	0.803
5909	921	1	0.871
8537	9408	1	0.987
6939	6532	0	0.000146
4155	8237	1	0.908
8275	3843	1	0.975
9431	6670	1	0.985
548	9857	1	0.862
5702	7972	1	0.993
3620	5910	0	0.0006
677	5448	1	0.929
684	2487	1	0.807
4510	4921	0	0.000277
6818	4810	1	0.995
8062	4244	1	0.808
9145	6189	1	0.932
2062	1350	1	0.876
4858	8906	1	0.884
7859	2204	1	0.831
3388	1545	1	0.875
2376	1849	0	0.000484
3185	6512	1	0.898
2483	1000	1	0.813
3948	1028	1	0.859
2840	5712	1	0.911
4206	1796	1	0.939
8112	170	1	0.945
3735	4310	1	0.819
5357	4836	1	0.856
3115	4005	1	0.835
8778	8593	1	0.837
3567	2027	1	0.889
8846	5729	0	0.000555
4919	2396	1	0.923
5937	6000	0	9.83e-05
3364	475	1	0.875
4884	1359	1	0.916
8675	1256	1	0.82
1250	348	0	0.000128
6659	4162	1	0.941
9087	1389	1	0.927
7528	4690	0	0.000298
7811	1439	1	0.849
4312	7786	1	0.826
9170	3941	1	0.945
5670	3828	0	0.000301
3604	2905	1	0.892
3400	1749	0	0.000571
5318	2709	1	0.841
2103	6199	1	0.892
5923	9327	1	0.81
7739	6626	0	0.000504
7162	2453	1	0.908
5951	1953	1	0.825
5261	4155	0	0.00052
822	8514	1	0.854
4844	5993	1	0.922
1641	576	0	0.000319
3708	79	1	0.802
8594	4362	1	0.952
1446	4682	1	0.824
851	4761	0	0.000365
5186	7931	1	0.934
6364	6097	0	0.000548
1312	4797	1	0.892
1234	8147	1	0.8
8210	3138	1	0.988
1242	5825	0	0.000337
6832	1970	1	0.963
7394	1129	1	0.967
9479	5087	1	0.959
6452	3724	1	0.879
4591	9270	1	0.919
9881	3557	1	0.92
6980	5132	1	0.866
472	5427	1	0.945
7	2	1	0.945
3439	7613	1	0.891
9966	5021	0	0.000284
6053	2043	0	0.00063
618	6509	1	0.99
1348	5195	0	0.00051
9757	8813	1	0.962
8796	9921	1	0.941
5110	1335	1	0.833
4934	9032	1	0.882
3994	1953	1	0.983
4175	29	1	0.902
1784	4238	1	0.988
6821	2781	1	0.912
2690	8757	1	0.803
8804	3216	0	0.000532
5139	207	0	0.00023
3055	8355	1	0.981
6372	159	0	0.000108
3372	6191	1	0.814
1375	8221	1	0.986
9086	3301	1	0.846
1654	6677	0	0.000217
6443	31	0	0.000543
1464	9524	1	0.834
9155	7987	1	0.913
7676	5762	1	0.862
9508	2952	1	0.974
2835	9411	1	0.982
7843	273	0	0.000221
7504	191	1	0.835
3661	3060	1	0.98
4344	5130	1	0.936
2584	8485	1	0.893
3102	2012	1	0.815
3203	5494	1	0.871
949	3845	1	0.802
5369	7020	1	0.836
5998	8688	1	0.806
9209	2767	1	0.885
2731	7002	1	0.856
2650	9697	1	0.881
3465	3775	1	0.988
8023	3551	0	0.000111
9910	4928	1	0.876
3867	660	1	0.969
3785	8947	1	0.819
2965	6124	1	0.869
3839	4118	1	0.805
9984	1385	1	0.969
5686	742	1	0.858
1923	9445	1	0.845
9317	8633	1	0.839
612	6968	1	0.901
1338	4055	1	0.922
3128	9264	1	0.92
4039	2179	1	0.852
7841	3900	1	0.826
4426	1800	1	0.909
9879	2123	1	0.928
4598	9420	1	0.931
5947	8165	1	0.992
7165	2080	1	0.885
171	3567	0	0.000546
5735	2842	0	8.46e-05
5688	7229	1	0.887
597	6908	1	0.814
6603	3825	1	0.947
2944	7324	1	0.804
6120	1209	0	0.000327
2606	8831	1	0.805
6176	4001	1	0.904
9201	1824	1	0.818
542	8418	0	0.000564
2630	9026	1	0.934
3956	6585	1	0.836
3990	3799	1	0.96
2726	195	0	0.000589
6542	6564	1	0.881
6901	1407	1	0.886
6675	5055	1	0.898
3391	2216	0	0.000509
4681	7769	1	0.914
4351	1550	1	0.946
8235	131	0	0.000251
528	6101	1	0.981
3549	9277	1	0.905
198	8589	1	0.917
4306	2356	1	0.891
610	926	1	0.896
6488	414	1	0.988
5822	1762	1	0.969
7542	5687	0	0.000368
9290	1563	1	0.833
8140	3664	1	0.906
1974	4038	1	0.954
2197	5596	1	0.965
9999	2962	1	0.907
2555	7428	1	0.932
8203	629	1	0.869
8775	7018	1	0.893
2036	7216	1	0.89
2723	5648	1	0.895
2229	9138	1	0.936
9625	2101	1	0.965
6873	3297	1	0.861
7137	5889	0	0.0003
6795	1786	1	0.86
9724	7047	1	0.908
836	542	1	0.825
1549	3298	0	0.000225
801	7847	1	0.943
3284	7247	1	0.902
4930	9931	1	0.916
1037	5005	0	0.000128
856	3454	0	0.000384
8764	8787	0	0.000174
5885	388	1	0.866
3356	8113	1	0.975
269	7149	1	0.838
9492	254	1	0.847
268	5322	1	0.937
728	8	1	0.971
1886	376	1	0.999
3331	8009	1	0.884
7912	6464	1	0.904
3529	5771	1	0.894
2878	5893	0	0.000351
4120	8184	1	0.885
5651	8596	0	0.000382
6990	6100	1	0.894
6049	9653	0	0.000301
9608	5383	1	0.884
4544	9805	1	0.886
1981	33	1	0.8
1069	9278	1	0.84
3432	7387	1	0.849
3137	866	1	0.835
445	4452	1	0.902
9250	5850	1	0.928
7138	9509	1	0.876
1104	2454	1	0.849
3842	8518	1	0.817
4050	7097	0	0.000434
6061	7350	1	0.849
4470	9610	1	0.899
4955	9041	0	0.000504
8414	5675	1	0.805
4960	607	0	0.000524
322	3089	1	0.853
8182	7646	1	0.917
7549	2156	1	0.815
8132	1181	1	0.861
6037	1542	1	0.83
5430	140	1	0.863
4071	8277	1	0.802
181	178	1	0.8
4771	9275	1	0.981
2479	9072	1	0.876
9443	3235	1	0.918
312	2231	1	0.939
9982	2777	1	0.908
6284	6456	1	0.843
772	756	1	0.898
7750	904	1	0.855
4790	7012	1	0.929
3479	7615	1	0.812
7240	6986	0	0.000172
7669	6766	1	0.859
3050	8177	1	0.933
3038	4859	1	0.841
8718	2269	1	0.94
5794	7633	1	0.872
5216	4078	0	0.000263
4631	1059	1	0.904
7257	5669	1	0.954
6897	501	1	0.914
3458	457	0	0.000203
5387	6438	1	0.981
6764	1458	1	0.873
1534	1883	1	0.89
6611	8099	1	0.942
1063	62	1	0.876
6490	2448	0	0.000552
5907	9382	1	0.997
1115	9346	1	0.958
6660	6409	1	0.978
5896	2052	1	0.969
6993	1262	1	0.916
7441	1627	1	0.928
9742	6667	1	0.859
9467	5733	1	0.968
8535	9026	1	0.925
2527	275	1	0.924
1202	7543	1	0.901
4983	3470	0	0.000344
1274	6683	1	0.839
9404	7448	1	0.8
1399	1655	1	0.855
4209	7248	1	0.959
8375	3017	0	0.00034
5773	8852	1	0.89
2419	7099	1	0.886
9726	1631	0	0.000331
8082	3298	0	0.000118
4114	6383	1	0.99
1284	110	1	0.978
7551	5846	1	0.825
2558	8890	1	0.831
5579	1248	1	0.986
9980	1011	0	0.000262
6776	1611	1	0.825
1642	1316	0	0.00026
376	9359	1	0.826
91	641	1	0.933
4353	1090	1	0.815
8490	2318	1	0.919
9859	5272	1	0.825
8746	2045	1	0.839
7347	7524	1	0.821
1315	8225	0	0.00019
8212	7218	1	0.895
6664	9596	0	0.00042
5906	7195	0	0.000141
615	246	1	0.949
1928	1740	0	0.000101
4703	9278	0	0.000438
8965	4975	1	0.909
831	69	1	0.84
7584	8768	1	0.835
7094	7746	1	0.868
5594	6780	1	0.952
9453	2812	1	0.863
3862	5270	1	0.915
2712	9022	0	0.000181
4516	1568	1	0.848
7927	1346	1	0.948
2929	1539	0	0.000452
6311	2130	1	0.819
4739	8836	0	0.000389
5013	4249	1	0.814
4733	1110	1	0.967
8845	5234	1	0.951
1480	7600	1	0.825
2409	342	1	0.889
848	7107	1	0.804
9134	4773	1	0.87
2513	8357	1	0.922
258	78	1	0.888
9626	6813	1	0.986
251	4610	1	0.968
9497	2267	1	0.923
1698	9055	0	0.000451
3580	5643	1	0.824
2156	7549	1	0.996
5661	2932	0	0.000582
7285	7436	1	0.852
199	6944	1	0.889
892	6511	1	0.811
8477	3657	1	0.933
4688	833	1	0.919
8768	6478	1	0.879
4938	780	1	0.971
6657	7718	1	0.93
354	2871	1	0.841
4010	8598	0	0.000455
2521	2906	1	0.968
7994	9001	1	0.974
372	6083	1	0.838
2538	3574	1	0.911
2968	3984	1	0.811
5305	5658	0	0.000466
1024	9248	1	0.944
3450	5187	1	0.898
3062	1154	1	0.987
7942	9537	1	0.902
8404	7405	1	0.942
1645	2867	0	0.000441
3017	705	1	0.931
3950	9491	1	0.977
2667	9640	1	0.891
957	4801	1	0.972
4434	4461	1	0.817
4889	7902	1	0.811
3978	8487	0	0.000309
8016	195	1	0.837
7527	1824	1	0.92
2141	874	1	0.868
262	289	1	0.964
909	634	0	0.000583
4522	1511	1	0.906
1839	9442	1	0.819
9546	6850	1	0.909
6320	2278	1	0.841
1155	6330	0	0.000403
5151	2878	1	0.817
943	3361	1	0.856
6662	709	0	0.000362
5587	7990	1	0.895
3332	5674	1	0.963
1483	5539	1	0.892
2764	3364	1	0.931
569	1494	0	0.000564
7977	287	1	0.968
5681	45	1	0.929
2277	73	1	0.928
978	3347	1	0.885
3555	7738	1	0.984
5364	931	1	0.825
9628	1203	1	0.987
9150	2094	0	0.000343
1026	677	1	0.96
9307	6592	1	1
1663	9777	1	0.964
4300	1464	1	0.868
3234	8670	1	0.861
8153	7328	1	0.994
7143	2205	1	0.953
2721	9273	1	0.938
1383	2100	1	0.859
1186	2233	1	0.824
4347	6482	1	0.936
8363	5118	1	0.993
8040	5521	0	0.000338
1195	9705	1	0.984
6861	709	1	0.932
7157	1266	1	0.845
6346	7779	1	0.824
2214	8891	1	0.937
666	117	1	0.97
6354	8457	1	0.894
8667	7689	1	0.831
5333	3326	1	0.97
6650	8452	1	0.844
112	3809	1	0.837
6572	6376	1	0.861
3712	4967	0	0.000263
2437	907	0	0.000248
5094	3977	1	0.828
6200	9103	1	0.881
2252	5629	1	0.943
986	5914	1	0.86
7287	6121	0	0.000331
3187	2520	1	0.991
7849	1058	0	0.000616
4320	2870	1	0.985
3507	8234	1	0.869
5765	2635	1	0.893
364	9902	1	0.978
7063	6718	1	0.89
6428	1256	1	0.901
9052	1262	1	0.991
7048	9713	1	0.967
7855	9488	1	0.819
2583	733	1	0.969
3054	6850	1	0.811
538	845	1	0.809
7023	1115	1	0.875
6725	9296	0	0.00043
6694	9752	1	0.975
279	1771	1	0.953
6556	275	1	0.915
7552	1698	1	0.844
545	1439	1	0.961
6963	2862	1	0.848
9957	6264	0	0.000575
514	7530	1	0.962
8281	470	0	0.000513
7368	3517	0	0.000516
9763	5499	1	0.854
7116	7251	0	0.000515
103	8664	1	0.824
7565	31	1	0.995
5696	2025	1	0.972
4217	27	0	0.000195
8461	2090	1	0.972
9773	2539	1	0.994
4864	1445	1	0.957
3375	8617	1	0.904
3920	5690	0	0.000293
1704	1487	1	0.882
9524	1464	1	0.808
2916	4614	1	0.826
5229	1501	1	0.985
8176	1115	1	0.811
3665	143	1	0.877
5798	926	1	0.873
6754	4267	0	0.000639
7616	3052	1	0.883
7130	1812	1	0.865
9301	656	1	0.983
8566	5988	1	0.968
2509	4774	0	0.000525
8340	1354	1	0.821
6276	7780	1	0.955
4101	6375	1	0.862
2102	917	1	0.985
7177	4345	0	0.000632
7937	5241	1	0.819
598	5941	0	0.000571
3979	379	1	0.927
2060	7515	1	0.809
7986	2863	0	0.000487
8650	8466	1	0.859
5213	457	0	0.000194
5764	7123	1	0.811
2093	8879	1	0.918
5769	1883	1	0.961
2009	6383	1	0.996
8223	2407	0	0.00016
2703	5126	1	0.827
1684	2568	1	0.818
8401	898	1	0.84
7573	7523	1	0.845
63	5621	1	0.813
4612	8174	1	0.841
6451	2251	1	0.961
5659	6945	1	0.946
960	2999	1	0.865
5788	9112	1	0.863
2018	1847	0	0.000329
9756	2246	0	9.98e-05
639	7086	1	0.951
650	4721	0	0.000606
527	29	1	0.873
1113	2419	1	0.948
9503	292	0	0.000176
1862	6873	1	0.825
5519	3408	1	0.868
4500	2412	1	0.9
6524	6117	1	0.874
6652	2	1	0.995
691	3507	1	0.818
7682	7593	1	0.843
2470	1412	0	0.000323
429	671	1	0.874
170	5008	1	0.971
7681	1845	1	0.856
7727	9079	1	0.917
3183	9064	0	0.000611
4122	2222	0	0.000575
2123	9879	1	0.868
2574	5769	1	0.92
4471	54	1	0.94
6797	987	0	0.000196
9139	6820	1	0.869
356	6243	1	0.934
4641	2253	1	0.879
4328	853	1	0.856
5901	6688	1	0.922
6807	8101	1	0.868
4449	8633	1	0.91
3482	8860	1	0.822
5672	2217	1	0.885
4687	1915	1	0.808
3660	9222	1	0.977
4052	3660	0	0.000473
6148	7530	1	0.954
4171	253	0	0.000287
4869	3189	1	0.831
9426	1360	1	0.951
4408	3434	1	0.961
404	6525	1	0.841
3323	5841	1	0.916
4680	4161	1	0.826
4226	7689	1	0.875
7371	1199	1	0.956
6038	10	1	0.931
916	1810	1	0.853
9078	2499	1	0.879
2184	5441	1	0.891
738	2615	0	0.000199
9012	8661	1	0.874
9385	4412	1	0.874
5234	3316	1	0.995
8200	306	1	0.804
8903	9180	1	0.966
6525	487	1	0.831
5310	6170	1	0.814
3598	4750	1	0.999
2201	9834	1	0.974
7052	2174	0	0.000292
4060	8868	0	9.02e-05
2050	4475	0	0.000519
9521	1507	1	0.946
7915	1415	1	0.954
4345	3423	1	0.983
5454	605	0	0.000333
5460	1055	1	0.971
3296	4297	1	0.938
1771	1347	0	0.000426
5210	1402	1	0.952
6561	4132	1	0.914
2016	6787	1	0.9
3882	4355	1	0.943
5439	2891	1	0.898
2979	3638	1	0.962
3891	6670	1	0.833
9940	3864	1	0.866
1835	584	0	0.000116
4649	1475	1	0.801
1813	9	1	0.818
8413	9620	1	0.93
6179	21	0	0.000412
1184	1289	1	0.971
7888	1259	1	0.948
9096	9384	1	0.922
7087	7859	1	0.912
6665	4072	0	0.000436
2977	3440	1	0.848
4274	8958	1	0.837
6003	8445	1	0.898
2324	4249	1	0.963
5697	5478	1	0.808
1499	5953	1	0.878
2284	1232	0	0.000322
4127	7456	1	0.979
314	1093	0	0.000519
7261	7134	1	0.813
4024	992	1	0.805
1658	318	1	0.925
9589	9099	1	0.862
5595	9022	1	0.887
6277	1943	1	0.946
6455	4344	1	0.995
8863	2368	1	0.851
9186	2035	1	0.97
7825	3300	0	0.000125
3609	4041	1	0.812
4480	397	1	0.925
4942	147	1	0.841
5052	3940	1	0.821
3471	8500	0	0.000166
7282	235	0	0.000493
1071	332	0	0.000415
5340	5469	1	0.974
7943	8849	1	0.978
1177	422	1	0.873
6748	2218	1	0.807
3193	2044	0	0.000532
540	3348	1	0.943
2672	9701	1	0.845
3963	7947	1	0.996
3875	1358	1	0.964
9787	1758	0	8.24e-05
4040	5232	1	0.983
4106	9966	1	0.95
5952	9246	1	0.999
2919	7181	1	0.843
2412	1661	1	0.813
6435	5260	0	8.77e-05
4784	4439	1	0.986
7759	7100	1	0.974
3271	7206	1	0.911
3141	2126	1	0.92
3831	9948	1	0.978
9417	456	1	0.914
2576	6057	1	0.834
5576	5859	1	0.812
5152	7063	1	0.954
6991	249	0	0.000538
9720	7905	1	0.876
9325	3716	0	0.000608
9422	185	1	0.96
3897	6346	0	0.000234
6194	793	1	0.867
93	1814	1	0.915
4041	3955	1	0.982
9842	3185	1	0.983
1098	7613	0	0.000407
2004	3056	1	0.804
6392	5221	1	0.901
7051	5861	1	0.828
6230	3862	1	0.947
7009	7691	1	0.875
468	9063	1	0.926
6413	3328	1	0.938
4121	2940	1	0.907
2698	8502	1	0.961
6144	3191	1	0.874
133	8357	1	0.973
8781	4919	0	9.06e-05
1991	5772	1	0.847
9732	7539	1	0.936
2510	3069	1	0.832
5426	1718	1	0.889
4893	9029	1	0.853
4755	8543	1	0.844
1591	4075	1	0.904
9839	4665	1	0.995
5514	8366	1	0.816
1264	388	1	0.949
574	1352	1	0.963
9444	1962	1	0.908
4387	1785	0	0.000267
1207	8003	1	0.881
9321	7195	1	0.805
8909	5429	1	0.846
9017	3803	1	0.839
8100	361	1	0.975
1546	4760	1	0.919
5415	9586	1	0.889
5245	3061	1	0.873
5240	83	1	0.951
1660	8001	1	0.897
4736	2256	1	0.972
774	9443	1	0.892
6988	3059	1	0.896
5853	5459	0	0.000122
519	1919	1	0.932
656	5793	1	0.953
9694	2913	1	0.903
7489	5731	0	0.000125
1635	8877	1	0.987
1747	283	1	0.886
3498	5801	0	0.000491
871	6875	1	0.845
824	3262	1	0.89
5869	3986	1	0.986
9580	1874	1	0.845
8991	3667	1	0.829
303	2085	1	0.927
9211	1003	0	0.000424
2455	9095	1	0.812
1346	2501	1	0.814
9345	4573	1	0.859
9516	744	0	0.000265
5944	3659	1	0.925
4953	9132	1	0.835
6153	1655	1	0.976
9535	1068	1	0.896
5569	1444	1	0.941
1557	2154	1	0.923
9095	8281	1	0.941
3436	9026	1	0.98
4498	3595	1	0.901
117	6947	1	0.962
3047	1889	1	0.999
2814	3090	1	0.931
2914	4249	1	0.951
7056	9138	1	0.923
7266	9429	1	0.819
2623	800	1	0.918
4973	5320	1	0.888
2923	5625	1	0.846
3146	1285	1	0.947
7419	9420	1	0.959
665	442	1	0.978
3367	9754	0	0.000387
623	6509	1	0.813
5543	5775	1	0.852
6955	2764	0	0.000553
21	6443	1	0.973
1434	6784	1	0.818
1318	7010	1	0.803
6352	7103	1	0.887
4008	4959	1	0.9
3305	5058	0	0.00052
467	872	1	0.996
2171	9738	0	0.000296
5849	1340	1	0.983
4149	1637	1	0.967
8881	5560	0	0.000401
5749	1038	1	0.95
2010	2315	1	0.858
8933	5	0	0.000401
4126	7826	1	0.853
9275	6124	1	0.806
5920	4143	1	0.807
3218	6819	0	0.000188
2329	583	1	0.952
7251	1832	1	0.871
6122	6111	0	0.000474
5285	7314	1	0.996
3542	3291	1	0.855
9036	8984	1	0.853
3971	4396	0	0.000475
6023	536	1	0.941
5894	9843	1	0.814
3679	2507	1	0.815
2974	2561	1	0.831
4768	285	1	0.871
8066	1763	1	0.885
3359	9626	0	0.000526
2508	3034	1	0.972
4303	9344	1	0.83
5823	6777	1	0.892
4743	2459	1	0.987
9091	6224	1	0.908
8491	399	1	0.942
9350	9409	1	0.962
9308	7330	0	0.00029
8191	4584	0	0.000193
4521	5200	1	0.909
5020	2381	1	0.98
4193	6849	1	0.807
334	5001	1	0.928
6502	931	1	0.98
2850	2278	1	0.979
928	4432	1	0.864
7550	2955	1	0.816
7421	2173	1	0.868
908	394	1	0.863
9828	4581	1	0.833
6935	8437	1	0.95
6499	5593	0	0.000605
9245	6769	1	0.801
1890	7987	1	0.997
5090	5743	1	0.944
403	9876	1	0.812
8139	8040	1	0.964
8638	1615	1	0.901
4933	5637	1	0.991
4780	1433	1	0.979
8287	3286	1	0.816
415	7265	0	0.000476
1116	4694	1	0.969
4547	159	1	0.938
7895	8039	1	0.859
8394	8273	0	0.000294
3886	1597	1	0.975
1885	854	1	0.962
8685	222	0	0.000537
7851	1151	0	0.000499
7024	2387	1	0.894
2175	7655	0	0.000159
414	1215	0	0.000545
910	296	1	0.964
8418	1311	1	0.949
4676	3041	1	0.977
6083	1641	1	0.999
1008	477	1	0.961
2266	3298	1	0.922
1188	1371	1	0.893
9659	7780	1	0.848
7492	6498	1	0.949
812	9897	1	0.974
7707	2890	0	0.000166
4113	4086	1	0.82
5185	420	1	0.864
4728	5614	1	0.966
6550	5270	0	0.000447
1551	6369	1	0.895
1544	7288	1	0.862
213	4011	1	0.865
5307	5289	1	0.904
8380	2640	1	0.872
144	1695	1	0.893
5406	2570	1	0.873
1762	1625	0	0.000417
5914	88	0	0.000278
5154	174	1	0.867
4751	382	1	0.942
5743	5871	1	0.955
8479	3255	1	0.854
3078	7778	1	0.803
7627	6459	1	0.93
3572	1403	1	0.852
5267	5808	1	0.95
3765	6311	1	0.824
9506	2997	0	0.000392
8842	2462	0	0.000577
7012	500	1	0.996
5925	9137	1	0.833
906	8736	1	0.909
3335	5759	1	0.987
3918	2704	1	0.91
1435	8678	1	0.985
7656	3968	1	0.822
9358	4548	1	0.964
4489	489	1	0.86
6233	2554	1	0.979
437	6083	1	0.945
698	8967	1	0.903
4628	93	1	0.892
9944	1812	1	0.934
75	1487	1	0.976
7166	6990	1	0.939
4432	9301	0	0.000237
8899	6036	0	0.000171
1749	3986	1	0.818
6575	5554	1	0.806
8366	2839	1	0.867
7591	1066	1	0.98
4892	2804	1	0.909
648	2918	0	0.000119
9627	6032	1	0.925
331	26	0	0.000343
8158	2621	1	0.845
6601	2282	1	0.896
1966	8764	1	0.896
8867	2988	1	0.884
8368	576	1	0.951
3775	6041	0	0.000449
4356	706	1	0.841
8919	4840	0	0.000425
6570	8898	1	0.905
8116	4546	1	0.995
2243	7597	1	0.961
5418	3366	1	0.967
9123	1569	0	0.000578
3659	598	1	0.951
6280	7101	1	0.963
4807	2714	1	0.802
3517	2580	1	0.914
1182	8109	1	0.872
8658	8326	1	0.892
3781	1743	1	0.981
7363	3620	1	0.845
4317	1985	1	0.86
2178	2129	1	0.885
2886	700	1	0.93
5203	4581	1	0.898
9293	9109	1	0.945
7708	7516	1	0.929
4486	4797	1	0.821
764	653	1	0.87
918	995	1	0.897
3208	8530	1	0.833
3988	7689	1	0.957
3476	2577	1	0.851
4490	2799	0	0.000244
5164	5652	1	0.889
1525	2341	0	0.000406
257	3522	1	0.824
4691	462	1	0.856
4840	9323	1	0.911
819	9325	1	0.913
9683	6587	1	0.972
1930	2906	1	0.961
2714	6108	1	0.979
4399	1732	1	0.864
580	5380	1	0.866
936	3695	1	0.937
5828	6689	1	0.81
3515	8456	1	0.824
9176	232	1	0.88
7997	200	1	0.995
4221	9126	1	0.872
2718	508	1	0.922
319	9184	1	0.939
4291	1734	0	0.000105
7684	1957	0	0.000359
5183	6876	1	0.929
6586	3748	1	0.873
5790	8714	0	0.000382
8593	5421	1	0.878
2590	9205	1	0.985
3462	1775	0	0.000362
669	8376	1	0.931
1824	3810	0	0.000223
4235	8101	0	0.00044
6612	2349	1	0.858
3330	3852	1	0.932
391	1629	1	0.921
2847	8996	1	0.959
8104	2085	1	0.883
8201	3032	1	0.82
6152	1883	1	0.871
2316	51	1	0.85
6788	8626	1	0.835
6762	9234	1	0.993
6649	5554	1	0.986
2173	3173	1	0.9
4256	6279	0	0.000253
4813	4130	1	0.91
1226	975	0	0.000201
1942	2205	0	0.000238
843	243	1	0.941
6492	416	0	0.000192
119	7976	0	0.000539
4277	3187	0	0.000311
9616	8524	1	0.875
240	0	1	0.965
8726	6368	1	0.839
5125	2359	1	0.906
8190	8971	1	0.938
1873	895	0	0.000352
1770	273	1	0.937
7771	49	0	0.000456
6420	7993	1	0.883
5738	8071	1	0.95
5359	18	0	0.000569
559	2617	1	0.896
6062	17	0	0.00016
2008	1164	1	0.961
3442	364	1	0.932
4913	593	0	0.000108
2387	7024	1	0.883
2267	7145	1	0.872
2369	5648	1	0.985
4615	7298	0	0.000178
4192	8043	0	0.000413
5257	6090	1	0.875
4243	6103	0	0.000261
3782	152	1	0.982
3949	8046	1	0.933
7517	8147	1	0.956
2160	4246	1	0.849
832	1969	0	0.000124
6585	8271	1	0.885
2342	1290	1	0.874
4941	246	1	0.953
6273	6946	1	0.875
5982	4846	1	0.837
157	1018	1	0.962
7139	4063	1	0.923
6075	6373	0	0.000552
6908	8145	1	0.821
6728	4859	0	9.74e-05
5168	1341	1	0.816
6569	9268	0	0.000492
4085	7657	1	0.879
2216	5025	1	0.982
4625	13	1	0.936
8034	3664	1	0.846
8059	4681	1	0.998
9840	112	1	0.892
3987	1798	1	0.895
4848	8563	1	0.913
9083	6585	1	0.838
8713	1314	1	0.82
5405	7257	1	0.907
4876	1737	1	0.851
9695	2438	1	0.809
2761	6623	1	0.807
6712	4823	1	0.88
1127	3238	1	0.856
9928	5421	1	0.886
4236	5091	1	0.926
8219	9970	1	0.912
7979	3275	1	0.922
6337	7691	0	0.000332
2366	4762	1	0.869
2153	562	1	0.898
4176	3976	1	0.82
130	5289	1	0.906
1940	2133	1	0.862
6081	8505	1	0.801
5624	9331	1	0.871
2058	4452	1	0.817
2196	110	1	0.893
436	8503	0	0.0006
1407	4897	1	0.995
9978	5148	1	0.877
5056	2587	1	0.846
9205	325	1	0.811
9934	3067	0	0.000143
3238	9259	1	0.919
854	8084	1	0.83
888	2682	1	0.869
6906	3325	1	0.969
6378	4272	0	0.000123
2356	1787	0	0.00052
5422	770	0	0.000267
714	606	1	0.944
3384	6547	1	0.967
2921	703	1	0.97
7653	3707	0	0.000521
6224	1164	1	0.98
6254	2901	1	0.898
2843	8679	1	0.82
6314	1562	1	0.811
3275	5397	0	0.000332
1342	607	1	0.813
2110	2359	1	0.805
7805	1040	1	0.927
9988	1202	1	0.906
9092	317	1	0.847
2263	7343	1	0.847
2180	178	0	0.000277
1865	3174	1	0.844
1421	8172	1	0.94
1068	372	1	0.935
4141	1727	0	0.000479
3239	5616	1	0.867
9121	78	0	0.000124
109	4743	1	0.862
7914	1877	1	0.829
9547	1176	0	0.000479
3031	7769	1	0.887
4409	9357	1	0.834
2107	6200	1	0.878
3480	8728	1	0.947
2400	1009	1	0.88
2428	1886	1	0.998
8492	4950	1	0.952
2357	5998	1	0.956
4105	6242	0	0.000529
3623	2645	1	0.909
249	6417	1	0.88
6702	7398	1	0.914
5480	4423	1	0.84
5174	8287	1	0.975
37	1316	1	0.885
7060	9063	1	0.901
4684	2618	0	0.000634
9882	7070	1	0.807
3983	7693	1	0.94
1353	950	1	0.938
8197	1683	0	0.000454
2562	526	1	0.829
5206	3041	1	0.845
7931	5860	1	0.946
4404	2063	1	0.957
3810	4161	1	0.867
2526	6417	1	0.977
7008	519	1	0.943
4797	6096	1	0.978
6589	1092	1	0.956
8128	4152	1	0.815
2130	3765	1	0.923
8979	3761	1	0.99
1951	8301	1	0.969
7501	462	1	0.983
9327	7354	1	0.922
6663	2832	1	0.92
9595	9556	1	0.901
6142	1293	1	0.874
366	1879	0	0.000503
8679	1195	1	0.924
3556	2541	1	0.955
9599	562	1	0.968
4972	1271	1	0.812
604	2560	1	0.899
6160	1390	0	8.68e-05
6025	607	0	0.000593
5612	3954	1	0.841
246	991	1	0.92
2605	339	0	0.000408
4455	4820	1	0.899
806	39	1	0.944
636	1026	1	0.809
8655	9873	1	0.878
2933	6576	1	0.813
7243	6982	0	0.000362
5912	5098	1	0.992
3506	2350	1	0.903
6633	9166	1	0.998
5837	3982	1	0.839
5797	9469	1	0.926
9648	1918	1	0.848
4301	3396	1	0.824
1476	3570	1	0.959
9785	2271	1	0.91
4147	8658	0	0.000143
9072	2479	0	8.19e-05
9240	3287	1	0.87
1791	4379	1	0.944
4250	20	1	0.922
8730	4982	1	0.976
241	5771	1	0.867
9845	61	1	0.893
7797	116	1	0.94
7430	2988	1	0.938
2586	5853	1	0.985
8719	3430	1	0.968
2797	7431	1	0.94
5436	7435	1	0.821
8129	545	1	0.899
4698	5900	1	0.896
8213	5910	1	0.826
3678	1479	1	0.954
3352	8478	0	0.000587
2874	2515	1	0.94
8589	1002	1	0.895
4526	349	0	0.000582
393	4202	0	0.000149
8353	4802	1	0.973
34	2594	0	0.000327
543	382	1	0.934
182	6110	1	0.945
5581	8958	1	0.996
1337	7525	1	0.841
8111	2295	1	0.982
9300	5826	1	0.924
4047	1407	1	0.874
8308	3908	1	0.953
3293	3378	1	0.923
8424	831	1	0.852
3272	9068	1	0.96
6627	2974	1	0.965
2311	7437	1	0.833
2748	4461	1	0.966
1426	2577	1	0.977
6844	2430	1	0.852
2081	9699	1	0.973
3744	2152	1	0.922
3468	6215	0	0.000247
2351	1958	1	0.824
8468	1358	1	0.865
6545	5935	1	0.901
300	3566	1	0.96
5695	7535	1	0.91
2186	7350	1	0.877
8826	7309	1	0.81
7891	6426	1	0.981
7865	7612	0	0.000498
8097	5050	1	0.802
5931	882	1	0.882
174	1199	0	0.000305
5438	9875	1	0.929
6918	4067	1	0.816
4931	635	1	0.82
7667	423	1	0.862
9037	425	1	0.814
8811	360	0	0.000105
9967	9428	1	0.937
6479	8751	1	0.992
9974	2460	1	0.864
3844	5033	1	0.876
5417	7632	1	0.928
1403	8768	1	0.963
2791	4999	0	0.000618
7754	7780	1	0.857
5283	8663	1	0.924
1871	60	0	0.000339
2917	2180	1	0.817
6028	4811	1	0.899
8170	1242	1	0.852
3344	2342	1	0.939
5129	7439	1	0.856
7227	9713	1	0.871
5571	140	1	0.881
2348	5281	1	0.843
5699	2655	0	0.000176
561	4111	0	0.000356
5574	5770	0	0.000398
3730	251	1	0.969
1646	116	1	0.802
8005	1997	1	0.918
1382	5369	1	0.868
1553	3859	1	0.933
7272	2665	1	0.888
2217	4688	1	0.939
7532	3124	1	0.84
3821	8520	1	0.852
38	491	1	0.821
2309	7753	1	0.82
7486	3478	1	0.971
6749	868	1	0.909
6926	1916	1	0.962
2367	52	1	0.918
8950	1233	1	0.991
5547	8652	1	0.835
9668	501	1	0.814
3167	9346	0	0.000586
7555	9998	1	0.986
3220	6999	1	0.865
3130	3415	0	0.000163
7485	1575	1	0.863
9260	3346	1	0.949
748	570	0	0.000375
6226	8854	1	0.938
3178	9512	1	0.902
1519	7776	0	0.000552
6008	4762	1	0.835
6874	659	1	0.821
2861	1857	1	0.873
7478	7007	1	0.812
8749	3184	1	0.887
1547	8334	1	0.944
7520	5349	1	0.934
9177	3522	0	0.000444
1401	4733	1	0.932
6654	7012	1	0.827
1027	4730	1	0.922
7817	1177	1	0.878
490	693	1	0.852
8894	460	1	0.894
8154	5233	0	0.000192
9931	1404	1	0.957
8665	980	0	0.000602
7655	4043	0	0.000602
3667	3205	1	0.965
925	1088	1	0.875
1010	4386	1	0.815
2472	1758	1	0.801
3089	5667	1	0.93
4329	7006	1	0.853
3032	867	0	0.000499
5016	1782	0	0.000417
3826	6979	1	0.844
2781	7008	1	0.837
2776	7920	1	0.848
2189	405	1	0.884
3760	4696	1	0.818
8207	9398	0	0.000288
8343	7027	1	0.964
2494	1541	1	0.97
2866	4371	1	0.858
2757	323	1	0.95
8767	8588	1	0.982
1817	5713	1	0.946
5453	8011	1	0.897
3720	3709	1	0.839
2709	1711	1	0.899
78	4095	1	0.967
176	2018	1	0.994
3977	2063	1	0.97
3227	325	1	0.807
473	9502	1	0.939
560	6336	1	0.818
456	4959	0	0.000185
1685	474	0	0.000611
8459	6111	0	0.000151
8600	5873	1	0.926
8043	7777	1	0.9
1779	8704	1	0.869
1048	2814	1	0.901
9441	6137	1	0.984
7079	2505	0	0.000312
903	2564	1	0.948
4502	1906	1	0.92
2158	9263	0	0.000506
3429	470	1	0.927
2930	6186	1	0.843
3628	9357	1	0.927
8941	3124	1	0.96
4552	5837	0	0.000289
2752	693	1	0.878
4578	501	1	0.88
5114	3135	1	0.844
8422	9294	1	0.829
2603	3527	0	9.66e-05
816	8033	1	0.81
5329	8836	1	0.914
7585	7141	1	0.879
701	3383	1	0.884
3590	7860	0	0.000572
985	5167	1	0.95
1881	1382	1	0.927
4077	927	1	0.963
2858	71	1	0.852
2815	1380	1	0.956
3669	3425	1	0.916
1416	5116	1	0.849
3877	8086	1	0.872
2536	630	1	0.87
5640	3523	1	0.995
753	8777	0	0.000618
3444	2684	0	0.000528
7081	8240	1	0.896
9259	3238	1	0.815
3952	8457	1	0.929
1076	2249	1	0.823
5007	8159	1	0.926
4663	2878	1	0.828
9392	3091	1	0.952
6995	804	1	0.923
9448	6517	1	0.874
6437	870	1	0.851
1548	3140	0	0.000489
6987	5152	1	0.88
36	207	1	0.854
428	1145	1	0.895
4868	6228	0	0.000192
4157	2109	1	0.998
967	4122	1	0.929
5447	8991	1	0.896
2493	928	0	0.00053
5138	8653	1	0.805
9026	5382	1	0.967
5093	5329	1	0.832
1972	2378	1	0.833
5924	6609	1	0.888
4949	1789	1	0.971
3389	8711	1	0.837
2188	7077	1	0.931
4536	3520	0	0.000505
6231	4594	1	0.946
5904	7786	1	0.996
9328	609	1	0.945
165	9687	1	0.994
6133	2013	1	0.895
9258	574	0	0.000627
991	12	1	0.818
7535	1594	1	0.866
4708	4296	1	0.866
5373	4974	1	0.997
2260	3684	1	0.989
9538	4926	1	0.84
3288	7592	1	0.903
2671	5170	1	0.835
5720	1717	1	0.8
1433	9703	1	0.843
7972	4324	1	0.861
2557	6265	1	0.81
8792	1147	1	0.845
6426	3283	1	0.855
9481	837	1	0.965
8664	8411	1	0.879
3076	9539	1	0.837
9442	5631	1	0.977
9731	6260	1	0.931
1269	2476	0	0.000327
734	1361	1	0.866
8024	2965	1	0.824
6453	786	1	0.985
2530	6188	1	0.857
6882	7333	1	0.827
2973	1018	1	0.835
7640	7975	1	0.888
5533	533	1	0.886
3562	1775	1	0.839
7379	9186	1	0.946
7020	101	1	0.905
1888	3134	0	0.000602
3163	1429	1	0.81
5959	2822	1	0.903
4110	8066	0	0.000367
2753	4359	1	0.999
6334	2934	0	0.000601
8302	6688	1	0.806
4313	2248	1	0.988
7702	1482	0	0.00014
3478	3106	0	8.7e-05
870	4596	1	0.852
6697	4891	1	0.903
4759	5790	0	0.000128
5498	80	1	0.916
9976	949	1	0.954
5656	508	1	0.989
5202	1372	1	0.954
6913	103	1	0.859
6402	1678	1	0.917
6677	5212	1	0.993
9853	9923	1	0.999
9000	1650	0	0.000373
2563	9758	1	0.879
5713	1487	1	0.998
7141	2300	1	0.883
3065	8579	1	0.869
5485	2346	1	0.86
6808	3831	0	0.000434
1691	567	1	0.87
6090	2767	1	0.867
6407	7999	1	0.925
209	4989	1	0.821
4170	330	1	0.899
9717	9885	1	0.99
1717	9560	1	0.954
9917	6604	1	0.944
2556	660	1	0.993
2236	1428	1	0.942
8614	8887	1	0.858
9826	7532	1	0.929
8805	4524	1	0.943
2822	450	1	0.866
6794	4910	1	0.922
5022	207	1	0.834
7744	1349	1	0.922
6411	7631	1	0.9
3077	335	0	0.000544
8238	3599	1	0.874
7908	5809	1	0.992
9582	3628	1	0.862
3493	1573	1	0.806
6211	485	0	0.000155
5053	1694	0	0.000577
8741	5853	1	0.844
901	6078	1	0.918
6994	6983	1	0.927
4715	6110	1	0.83
7723	1659	1	0.994
640	175	1	0.801
407	6380	1	0.993
6178	454	1	0.897
3709	1311	1	0.931
6275	4433	0	0.000194
3545	3544	0	0.000121
8829	9030	1	0.993
8433	2199	1	0.966
4263	4274	1	0.927
9936	4936	1	0.914
4325	717	1	0.899
2915	6243	1	0.884
5313	2884	1	0.876
9769	4934	1	0.824
7350	5324	1	0.835
3091	6376	1	0.847
2336	3102	1	0.942
5115	9596	1	0.934
7557	3162	1	0.898
6789	3615	1	0.968
3433	2699	1	0.888
5157	6961	1	0.961
2938	813	1	0.96
2823	2299	1	0.888
222	3873	1	0.933
9764	970	1	0.823
8398	5877	0	0.00049
1474	7814	1	0.991
3082	4966	1	0.946
1016	3325	1	0.811
5728	8666	1	0.904
6727	2397	0	0.000632
4257	2541	1	0.962
5176	1383	1	0.906
5380	4743	1	0.969
7113	8076	1	0.973
32	8129	1	0.986
1634	6021	1	0.956
5602	9856	1	0.853
1368	9140	1	0.939
3591	2862	1	0.865
1609	1113	1	0.913
8660	5553	1	0.977
1653	1722	1	0.974
7545	3040	1	0.929
3069	4025	0	0.000229
8747	6156	0	0.000424
652	9173	0	0.000409
6791	9875	1	0.86
3691	6862	1	0.945
8706	9307	1	0.834
607	1544	1	0.911
8731	3915	1	0.927
581	2174	1	0.959
6498	7839	1	0.914
3343	4174	1	0.963
2146	5185	1	0.926
243	320	0	0.000327
2877	559	1	0.815
2978	8282	0	0.000537
6026	1482	1	0.897
1619	133	1	0.897
2352	586	1	0.8
2000	2565	1	0.926
576	2844	1	0.937
3981	241	1	0.96
8038	8185	1	0.911
4276	2302	1	0.872
7510	1758	1	0.894
1999	5761	1	0.807
7973	9914	1	0.903
9767	6122	1	0.908
837	9481	0	0.000408
8079	9270	1	0.845
252	7228	1	0.843
4036	8474	1	0.842
1479	1967	1	0.975
5464	5546	1	0.974
8833	780	1	0.93
5854	3932	1	0.882
2143	1372	0	0.00026
5650	683	0	0.000344
6639	1460	1	0.85
8175	3622	1	0.847
2422	77	0	0.00031
1258	2493	1	0.835
7431	8619	1	0.995
1166	300	1	0.905
4621	3581	0	0.000609
6560	6915	0	0.000359
2674	6563	1	0.866
8820	1175	1	0.804
6085	2010	1	0.846
5077	825	1	0.885
2147	7599	1	0.88
7531	7051	1	0.894
9489	9024	1	0.908
5565	2581	1	0.997
3285	7779	0	8.78e-05
1509	7477	1	0.807
1967	6182	1	0.937
7575	3928	1	0.995
3543	9188	1	0.835
1707	1660	0	0.000614
442	279	1	0.863
8656	9474	1	0.947
7412	9025	1	0.883
4875	6550	1	0.945
6554	9778	1	0.884
7605	4200	1	0.815
5964	3314	1	0.905
8013	7100	1	0.953
5458	3237	0	0.000445
5153	7576	1	0.944
3596	7293	1	0.94
7110	1424	1	0.984
129	376	1	0.956
5280	4693	1	0.805
3573	7085	1	0.802
2015	2157	1	0.801
8573	5198	1	0.847
1059	5268	0	0.000359
4579	6119	1	0.867
8396	8933	1	0.946
2612	2597	1	0.984
6405	1444	1	0.901
7017	4694	1	0.984
6397	9068	1	0.806
9364	1288	1	0.911
5667	6048	1	0.834
2975	7423	1	0.822
2532	5609	1	0.846
864	4093	1	0.95
2002	3809	1	0.816
491	4793	1	0.918
6640	6669	1	0.858
69	2601	1	0.801
9484	4389	1	0.825
6628	3227	0	8.6e-05
9406	1998	0	0.000609
6559	1313	1	0.876
7187	9911	1	0.994
722	7494	1	0.845
8301	808	1	0.846
4915	540	1	0.964
507	6284	1	0.956
3837	6254	1	0.988
1914	30	1	0.97
6325	6810	1	0.85
1710	187	0	0.000274
9126	147	1	0.833
572	7562	0	0.000607
1692	2661	1	0.928
1736	3468	0	0.000138
1897	981	1	0.937
8457	1390	1	0.864
9563	9782	0	0.000213
2202	6936	1	0.881
579	7855	1	0.952
4200	680	1	0.841
6274	2171	1	0.861
4908	5938	1	0.871
9070	8285	1	0.913
9505	279	1	0.885
5613	720	1	0.927
4541	16	1	0.945
5122	7912	1	0.916
795	8284	1	0.977
3129	287	1	0.986
1603	5642	1	0.972
1032	719	1	0.883
7047	3928	0	0.000581
4656	5729	1	0.851
7507	7921	1	0.852
6889	4898	1	0.885
7163	1711	0	0.000554
9447	3610	1	0.845
8937	2842	1	0.869
2531	3607	1	0.872
6260	3649	0	0.000149
1023	8983	1	0.861
3341	9974	1	0.805
7930	3724	1	0.835
9348	3752	0	0.000412
8506	1798	1	0.893
148	1655	1	0.985
8552	2140	1	0.801
3210	0	0	0.000291
9630	4060	0	0.000406
1323	1309	1	0.928
142	116	1	0.8
5227	1183	0	0.000639
923	7902	1	0.858
6723	1201	1	0.908
8206	4942	1	0.952
3815	7142	1	0.96
4954	4921	1	0.992
644	9066	1	0.891
5521	9374	1	0.983
2762	8065	1	0.91
4275	5575	1	0.872
2673	477	1	0.813
4104	9450	1	0.803
3645	1471	1	0.962
7365	762	1	0.863
3250	310	0	0.000587
505	958	1	0.922
4716	2884	1	0.85
941	3958	1	0.819
7497	9703	1	0.83
8202	8233	1	0.807
4815	5602	1	0.809
796	762	1	0.953
7004	9497	0	0.000274
7881	6848	1	0.976
9562	1997	1	0.815
8930	859	0	0.000205
9386	8648	1	0.961
5242	6339	1	0.956
4184	6978	1	0.895
50	200	0	0.000626
7414	5532	1	0.963
8022	2552	1	0.973
9573	8033	1	0.99
5491	6718	1	0.828
8969	8038	1	0.821
2810	7381	0	0.000108
8217	9271	1	0.945
7389	727	1	0.845
2600	3454	1	0.886
7142	7705	0	0.000125
8108	3816	1	0.854
8048	6004	1	0.918
3931	9083	0	0.000517
5727	4704	1	0.936
3133	4106	1	0.818
5674	3332	1	0.819
9824	183	1	0.83
1212	1474	1	0.897
5553	3169	1	0.889
6481	302	1	0.863
6431	6233	1	0.907
5462	1905	1	0.811
2569	2484	1	0.854
6297	4219	1	0.854
421	184	1	0.871
3865	8340	1	0.889
6638	3136	1	0.906
1802	6945	0	0.000185
3246	2346	1	0.935
2333	2629	0	0.0006
126	2523	1	0.989
896	7918	1	0.985
2697	3455	1	0.868
2155	8153	1	0.915
8027	285	1	0.803
1598	4381	1	0.92
5605	2242	1	0.931
3683	4900	1	0.98
6979	1791	0	9.66e-05
77	8938	1	0.807
308	406	1	0.831
729	1158	1	0.856
483	209	1	0.913
5936	9677	1	0.868
1633	651	0	0.000622
1788	2655	1	0.853
1174	5539	0	0.000502
9572	1469	1	0.951
1945	7197	1	0.865
6950	4218	0	0.000503
866	1072	1	0.966
6701	5575	0	0.000144
7420	3587	1	0.955
2113	4278	1	0.973
1583	840	1	0.813
4613	5669	1	0.828
5428	4498	1	0.92
4386	8976	1	0.876
2540	2464	1	0.953
790	393	1	0.907
2610	4710	1	0.834
2960	7897	1	0.895
4683	1225	1	0.985
878	1119	1	0.992
1389	76	1	0.82
7230	6133	1	0.946
2017	9442	1	0.967
6036	3289	1	0.907
9011	1199	1	0.849
3216	2325	1	0.863
2649	8897	1	0.855
6136	4959	1	0.807
1162	8788	1	0.921
8707	5011	1	0.906
6920	1258	1	0.891
5757	9541	1	0.988
1857	244	0	0.000107
9771	6678	1	0.943
7482	8123	1	0.845
8387	4616	1	0.992
4567	1247	1	0.805
2124	2283	1	0.919
4697	8862	1	0.808
4042	4567	1	0.811
7014	1316	1	0.863
7971	8154	1	0.817
3497	4583	1	0.858
8227	4239	1	0.918
1614	8854	1	0.905
266	205	1	0.851
3917	6278	1	0.844
5717	2794	1	0.839
9789	2022	1	0.837
3563	7228	1	0.859
1905	8359	1	0.925
5198	6588	1	0.981
6374	795	1	0.832
7956	7819	1	0.909
8678	9024	1	0.897
8620	940	1	0.882
9903	9960	1	0.977
4939	4360	1	0.922
6881	8271	1	0.971
4156	372	1	0.936
1831	3245	1	0.853
6824	2219	1	0.942
9783	7357	1	0.881
8446	956	0	0.000543
2970	2318	0	0.000555
6396	4221	1	1
2700	4473	1	0.834
166	628	1	0.87
8165	5092	0	0.000411
2245	634	1	0.826
9945	2960	1	0.809
116	6244	1	0.877
4095	258	1	0.814
5246	5453	1	0.901
879	825	1	0.882
5012	4108	1	0.875
5403	4425	1	0.842
234	8151	1	0.928
3773	4345	1	0.842
2381	3798	1	0.892
7216	2036	1	0.978
8793	7110	1	0.876
5315	9374	1	0.955
1018	1299	1	0.907
5763	7247	0	0.000229
3637	6127	1	0.952
1298	5959	1	0.875
1371	1877	1	0.806
8070	1263	1	0.983
9029	3623	0	0.000361
9698	5037	1	0.869
6674	963	1	0.9
1350	630	0	0.000188
8384	688	1	0.872
4523	5592	1	0.97
5889	7185	1	0.969
1387	368	0	0.000545
8361	6221	0	0.000325
1947	6058	0	0.000178
8329	228	1	0.987
3496	2307	1	0.903
2034	6309	1	0.855
1105	8095	1	0.808
9057	6833	1	0.963
536	1	0	0.000431
2228	835	1	0.834
7464	3185	1	0.826
7077	866	1	0.803
2092	3321	1	0.883
3538	1025	1	0.851
3751	1405	1	0.939
1246	3677	1	0.97
7769	889	1	0.987
741	8421	1	0.998
2817	7094	1	0.902
8177	7289	0	9.16e-05
4090	3281	1	0.825
1263	286	1	0.933
6958	5755	1	0.822
7073	1665	1	0.942
6048	127	1	0.905
5444	9478	1	0.862
8494	2344	0	0.000321
9490	9522	1	0.942
9800	4357	1	0.9
1442	1088	1	0.917
7041	4617	1	0.944
7434	1276	0	0.000625
1656	6892	1	0.941
8617	3375	0	0.000302
134	1531	1	0.988
6552	8299	1	0.821
480	5859	1	0.959
7887	5116	1	0.968
8893	2893	1	0.916
5322	9312	1	0.981
1560	3361	1	0.974
7641	4287	1	0.931
7628	5528	1	0.941
3001	1479	1	0.934
8109	1107	1	0.988
4675	9936	1	0.888
9947	8272	1	0.968
9214	517	1	0.897
1847	2986	1	0.831
8853	851	1	0.96
4397	109	0	0.000581
3984	9339	0	0.000185
2743	84	1	0.933
244	3651	1	0.871
9227	8039	1	0.956
8765	4960	0	0.000373
9951	705	1	0.805
3521	7571	1	0.989
7333	5902	1	0.903
3192	7514	1	0.927
2711	6164	1	0.858
3937	665	0	0.000287
5882	7448	1	0.948
2724	8777	1	0.828
5796	7776	1	0.95
8241	3843	1	0.972
5500	8240	0	0.000168
2506	8910	1	0.857
478	4324	0	0.000325
105	4571	1	0.897
1429	2456	1	0.961
9372	3360	1	0.935
5774	7536	1	0.829
3541	6814	1	0.852
7617	2360	1	0.972
6850	7003	1	0.998
5940	562	1	0.831
4266	966	1	0.981
8527	1702	1	0.891
8321	8744	1	0.981
2507	148	1	0.978
9871	517	1	0.831
3145	8111	1	0.903
3919	6456	1	0.806
4465	2366	1	0.902
7547	2692	1	0.878
8497	1202	0	0.000421
8877	1283	1	0.895
8895	4784	1	0.817
1004	2032	0	0.000357
8947	8541	0	0.000156
1845	6388	1	0.81
9494	543	1	0.807
8928	4887	1	0.987
7120	4840	1	0.874
8628	1154	1	0.987
4945	6145	1	0.919
1984	1304	1	0.801
7438	1613	1	0.849
2889	892	1	0.94
1683	3814	1	0.847
402	4989	1	0.964
7129	7106	1	0.907
6365	1441	1	0.807
7732	9671	1	0.938
7046	3163	1	0.965
7864	7669	1	0.89
2199	6287	1	0.985
9319	5058	1	0.81
2876	2218	1	0.857
4239	8227	1	0.94
1204	163	1	0.972
4089	5916	0	0.000469
660	6643	0	0.000434
5865	1617	1	0.82
4382	7094	1	0.922
8228	9982	1	0.975
7474	1900	1	0.844
332	988	0	0.000111
2067	2098	0	0.000267
4373	3932	1	0.933
6917	8056	1	0.972
398	4562	1	0.925
993	1635	0	0.000621
382	2928	1	0.804
3913	7077	1	0.828
6543	1508	1	0.959
5396	8486	1	0.969
3675	1444	1	0.874
5126	7803	1	0.819
2131	8353	1	0.925
5362	6431	1	0.828
1922	1079	1	0.872
163	7245	1	0.81
1472	8908	1	0.818
8372	8058	0	0.000186
8081	9853	1	0.925
8703	3487	1	0.833
8729	9159	0	0.000125
7846	6116	1	0.878
2675	1626	1	0.934
1395	4593	1	0.809
7280	2010	1	0.941
3350	1011	1	0.86
5981	30	1	0.819
1844	8561	1	0.836
9297	1001	1	0.87
5884	6189	1	0.873
2807	7162	1	0.824
5219	6072	1	0.809
1567	1154	1	0.934
2475	3985	1	0.948
9518	4550	1	0.9
8758	4164	1	0.809
6646	1587	1	0.847
2836	8164	1	0.948
3393	4852	1	0.848
8511	3186	1	0.801
8898	2297	1	0.918
378	4347	1	0.918
2534	6198	1	0.888
4634	121	1	0.925
7687	3827	1	0.873
4381	3169	1	0.937
3702	296	0	0.000103
2849	179	1	0.828
763	4900	1	0.988
3864	1227	1	0.824
8318	6242	1	0.846
8887	5581	1	0.949
6775	5795	1	0.902
2431	7542	1	0.818
9704	7409	1	0.864
9041	7860	1	0.959
9818	5121	1	0.817
1957	3391	1	0.904
577	1473	1	0.871
2739	8891	1	0.845
9607	9833	1	0.828
5160	316	1	0.856
680	62	1	0.841
2656	6676	1	0.914
2401	9235	0	0.000124
6540	5517	1	0.982
9162	2445	1	0.913
6462	590	0	0.000426
2322	1998	1	0.806
8427	986	1	0.932
720	5613	1	0.946
5494	6296	1	0.858
9166	7205	1	0.819
6132	838	0	0.000191
2774	2851	1	0.894
6785	857	1	0.928
1693	3866	1	0.808
8623	9179	1	0.978
4026	2453	0	0.000559
4653	5445	1	0.857
305	7405	1	0.932
6614	7251	1	0.931
3340	6837	1	0.846
2418	3819	1	0.982
7952	5754	1	0.85
8409	1949	1	0.907
8644	2925	0	0.000359
3007	6595	1	0.99
4664	5153	1	0.963
7890	862	1	0.809
5336	3550	1	0.863
6686	4264	1	0.966
6391	2338	1	0.863
3321	2630	1	0.963
9603	7879	1	0.94
7894	777	1	0.924
1607	1555	1	0.841
1576	7179	1	0.977
3584	986	1	0.988
4304	2645	0	0.000431
7983	3635	1	0.88
8710	1742	1	0.81
4242	246	1	0.985
1933	4807	1	0.961
1136	559	1	0.808
8221	4497	1	0.872
6084	6011	1	0.889
6608	229	1	0.918
3929	2352	1	0.916
6444	6528	1	0.872
1163	7344	1	0.871
8514	1903	1	0.925
3939	7930	1	0.937
4527	5545	1	0.849
4191	875	1	0.943
2005	9560	1	0.946
1053	977	0	0.000595
6162	9982	1	0.926
1697	8029	1	0.846
3139	1597	0	0.000144
8307	4067	1	0.968
550	194	1	0.944
2972	2129	1	0.871
5766	4805	1	0.966
9402	2055	1	0.966
3317	6266	1	0.893
2628	328	1	0.953
800	1032	1	0.865
4072	3152	0	0.00054
8534	5044	0	0.000342
7292	4960	1	0.84
9893	9997	1	0.909
4952	3148	1	0.896
4657	1960	1	0.844
4640	9580	1	0.969
4529	6789	1	0.962
6802	129	0	0.000228
2568	946	1	0.936
8708	501	1	0.97
2325	8804	1	0.831
1657	249	1	0.881
995	8438	1	0.953
9544	5183	1	0.869
2250	8671	1	0.849
2204	4691	1	0.947
5360	5449	0	0.000422
9015	1012	1	0.916
7194	8189	1	0.802
1452	6153	1	0.894
6634	3145	0	0.000109
947	9836	1	0.873
7011	4085	1	0.996
6299	6866	1	0.946
9989	1861	1	0.904
7445	3269	1	0.874
3688	470	1	0.966
8878	5143	1	0.933
4132	1336	1	0.817
6258	4920	1	0.937
1891	5382	0	0.000413
3564	3909	1	0.916
1750	3740	0	0.000613
6460	9718	1	0.876
5408	6674	1	0.923
3503	3425	1	0.866
3058	3427	1	0.918
7088	1340	1	0.825
4013	995	0	0.000184
4772	5658	1	0.84
2468	265	1	0.963
1983	818	1	0.813
8787	727	0	0.000539
9541	5925	1	0.814
9569	7090	1	0.839
8447	1329	1	0.982
1725	9154	1	0.876
2269	5103	1	0.986
7134	7261	1	0.957
5244	6843	1	0.84
8612	4111	1	0.957
5866	257	1	0.871
8840	530	1	0.935
564	755	1	0.807
2760	7908	1	0.991
9454	1949	1	0.838
3453	2410	1	0.92
934	113	1	0.851
3539	8637	1	0.971
1702	3123	1	0.822
1309	2103	1	0.929
1920	9152	1	0.837
7899	4412	1	0.847
7794	1650	1	0.861
9286	9246	1	0.858
3012	9889	1	0.902
673	5665	1	0.921
3303	9211	1	0.883
1003	3303	1	0.812
1738	9948	1	0.931
8642	6600	1	0.994
613	3849	1	0.972
9527	2976	1	0.883
9525	9392	1	0.846
7312	424	1	0.948
7752	3691	1	0.963
1430	2493	1	0.829
1679	875	1	0.96
8472	1094	0	0.000227
4223	4544	1	0.896
6440	9473	1	0.994
7604	5970	1	0.864
1492	6793	1	0.828
3103	687	1	0.838
8832	1381	0	0.000143
4220	6375	1	0.884
6698	7474	1	0.892
8105	703	1	0.87
6465	3123	1	0.913
7069	2617	1	0.924
7868	1516	1	0.949
5655	9465	1	0.837
9279	2454	1	0.982
1911	6384	1	0.969
5276	6067	1	0.986
7737	3805	1	0.869
2769	2618	1	0.931
7938	4625	1	0.971
9942	915	1	0.973
9158	8414	0	0.000143
3531	1146	1	0.963
8018	2528	1	0.865
254	908	1	0.921
9813	6631	0	0.000624
5170	5210	1	0.806
3268	578	1	0.914
9472	9067	1	0.841
1397	9562	0	0.000606
3698	2429	1	0.907
2808	118	1	0.912
1336	6527	1	0.965
8604	2971	1	0.916
9377	2046	1	0.916
1913	2677	1	0.97
5009	2336	1	0.81
726	953	1	0.998
8917	1319	1	0.933
2775	8232	1	0.826
884	9338	1	0.938
6735	5500	1	0.801
5575	8512	1	0.869
8410	5308	1	0.956
6574	7793	1	0.992
5511	692	0	0.000282
4800	1934	0	0.00028
4295	1299	1	0.841
5215	1502	1	0.808
4515	1664	1	0.904
6679	1353	1	0.822
464	1864	1	0.922
1422	1431	1	0.833
2848	5344	1	0.901
5630	9514	1	0.902
6255	5609	1	0.876
127	8989	1	0.859
2430	5504	1	0.963
7570	1783	1	0.979
7634	399	1	0.969
8161	1801	1	0.848
5748	979	1	0.86
8080	5313	0	9.91e-05
3705	1429	1	0.836
4197	1352	0	0.000523
4710	1259	1	0.967
6631	8313	1	0.818
1901	4870	1	0.86
4798	1772	1	0.811
8086	2217	1	0.98
9210	1014	0	0.000542
6827	4032	1	0.945
6470	9858	1	0.941
2927	3548	0	0.00017
7325	956	1	0.823
8088	7984	0	0.000524
8351	9846	1	0.859
1545	5300	1	0.988
59	7977	1	0.825
5603	2312	1	0.875
4535	8530	1	0.945
3924	7372	0	0.000174
6279	3706	1	0.899
8871	5453	1	0.808
692	767	1	0.821
6117	978	1	0.813
2983	9550	1	0.922
5092	755	1	0.812
3634	4545	1	0.854
983	8912	1	0.942
5241	5390	1	0.943
8069	5641	1	0.931
8391	5045	1	0.876
1191	7530	0	0.000294
285	6927	0	0.000226
7599	9393	1	0.98
8963	1569	1	0.99
6590	970	1	0.88
8255	8115	1	0.908
3532	2149	1	0.839
3472	8399	1	0.882
5089	6616	1	0.836
8528	7033	1	0.828
3371	8596	1	0.89
3894	1545	0	0.000247
9566	3829	1	0.819
9994	7747	1	0.921
8822	2460	1	0.81
3601	5346	1	0.897
8402	820	1	1
4847	1632	1	0.8
3473	3640	1	0.932
6071	5333	1	0.967
1199	1502	0	0.000366
633	7914	0	0.000388
4726	306	1	0.873
3653	2878	1	0.968
7043	8959	1	0.833
3758	5930	0	0.000202
8047	1017	1	0.837
1924	8458	1	0.825
902	8222	1	0.801
1022	1085	1	0.837
1239	6252	1	0.889
8187	1691	1	0.993
5601	4519	1	0.855
1296	2228	0	0.000353
887	3069	1	0.858
6506	1907	1	0.862
7470	1783	1	0.949
3182	5245	1	0.898
1067	8449	1	0.933
6087	6943	1	0.886
9636	4467	1	0.964
7490	2233	1	0.996
3512	9435	1	0.819
2636	9086	1	0.921
6782	9087	1	0.802
6146	4043	0	0.000286
3339	6127	1	0.977
4029	2046	1	0.809
7403	2106	1	0.948
4737	7303	1	0.927
8986	5168	1	0.922
9238	1007	1	0.962
4722	2012	1	0.971
6293	1640	1	0.818
4308	8556	1	0.98
1232	5047	1	0.938
1944	2372	1	0.963
5856	6653	1	0.997
4630	1335	1	0.94
22	168	0	0.000274
8349	2070	1	0.834
3610	4751	0	0.000304
861	390	1	0.947
4805	9387	1	0.832
6656	8351	1	0.933
7442	489	0	0.000121
4701	3119	1	0.966
6185	2698	1	0.893
9925	3454	1	0.876
7342	423	1	0.924
8855	2620	1	1
5895	7626	1	0.995
6004	2797	1	0.872
5365	4390	1	0.807
8823	1737	1	0.995
563	5621	1	0.825
8911	8727	1	0.855
8742	7305	1	0.978
541	5380	1	0.943
7978	8234	1	0.885
1565	1207	1	0.839
8392	8569	1	0.991
5495	4455	1	0.988
828	17	1	0.805
7824	2234	1	0.996
664	1435	1	0.859
4505	5267	1	0.925
6482	4549	1	0.844
8230	3980	1	0.906
4271	9144	1	0.93
4284	2798	1	0.899
418	6220	1	0.804
8168	5157	0	0.000429
5917	6510	1	0.962
1700	9632	1	0.944
1592	1866	1	0.804
1373	1916	1	0.893
6409	5056	1	0.825
9540	4234	1	0.924
8879	5001	1	0.972
8541	3785	1	0.803
1398	8010	1	0.932
5066	366	0	0.000116
151	512	1	0.926
9313	5232	1	0.91
3536	7870	1	0.816
1502	5712	1	0.811
2884	5313	1	0.858
9157	9572	1	0.988
3523	5640	0	0.000348
2203	8554	1	0.909
5864	1610	1	0.831
7533	5351	1	0.836
2094	701	1	0.978
8949	645	1	0.843
608	4817	1	0.973
3727	3671	1	0.865
2410	4887	1	0.923
2052	9410	1	0.845
9558	4364	0	0.000243
9360	1875	0	0.000437
5135	5808	1	0.888
937	500	1	0.856
1494	5496	0	0.000349
2128	3546	0	0.000589
8563	8220	1	0.933
5535	794	1	0.869
8790	911	1	0.856
5475	1160	1	0.911
628	8105	1	0.914
4311	2370	1	0.849
7546	6257	1	0.823
9583	3046	1	0.959
7603	701	1	0.951
8471	983	1	0.985
8794	3099	1	0.931
218	7088	1	0.81
9311	408	1	0.914
2246	5720	1	0.86
6770	1500	1	0.922
92	9054	1	0.881
161	734	1	0.989
6187	7532	1	0.928
504	1433	1	0.812
9081	7930	0	0.000409
733	7395	1	0.988
8619	6004	1	0.943
3586	9396	1	0.893
3805	4702	0	0.000222
5847	5507	1	0.996
1293	2944	1	0.956
7185	346	1	0.995
2542	5632	1	0.944
6925	2024	1	0.926
5689	1629	1	0.949
7428	1009	1	0.874
5705	6057	1	0.984
309	3318	0	0.000167
8089	4577	0	9.59e-05
632	912	1	0.877
7356	420	1	0.95
5352	9699	1	0.914
4294	6820	1	0.933
9138	4421	1	0.823
1919	6086	1	0.875
6158	6294	1	0.97
4234	6143	1	0.98
5985	5481	1	0.933
5546	8234	1	0.838
4730	3461	1	0.968
605	1798	1	0.935
5104	8499	1	0.927
1060	544	1	0.892
6217	1759	1	0.858
4589	4897	1	0.96
3096	905	1	0.809
5809	1492	0	0.000582
9749	3905	1	0.9
5466	4797	1	0.918
3295	2919	0	0.000166
5786	9910	1	0.97
3415	4798	1	0.869
8439	68	1	0.859
7601	2231	1	0.836
3502	2504	1	0.966
355	2983	1	0.912
7873	4717	1	0.817
9837	31	1	0.973
8626	8773	1	0.817
6942	2035	0	0.000513
989	445	0	0.000189
363	4840	1	0.843
7922	926	0	0.000248
731	7199	0	0.000368
3049	5860	1	0.957
4062	358	1	0.817
2274	160	1	0.897
9251	1392	1	0.918
4998	2775	0	0.000464
6305	1309	0	0.000419
2654	3717	1	0.808
3164	4991	1	0.922
3759	2574	1	0.868
264	343	1	0.982
8641	287	1	0.901
3852	1288	1	0.826
8480	3767	0	0.000218
4014	2194	0	0.000455
760	2418	1	0.954
1908	4308	0	0.000145
1276	2837	1	0.918
3095	8804	1	0.853
5271	3467	1	0.895
5376	924	1	0.866
7327	5304	1	0.966
1049	1922	1	0.801
6265	2305	1	0.867
1161	1484	1	0.938
9747	3703	1	0.951
2481	7215	1	0.936
2939	1672	1	0.865
3960	8009	1	0.98
1566	3687	0	0.000504
5942	6268	1	0.914
446	8833	1	0.808
6095	1170	1	0.908
6403	9247	0	0.000461
4004	9712	1	0.963
802	3531	1	0.962
7609	6710	0	0.00023
83	189	0	0.000564
4376	661	1	0.889
5265	1892	0	0.000598
13	1665	1	0.901
3840	4584	1	0.947
4622	7123	1	0.976
5121	4786	1	0.859
3836	4488	1	0.996
9226	5433	1	0.829
7905	7690	1	0.98
9507	7267	1	0.959
6894	370	1	0.855
4401	3321	0	0.000156
2298	2792	1	0.852
95	5451	1	0.859
6266	3068	1	0.99
8056	2028	1	0.844
7907	17	1	0.939
8905	2758	0	0.000404
7519	2938	1	0.801
4043	1236	1	0.814
145	4900	1	0.93
9706	109	1	0.947
5861	382	1	0.896
394	2479	1	0.922
4279	8209	1	0.817
834	278	1	0.88
5827	941	1	0.815
5043	6757	0	0.000481
7861	6922	1	0.837
9656	1145	1	0.928
6681	594	0	0.000441
3176	5496	1	0.839
9825	3239	1	0.841
6227	4064	1	0.949
9088	2424	0	0.000464
8819	7197	1	0.986
9034	988	0	0.000214
5162	4499	1	0.907
8486	3891	0	0.00043
8232	523	0	0.000602
5722	6006	1	0.923
1874	8101	1	0.916
7256	4974	1	0.977
7783	1679	1	0.802
3508	8011	0	0.00011
8942	8512	1	0.963
659	4483	1	0.81
6753	7229	1	0.81
1774	55	1	0.881
118	5363	1	0.975
4383	1538	1	0.904
1281	4089	1	0.935
6536	3706	0	0.00035
9116	1699	1	0.87
280	2361	0	0.000454
6416	4929	1	0.814
4350	2296	1	0.879
9827	6366	1	0.81
5633	5019	1	0.849
9623	9737	1	0.867
7098	246	1	0.802
1733	21	1	0.901
8907	1512	1	0.899
2152	3744	0	0.000178
3825	3513	1	0.872
5478	3499	1	0.816
7664	1259	1	0.992
1097	4322	0	0.000227
7074	9274	1	0.941
8042	9979	1	0.965
4495	705	1	0.912
4794	5037	1	0.969
1347	1887	1	0.922
7670	1175	1	0.858
2150	7239	1	0.968
1605	7273	1	0.818
488	94	1	0.961
215	7286	1	0.836
9995	1115	0	0.000626
8743	3827	1	0.853
4661	9068	0	0.000509
8220	89	1	0.926
3849	469	1	0.945
8194	7993	1	0.877
6424	5465	1	0.896
4700	7899	1	0.935
3876	214	1	0.961
7278	6956	0	0.000502
5566	3017	1	0.947
6609	1823	1	0.972
6526	7572	0	0.000209
6871	7817	1	0.978
1500	9915	1	0.991
1259	3119	1	0.962
2225	4194	1	0.878
719	273	1	0.928
912	3109	0	0.000297
4654	241	1	0.816
9031	8395	1	0.891
7832	9804	1	0.807
9909	8796	1	0.823
8869	5097	1	0.867
4796	3121	1	0.924
5278	1696	1	0.878
865	9359	1	0.873
1701	7410	1	0.848
7291	6694	1	0.947
3742	8085	1	0.812
7960	943	1	0.912
1997	7863	0	0.000251
5615	4661	1	0.896
954	8526	1	0.988
7518	7319	1	0.866
736	4749	1	0.839
4375	5070	1	0.952
8239	3033	1	0.996
5011	5367	1	0.881
2185	762	1	0.983
9811	4496	1	0.808
4428	5329	1	0.817
3801	1193	1	0.85
8603	89	1	0.932
454	9019	1	0.802
520	8923	1	0.979
3872	1051	1	0.865
4046	4407	1	0.902
2413	5743	1	0.88
1558	7922	0	0.000343
3808	6565	1	0.934
8786	771	1	0.801
6137	4287	1	0.902
3777	7335	1	0.832
7284	4052	1	0.895
4632	9968	1	0.827
191	4636	1	0.824
3641	1279	0	0.000311
5666	256	1	0.832
120	72	1	0.986
7468	4681	1	0.994
9379	3416	1	0.864
8752	8918	1	0.802
8415	6532	0	0.00034
5472	6328	1	0.877
3075	5433	1	0.935
5584	5662	1	0.845
2145	1577	1	0.844
3619	1588	1	0.87
5714	4179	0	0.000417
3889	7933	1	0.981
951	2986	1	0.807
847	205	1	0.893
345	3497	1	0.806
5388	1281	0	0.000391
3134	3632	1	0.91
5839	3326	1	0.934
8135	333	1	0.873
1763	7998	0	0.000426
9649	3815	1	0.985
1222	6488	0	0.000389
4441	2708	1	0.969
3353	9205	1	0.944
8868	318	1	0.806
8864	6920	1	0.836
2652	3279	1	0.878
7241	8370	0	0.00038
1880	8638	1	0.812
1837	200	1	0.967
2384	8900	0	0.000195
5598	6157	1	0.847
2661	9851	1	0.987
4924	2597	1	0.937
9127	8204	1	0.851
894	7726	1	0.915
4422	2325	0	0.000156
9574	3527	0	0.000498
3277	6978	1	0.916
5040	317	1	0.932
7449	9084	1	0.88
6368	7240	1	0.954
2728	519	0	0.000587
3267	443	1	0.93
4396	2465	1	0.829
5379	4195	0	0.000117
90	2369	1	0.935
6885	6022	1	0.84
3724	3939	1	0.948
9701	2412	0	0.000519
3354	8033	1	0.87
1108	5007	1	0.809
2980	7263	1	0.999
3544	8274	1	0.864
7568	216	0	0.000339
5228	8023	1	0.971
2868	239	1	0.876
1820	3710	1	0.997
4462	3340	1	0.989
6363	122	1	0.915
9464	4681	1	0.881
6815	997	1	0.854
6596	3315	1	0.831
8259	1050	1	0.822
2617	755	1	0.802
4340	9483	1	0.862
2247	8380	1	0.969
8714	2015	1	0.818
2891	4634	1	0.962
616	5950	1	0.869
6240	7500	0	9.8e-05
4971	8001	1	0.851
1498	1567	1	0.892
7990	1900	0	8.46e-05
8064	1177	1	0.806
6667	9742	1	0.816
167	5340	1	0.921
2030	7108	1	0.864
8317	5259	1	0.907
368	2500	1	0.813
2624	3873	1	0.885
6618	9108	1	0.827
4466	2648	0	0.000196
6629	4480	1	0.99
2402	7957	1	0.909
709	14	1	0.826
2353	515	1	0.835
1194	3815	1	0.831
6825	9377	1	0.888
5483	1030	1	0.911
2664	6267	1	0.823
186	404	0	0.000576
8716	6122	0	0.000478
7577	200	1	0.904
3676	2896	1	0.995
7319	1860	0	0.000544
9480	3629	0	0.000395
1475	1788	1	0.959
6724	264	0	0.000626
7836	8448	1	0.847
4246	2602	1	0.841
9841	9076	1	0.99
7329	7639	1	0.958
5740	3915	1	0.896
381	1120	1	0.817
3269	8071	1	0.995
2261	911	1	0.989
4721	9617	1	0.964
5395	7360	1	0.893
4760	167	1	0.901
1458	3629	1	0.954
9941	9364	1	0.888
744	2028	1	0.941
7608	3115	0	0.00014
2029	8612	1	0.851
379	3388	1	0.911
6880	3461	1	0.905
758	5159	0	0.000544
8041	7142	0	0.000291
1855	371	0	0.000623
9637	6634	1	0.879
7262	1011	1	0.935
4769	78	1	0.939
2068	5721	1	0.891
8763	9908	1	0.964
4861	4439	1	0.972
9798	4439	0	0.000424
6218	1402	1	0.85
7525	7342	1	0.866
367	7960	1	0.864
4816	2120	1	0.898
2959	61	1	0.927
1722	7906	1	0.856
7665	6082	0	0.000167
4252	2438	1	0.955
5400	1899	0	0.000497
5207	1519	1	0.818
4932	1797	1	0.91
6272	2180	1	0.837
8756	2246	1	0.918
6595	6241	1	0.991
6651	5887	1	0.937
5700	5078	1	0.912
4992	8150	1	0.97
5729	3975	0	0.00027
9014	2874	1	0.835
3157	1088	0	0.000245
2466	126	1	0.802
8939	3499	1	0.886
1364	9092	1	0.801
9972	8836	1	0.856
7814	9828	1	0.988
6865	9667	1	0.981
5086	5219	0	0.000572
1925	35	1	0.974
3509	1903	1	0.955
4159	5029	1	0.852
4696	6030	1	0.811
2620	8855	1	0.966
8865	1814	1	0.861
2344	6138	1	0.908
5132	6980	0	0.000486
7815	6865	0	0.000338
8218	2423	1	0.89
9830	1046	1	0.886
4247	4980	1	0.962
749	8011	1	0.981
9820	6805	1	0.889
6571	3954	1	0.909
2549	4473	1	0.928
3566	544	1	0.939
3168	3296	1	0.994
5470	2597	1	0.96
3576	6021	1	0.876
1444	6932	0	0.00052
2388	5031	1	0.916
66	2149	1	0.84
735	1309	1	0.998
7326	9867	1	0.903
8093	9759	1	0.843
2231	6614	1	0.95
2717	5728	1	0.927
1979	5267	1	0.863
1496	1260	1	0.995
2579	6104	1	0.824
872	7395	1	0.912
5808	9604	1	0.951
6565	2698	1	0.805
2768	6022	1	0.99
6856	3790	1	0.901
9554	5047	0	0.000174
3923	5542	1	0.864
2744	1952	1	0.852
1604	3669	1	0.818
9916	216	1	0.815
1988	1635	1	0.886
8539	3777	1	0.916
2149	716	1	0.868
5465	30	1	0.857
886	2218	1	0.931
5112	4178	1	0.871
3409	6961	1	0.914
6959	4274	1	0.808
4281	9478	1	0.998
7982	5739	1	0.88
7564	6008	1	0.836
8966	7594	1	0.85
406	5588	1	0.891
2484	1012	1	0.811
3685	2657	1	0.98
5892	9732	1	0.936
5834	5327	1	0.868
938	281	1	0.959
8960	1072	1	0.867
4088	6878	0	0.000237
1325	8062	0	0.000358
27	7249	1	0.998
1084	2265	0	0.000587
553	1764	1	0.987
2282	5586	1	0.998
7465	9826	1	0.973
3510	3918	1	0.932
9465	8208	1	0.857
4988	4874	1	0.856
5432	1900	1	0.82
3883	4714	1	0.851
7688	1727	1	0.981
1532	879	0	0.000201
8797	3359	0	0.000198
146	5176	1	0.837
9263	544	1	0.801
5145	6512	1	0.898
3148	6896	1	0.973
7635	1318	1	0.894
3337	3381	1	0.855
8451	4436	1	0.968
2864	4342	1	0.917
1562	9144	1	0.831
3014	7632	1	0.827
2644	9208	1	0.991
8889	1671	1	0.9
948	3345	1	0.881
9948	8908	1	0.879
2310	873	0	8.23e-05
1861	1329	1	0.804
5062	6512	1	0.842
7808	3281	1	0.83
9196	2719	1	0.803
7369	6332	1	0.981
5236	3097	1	0.956
8216	8131	1	0.871
8354	2010	1	0.998
953	2302	1	0.864
5256	214	1	0.914
6322	7353	0	0.000155
8615	9864	1	0.907
1971	3532	1	0.803
1805	2083	1	0.937
1126	4913	1	0.981
3194	1610	1	0.884
270	3624	1	0.857
8166	468	1	0.874
5286	9973	1	0.926
1065	5314	1	0.96
7321	1570	1	0.951
1327	2273	1	0.923
9218	5147	1	0.952
68	4473	0	0.000288
2784	2424	1	0.98
8885	3501	1	0.81
2338	4594	1	0.895
5042	5768	1	0.856
8470	6463	1	1
7885	2189	0	0.00034
1719	3098	1	0.847
1936	7663	1	0.957
6434	6068	1	0.937
3658	4489	1	0.829
1512	5370	1	0.988
9061	6044	1	0.9
25	5481	1	0.874
7967	3763	1	0.953
5949	754	1	0.986
5606	3247	0	0.000293
8163	4009	1	0.975
2637	5708	1	0.971
125	2954	0	8.5e-05
9220	479	0	0.00011
3080	1175	1	0.85
7679	2098	1	0.812
4323	3272	1	0.819
7115	6222	1	0.996
7233	8061	1	0.807
2070	1102	1	0.864
3410	7190	0	0.000188
7304	2183	1	0.924
3697	7201	1	0.912
6941	1383	1	0.896
3	1441	1	0.962
7558	1304	1	0.891
6811	4012	1	0.801
1706	8329	1	0.967
3138	3531	0	0.000384
2888	7388	1	0.836
4817	4125	1	0.917
233	8313	1	0.842
1618	3851	0	0.00053
4017	7337	1	0.835
4064	237	1	0.918
9223	54	1	0.918
4374	8891	1	0.931
4672	401	1	0.87
5664	4881	1	0.816
1994	1095	1	0.89
1811	6872	1	0.857
156	7890	0	0.000255
6696	6670	1	0.933
7095	3316	1	0.965
2765	6805	1	0.951
333	4063	0	0.000302
3847	4313	1	0.962
4692	2435	0	0.000391
3511	4672	1	0.872
4092	7857	1	0.965
1427	1014	1	0.92
2747	3006	1	0.844
1594	3634	1	0.809
1978	4065	1	0.878
3345	493	1	0.932
5789	2202	0	0.000126
8188	8573	1	0.929
9699	1979	1	0.966
8453	7657	1	0.872
5296	6715	1	0.996
8825	3764	1	0.951
2575	1445	1	0.998
499	4897	0	0.000451
716	288	1	0.999
8882	6768	1	0.994
4724	7761	1	0.96
2170	8699	1	0.944
5963	3378	1	0.836
5607	7519	1	0.926
5455	798	1	0.938
4213	8698	1	0.998
2601	1283	1	0.903
4729	3487	1	0.893
5175	587	1	0.901
5965	9545	1	0.951
2789	1653	1	0.823
4431	1415	0	0.000424
2841	1168	1	0.988
1516	2399	1	0.905
6308	7017	1	0.844
8469	178	1	0.824
8337	1426	1	0.916
6329	7644	1	0.893
8186	5077	1	0.92
6127	2785	1	0.835
3851	3897	1	0.91
1818	5951	1	0.975
7080	2408	1	0.904
9199	1494	1	0.877
3813	1560	0	0.000497
3085	2908	1	0.818
645	6843	0	0.000417
419	6232	1	0.95
2525	2446	1	0.803
2795	5087	1	0.869
7764	5532	1	0.983
1438	561	0	0.000428
9295	9185	0	8.16e-05
4165	4765	1	0.948
1996	2803	1	0.803
1153	4151	1	0.941
3457	1917	1	0.841
7150	7759	1	0.895
9952	7491	1	0.948
2552	3133	0	0.000231
1760	1526	1	0.894
4349	4333	1	0.965
3733	5	1	0.878
6772	7494	1	0.804
2735	1580	1	0.991
5235	6692	1	0.94
1240	8801	1	0.99
521	3148	1	0.838
6680	8282	1	0.941
5890	9675	0	0.000575
662	1523	1	0.896
6822	7023	1	0.916
7311	1860	1	0.936
4216	2590	1	0.84
8350	5159	1	0.975
9310	9402	1	0.836
111	2335	1	0.946
5320	4844	1	0.999
6253	4717	1	0.938
9867	6396	0	0.000356
7457	674	1	0.909
2883	8301	1	0.864
2312	8493	1	0.916
3399	4431	1	0.916
5477	3156	1	0.851
1044	9134	1	0.939
8015	6389	1	0.859
6292	953	1	0.919
4533	3000	1	0.898
5784	4889	1	0.94
8052	8668	0	0.000237
5424	6032	1	0.845
7751	517	1	0.99
9680	3408	0	8.05e-05
3772	6951	0	0.000454
5690	8873	1	0.908
8441	3291	1	0.848
600	813	1	0.903
8007	7092	1	0.995
9143	855	1	0.826
1976	7609	1	0.868
8309	3824	1	0.963
9335	6540	1	0.808
9167	6605	1	0.91
4343	1852	1	0.883
4	5326	1	0.832
776	4825	1	0.831
9105	5490	1	0.86
7553	3420	1	0.828
3818	905	1	0.857
9895	8976	1	0.863
1937	9281	1	1
950	172	1	0.834
6839	8524	0	0.000291
7111	9908	1	0.885
8728	7934	1	0.898
5545	501	1	0.979
8953	2488	1	0.991
1989	3411	1	0.937
4117	9885	1	0.852
2355	7474	1	0.906
9487	5793	1	0.96
8444	1322	0	0.000272
6919	2950	1	0.892
8605	4138	0	0.000149
833	2355	1	0.928
516	16	1	0.845
9710	684	1	0.93
2589	9278	1	0.987
2425	3242	1	0.874
7677	966	1	0.84
585	176	1	0.821
4633	1801	0	0.000515
7281	5180	1	0.918
8195	5618	1	0.998
7620	7019	1	0.92
8001	2458	1	0.817
8733	5828	1	0.812
8192	5735	0	0.00053
9427	3190	1	0.987
2713	742	1	0.927
7353	3033	1	0.945
2035	6002	1	0.959
2116	7011	1	0.956
8745	429	1	0.859
4254	6516	1	0.916
353	895	1	0.871
4016	2693	1	0.993
3647	2488	1	0.948
5572	5651	1	0.883
4571	5855	1	0.828
4066	3249	0	0.000312
932	2646	1	0.831
1506	9727	1	0.844
177	643	0	0.000251
9640	2667	1	0.858
4454	4641	1	0.989
9570	170	1	0.912
2792	1801	1	0.851
7928	1692	0	0.000567
5471	6590	1	0.881
1638	9285	1	0.814
8254	1404	1	0.812
1876	5857	1	0.875
6922	710	1	0.829
5045	8939	0	0.000548
6326	4761	1	0.919
4278	1079	1	0.876
6163	4338	1	0.965
2469	131	1	0.836
4650	2954	1	0.866
821	4560	1	0.851
40	7153	1	0.98
6091	2616	1	0.932
517	9871	1	0.803
981	2057	0	0.000194
1743	6311	1	0.999
9247	7551	0	0.000245
718	8938	1	0.967
1391	288	1	0.995
9613	7650	0	0.00025
6184	737	1	0.939
5416	3739	1	0.905
9178	2168	1	0.853
7190	3502	1	0.83
7536	6348	1	0.89
857	6785	1	0.905
7348	178	1	0.848
9591	373	1	0.801
4389	5903	1	0.865
5269	3180	1	0.935
506	5380	1	0.991
2091	4047	1	0.876
674	9333	1	0.813
2492	719	1	0.877
6625	6678	1	0.865
6021	3090	0	0.000143
6672	7782	1	0.938
3907	7062	1	0.8
5079	3566	1	0.91
3223	2022	0	0.000162
3428	9879	0	0.000107
311	8681	1	0.878
3905	4853	1	0.969
787	5065	1	0.83
6165	1917	0	0.000467
1278	3417	1	0.963
4224	4599	1	0.81
4694	4103	1	0.839
7344	9635	1	0.839
8076	1136	1	0.965
694	4355	1	0.967
7760	2007	1	0.968
6114	4673	1	0.983
2132	5956	0	0.000244
5266	3544	1	0.946
8280	3869	1	0.998
7901	5058	1	0.807
7860	2036	1	0.809
3703	2239	1	0.834
5014	2706	1	0.86
5057	8086	0	0.000624
7496	3450	1	0.94
8727	3254	0	0.000464
498	52	1	0.922
4488	9965	1	0.869
8420	255	1	0.896
3723	4873	1	0.957
630	6373	1	0.827
5812	6367	0	0.000237
1790	154	1	0.843
5564	5677	1	0.909
6300	2115	1	0.852
4443	1523	1	0.985
6661	3685	1	0.908
8248	8113	1	0.882
1085	3698	1	0.979
2372	2870	1	0.941
7685	6857	1	0.991
3863	6380	0	0.000584
202	966	0	0.000268
2249	7865	1	0.977
6690	7525	1	0.853
3553	566	0	0.000353
253	3564	1	0.977
5178	6860	1	0.898
1564	1043	1	0.859
8676	9226	0	0.000637
194	1922	1	0.819
4537	3680	1	0.993
9027	263	1	0.885
8631	473	1	0.937
4316	1945	1	0.884
8520	4622	1	0.919
8753	3689	1	0.965
6719	8083	1	0.964
2582	2790	1	0.874
1616	3276	1	0.978
3280	8554	1	0.959
3630	6846	1	0.837
3177	2587	1	0.934
2596	5664	0	0.000617
3766	7693	0	0.000619
4951	2427	1	0.818
313	2828	1	0.969
4491	8186	1	0.805
518	3286	0	0.000615
8958	5581	1	0.851
4445	141	0	0.000324
8181	5844	1	0.899
4555	1155	1	0.855
247	3537	1	0.964
3901	9204	1	0.86
5133	4734	1	0.92
5199	8864	1	0.922
4512	3064	1	0.818
4987	9868	1	0.977
6622	3542	1	0.898
9906	765	1	0.909
9520	7887	1	0.815
8156	3235	1	0.992
4539	2866	1	0.839
7853	5425	1	1
7822	4897	0	0.000545
1740	316	1	0.976
54	151	1	0.893
7346	6976	1	0.951
7018	190	1	0.946
6515	174	0	0.000311
6888	3671	1	0.915
7033	2252	1	0.803
6907	64	1	0.862
5922	9988	1	0.941
2997	1262	1	0.896
7076	2541	1	0.878
7424	2988	0	0.000465
7799	2125	0	0.000385
3042	8984	1	0.854
4513	3742	0	0.000443
9670	597	1	0.916
9866	2142	1	0.968
6145	4130	0	0.000296
4241	1016	1	0.876
3245	8522	1	0.889
1198	88	1	0.963
5000	2814	1	0.857
9730	9354	1	0.991
6336	95	1	0.821
72	6329	1	0.876
4918	1630	1	0.909
8505	6177	0	0.000417
9887	2714	1	0.98
4561	3409	1	0.917
1595	3520	0	0.000284
26	95	1	0.921
5557	109	1	0.898
8359	1905	1	0.986
7226	6225	1	0.979
3663	7603	1	0.898
4511	5479	1	0.886
5401	559	1	0.841
443	4960	1	0.823
8263	6527	1	0.9
7703	290	1	0.88
3958	705	0	0.000385
3382	3269	1	0.816
9018	4301	1	0.946
4614	8401	1	0.924
6644	68	0	0.000562
2434	3557	1	0.976
8547	7180	1	0.946
3936	9262	1	0.955
1522	391	1	0.882
4355	7610	1	0.954
3370	579	1	0.963
3832	1253	0	0.000142
3656	5653	1	0.982
3611	3060	0	0.000619
1723	1868	1	0.828
1980	7604	0	0.000561
3846	2283	1	0.82
1123	9272	0	0.000443
6630	2202	0	0.000232
7451	8875	1	0.874
3159	4846	1	0.951
4849	9321	1	0.816
6783	3723	1	0.986
6583	7408	1	0.899
5006	3382	1	0.837
7473	3037	1	0.997
9189	6048	1	0.886
6717	6084	1	0.803
6454	163	1	0.849
4711	2016	1	0.842
8458	7206	1	0.822
9553	2256	0	0.000136
6704	1398	1	0.886
1493	3325	1	0.9
3579	5327	1	0.923
4371	923	1	0.97
3326	4071	1	0.857
591	771	1	0.883
9050	4557	1	0.842
1869	8711	1	0.972
2314	7940	1	0.947
1956	2668	0	0.000374
2453	2807	1	0.883
513	2046	1	0.963
100	6255	0	0.000565
4597	1516	1	0.904
3866	4589	1	0.957
4723	6390	1	0.951
4150	716	1	0.866
9062	1814	1	0.884
2095	1909	0	0.00043
4202	1847	1	0.923
679	5283	1	0.8
1122	8096	1	0.844
5501	9997	1	0.848
9455	7642	1	0.979
9120	9622	1	0.968
6116	8245	1	0.846
6069	8201	1	0.876
4964	1046	1	0.909
1737	1650	1	0.988
5941	6573	1	0.914
9682	2985	1	0.872
9852	7576	1	0.839
7804	9948	1	0.82
448	8955	1	0.864
3243	1732	1	0.968
8331	60	1	0.976
3405	3859	1	0.987
8734	3018	1	0.824
3524	5418	1	0.882
7362	833	1	0.981
6592	8706	1	0.933
6746	9664	0	0.000306
3494	4234	1	0.919
8078	9308	1	0.996
1853	3772	1	0.988
3003	105	1	0.808
1744	1901	1	0.859
8912	8471	1	0.975
9702	292	1	0.811
6203	2296	1	0.989
6151	5109	1	0.883
2561	2974	1	0.843
7987	2564	1	0.939
9716	145	1	0.835
7852	1502	1	0.819
80	3072	1	0.913
8004	4683	1	0.875
3916	5748	0	0.000229
4606	8910	1	0.867
3385	1126	1	0.926
3790	3644	1	0.858
2459	2371	0	0.000444
1734	7205	1	0.885
4402	5034	0	0.000257
3932	2297	1	0.898
8	284	1	0.963
8971	5195	1	0.983
1196	6160	1	0.955
6345	3266	1	0.99
9411	2701	1	0.946
4531	4161	0	0.000525
571	1767	1	0.838
6729	8419	1	0.918
8970	5991	1	0.902
9605	9092	1	0.854
7399	9086	1	0.858
2862	7219	0	0.000196
8214	9198	1	0.855
2947	1011	1	0.892
9930	1678	0	0.000481
3592	6631	0	0.000217
4103	7561	1	0.83
3740	7977	1	0.831
2670	7240	1	0.863
8133	3056	1	0.921
7315	2975	1	0.844
6546	411	0	0.000549
5328	210	1	0.81
8645	6633	1	0.967
9799	1213	1	0.857
9285	1638	1	0.802
5334	7364	1	0.954
9519	7167	0	0.000337
6456	8872	0	0.000201
5003	4101	1	0.853
5867	7452	1	0.806
8801	3594	1	0.853
2902	2429	1	0.895
4569	2661	1	0.902
2934	5497	1	0.817
4472	5012	0	0.000363
2042	244	1	0.832
2614	719	1	0.971
2223	6560	1	0.825
6621	2862	1	0.873
232	3103	1	0.87
3404	2420	1	0.992
7376	3120	1	0.887
9264	1980	1	0.984
8807	119	1	0.899
8525	6926	1	0.985
7578	2296	0	0.000485
3010	3063	1	0.948
7091	7688	1	0.974
1943	2341	1	0.968
2999	2620	1	0.96
7393	6142	1	0.982
8499	843	1	0.93
6700	329	1	0.929
6383	3162	1	0.897
397	1786	1	0.948
217	5474	0	0.000103
1626	2125	1	0.886
6903	9899	1	0.964
3452	6876	1	0.82
8686	3562	1	0.936
1934	7080	1	0.827
4406	9930	1	0.835
4906	977	0	0.000584
1639	2214	1	0.857
219	5562	1	0.871
601	8631	1	0.966
4189	146	1	0.842
5550	3811	1	0.817
1208	3710	1	0.989
7586	6771	1	0.823
1808	7959	1	0.929
479	4686	1	0.981
6581	1938	1	0.929
1058	1148	1	0.805
261	2698	1	0.859
7366	9777	1	0.88
4833	8516	1	0.923
7253	1744	1	0.893
2949	3544	1	0.842
8118	5722	1	0.94
7460	159	1	0.923
6887	169	1	0.823
3540	6521	1	0.898
3412	8025	1	0.981
1887	4059	0	0.000272
2619	7938	1	0.836
2715	3234	0	0.000613
2720	4521	0	0.000625
8510	8444	1	0.81
2098	6081	1	0.851
3144	7892	1	0.975
7124	480	0	0.00046
4337	4518	0	0.000529
2634	70	1	0.868
3143	9163	1	0.905
769	3906	1	0.963
2799	7380	1	0.892
1556	6556	1	0.807
8262	9969	1	0.908
2053	20	1	0.823
4425	7976	0	0.000382
2055	4642	1	0.926
9641	1928	1	0.836
4775	6690	1	0.98
3449	275	1	0.89
3783	733	1	0.801
9851	5069	1	0.869
4307	7993	1	0.81
223	6620	1	0.978
7610	5241	1	0.887
2503	6652	1	0.815
5829	6044	1	0.827
6040	620	1	0.868
2119	3968	1	0.862
8929	3692	1	0.884
3991	2144	0	0.00045
1832	5963	1	0.911
7136	9448	1	0.938
5724	4998	1	0.983
2678	634	1	0.827
8502	8728	1	0.849
9697	7164	1	0.969
9040	8591	1	0.811
7896	9335	1	0.85
5021	6884	1	0.82
6493	3637	1	0.991
8073	5562	1	0.823
1624	6008	0	0.000238
1754	2256	1	0.83
877	3852	1	0.911
969	3607	1	0.885
5986	6921	1	0.867
4447	387	1	0.872
5148	8982	1	0.96
8378	4698	1	0.947
8574	3783	0	0.000169
9141	2354	1	0.949
970	6590	0	0.000247
9832	5332	0	0.000267
9460	2520	0	0.000127
4863	7097	1	0.982
8405	9879	1	0.825
7038	7723	1	0.921
2087	1860	1	0.996
5270	6230	1	0.962
3880	1046	1	0.924
7869	304	1	0.831
3915	331	1	0.879
7132	1193	1	0.861
8844	5997	1	0.888
4935	3823	1	0.831
8421	713	1	0.94
1752	3909	1	0.873
5918	4542	1	0.941
6010	1915	0	9.89e-05
2326	165	0	0.000209
9440	1288	1	0.817
7200	175	1	0.867
4940	7590	1	0.955
4230	1398	1	0.886
7283	703	1	0.991
4131	4951	1	0.965
3792	5493	1	0.975
3664	6293	1	0.817
1227	2706	1	0.845
900	2197	1	0.815
7279	7941	1	0.931
9602	2716	1	0.996
1664	4913	1	0.993
6967	1383	1	0.982
3633	6552	1	0.858
5435	2786	1	0.917
8813	1849	1	0.982
3325	1493	1	0.969
5742	2041	1	0.863
6578	6565	1	0.959
3172	8653	1	0.98
6389	5562	1	0.972
1455	2845	1	0.868
2982	7861	1	0.804
8581	3186	1	0.803
1757	569	1	1
4948	3860	1	0.957
4028	6711	1	0.843
3140	8702	1	0.995
2218	2876	1	0.874
3437	5973	1	0.932
5204	4327	0	0.000322
5413	603	1	0.921
8209	1329	1	0.908
5068	9505	1	0.915
4205	9	1	0.973
4747	2444	1	0.876
4244	758	1	0.94
6471	7985	1	0.869
9654	8979	1	0.998
400	869	1	0.832
6343	410	1	0.962
6956	3069	1	0.959
8174	4135	0	0.000353
6139	7518	1	0.818
7589	8187	1	0.816
9666	8703	1	0.972
9399	2713	1	0.882
5239	3351	1	0.884
5427	3042	1	0.815
1118	445	1	0.926
5929	206	1	0.802
4905	6670	1	0.8
283	1657	1	0.942
8055	1882	0	0.000301
7509	2840	0	0.00055
1185	2473	1	0.809
4086	6870	0	0.000411
5150	4433	1	0.944
515	3933	1	0.903
4208	66	0	0.000631
1932	4062	1	0.941
9736	5950	1	0.852
1807	4663	1	0.969
7611	9434	1	0.84
1119	3602	1	0.901
7995	2098	1	0.968
8622	5753	1	0.984
9054	3116	0	0.000116
8722	3090	1	0.922
1939	1033	1	0.888
7189	4113	0	0.000499
4296	1773	1	0.878
9007	3497	1	0.895
5634	9041	1	0.963
323	1117	1	0.815
6149	3843	1	0.838
9567	7077	1	0.931
3306	3607	1	0.865
6014	4941	0	8.23e-05
8838	734	0	0.000574
9369	4194	1	0.908
7657	8523	1	0.962
357	162	1	0.905
5469	3048	1	0.974
1868	3883	1	0.874
2516	5286	1	0.855
2262	3204	1	0.841
3264	2768	1	0.955
3414	4996	0	9.01e-05
710	2606	1	0.98
9565	3446	1	0.925
4190	8708	1	0.811
9536	8397	1	0.935
9990	9816	1	0.989
7790	680	1	0.874
489	3658	1	0.882
5751	2957	1	0.82
5734	3408	1	0.851
3240	7075	1	0.929
5916	4089	1	0.957
8526	57	0	0.000618
85	117	1	0.947
8711	1166	1	0.819
2696	1545	1	0.938
351	206	1	0.873
2394	4856	1	0.986
8266	1482	1	0.911
8300	500	1	0.837
5580	5742	1	0.852
2908	3085	1	0.923
9354	5408	1	0.826
6271	4663	1	0.926
5886	3934	1	0.953
3811	5629	1	0.888
6671	480	1	0.866
5486	5981	1	0.919
4346	7924	1	0.954
5586	4832	1	0.81
3734	3902	0	0.00012
5976	2065	1	0.94
1437	1560	1	0.829
4593	5825	1	0.926
2242	7486	0	0.000525
4705	2316	1	0.831
4518	7978	0	0.000636
5481	25	1	0.98
2796	13	1	0.946
3225	2692	1	0.935
1107	4077	1	0.922
2088	1499	1	0.894
5177	9832	1	0.969
329	7066	1	0.857
1137	335	1	0.802
846	604	0	0.000487
6249	9065	1	0.878
933	1494	1	0.824
724	924	0	0.000618
1667	8412	0	0.000185
8624	4960	1	0.96
2957	8352	1	0.994
7858	9612	1	0.872
9714	2527	1	0.944
6105	1160	1	0.882
7935	4101	1	0.856
8529	3425	1	0.946
1173	593	1	0.862
2142	3828	1	0.881
9028	1120	1	0.917
1158	3654	0	0.000536
5523	2803	1	0.885
1017	5488	1	0.873
7276	360	1	0.821
6301	2709	0	0.000635
2543	8477	1	0.859
6056	9141	1	0.983
3887	1052	1	0.865
8607	7921	0	0.000153
3677	2296	1	0.972
5669	1468	1	0.917
9992	1588	1	0.997
6835	7909	1	0.802
5972	7748	1	0.889
9759	4234	1	0.918
3314	1709	1	0.842
196	1213	1	0.823
1840	2088	0	0.000345
3179	3288	1	0.999
6373	9610	1	0.835
9816	9472	1	0.874
4637	2008	1	0.97
4671	3831	1	0.922
2445	4859	1	0.934
3717	9212	1	0.809
5277	9379	1	0.841
4646	339	1	0.866
8452	6773	1	0.842
4135	4612	0	0.000242
1253	7165	1	0.962
9634	920	1	0.875
4638	2419	1	0.972
1460	4655	0	0.000392
4534	9777	1	0.994
3890	501	1	0.906
6131	8216	0	0.000354
431	896	1	0.812
8817	3620	1	0.837
5054	6789	0	0.000464
9969	6151	1	0.915
7456	515	1	0.995
5568	3410	1	0.913
2047	3559	1	0.906
595	9443	1	0.808
712	2945	1	0.819
6624	967	0	0.000206
6005	9704	1	0.926
424	2284	0	0.000442
6779	4235	1	1
9581	9853	1	0.96
291	657	1	0.92
4524	4477	1	0.969
4976	4092	1	0.897
3989	1936	1	0.813
162	479	1	0.898
8014	4102	1	0.955
3912	1825	0	0.00024
4452	4721	1	0.866
1200	2475	1	0.918
9271	5770	0	0.000427
1221	9228	1	0.837
7351	3779	1	0.935
3947	288	1	0.809
9048	588	1	0.921
4665	7994	1	0.961
3951	3816	1	0.895
49	232	1	0.885
9593	4819	0	0.000169
5899	5035	1	0.905
5510	33	1	0.826
3834	5357	1	0.958
5137	2253	1	0.943
8198	3812	1	0.974
5943	1867	1	0.844
1536	2452	1	0.927
8330	4092	0	0.000393
5268	9276	1	0.877
2398	6359	1	0.863
7948	37	0	0.000259
1794	1542	1	0.813
8369	192	1	0.822
9847	6585	1	0.857
9153	5904	1	0.895
4900	76	1	0.83
3105	1074	0	0.000102
6480	5835	1	0.918
4134	120	0	0.00059
4928	9356	1	0.858
255	875	1	0.966
7086	7884	1	0.83
5392	468	1	0.893
4969	4779	1	0.926
7597	3746	1	0.995
8075	2700	1	0.949
3040	319	1	0.95
6472	4600	0	0.000344
492	624	1	0.884
3933	4127	1	0.914
457	6486	1	0.916
3215	3664	1	0.989
9390	2442	1	0.992
4023	4133	1	0.874
627	7040	1	0.847
4538	6317	1	0.992
6044	8535	1	0.838
7013	964	0	0.000343
7512	5242	1	0.805
2117	7380	1	0.974
1675	75	1	0.807
3713	6968	1	0.867
7176	3802	1	0.831
8795	8337	1	0.81
2782	977	0	0.000152
7706	895	1	0.982
2659	1696	0	0.000172
5046	719	1	0.919
667	1389	0	0.000576
6229	8772	1	0.826
8113	8248	1	0.979
76	785	1	0.945
1179	1188	0	0.000153
7090	3470	1	0.876
5189	5676	1	0.989
1214	2984	0	0.000545
9408	3585	1	0.901
6398	3131	1	0.944
746	3393	1	0.967
9019	8203	1	0.916
6937	9530	1	0.993
9316	5692	1	0.947
8561	1304	1	0.816
874	592	1	0.906
1007	6278	1	0.876
8720	5586	1	0.935
2727	2294	1	0.824
8830	2479	1	0.969
2629	4489	1	0.807
6262	5380	1	0.962
1746	4359	1	0.833
4566	73	1	0.995
1902	22	1	0.861
2771	2359	1	0.834
5214	1846	1	0.822
8498	6155	1	0.861
5597	1478	1	0.943
9475	2596	1	0.924
2553	5003	0	8.69e-05
9865	312	0	0.000121
7220	22	1	0.83
7182	9868	1	0.946
8851	8374	1	0.928
9644	5545	1	0.933
3252	1289	1	0.913
336	1537	1	0.948
5037	5608	1	0.807
4994	4420	1	0.809
946	9115	0	0.000269
8544	3783	1	0.997
371	6527	1	0.809
3560	7510	1	0.937
6006	1279	1	0.869
4582	7739	1	0.897
2691	454	1	0.923
6730	8340	1	0.821
1809	7192	1	0.921
6514	9298	1	0.995
2474	8002	0	0.00037
1718	3347	1	0.891
2564	1107	0	0.000223
1570	2182	1	0.881
3328	6413	1	0.932
9339	4922	1	0.852
8695	3647	1	0.811
2537	1352	1	0.854
4310	119	1	0.895
5536	4454	1	0.869
9082	3084	1	0.938
7720	9365	1	0.89
8160	4205	1	0.985
5290	2688	1	0.868
7303	733	1	0.898
6771	6729	1	0.946
6501	2262	1	0.835
6328	4199	1	0.847
7976	160	0	0.000328
3752	3558	0	0.000628
6204	7933	0	0.000184
773	5078	1	0.923
4180	3267	1	0.909
6331	1445	1	0.859
6295	3354	1	0.988
1254	5377	1	0.992
5987	8972	1	0.893
768	3855	1	0.901
1206	968	0	0.000236
4679	2366	1	0.942
9032	1887	0	0.000216
5872	148	1	0.869
5934	4960	1	0.926
2734	3160	1	0.911
8071	5006	1	0.93
7184	8324	1	0.934
8295	265	0	0.000636
1154	3062	1	0.967
7954	1844	1	0.895
8662	9304	1	0.971
3798	7473	1	0.801
6130	2714	1	0.838
678	1740	1	0.979
96	9232	0	0.000237
3853	7574	1	0.846
2317	6994	1	0.922
9770	6331	1	0.931
9721	73	1	0.881
1674	7943	1	0.975
6349	4698	1	0.932
9958	83	1	0.931
6734	1629	1	0.823
9200	7106	1	0.913
8989	576	1	0.82
8371	1482	1	0.913
7918	1741	1	0.805
1020	3387	0	0.000379
3970	4796	1	0.901
7101	3361	1	0.997
9748	4171	1	0.821
2193	57	1	0.941
5384	9113	1	0.865
6689	68	1	0.956
2905	3604	1	0.975
5353	3519	0	0.000601
6732	5047	1	0.805
1189	9734	1	0.904
9985	2434	1	0.903
6321	4464	1	0.906
375	416	1	0.943
8923	668	1	0.969
1341	2302	1	0.906
5629	3811	1	0.893
4601	9274	1	0.925
2227	584	1	0.962
1384	3515	1	0.81
3726	7192	1	0.988
913	1635	1	0.864
1484	5304	1	0.939
754	7080	1	0.801
8671	7572	1	0.832
7300	5059	1	0.845
2108	1072	1	0.938
5407	9354	1	0.885
4297	3168	1	0.858
5616	9026	1	0.897
2332	9615	1	0.855
7053	55	1	0.957
9421	1670	1	0.875
9357	3202	1	0.879
3608	9123	1	0.919
3455	4283	1	0.905
2100	2578	1	0.811
2064	487	1	0.892
3416	5277	1	0.918
1597	1349	1	0.937
5966	1810	1	0.888
4160	370	1	0.872
9875	647	1	0.955
9761	3185	1	0.86
952	4181	1	0.807
230	583	0	0.000549
5440	1080	0	0.000636
5441	6763	1	0.977
7123	8520	1	0.991
1157	7648	1	0.872
2668	924	1	0.84
9393	2544	1	0.874
2613	9980	1	0.909
704	8588	0	0.000254
1694	8420	1	0.923
3020	8019	1	0.888
1650	4876	1	0.942
9398	6955	0	9.17e-05
5308	9387	1	0.854
31	4476	1	0.911
1950	966	1	0.986
6599	1271	1	0.944
6705	1718	0	0.00043
9737	314	1	0.977
9423	2269	0	0.000197
4173	2960	1	0.946
9707	8037	1	0.869
9802	7014	1	0.801
7678	1712	0	0.000377
494	335	1	0.899
3774	9228	1	0.835
7953	2295	1	0.862
8717	2787	1	0.892
2780	8590	0	0.000543
1164	6641	1	0.907
552	40	1	0.912
959	3889	0	0.000628
765	4850	1	0.968
4767	567	1	0.812
3291	1701	1	0.801
606	1132	1	0.861
179	3287	1	0.869
9522	3105	0	0.000144
500	4247	0	0.000106
292	143	1	0.876
5127	782	1	0.98
4299	7642	1	0.863
1640	1965	1	1
9860	5831	0	0.000499
2759	7695	0	0.000104
6436	859	0	0.00063
6971	3333	0	0.000271
237	3244	1	0.883
7955	6192	1	0.822
6473	4881	1	0.864
8568	5401	1	0.877
4473	2959	1	0.821
4550	2047	1	0.821
5693	735	1	0.835
7621	5664	0	0.000614
3632	23	1	0.815
756	3295	1	0.806
6684	9312	1	0.847
6261	4974	1	0.912
1846	317	1	0.829
5262	2634	1	0.989
4000	1930	1	0.963
7789	6888	1	0.951
2794	7730	1	0.81
3034	8066	1	0.922
1958	1183	1	0.968
8687	6357	1	0.822
7317	1340	0	0.000219
3195	7562	1	0.912
1390	5024	1	0.97
1047	5039	1	0.91
2559	4975	1	0.983
8712	6813	1	0.962
6613	9261	0	0.000546
1040	3325	0	0.000535
6421	5560	1	0.866
7459	8250	1	0.924
9850	919	1	0.833
64	786	1	0.897
5541	3632	1	0.968
9552	62	1	0.807
502	7342	0	0.000325
4322	113	0	0.000199
3953	3337	1	0.901
9991	1978	1	0.938
3407	93	0	0.000406
9266	8875	1	0.951
5836	6239	1	0.967
7203	3966	1	0.816
5116	7887	1	0.834
9786	8457	0	0.000594
3152	5643	1	0.982
1459	5433	1	0.867
657	8679	1	0.879
7385	3868	0	0.000546
7425	8875	1	0.856
6121	3629	1	0.937
1280	8618	1	0.83
8587	7895	1	0.939
8981	3533	1	0.842
3469	116	1	0.847
4420	9451	1	0.9
634	2245	1	0.896
2454	4008	1	0.853
1436	666	1	0.844
8304	4651	1	0.931
9365	8049	0	0.000502
193	41	1	0.863
6909	5247	1	0.906
3211	2978	1	0.914
6632	4261	1	0.952
5711	7076	1	0.858
6225	1311	1	0.89
44	7896	1	0.952
2144	6685	1	0.871
9333	7457	1	0.851
2755	1965	1	0.944
8672	2	1	0.879
6551	8846	1	0.944
9776	5471	1	0.932
8744	2472	1	0.838
4059	8073	1	0.809
5423	3815	1	0.926
1205	4147	1	0.827
9113	4158	1	0.978
9549	6482	1	0.821
9691	1615	0	0.000212
2283	2198	1	0.995
5870	1551	1	0.861
1625	832	1	0.92
2281	2406	1	0.907
4285	603	1	0.804
9597	4594	1	0.953
2230	9017	1	0.965
3501	4088	1	0.937
4689	8536	1	0.904
7027	797	1	0.854
6853	2565	1	0.868
3066	2962	1	0.956
4178	185	0	0.000566
8554	3714	1	0.904
3701	1029	1	0.91
4754	279	1	0.802
9854	501	1	0.82
5325	616	1	0.857
5171	1299	1	0.943
5161	920	1	0.909
6584	1184	0	0.000502
7521	2334	1	0.972
3390	8643	1	0.815
1787	641	1	0.808
7596	3334	0	0.000531
7186	9834	1	0.998
6192	1733	1	0.979
4398	7508	1	0.942
4332	852	1	0.91
1420	256	1	0.841
7951	1016	0	0.00019
5978	2378	1	0.819
5540	8467	1	0.816
3201	8942	1	0.941
8597	84	1	0.848
8831	333	1	0.83
3814	9777	1	0.966
4290	8768	0	0.000534
3327	7260	1	0.962
7036	4345	1	0.943
2645	542	1	0.934
1374	228	0	0.000456
122	2225	1	0.914
1051	5483	1	0.966
8925	487	1	0.921
7913	8321	1	0.972
1648	360	1	0.912
7270	6274	1	0.923
8934	243	1	0.949
97	8235	1	0.983
1311	1738	1	0.849
2460	2422	1	0.87
1884	662	0	0.000114
5701	2098	1	0.945
4962	2856	1	0.968
6945	2917	1	0.818
8944	7017	0	0.00056
3746	9786	1	0.92
3098	4603	1	0.809
7718	3791	1	0.955
5880	6294	1	0.931
7902	3002	1	0.857
6750	5993	0	0.000335
3120	805	1	0.854
1149	2295	1	0.897
4018	639	0	0.00042
5771	5130	1	0.86
5149	8230	1	0.866
725	7446	1	0.877
2240	2329	1	0.802
5762	3432	0	0.000306
4138	4659	1	0.856
7999	1509	1	0.963
6953	1775	1	0.843
5421	8982	1	0.859
5554	8827	1	0.842
9237	5219	1	0.951
2658	2860	1	0.871
4958	1513	1	0.935
9256	3276	0	0.000143
1335	1739	1	0.978
5953	2999	0	0.000382
1602	3358	1	0.877
4108	7623	1	0.972
2806	7296	1	0.818
3119	4963	1	0.846
8449	5969	1	0.986
4438	1143	1	0.861
1321	7779	1	0.843
7140	1702	1	0.858
8815	7184	1	0.999
7225	3383	1	0.908
6246	3316	1	0.879
4828	4436	1	0.853
2511	1158	0	8.79e-05
537	414	0	0.00055
3749	1696	1	0.941
2499	7381	1	0.86
5767	7184	0	9.73e-05
9501	5841	1	0.862
9117	4022	1	0.99
1031	2193	1	0.964
658	7310	1	0.955
3687	1916	1	0.982
4802	8191	1	0.964
1392	6121	1	0.985
8723	719	1	0.848
8249	6233	0	0.000301
6976	6381	1	0.813
2449	6141	1	0.992
4011	7597	1	0.888
5223	4974	1	0.99
227	9419	0	0.000485
8783	848	1	0.806
784	3072	0	0.000137
6931	1970	1	0.82
9073	2878	1	0.992
8866	1982	1	0.847
6547	5200	1	0.914
8057	8232	1	0.921
9463	1180	1	0.933
2138	2227	1	0.831
8115	2957	1	0.959
8774	4859	1	0.937
7265	2526	0	0.000533
5034	9141	1	0.994
5105	2393	1	0.89
2655	4030	1	0.953
9413	9257	1	0.838
5479	6257	1	0.942
7269	4451	1	0.872
7516	8389	0	0.000468
5088	121	1	0.863
817	9494	1	0.867
1815	8746	1	0.871
5637	3557	1	0.884
8990	9491	0	0.000383
4966	2447	1	0.83
6356	4450	1	0.992
5041	1771	0	0.000334
5504	1144	1	0.863
3602	3698	1	0.865
2137	1041	1	0.882
6602	758	1	0.817
6167	2705	1	0.979
7275	175	1	0.945
5933	9467	1	0.852
8386	5087	1	0.961
1729	431	1	0.816
578	5756	1	0.986
2824	973	0	0.000597
3489	8433	1	0.977
9937	3190	1	0.908
3037	4381	1	0.916
2148	8237	1	0.812
5718	4658	1	0.833
2339	5724	1	0.893
1987	1030	1	0.897
4433	7128	1	0.981
1450	9421	1	0.901
8456	1415	1	0.821
4557	2529	1	0.986
6052	5632	1	0.915
1912	631	1	0.849
8586	1	0	0.000139
7856	2734	1	0.901
4549	3049	1	0.834
8450	5434	1	0.949
7576	5153	1	0.961
6369	7408	1	0.839
204	3066	1	0.973
5039	3389	1	0.862
8462	1311	1	0.939
7370	3998	1	0.819
9236	9162	1	0.851
7633	9639	1	0.842
8583	4497	1	0.86
9332	3389	1	0.938
8455	2764	0	0.000463
3334	7715	0	0.00022
1872	9019	0	8.52e-05
7992	1998	1	0.802
3231	3517	1	0.808
3707	2217	1	0.963
411	6375	1	0.822
4562	8682	1	0.854
276	7543	1	0.852
3027	1496	1	0.864
4341	373	1	0.949
2986	9372	1	0.993
9609	6801	1	0.93
2950	8925	1	0.877
248	2698	1	0.888
7802	2648	1	0.953
4045	4504	1	0.883
5331	4296	0	0.000213
5184	2306	1	0.813
9815	7071	0	0.000195
3513	4253	1	0.893
8649	7151	1	0.934
3910	6690	1	0.829
1726	1591	1	0.882
2341	4052	0	0.000421
4215	5592	0	0.000232
8261	4412	1	0.913
52	7121	1	0.874
8646	1726	0	0.000617
45	8422	1	0.917
2187	1926	1	0.852
6098	6122	1	0.802
9495	6844	1	0.917
7741	5419	1	0.945
5838	3758	1	0.888
8931	4668	1	0.802
9722	3495	1	0.82
1117	3582	1	0.946
4477	4524	1	0.858
655	1021	1	0.9
6175	8846	0	0.00018
6713	4743	0	0.000258
1759	5771	1	0.803
9403	6280	1	0.957
8996	1738	1	0.858
6477	7186	1	0.963
4989	9460	1	0.844
2038	3485	1	0.993
5253	9712	1	0.915
4902	5639	1	0.992
1241	6677	1	0.824
2295	9637	0	0.000542
8096	2302	1	0.811
629	5380	1	0.905
3583	2737	1	0.948
5591	4562	1	0.915
1550	1591	1	0.837
1356	7977	0	0.000264
4369	9729	1	0.931
4830	399	1	0.973
1893	5722	1	0.816
6291	9938	1	0.834
971	9190	1	0.858
5991	6777	1	0.897
3725	3309	1	0.927
8481	6930	1	0.822
5596	3631	1	0.864
2621	1864	1	0.927
1810	9876	1	0.898
9122	1041	1	0.982
5898	7176	1	0.982
8709	2746	1	0.817
3914	7493	1	0.868
4604	9449	1	0.838
6494	2743	1	0.959
4487	1981	1	0.856
2488	7586	1	0.886
919	4121	1	0.99
5382	9825	1	0.86
9961	4795	1	0.97
3786	8243	1	0.836
7820	9744	1	0.821
9410	1694	1	0.994
9622	6875	1	0.872
2746	8659	1	0.834
1834	6894	1	0.81
6208	980	1	0.963
3056	2038	1	0.808
8884	4861	1	0.9
6500	1357	1	0.835
9353	9288	1	0.81
8283	4659	1	0.983
9514	4478	1	0.802
3799	4408	1	0.981
1903	7266	1	0.92
5324	5078	1	0.96
2024	8230	0	0.00056
7654	2022	1	0.897
9136	5855	1	0.886
1453	1572	1	0.937
6232	9782	1	0.974
9169	7117	1	0.957
3528	1855	1	0.82
7429	5792	1	0.951
3346	9512	1	0.954
6879	10	1	0.827
8530	3384	0	0.000133
2172	6851	0	0.000234
3396	4975	1	0.968
9331	8457	1	0.977
2429	2902	1	0.817
4788	7098	1	0.923
6366	6760	0	0.000533
3219	455	0	0.000178
4804	5406	1	0.849
6027	1123	1	0.88
6072	9237	0	0.000573
7361	1910	0	0.000341
9270	9843	1	0.886
3319	8734	1	0.97
7159	904	1	0.991
3927	7381	1	0.874
2371	2459	0	0.000624
8355	2368	1	0.897
8936	113	1	0.955
2539	9879	1	0.83
304	1715	1	0.972
7297	1450	1	0.915
465	6288	1	0.981
1769	9434	1	0.96
4669	179	1	0.938
6507	6433	1	0.956
6112	5132	1	0.95
9950	1000	1	0.81
5319	1697	0	0.000315
6828	4961	1	0.874
9650	9729	1	0.896
3841	2630	1	0.848
8777	6133	1	0.869
3822	188	1	0.866
3030	6221	1	0.805
6017	859	1	0.813
807	7807	0	0.000536
132	199	1	0.851
2892	1929	1	0.948
2405	872	1	0.85
794	8263	1	0.995
3015	2956	1	0.826
192	5786	1	0.962
8629	946	1	0.911
1573	3100	0	0.000234
6759	9167	1	0.865
3551	7010	1	0.882
7600	1080	0	0.000204
3926	2520	0	0.000478
3071	6819	1	0.849
5908	1263	1	0.844
3520	7137	1	0.858
8908	5818	1	0.809
3561	2900	1	0.982
779	8003	1	0.884
6486	4903	1	0.976
2077	5315	1	0.822
8322	5878	1	0.946
8102	3451	1	0.957
9705	4324	1	0.859
3824	3724	1	0.867
5254	3332	1	0.857
2200	2903	1	0.889
238	142	1	0.971
7331	1952	1	0.93
8356	5849	1	0.935
8927	1966	1	0.908
9962	3711	1	0.86
9478	9894	1	0.905
1408	122	1	0.956
3302	7901	1	0.921
1081	376	0	0.000286
2491	2149	1	0.996
6228	5163	1	0.891
6806	4577	0	0.000135
6957	4390	1	0.878
5746	7847	1	0.959
2427	1639	0	0.000201
8026	973	1	0.994
6422	6496	1	0.893
699	3339	0	0.000491
8103	458	1	0.812
9151	1554	1	0.979
9810	6693	1	0.839
7439	2520	1	0.936
4076	8617	0	0.000486
3964	1451	1	0.825
6658	942	0	0.000586
4067	7397	1	0.929
6463	970	1	0.927
1848	1289	1	0.882
84	4645	0	0.000398
9515	773	0	0.000553
6357	9107	1	0.96
6760	7146	0	0.000466
4419	8705	1	0.931
3365	7909	1	0.804
9079	3862	1	0.96
7064	5759	1	0.945
8234	3250	1	0.896
1219	3693	1	0.971
7556	1847	1	0.951
9517	727	1	0.864
2828	3873	1	0.875
3460	809	1	0.91
6033	8146	0	0.00035
7380	1366	1	0.839
3845	1598	1	0.84
4718	3102	1	0.887
9142	3329	1	0.873
2490	7024	1	0.8
7709	7269	1	0.96
6904	7448	1	0.906
721	2115	0	0.000554
9500	1526	1	0.889
6390	4846	1	0.91
5398	59	1	0.975
7606	7411	1	0.953
5653	132	1	0.867
7762	2523	1	0.874
8077	1943	1	0.839
5671	3169	1	0.931
5652	4115	1	0.851
2969	1775	1	0.991
8196	5057	1	0.809
7940	2414	1	0.808
3025	4445	1	0.894
7480	8973	1	0.873
1620	159	0	0.000377
8060	2317	1	0.854
5226	3191	1	0.902
2602	4246	1	0.945
1630	8629	1	0.962
1768	8292	1	0.925
408	9817	1	0.878
586	6383	0	0.000173
1926	4080	1	0.975
7607	4332	1	0.871
5967	2340	1	0.991
9735	909	1	0.963
1610	3774	0	0.000482
4659	1541	1	0.845
1079	3217	1	0.822
3855	4969	1	0.97
7696	6380	1	0.922
2407	702	1	0.922
930	1703	1	0.928
6848	6862	1	0.866
4658	8454	1	0.918
1345	5692	1	0.927
1559	1500	0	0.000437
4102	6998	1	0.918
4839	4283	1	0.968
6015	1801	1	0.935
7383	5742	1	0.995
6384	2331	1	0.831
6108	4221	1	0.865
8602	1737	1	0.803
5804	499	1	0.942
3767	9785	1	0.852
1074	4847	1	0.919
7770	1974	1	0.815
6317	4780	1	0.979
5974	317	1	0.822
4719	3833	1	0.854
3895	939	0	0.000168
7645	6747	1	0.85
7768	191	1	0.928
8134	7446	1	0.9
4758	1503	1	0.973
8772	3549	1	0.995
2502	2839	1	0.971
4890	7336	0	0.000355
9241	8947	0	0.000469
7398	8028	1	0.986
3692	3925	1	0.908
3090	3260	1	0.96
1086	2764	1	0.974
7691	3405	1	0.973
1575	5010	1	0.978
6285	4605	1	0.971
7690	4269	1	0.847
8271	6995	1	0.862
551	4007	1	0.817
6342	6500	1	0.912
3741	6912	1	0.921
9302	107	1	0.895
6400	5432	1	0.842
7254	2558	1	0.935
5015	3692	1	0.849
685	1173	1	0.879
6715	8585	1	0.961
9160	3691	0	0.000482
2607	661	1	0.989
3817	9928	1	0.816
149	8247	1	0.949
9712	1249	0	0.000633
4853	6089	1	0.951
9550	1161	1	0.921
214	3263	1	0.835
188	2824	1	0.865
5372	1630	1	0.848
5578	111	1	0.931
1376	5469	1	0.906
9114	3305	1	0.864
786	55	1	0.904
1165	739	1	0.947
3153	3384	0	9.41e-05
8146	1600	1	0.929
4870	1671	1	0.824
4091	6265	1	0.973
3283	9051	1	0.967
9147	4759	1	0.884
5410	8764	1	0.848
3644	6140	1	0.938
3525	2571	1	0.887
8715	5600	1	0.835
747	4507	1	0.827
5846	224	1	0.892
4270	8164	0	0.000513
9459	7923	1	0.951
5237	39	1	0.864
9831	1690	1	0.973
1613	196	0	0.000429
5635	4789	1	0.994
1139	1805	1	0.941
2955	7010	1	0.889
6239	7632	1	0.806
3605	7902	1	0.84
417	545	1	0.878
4677	2628	0	0.000212
3761	6246	1	0.896
7155	6472	0	0.000555
6055	881	1	0.823
5381	4729	1	0.961
3816	3969	1	0.923
1816	4922	1	0.848
9642	4951	1	0.892
891	2408	1	0.945
4666	8218	1	0.829
3121	314	1	0.81
3467	8619	1	0.858
4238	8360	1	0.886
1764	6898	1	0.964
4338	600	1	0.984
8862	5055	0	0.000189
9257	5826	1	0.99
6012	7904	1	0.803
4061	1439	0	0.000247
9468	2218	1	0.879
7834	9819	1	0.875
3434	4408	1	0.819
1046	67	1	0.923
5096	7394	1	0.808
6947	1894	1	0.857
4824	2145	1	0.973
7372	5052	1	0.897
9738	4105	1	0.85
8485	2977	0	0.000558
4820	3664	1	0.829
1410	4606	1	0.817
5968	5741	0	0.000578
5249	2132	1	0.962
4642	187	1	0.827
4806	3440	1	0.891
2995	927	1	0.843
8850	5070	1	0.871
348	3859	1	0.985
154	7960	1	0.889
2321	190	1	0.821
8542	1740	1	0.89
8938	1990	1	0.993
4484	2279	1	0.846
9163	8459	1	0.826
3946	2671	1	0.956
9782	6232	1	0.954
1515	7536	1	0.863
752	3412	1	0.946
89	4849	1	0.807
5793	5355	1	0.829
2361	1171	1	0.91
7131	4854	1	0.957
6891	656	1	0.993
9923	9719	1	0.832
3909	755	0	0.000134
1915	6895	1	0.92
4586	5648	1	0.984
8900	484	1	0.928
9387	69	1	0.873
4709	4825	1	0.902
9330	5708	1	0.894
2635	1725	1	0.985
8011	5453	1	0.881
9899	197	1	0.944
3094	1009	1	0.834
1488	9227	1	0.839
7002	107	1	0.956
8516	413	1	0.982
3607	2955	1	0.853
6805	9729	1	0.928
8861	3919	1	0.938
5562	219	0	0.000114
789	6336	0	0.000268
4358	2905	1	0.841
5716	1128	1	0.869
9568	9340	1	0.864
7271	5508	1	0.979
1413	7715	0	0.000451
3941	3978	0	0.000292
4757	6010	0	0.000257
3738	7544	1	0.907
7360	6869	0	0.000107
8476	7822	1	0.914
1773	4296	0	0.00054
7503	255	1	0.967
838	825	1	0.815
9975	4066	1	0.818
5442	704	1	0.831
8484	4205	0	0.000194
3871	9864	1	0.809
3943	9457	1	0.839
723	2373	1	0.897
7125	4780	1	0.833
7689	8128	1	0.823
7595	1355	0	0.000383
9768	7253	0	0.000584
8260	237	1	0.855
5990	1567	1	0.986
6032	7761	1	0.865
8215	4567	1	0.84
7058	3803	1	0.991
661	9456	0	0.000631
7508	5917	1	0.905
7318	68	1	0.982
6029	7909	1	0.821
5645	2763	1	0.861
9137	5757	1	0.892
1949	9454	1	0.822
5609	5990	1	0.912
6617	191	0	0.000134
2704	6269	1	0.931
1742	5652	1	0.856
2337	346	0	0.000309
1109	8040	1	0.918
4944	4126	1	0.871
6683	1526	0	0.000298
420	3320	1	0.917
1365	5197	1	0.976
2159	2115	1	0.853
1100	741	1	0.979
1300	2403	1	0.941
2399	6691	1	0.848
1712	7615	1	0.868
5448	677	1	0.916
6852	9937	1	0.803
4923	1473	1	0.897
4860	2531	1	0.993
4211	6346	1	0.804
1201	1643	1	0.937
6790	8878	1	0.894
1735	7811	1	0.983
6306	431	1	0.929
459	7860	1	0.869
8689	5287	1	0.821
9512	456	1	0.804
6842	7011	1	0.893
1795	2683	1	0.902
3309	2154	0	0.000467
1062	18	1	0.985
8383	4411	1	0.832
5841	1703	0	0.00028
544	1738	1	0.807
555	443	1	0.91
484	9065	1	0.862
6097	1531	1	0.946
5309	4942	0	0.000539
5755	1915	1	0.856
2912	16	1	0.969
5658	4691	0	0.000549
5505	2062	1	0.832
2082	1139	0	0.000545
2572	5835	1	0.824
295	2262	1	0.935
4035	3607	1	0.839
8395	9031	1	0.814
4133	6936	1	0.864
6505	1322	1	0.912
3935	5667	1	0.966
8347	4878	1	0.812
2265	7537	1	0.881
5989	5382	1	0.971
2212	3886	1	0.834
2964	2253	1	0.877
5195	1152	1	0.905
6755	2313	0	0.000112
6932	2304	1	0.909
4082	648	1	0.901
4151	5352	1	0.989
1511	2617	1	0.96
9688	2143	1	0.918
2379	8051	1	0.897
8298	84	0	0.000388
8335	1452	0	0.000183
102	95	0	0.000211
1892	9982	1	0.802
4457	6651	1	0.968
3258	7069	1	0.816
9687	1082	1	0.875
8252	252	1	0.813
6073	1444	1	0.974
9920	2074	1	0.831
9693	1777	1	0.91
1828	6232	1	0.962
2498	6254	1	0.95
1587	8111	1	0.886
9555	7956	1	0.903
3694	9941	1	0.824
6710	8712	1	0.84
3754	4093	0	0.000165
3534	2809	1	0.953
4410	679	1	0.944
9708	925	1	0.999
5165	277	1	0.811
9560	304	1	0.979
3263	5498	1	0.931
5703	930	0	0.000366
7699	7830	1	0.972
2793	9524	1	0.985
1503	842	1	0.902
7941	661	1	0.811
2275	4243	1	0.865
6510	5917	1	0.864
5050	3085	1	0.856
7537	4348	1	0.919
8913	540	1	0.809
3492	9326	1	0.892
1167	1783	1	0.922
4585	2427	1	0.995
4793	2935	1	0.821
740	8430	1	0.919
5848	1439	1	0.9
8224	2097	1	0.916
524	174	1	0.974
3289	8586	1	0.828
9198	4110	1	0.843
6606	9571	1	0.97
4038	2288	0	0.000463
7173	8094	1	0.849
301	7209	1	0.832
1260	2102	1	0.917
3307	857	1	0.993
4695	4390	0	0.000297
808	2851	1	0.925
9112	5449	1	0.931
9894	4153	0	0.000505
9898	5342	1	0.925
7761	3915	1	0.897
810	6441	0	0.00017
1948	7513	0	0.000533
868	6316	0	0.000361
3797	5796	1	0.967
147	9931	1	0.988
4602	1080	1	0.878
1798	3237	1	0.953
2045	3176	1	0.859
8348	4460	1	0.981
5456	4452	1	0.926
8545	2960	1	0.978
1209	2815	1	0.969
6128	241	1	0.823
4367	7298	1	0.885
8857	5448	1	0.873
3737	3638	1	0.829
4899	5797	1	0.954
1716	3642	1	0.894
3606	5930	1	0.989
893	3454	1	0.975
6222	1143	0	0.000289
6344	1798	0	0.000435
3616	7264	0	0.000379
7692	3114	1	0.992
6896	3148	1	0.914
7223	6836	1	0.802
2489	6084	1	0.842
2523	5247	1	0.896
4288	7244	0	0.00031
6933	2748	1	0.972
2076	1473	1	0.831
7415	9796	1	0.814
8548	165	1	0.866
1814	5098	1	0.93
380	8879	1	0.896
5443	279	1	0.976
9351	1162	1	0.802
6761	8301	1	0.806
2375	8647	1	0.865
7850	8627	1	0.878
2597	2612	1	0.932
6379	9384	1	0.876
6974	3854	1	0.881
5556	8975	1	0.925
3398	9432	1	0.851
2350	1017	1	0.827
5402	7113	0	0.00041
9806	7468	0	0.000506
5134	378	1	0.824
6257	2695	1	0.88
6045	1475	1	0.807
6984	4591	1	0.887
7334	8639	1	0.803
5023	6821	1	0.941
2096	551	1	0.894
8058	7276	1	0.85
6756	1862	1	0.97
2232	4208	1	0.915
4590	6476	1	0.867
5682	607	1	0.987
5996	895	1	0.969
439	3834	1	0.847
1308	3495	1	0.91
9908	4116	1	0.837
7926	802	1	0.961
1061	3148	1	0.935
8324	6493	1	0.947
5960	2886	1	0.836
1083	5161	0	0.000633
4818	1867	1	0.887
9932	7425	1	0.848
1495	2592	1	0.952
4662	8658	1	0.856
3547	5716	1	0.871
7215	8470	1	0.972
7671	9275	1	0.939
2662	5714	0	0.000509
9234	6762	1	0.997
5484	7573	1	0.904
1793	4500	0	0.000457
5902	811	1	0.871
3425	9501	1	0.885
4461	6933	1	0.955
2571	659	1	0.958
8299	7238	1	0.816
3318	6683	1	0.936
3298	5182	1	0.878
9016	8743	1	0.936
7248	9026	1	0.843
6491	3996	1	0.845
4084	1299	1	0.877
11	1078	1	0.967
7175	8511	1	0.897
3770	956	1	0.872
2737	1272	1	0.802
8609	8295	1	0.908
3903	8715	1	0.878
782	9476	1	0.914
6307	2103	1	0.817
6335	2346	0	0.00054
8025	1720	1	0.832
4100	6249	0	0.000474
3093	7356	1	0.821
2476	1299	1	0.941
5273	6521	1	0.924
1043	2897	1	0.882
8643	3202	1	0.836
1301	4732	1	0.968
8297	4406	1	0.952
5224	5189	1	0.814
2920	1295	1	0.835
9584	2061	1	0.893
8244	3985	1	0.961
8759	3142	1	0.924
6457	3556	1	0.989
3016	1317	1	0.897
1889	1667	1	0.943
5818	2840	0	0.000534
4799	1208	1	0.886
4181	1631	1	0.955
7767	5569	0	0.000595
1418	2840	0	0.000473
626	6651	0	0.000617
7117	633	1	0.828
7828	6472	1	0.962
8397	9536	1	0.922
7068	4269	1	0.837
852	2846	1	0.906
5347	2288	1	0.893
2857	3607	1	0.823
5391	6907	1	0.868
9206	3546	0	0.000415
5489	6710	1	0.963
631	4394	1	0.963
16	61	1	0.961
8507	5925	1	0.817
6766	1412	1	0.907
6119	1870	0	0.000475
5537	1516	1	0.851
6186	6158	1	0.967
791	3316	1	0.999
5488	3506	1	0.912
8496	1282	1	0.854
7903	8400	1	0.992
3747	807	0	0.000592
622	1020	1	0.859
7765	9630	1	0.83
4611	348	1	0.885
8320	7475	1	0.829
9156	5434	1	0.81
1470	165	1	0.942
4148	2345	0	0.000548
4021	4492	1	0.853
2253	5536	1	0.989
3380	6045	1	0.978
6943	3544	1	0.979
8956	980	1	0.897
7668	2579	1	0.886
8467	4623	1	0.845
3422	5497	1	0.988
4436	4642	1	0.828
207	1017	1	0.831
792	6000	1	0.823
4384	1100	1	0.815
8463	6857	1	0.892
6432	7717	0	0.000528
996	4471	1	0.856
1730	8658	1	0.885
6645	8832	1	0.876
3226	9337	1	0.923
6159	1600	1	0.912
9450	7384	1	0.943
1406	547	1	0.889
7402	5305	1	0.828
9389	2276	0	0.000159
5549	144	1	0.83
2011	6018	1	0.891
5673	8832	0	0.000417
3998	7953	0	0.000145
9367	4596	0	0.00039
8276	4419	1	0.965
7211	5879	0	0.000491
4717	8476	1	0.983
377	7829	1	0.944
7332	6403	0	0.000192
1273	3637	1	0.832
2881	6713	1	0.94
5221	4881	1	0.816
7618	242	1	0.913
8051	5029	1	0.839
8621	1535	1	0.88
5529	4010	1	0.856
5860	3049	1	0.913
7629	3588	0	0.000226
7756	3531	1	0.877
8399	4051	1	0.967
4395	4207	1	0.983
386	1559	1	0.895
7574	6674	0	0.000185
9232	6124	1	0.948
8443	7402	1	0.868
9862	3723	1	0.971
4232	7631	1	0.974
8257	3511	1	0.848
6310	8779	1	0.95
5807	3098	1	0.842
3111	7016	1	0.898
51	1441	1	0.937
2663	1199	1	0.845
5668	3176	1	0.866
53	895	1	0.894
5731	8080	1	0.964
3009	1972	1	0.993
6911	1792	1	0.845
6535	5833	1	0.904
451	7648	1	0.926
9215	4543	1	0.801
4467	6888	1	0.962
4891	8431	1	0.89
3487	5381	0	0.000446
6221	3030	1	0.936
5220	463	1	0.831
4152	3049	1	0.896
7662	5720	1	0.817
9192	107	1	0.828
8608	2182	1	0.878
2059	3246	1	0.843
239	7248	1	0.902
8914	7006	1	0.87
1910	3483	0	0.000194
8085	9352	1	0.909
4265	9040	1	0.807
642	5671	0	0.000174
3466	2766	1	0.809
277	3996	1	0.872
9778	6554	0	0.00063
2451	7508	1	0.839
5737	1635	1	0.832
9038	2953	1	0.88
6102	2920	1	0.972
8754	6668	0	0.00039
7675	1429	1	0.817
2885	2399	1	0.897
3827	3091	1	0.822
7561	7347	1	0.997
9804	803	1	0.945
803	7894	1	0.906
5628	9463	1	0.822
1265	1787	1	0.951
3972	6380	1	0.846
4643	878	1	0.859
5173	8720	0	0.00045
4725	1673	1	0.811
1767	6257	1	0.921
19	4883	1	0.824
9888	945	1	0.873
4789	5119	1	0.828
8517	545	1	0.892
2120	786	0	0.000493
2832	2439	1	0.962
3118	3889	1	0.979
2529	4557	0	0.00028
4361	2408	1	0.815
9542	4879	1	0.801
2767	5098	1	0.881
9863	3886	1	0.972
47	2392	1	0.932
3402	6657	0	0.000412
1622	7206	0	0.000463
7666	686	1	0.978
775	4366	1	0.923
374	603	1	0.851
3631	6765	1	0.839
1665	2878	1	0.916
6793	200	1	0.811
3809	9044	0	0.000273
6518	2263	1	0.909
9777	9756	1	0.918
2168	5516	1	0.811
8501	3703	0	0.000245
8247	149	1	0.941
4111	7743	1	0.951
7540	5048	1	0.805
6768	8213	1	0.802
2066	1280	1	0.894
2198	4477	1	0.803
7426	455	1	0.801
8967	9815	1	0.822
225	1	1	0.846
1877	967	1	0.92
462	848	1	0.871
2524	3749	1	0.863
9619	7198	1	0.829
9108	944	1	0.929
945	1136	1	0.972
6878	5521	1	0.849
6607	5106	1	0.999
7268	2110	1	0.807
2433	1282	1	0.934
2853	8338	1	0.897
5977	3127	1	0.893
2967	3643	1	0.935
8173	56	1	0.982
2073	5428	1	0.923
2385	2140	1	0.921
5843	9968	0	0.000408
4440	4602	1	0.813
6541	306	1	0.904
7801	6314	0	0.000262
7652	3114	1	0.805
2104	1576	1	0.836
2257	786	1	0.939
3106	5497	1	0.959
4776	6185	1	0.824
5608	1407	1	0.906
55	1166	1	0.818
5051	5343	1	0.849
7791	721	1	0.95
5921	3695	1	0.983
9187	4562	0	0.000619
1419	7825	1	0.897
5085	8542	1	0.905
496	7351	1	0.863
1990	6427	1	0.994
4956	4092	1	0.854
9401	138	1	0.932
1134	3064	1	0.922
1096	4751	1	0.965
2928	4719	1	0.827
1099	9592	1	0.875
2669	8588	1	0.982
5563	2755	0	0.000377
5211	3759	1	0.865
7945	3272	1	0.906
9197	923	1	0.987
8345	4162	1	0.906
435	2796	1	0.99
1501	9965	1	0.801
6557	3540	1	0.843
8092	7928	1	0.978
1224	2955	1	0.887
9884	1572	1	0.942
384	4341	1	0.885
4651	6742	1	0.96
3300	7013	1	0.921
7222	755	1	0.973
5970	5359	1	0.891
302	5383	1	0.837
5760	5556	1	0.927
2646	2521	1	0.865
9856	4606	1	0.955
2303	1046	0	0.000496
4774	2140	1	0.937
1799	9772	1	0.893
7341	9756	1	0.819
7062	4160	1	0.92
7594	3470	1	0.966
2763	1611	1	0.969
4055	4053	1	0.82
2722	5693	1	0.842
1297	5907	1	0.893
8039	2486	1	0.833
3377	30	1	0.897
347	1649	1	0.988
3731	9804	1	0.91
2349	2584	1	0.953
3395	3664	0	0.000599
4627	1634	1	0.903
2809	5335	1	0.896
2	6677	1	0.921
5844	3358	1	0.995
4961	7850	0	0.000422
7000	2819	1	0.859
30	7616	1	0.943
3254	406	1	0.9
1125	3219	1	0.839
5209	1745	1	0.845
7704	2633	1	0.837
3232	2152	1	0.955
2642	8163	0	0.000403
7698	1397	0	0.000588
5496	1421	1	0.83
3812	234	1	0.955
3681	1172	1	0.825
6849	7132	1	0.922
108	6813	0	0.000445
2118	1930	1	0.89
4231	2797	1	0.964
6333	5075	1	0.845
535	1957	1	0.866
4559	1304	1	0.887
8724	3781	1	0.989
3756	2920	1	0.932
1600	6033	1	0.927
4439	9868	1	0.811
6615	3736	1	0.821
2819	56	1	0.989
1256	624	1	0.952
5638	9181	1	0.852
2183	5503	1	0.912
7917	2388	1	0.976
7218	4516	1	0.806
5761	2460	1	0.934
1283	5417	1	0.971
2860	1797	1	0.978
2585	1682	1	0.867
6637	3786	1	0.975
5725	3231	1	0.847
1285	8762	1	0.829
5814	1091	1	0.982
1801	2792	0	0.000544
8859	1800	1	0.962
8663	9876	1	0.964
3202	8324	1	0.922
433	6443	1	0.903
7007	4243	1	0.966
3228	9305	1	0.841
9042	5841	1	0.812
4136	5055	1	0.959
3170	7593	1	0.992
9713	7227	1	0.882
2019	4126	1	0.937
8577	5483	1	0.956
6109	5514	1	0.968
4575	1669	1	0.988
8360	670	0	0.00056
6836	4096	1	0.907
4740	4628	1	0.906
7624	2309	1	0.993
4129	3433	1	0.841
7637	3867	1	0.874
697	644	1	0.888
7427	4263	1	0.885
6281	8443	1	0.991
1528	1373	1	0.975
5806	3693	1	0.821
6319	1350	1	0.946
9363	5404	1	0.872
539	653	1	0.826
2270	253	1	0.95
9352	6409	1	0.968
9780	3610	1	0.888
9436	9936	1	0.838
3068	3317	1	0.927
5147	4750	0	0.000145
4877	926	0	0.000497
1668	984	1	0.837
4497	3870	0	0.000625
8770	2034	1	0.88
2308	451	1	0.845
1355	2242	1	0.937
8858	3136	1	0.975
6792	7626	0	0.00043
1849	4869	1	0.863
9587	3079	1	0.923
1038	4631	1	0.838
9179	3387	1	0.876
4368	9508	1	0.838
841	6824	1	0.831
1721	1136	1	0.878
1423	8528	1	0.817
8891	6140	1	0.948
5433	6939	1	0.889
5626	5474	1	0.974
4851	2064	1	0.95
1463	8531	0	0.000598
2057	5224	1	1
534	3587	1	0.937
4007	5457	1	0.946
7511	2781	1	0.847
8760	1565	1	0.923
2937	73	1	0.919
6986	2174	1	0.864
7581	665	1	0.822
6013	1873	1	0.981
9557	5569	1	0.945
318	6314	1	0.968
860	8277	0	0.000535
7622	9501	1	0.839
1055	2010	0	0.00016
7911	5628	1	0.808
9793	4596	1	0.915
4532	2098	1	0.876
1445	2778	1	0.946
7440	3621	1	0.989
3421	5423	1	0.903
766	1754	1	0.838
7028	4584	1	0.92
992	2	1	0.833
3854	3692	1	1
7461	2095	1	0.806
7467	6695	1	0.838
7103	1314	1	0.805
79	61	1	0.888
2594	8895	0	0.000143
2406	1266	1	0.882
453	5830	1	0.996
229	7036	1	0.87
6198	3503	1	0.8
5577	6607	1	0.947
9981	5415	1	0.945
4835	1262	1	0.851
3640	9298	1	0.907
2779	6036	1	0.977
3392	4394	1	0.835
5108	593	1	0.829
6000	7676	1	0.939
9064	3948	1	0.899
8430	1937	1	0.838
3729	1133	1	0.879
7674	1516	1	0.901
4699	8417	1	0.846
3878	6368	1	0.871
2946	1377	1	0.916
3362	6344	1	0.958
369	2227	0	0.000178
844	2410	1	0.961
7454	3061	1	0.863
4997	2565	1	0.976
3696	7516	1	0.928
4352	3915	1	0.954
2906	1212	1	0.926
771	1233	0	0.000166
907	2474	1	0.97
7267	9475	1	0.991
8388	5076	1	0.884
6745	6962	1	0.8
9129	3465	0	0.000124
9784	2525	1	0.829
813	1763	1	0.99
6339	5194	1	0.957
6513	295	1	0.878
9534	5950	1	0.995
8543	94	1	0.939
4896	998	1	0.927
1152	5004	1	0.843
1599	8989	0	0.00043
6544	6236	1	0.879
9043	9782	1	0.99
1271	6599	1	0.86
9532	1901	1	0.958
9993	5113	1	0.837
687	232	1	0.846
2733	8688	1	0.808
5342	1115	1	0.998
1354	5688	1	0.95
9414	4600	1	0.944
4424	5688	1	0.824
1190	2421	1	0.973
3088	2584	1	0.812
5303	2602	1	0.857
2363	467	1	0.887
5723	5392	1	0.92
7776	496	1	0.901
3059	948	1	0.83
3206	8183	1	0.883
6252	1239	1	0.814
5589	7935	1	0.874
1225	414	1	0.996
1056	2920	1	0.827
3207	9311	1	0.972
9987	4563	0	0.000213
1236	9456	1	0.963
2802	33	0	0.000544
2873	63	1	0.973
9148	2805	1	0.964
2708	3972	1	0.802
7455	40	1	0.807
8010	6704	1	0.98
5930	8069	1	0.892
8780	2426	1	0.835
8130	7470	1	0.938
3597	234	1	0.858
7766	4224	1	0.905
2273	3701	1	0.816
8114	3160	1	0.924
8536	5647	1	0.805
1577	8944	1	0.946
8700	6060	1	0.933
3063	2470	1	0.96
5845	5865	1	0.995
7359	7905	0	0.000184
2414	1961	1	0.808
8828	6020	1	0.882
9002	4124	1	0.865
6653	7032	1	0.869
547	354	1	0.854
5825	310	1	0.984
2139	7935	1	0.963
4682	6189	1	0.859
9188	1672	1	0.851
7167	7001	0	0.000435
6234	593	0	0.000484
8171	32	1	0.994
961	220	1	0.971
6248	7930	1	0.95
509	1611	1	0.975
3615	7554	1	0.935
7003	6846	1	0.841
9677	3136	1	0.86
6007	5251	1	0.988
1243	5724	1	0.883
8532	3269	1	0.821
6418	5567	1	0.889
9010	1004	1	0.977
6938	174	0	0.000253
4075	8260	1	0.998
3463	6755	1	0.931
360	782	1	0.96
8872	2369	1	0.927
2497	3112	1	0.931
2925	2082	1	0.806
4269	7867	1	0.816
799	6846	1	0.843
346	6729	1	0.822
9085	1210	1	0.851
2716	2306	1	0.877
9298	6419	1	0.809
5230	8430	1	0.906
2383	2426	1	0.877
8270	408	0	0.000454
3287	179	1	0.864
1883	1352	0	8.7e-05
7205	332	1	0.826
9499	8023	1	0.909
7435	4545	1	0.878
3974	7010	1	0.851
9600	1623	1	0.983
74	1046	1	0.978
3230	1666	0	0.00041
2063	4326	1	0.818
155	4476	1	0.953
7289	3050	0	0.000157
4499	3986	1	0.957
8682	398	1	0.97
9009	3969	1	0.933
2786	9325	1	0.977
7506	934	0	0.000408
9164	8150	1	0.989
9107	6357	1	0.98
3789	8363	1	0.947
2040	7225	1	0.967
5820	3923	1	0.91
4207	6404	0	0.000552
5005	1123	1	0.88
3470	9569	1	0.923
6096	9838	1	0.961
7416	9237	1	0.842
1467	6086	1	0.805
8495	7986	1	0.954
153	7027	1	0.952
7067	6600	1	0.931
5482	431	1	0.924
9334	9441	1	0.918
3522	5460	1	0.883
6983	6994	1	0.841
2106	1925	0	0.000434
2837	3228	1	0.975
3627	3917	1	0.938
8935	9271	1	0.997
9106	6878	1	0.83
3486	1323	1	0.915
2971	7860	1	0.828
4542	8885	1	0.994
5559	95	1	0.912
3045	9944	1	0.918
7106	7129	1	0.909
2071	2491	0	0.000249
4785	477	1	0.824
7128	6275	0	0.000287
5745	56	1	0.813
7749	6321	1	0.857
6726	1806	1	0.826
5739	6466	1	0.842
9219	401	1	0.993
4985	3265	1	0.965
9617	4452	1	0.854
2368	3297	0	0.000303
316	3	1	0.823
2272	3628	0	0.000481
8598	8704	1	0.831
9174	2609	1	0.869
6801	6366	1	0.832
7499	1763	1	0.833
9289	169	0	0.00039
5826	2133	1	0.897
7168	8251	1	0.821
1319	776	0	0.000443
4163	423	1	0.881
1405	948	1	0.934
6520	3659	1	0.904
8416	3840	1	0.973
5321	8388	1	0.913
695	9063	1	0.939
5258	5177	1	0.894
9239	2985	1	0.908
8036	5050	1	0.999
4240	4306	1	0.881
6587	1381	1	0.912
3968	8346	1	0.931
1449	608	0	0.000345
8732	944	1	0.899
6180	3342	0	0.00048
2856	2343	1	0.839
9604	9084	1	0.994
8084	2761	1	0.919
5881	4488	1	0.908
9548	4522	1	0.922
6347	9435	1	0.892
4237	3886	1	0.905
8834	9631	1	0.835
2378	7679	1	0.948
2373	8175	1	0.962
7848	7490	1	0.838
6469	5455	0	0.000439
3169	8250	1	0.94
1669	7100	1	0.982
3764	6607	1	0.947
7151	3057	1	0.841
3057	8541	1	0.972
5282	7408	1	0.831
5374	336	0	0.000359
94	33	1	0.89
7773	5753	1	0.887
4070	6191	1	0.983
3930	6243	1	0.898
5065	5942	1	0.85
2237	8049	1	0.929
9118	4478	1	0.998
7029	9245	0	0.000191
9294	575	1	0.846
2890	4124	1	0.853
2377	2482	1	0.965
905	2740	1	0.946
9171	9005	1	0.818
2208	7510	1	0.892
7127	9487	1	0.944
3061	9187	1	0.816
1029	2140	1	0.911
256	6205	1	0.948
7625	970	0	0.000106
9281	2225	1	0.977
7386	9481	1	0.895
1130	4178	1	0.838
4967	3179	0	0.0006
6099	1842	1	0.953
8296	9219	1	0.859
326	2840	0	8.3e-05
3329	223	1	0.912
7255	615	1	0.874
3242	376	1	0.838
663	4941	1	0.937
4048	2838	1	0.873
6691	729	1	0.827
7437	1200	1	0.949
4158	7709	1	0.967
2163	980	1	0.805
8518	2340	1	0.923
2167	7926	1	0.992
6655	1583	1	0.817
8556	1300	1	0.978
3004	804	0	0.000495
7837	7558	1	0.802
7217	6685	1	0.976
671	1100	1	0.885
6219	255	0	0.00035
7452	5867	1	0.871
1938	5241	1	0.936
7748	4608	1	0.912
455	1125	1	0.879
5938	102	1	0.949
6778	8973	1	0.802
2374	378	0	0.000516
1699	1252	1	0.826
5997	320	1	0.952
231	8604	1	0.928
6104	9282	1	0.962
5293	6099	1	0.84
7571	2681	1	0.985
4970	6389	1	0.965
4286	533	1	0.881
1952	139	1	0.989
7784	444	1	0.808
7602	7851	1	0.842
6834	1183	1	0.891
7857	120	1	0.944
9438	470	1	0.828
9233	4394	0	0.00049
9849	4247	0	0.000449
9665	9349	1	0.891
9100	4933	1	0.928
23	56	1	0.987
3483	1910	0	0.000516
5025	4064	1	0.991
60	271	1	0.909
4674	656	1	0.966
6438	4399	1	0.942
9529	9991	0	0.000485
3654	7008	1	0.961
4437	7375	1	0.873
9795	9513	1	0.964
9356	2300	1	0.829
6181	2282	1	0.806
4006	331	0	0.000326
593	6897	1	0.962
5419	9905	1	0.927
5627	6640	1	0.873
2863	7986	1	0.938
3642	3997	1	0.834
8407	5775	0	0.000398
9185	3179	1	0.884
7210	4298	1	0.982
4781	8428	1	0.995
4453	4463	0	0.000371
6508	8256	1	0.936
6868	721	1	0.958
306	25	1	0.983
24	2260	1	0.805
8162	5434	1	0.876
5497	9045	1	0.907
9318	6146	1	0.868
3495	6276	1	0.879
114	2520	1	0.95
2818	9787	0	0.000146
897	6720	1	0.821
1584	579	1	0.958
8769	9730	1	0.92
7711	4016	0	0.000638
7906	4805	1	0.948
444	4575	1	0.932
3273	765	0	0.00037
8636	6382	1	0.964
7892	2311	1	0.922
7592	9382	1	0.938
2926	1570	1	0.951
8876	8646	1	0.985
6154	294	1	0.837
2804	424	1	0.904
7745	1069	1	0.956
2903	6377	1	0.811
6765	3033	1	0.846
5337	9619	1	0.823
1394	933	1	0.926
4073	776	1	0.83
5646	8395	1	0.878
6359	3782	1	0.807
8533	634	0	0.000251
4986	1789	1	0.892
6864	4511	1	0.806
4112	6009	1	0.977
2220	5488	1	0.939
8029	7253	1	0.946
6961	305	0	0.000135
8848	4937	1	0.805
7583	2812	1	0.994
9130	2864	1	0.918
3689	3566	1	0.941
5097	2117	1	0.985
1628	1923	1	0.935
9890	6698	1	0.954
4926	905	1	0.82
9513	6334	1	0.99
113	9139	1	0.991
2681	48	0	0.000132
7909	3365	1	0.917
4854	5633	1	0.881
8172	6399	0	0.000101
1909	9210	1	0.943
9283	6059	1	0.94
6001	2068	1	0.841
3174	1865	0	0.000461
2688	2826	1	0.836
7410	815	1	0.869
1542	6508	1	0.876
6259	4193	1	0.984
2657	6661	1	0.905
6685	2144	1	0.804
5476	7724	1	0.812
5999	6688	1	0.919
7798	1448	1	0.925
3190	9981	1	0.93
466	5371	1	0.83
3100	4998	0	0.000128
7337	259	0	0.000605
2114	2346	1	0.907
6855	662	1	0.802
373	4632	1	0.81
6830	4319	1	0.979
263	2394	1	0.908
8980	2704	1	0.99
1267	1587	1	0.922
3338	2254	1	0.962
7148	8924	1	0.986
6577	6724	1	0.943
4144	8133	1	0.944
1611	5645	1	0.968
5663	7751	1	0.927
2086	1269	0	0.00012
2211	7358	1	0.858
6316	7171	1	0.833
7107	4194	1	0.8
2820	3669	1	0.937
2577	6706	0	0.000481
3860	2036	1	0.884
9734	5060	1	0.954
2976	5920	1	0.96
3155	1688	1	0.89
469	9337	1	0.923
9711	5040	1	0.884
2598	6918	1	0.871
1856	6101	1	0.965
3282	1723	1	0.954
964	920	1	0.827
6042	9436	1	0.961
450	2822	1	0.818
8306	811	1	0.909
6138	1883	0	0.000638
9395	7748	1	0.824
798	6083	1	0.962
4282	992	1	0.906
8618	5942	1	0.819
3249	2010	1	0.836
6475	4851	0	0.000338
405	1212	1	0.827
4172	3253	1	0.959
5140	5117	1	0.971
4413	4335	1	0.986
7615	7678	1	0.853
8721	29	0	0.000308
6781	7217	1	0.826
8316	5525	1	0.869
3441	8494	1	0.942
904	7159	1	0.892
3557	4933	1	0.911
686	1559	1	0.805
5311	4159	1	0.808
3965	4739	1	0.913
4690	1018	1	0.886
8155	1488	1	0.989
4878	8347	1	0.802
2195	4494	1	0.912
7800	4332	1	0.867
2505	5169	1	0.832
4530	6783	0	0.000263
4044	654	1	0.834
8167	7409	1	0.878
8606	8295	1	0.987
7089	1424	1	0.876
7298	5413	1	0.854
3622	14	1	0.834
5715	977	1	0.887
8613	2167	1	0.907
3589	3681	1	0.875
9970	871	1	0.994
2151	6948	1	0.981
3464	7806	1	0.843
8231	153	1	0.81
8053	3565	1	0.84
8595	411	1	0.86
175	4012	1	0.962
6484	2408	1	0.906
2798	2856	0	0.000626
3002	3908	1	0.803
2111	771	1	0.837
6509	4591	1	0.949
9631	2322	1	0.919
2286	2837	1	0.835
570	8182	0	0.0002
8522	1831	1	0.845
1233	667	0	0.000323
8901	969	1	0.831
8448	3472	1	0.949
7054	2915	1	0.809
4556	335	1	0.811
1709	2359	0	0.000276
5708	8467	1	0.843
6928	2318	1	0.82
9471	503	1	0.94
3802	891	1	0.945
1864	2139	1	0.856
390	5841	1	0.982
6876	2498	1	0.982
6303	222	1	0.838
412	529	1	0.934
3613	1293	1	0.887
911	6793	0	0.000444
7313	1925	1	0.977
5375	3635	1	0.927
7433	1881	1	0.982
1111	351	1	0.816
1643	4130	1	0.914
8559	1043	1	0.989
497	6207	1	0.826
5851	6758	1	0.935
7593	7444	1	0.951
9013	6089	0	0.000331
9474	1760	1	0.867
2900	19	1	0.899
6594	8608	1	0.97
8303	7432	1	0.861
5316	2542	1	0.825
1970	6003	1	0.91
1579	893	1	0.869
9099	8991	1	0.887
9065	6249	1	0.911
8972	1969	1	0.864
2364	1244	1	0.911
4429	8129	1	0.893
1705	8840	1	0.998
2685	6534	1	0.943
6415	2396	1	0.874
2280	8758	0	0.000404
1235	2031	1	0.821
3655	2616	1	0.905
1507	9697	0	0.00057
3693	3929	1	0.999
9703	8381	1	0.986
5159	3983	1	0.932
4543	2015	0	8.68e-05
2331	4245	1	0.953
6330	2418	1	0.818
4895	9101	1	0.875
395	1657	1	0.807
2956	977	1	0.924
288	209	1	0.821
9020	6585	1	0.925
4259	7604	1	0.828
2871	3634	1	0.899
123	3342	1	0.97
5019	6113	1	0.896
6693	7103	1	0.811
6057	6756	1	0.934
2048	6649	1	0.867
9067	886	1	0.956
3625	8114	1	0.948
609	8551	1	0.884
2533	1273	1	0.982
6763	2677	1	0.943
797	153	1	0.912
6951	8990	1	0.81
7093	6017	1	0.89
4808	171	1	0.801
461	2616	1	0.932
7958	643	1	0.826
9483	1746	1	0.841
2296	3704	1	0.989
358	2468	0	0.000515
4469	6150	0	0.000377
840	6704	1	0.923
5	3277	1	0.95
4365	8546	0	0.000243
2136	7247	1	0.897
8735	397	1	0.901
3779	3488	0	8.2e-05
3674	7452	1	0.891
5200	9894	0	0.000391
6966	979	1	0.868
3200	7739	0	0.000514
4326	643	1	0.969
4481	4622	0	0.000318
8839	1423	1	0.808
2541	5711	0	0.000341
4714	9283	1	0.928
6678	2046	1	0.826
4201	911	1	0.839
495	7587	0	9.57e-05
4787	545	1	0.961
3086	7212	1	0.923
6323	4606	1	0.884
2842	2145	1	0.839
8982	8778	1	0.917
3281	8500	1	0.831
1659	7692	1	0.982
3387	7099	1	0.905
637	4892	1	0.901
557	2766	1	0.893
7354	3162	1	0.916
3505	6506	0	0.000321
5167	4630	1	0.977
7984	3936	1	0.895
293	9505	1	0.938
3461	8133	1	0.953
2785	6517	1	0.811
2415	9262	1	0.837
1792	1349	1	0.921
5582	105	1	0.89
523	228	1	0.963
8284	726	1	0.874
8313	1608	0	0.000276
8875	8930	1	0.936
4779	5427	1	0.894
7105	9373	1	0.907
1131	2279	1	0.914
2258	1592	1	0.914
2551	1526	1	0.98
2627	6977	1	0.999
3379	248	1	0.883
5792	6229	0	0.000376
6769	5258	0	0.000209
172	6679	1	0.889
7924	3728	0	0.000365
4222	7846	1	0.97
6846	589	1	0.886
349	1815	0	0.000417
9008	852	1	0.893
9510	9405	1	0.963
5091	5026	1	0.874
6567	8198	1	0.865
9039	2162	0	0.000301
5075	1488	1	0.99
1229	4682	1	0.829
8784	5952	1	0.82
7025	3129	1	0.934
6497	3391	1	0.824
1858	3680	0	0.000196
9244	9144	1	0.95
587	8307	1	0.954
7152	8399	1	0.871
6804	20	1	0.919
5662	8545	1	0.955
4098	5845	1	0.924
8806	401	0	0.000323
2910	7453	1	0.81
9822	1642	1	0.937
4837	1716	1	0.811
7863	5419	1	0.972
9458	8023	1	0.834
5592	4284	1	0.992
9202	6082	1	0.836
1362	3686	0	0.000457
2801	9347	0	0.000557
4380	7835	0	0.000493
1402	5814	0	0.000542
9322	2674	1	0.948
4514	646	1	0.816
4746	4367	1	0.839
881	5089	1	0.987
57	4976	1	0.87
1014	3524	1	0.875
3355	696	1	0.864
9252	4079	1	0.887
1135	8536	1	0.979
7534	825	1	0.89
7466	9574	1	0.871
1289	4027	1	0.872
5474	1303	1	0.857
2026	2533	1	0.956
6286	5576	1	0.822
9429	3199	1	0.873
9005	7793	1	0.964
9425	2830	0	0.0002
6196	2124	1	0.965
5891	8888	0	8.93e-05
6962	67	1	0.939
3750	3511	1	0.816
2660	6008	1	0.944
8987	971	1	0.846
3668	645	0	0.000161
9255	1860	1	0.945
9381	9486	1	0.948
9671	4136	1	0.994
1486	6886	1	0.901
1612	7027	1	0.81
6869	9162	1	0.925
2135	6104	1	0.833
2984	863	0	0.000295
5680	8129	1	0.891
8012	6767	1	0.859
1064	7247	1	0.996
5835	3156	1	0.824
693	356	1	0.903
434	1008	1	0.957
7242	3767	1	0.879
6948	6873	1	0.94
5146	2767	1	0.976
1009	7503	1	0.986
5752	102	1	0.862
4629	1105	1	0.957
1012	1841	1	0.802
3279	1661	1	0.904
922	2934	1	0.947
427	102	1	0.81
1215	1222	0	0.000489
6841	2939	0	0.000284
3500	6508	0	0.000191
4554	210	1	0.871
7946	9093	1	0.815
3962	6380	1	0.863
7484	7226	1	0.823
1741	720	1	0.869
8339	7127	1	0.957
2528	9640	1	0.993
8575	4636	0	0.000147
7529	4085	1	0.857
8799	8411	1	0.874
6870	3028	1	0.994
2514	612	0	0.000276
8977	5619	1	0.9
6371	9484	1	0.906
9661	4820	0	0.000237
5971	2373	1	0.999
785	3016	1	0.9
2742	2012	1	0.906
4834	7912	1	0.982
6767	812	1	0.813
1541	8232	1	0.987
6445	6782	1	0.809
7096	5006	1	0.844
7228	1948	1	0.818
9829	1190	1	0.904
5071	6175	0	0.000363
1328	9880	1	0.843
8952	9526	1	0.941
1404	8610	1	0.864
4330	8595	0	0.000109
9374	6890	1	0.983
3794	4178	1	0.955
8677	2910	1	0.967
10	1163	1	0.966
5610	6134	1	0.996
7830	1599	1	0.937
7121	2367	1	0.925
7833	6008	1	0.876
7462	6068	1	0.955
1896	5494	1	0.943
3286	5174	1	0.985
8028	9593	1	0.875
1964	3033	1	0.841
9228	1610	1	0.917
6496	1557	1	0.905
185	924	1	0.939
1585	65	1	0.946
4841	4967	1	0.822
4553	5486	1	0.945
8033	3610	1	0.888
9493	5770	1	0.89
5281	3013	0	0.000522
5106	6607	1	0.883
1806	1928	1	0.838
3198	8222	0	0.000373
2099	6067	0	0.000499
3858	5785	1	0.901
4581	1702	1	0.961
6205	454	1	0.919
8523	6341	1	0.983
6912	4903	1	0.895
4921	734	1	0.889
2452	7364	1	0.874
6738	2400	1	0.919
4842	3708	1	0.976
7400	2086	1	0.896
6523	1543	1	0.886
3074	89	1	0.865
8268	4935	1	0.891
4801	5059	1	0.873
7135	5761	1	0.922
6058	9071	1	0.933
1129	3290	1	0.864
9685	6545	1	0.932
3986	3209	1	0.937
858	3678	1	0.888
3147	926	0	0.000611
9119	5140	1	0.988
2875	511	1	0.829
6899	7198	1	0.893
6283	5066	1	0.891
6519	9102	1	0.969
2061	8223	1	0.804
9775	8683	1	0.998
7149	269	1	0.854
6580	1916	1	0.805
138	1518	1	0.875
914	5756	1	0.946
6009	4112	1	0.93
8816	8220	1	0.955
9809	8305	1	0.95
7980	6014	1	0.957
9346	3097	1	0.889
6946	5175	1	0.871
5018	3767	1	0.824
7146	6366	1	0.935
3310	7910	1	0.814
5368	6585	1	0.954
4520	3728	1	0.857
160	6260	1	0.965
4179	3717	0	0.000318
9384	8278	1	0.813
5291	8160	0	0.000328
8020	2398	1	0.967
7322	6191	1	0.89
2297	6570	1	0.855
8119	6957	1	0.931
3699	2755	1	0.845
1291	6608	1	0.825
9299	5976	1	0.871
2756	262	1	0.849
6982	5606	1	0.808
761	5803	1	0.917
8091	3923	1	0.919
9872	254	1	0.973
1101	3025	1	0.928
4107	5025	1	0.857
7560	93	1	0.909
1825	9837	1	0.974
2608	787	1	0.956
9669	1095	1	0.801
6094	2836	1	0.989
6296	5473	1	0.829
6324	2989	1	0.906
4390	6902	1	0.81
5272	1952	1	0.867
9291	7363	1	0.97
2918	1162	1	0.833
614	8796	0	0.000265
1095	7802	0	0.000201
3342	141	1	0.862
2007	8572	1	0.896
2435	2917	0	0.000444
5499	9342	1	0.805
9190	8987	1	0.922
4652	3362	1	0.874
4377	4721	1	0.811
7154	8343	1	0.832
9781	5978	1	0.918
452	8543	1	0.913
5306	4524	1	0.89
4904	2805	1	0.941
8229	4717	0	0.000322
820	1918	1	0.98
3993	6002	1	0.937
3408	2750	1	0.827
8843	6362	0	0.000492
4228	6228	1	0.827
6212	4777	1	0.957
7260	3327	1	0.918
7526	3647	0	0.000537
532	5294	0	0.000292
2554	302	1	0.921
7199	2279	0	0.000268
2945	4440	0	0.000201
3297	6948	0	0.000316
596	8947	1	0.935
9184	9156	1	0.86
2609	6101	1	0.88
8571	1738	1	0.936
3019	6291	1	0.864
1160	4715	0	0.00048
3940	6606	1	0.973
7345	8373	1	0.991
7083	847	1	0.81
9833	4385	0	0.000331
7786	9311	1	0.905
6050	8537	1	0.948
1072	1335	1	0.967
9955	5179	1	0.907
9709	6434	1	0.85
6539	3632	1	0.929
3274	1593	1	0.882
8946	7237	0	0.000475
8428	8165	1	0.957
2894	1352	0	0.000133
61	3932	1	0.809
708	4716	0	0.000103
3165	1473	1	0.985
6553	9372	1	0.808
8225	2025	1	0.972
286	2841	1	0.888
9576	6668	1	0.99
5434	8450	1	0.85
6721	6383	0	0.000236
5631	9517	1	0.9
8002	3004	1	0.84
3565	863	0	0.000129
3621	5624	1	0.942
9924	371	1	0.984
2403	7856	1	0.944
3635	9619	1	0.952
7780	1233	0	0.000521
4871	4559	0	0.000511
8389	7454	1	0.975
2599	145	1	0.911
619	1112	1	0.944
1854	5211	1	0.896
9303	8813	1	0.896
3301	6260	1	0.853
512	1710	1	0.917
5029	8411	0	0.000111
8000	7294	1	0.968
8334	2612	1	0.809
7781	953	1	0.957
4702	95	1	0.874
3021	8885	1	0.995
2444	3332	1	0.845
8955	791	1	0.829
7104	8001	1	0.957
7712	1196	1	0.841
8117	1773	1	0.827
6809	3048	1	0.977
5341	8271	1	0.989
273	2492	0	0.000639
4501	2840	1	0.804
4551	1805	1	0.804
9960	9518	1	0.983
5719	8820	1	0.816
885	6175	1	0.953
3162	2179	1	0.913
9674	4440	1	0.96
5600	277	1	0.901
339	368	1	0.91
3558	3752	1	0.858
876	1664	1	0.957
8061	9783	1	0.957
9681	2961	1	0.865
9758	1285	0	0.000358
3099	130	0	0.000201
8630	9977	1	0.855
5008	8112	1	0.924
4182	3879	1	0.812
9913	149	1	0.951
4054	946	1	0.894
1035	3497	1	0.945
1841	1373	1	0.953
501	2172	1	0.946
5233	2223	1	0.98
3823	9130	1	0.894
9416	2910	1	0.841
8435	5727	1	0.985
5141	1021	1	0.811
5733	8890	1	0.964
6900	7634	1	0.823
8902	7334	1	0.869
4185	1068	1	0.806
5338	1768	0	0.000101
1554	7505	1	0.993
4229	3178	1	0.925
2699	7829	1	0.93
6623	5523	0	0.000137
7207	7912	1	0.846
9857	6009	1	0.885
6425	2342	1	0.94
6566	6036	1	0.907
8670	566	1	0.885
4142	4072	1	0.964
2109	1853	1	0.867
8208	7077	1	0.991
9175	2132	1	0.893
1748	8548	1	0.908
4914	4953	1	0.877
1251	2150	1	0.811
8818	2328	1	0.934
5528	4029	1	0.852
2548	198	1	0.856
4648	8990	1	0.938
2259	3055	0	0.000224
9655	6084	1	0.983
8152	4429	1	0.849
9998	2318	1	0.961
6780	4847	1	0.82
1992	3600	1	0.969
6220	8936	1	0.962
3214	6494	1	0.915
883	262	1	0.82
2471	4286	1	0.851
9812	9820	1	0.99
3108	7247	1	0.82
1142	363	1	0.938
6739	5775	1	0.962
7235	6483	1	0.932
3718	2672	1	0.834
8702	8489	1	0.809
7579	5734	1	0.994
4509	7642	1	0.856
4786	7862	1	0.973
6387	3428	1	0.802
8653	2694	1	0.926
8694	1552	1	1
4850	9706	1	0.88
5073	93	1	0.814
1606	7590	1	0.837
5644	3025	1	0.889
6743	4339	1	0.853
6530	405	1	0.963
873	4981	1	0.804
1875	5471	1	0.893
920	469	1	0.905
7925	5599	1	0.986
6742	2778	1	0.869
6831	4642	1	0.842
4766	8490	1	0.882
4463	6188	1	0.955
702	769	1	0.875
4564	7102	1	0.953
1317	785	1	0.873
3126	457	0	0.000539
1307	4314	1	0.884
3888	1125	1	0.855
6020	4443	1	0.807
440	7928	1	0.953
6107	1918	1	0.86
9797	1611	1	0.9
1543	9274	0	0.000342
7812	4367	1	0.928
9926	2538	1	0.896
7397	7501	1	0.869
3213	9570	1	0.906
9639	3552	1	0.937
9056	5042	0	0.000388
7919	1516	0	0.000531
3101	6406	1	0.922
7444	1588	1	0.863
6467	3716	1	0.971
493	5327	1	0.924
2089	6210	0	0.000549
7772	4855	1	0.828
9090	172	1	0.969
8294	5608	0	0.000139
5875	7710	0	0.000224
9956	1395	1	0.828
5787	843	1	0.866
3131	4116	0	0.000496
7075	6921	0	0.000629
88	7490	1	0.801
8974	396	1	0.989
2382	350	1	0.807
1006	312	1	0.984
3945	3519	1	0.973
4405	7474	1	0.915
2436	5293	1	0.844
8003	1732	1	0.933
4030	727	1	0.95
6757	8649	1	0.809
1000	2587	0	8.82e-05
6216	655	1	0.838
5142	2667	1	0.934
278	4965	1	0.895
8148	9802	1	0.871
8954	6945	1	0.807
955	5422	1	0.883
5817	2550	0	0.000293
8328	9944	1	0.952
2037	1750	1	0.859
3366	1014	1	0.994
1756	8668	1	0.955
8030	1007	1	0.887
3067	7299	1	0.96
5304	520	1	0.829
6367	9212	1	0.909
1703	7941	1	0.971
6512	7464	1	0.995
6837	1478	0	0.000386
8310	8305	1	0.851
2051	399	1	0.895
6070	1059	1	0.976
9526	7225	0	0.000155
3212	4643	1	0.971
3997	1018	1	0.901
8580	1639	1	0.878
2839	6109	1	0.887
5431	4684	1	0.928
2122	65	1	0.847
9133	3014	1	0.815
5299	4994	1	0.802
5163	6228	0	8.79e-05
3535	1538	1	0.853
1220	4809	1	0.8
4603	9906	1	0.997
1521	95	1	0.988
3552	7517	1	0.808
8159	1108	1	0.816
2872	8823	1	0.96
8110	3565	1	0.807
6838	8272	1	0.822
2304	5553	1	0.839
9278	2934	1	0.885
7391	8326	1	0.925
101	9874	1	0.868
653	7715	1	0.869
9181	6738	1	1
7296	3375	1	0.976
8610	2022	1	0.86
1370	8	1	0.957
9762	6751	1	0.952
9511	3926	1	0.997
4880	1322	1	0.818
173	343	1	0.817
984	2471	0	0.000631
6576	5129	1	0.83
7405	1505	1	0.938
7626	4859	0	0.000122
4169	7350	1	0.951
5243	4080	1	0.898
9877	6262	1	0.918
475	8345	1	0.812
8183	3408	1	0.91
3595	4498	1	0.988
1819	7858	0	0.00019
1128	5915	0	0.000382
4829	246	0	0.000566
7697	5507	1	0.901
2022	674	1	0.832
4015	3302	1	0.887
5136	742	1	0.983
5778	7334	1	0.941
2012	1069	1	0.827
1529	7522	0	0.000596
7936	2103	1	0.995
3626	224	1	0.934
767	4839	1	0.822
1143	7770	1	0.964
9378	3937	1	0.809
3884	3303	1	0.963
7932	324	1	0.895
3695	7456	1	0.93
7680	3902	1	0.921
3624	39	1	0.956
5962	4097	1	0.808
2083	5857	1	0.837
3070	1288	1	0.817
9766	756	1	0.969
124	7238	1	0.957
1	8247	1	0.819
4610	7329	1	0.987
9312	169	0	0.000154
8370	5211	0	0.000279
706	3116	0	0.000254
315	4433	1	0.819
6985	5786	1	0.916
9224	3005	1	0.814
4164	8758	1	0.991
7031	5790	1	0.854
9225	5028	1	0.928
8553	7225	1	0.866
6414	5689	1	0.895
9323	9499	1	1
9971	77	1	0.801
7436	3242	1	0.901
1216	9062	1	0.96
6268	3445	1	0.954
7328	2155	1	0.892
2292	1099	0	0.000106
8809	1248	1	0.937
9643	3678	1	0.832
6949	774	1	0.819
1028	4410	1	0.801
3113	474	1	0.896
9400	3635	1	0.953
2952	9152	1	0.819
8538	5637	0	0.000378
7387	2824	1	0.818
4594	4318	0	0.000238
3985	8537	1	0.973
2320	5052	1	0.997
743	9778	0	8.2e-05
7878	10	1	0.829
9084	7060	1	0.871
4331	5495	1	0.893
5429	7414	1	0.855
2899	75	1	0.832
8757	9484	0	0.000437
8019	7674	1	0.806
7494	4966	1	0.849
4978	7424	1	0.848
143	245	1	0.899
4982	333	1	0.857
8616	4975	0	0.000458
3900	3137	1	0.943
8890	4403	1	0.823
4577	7568	1	0.914
5049	2878	1	0.928
2221	7361	1	0.976
2390	4956	1	0.864
2692	264	1	0.988
5060	9734	1	0.987
9733	6075	1	0.945
5492	7437	1	0.815
4742	5957	1	0.973
8253	5801	1	0.812
4065	3005	1	0.907
575	1286	1	0.821
8487	3978	1	0.94
9349	733	0	0.000484
1696	1293	1	0.867
7646	570	0	0.000363
2893	7743	1	0.896
5957	4119	1	0.896
6294	2520	1	0.886
5538	5874	1	0.88
5802	2982	1	0.907
228	3617	1	0.817
4476	132	1	0.821
1078	2586	1	0.986
3161	195	1	0.853
9915	1559	1	0.958
9434	1663	1	0.991
6688	5818	1	0.873
8483	1128	1	0.936
6666	6008	1	0.984
9848	591	1	0.884
9146	1500	1	0.808
5179	2694	0	0.000614
2127	9763	1	0.965
1879	7017	1	0.816
4762	8916	0	0.000436
1357	1003	1	0.935
5445	8384	1	0.922
6209	915	1	0.997
5709	4590	1	0.878
2278	3490	1	0.943
210	4457	1	0.809
8246	779	0	0.000587
9304	7728	1	0.902
236	5343	1	0.846
6358	2121	1	0.954
5330	977	1	0.83
9575	6756	1	0.813
7514	6255	1	0.902
899	1077	1	0.88
8578	1515	1	0.873
690	2239	1	0.861
4020	4923	1	0.934
732	5320	0	0.000511
9977	94	1	0.89
3135	8421	1	0.908
1417	3273	1	0.986
7740	2538	1	0.912
2166	2043	0	0.000134
7471	6486	0	0.00014
3217	7798	1	0.862
8279	6	1	0.943
5588	406	0	0.000499
9968	1276	1	0.959
8425	214	1	0.83
567	1778	1	0.862
3673	9433	1	0.918
5101	1123	1	0.996
5467	4133	1	0.929
1900	4361	1	0.963
6534	1183	1	0.896
9561	3853	1	0.839
9362	5203	1	0.893
5063	3349	1	0.99
5526	9357	1	0.987
7710	5083	1	0.869
999	3649	1	0.979
2567	4272	1	0.895
7204	9274	1	0.908
5939	1027	1	0.957
458	945	1	0.926
590	3128	0	0.000449
2790	399	1	0.956
4459	703	1	0.905
6921	1082	0	0.000281
6430	2982	1	0.938
6111	4317	1	0.954
3124	5978	1	0.908
9006	4631	1	0.828
2115	1735	1	0.952
5657	9631	1	0.871
5871	6349	1	0.823
6066	4915	1	0.872
8250	7459	1	0.963
1431	2378	1	0.923
7357	7724	1	0.987
9596	5011	1	0.857
3430	5577	1	0.94
9235	1941	1	0.888
6773	4511	1	0.841
1400	7082	1	0.943
5473	1354	1	0.938
8315	6419	1	0.883
7673	1696	1	0.951
5515	557	1	0.936
9003	1457	0	0.000197
8821	1472	1	0.844
387	26	1	0.832
4635	2201	1	0.894
9751	5507	1	0.933
9673	9552	1	0.942
1262	8043	1	0.898
6799	3495	1	0.929
6341	7409	1	0.878
8264	3816	1	0.827
6068	3283	1	0.831
974	529	1	0.984
5707	9469	1	0.849
3446	2618	0	0.000468
4227	9061	0	0.000297
7763	5985	0	0.000274
9216	2853	1	0.891
7475	3761	1	0.948
8243	338	1	0.92
9273	1792	0	0.000261
2990	6398	0	0.000604
5850	2933	1	0.804
6895	6393	0	0.000501
3253	3365	1	0.958
1830	4567	1	0.891
3881	9762	1	0.894
5044	6042	1	0.839
1894	8666	1	0.974
3684	1980	1	0.971
6516	2202	1	0.856
6474	3900	1	0.922
9646	4258	1	0.917
6429	5532	1	0.959
460	1837	0	0.000576
8338	8316	1	0.895
1508	1257	1	0.992
1917	6470	1	0.945
7774	3665	1	0.986
9001	7117	1	0.832
6854	3579	1	0.931
1121	4594	0	0.000574
2112	8081	1	0.907
8558	3463	1	0.928
4124	7976	1	0.917
7323	1719	1	0.876
2580	7879	1	0.951
5620	4025	1	0.907
2238	1371	1	0.937
9355	4859	1	0.849
9803	429	1	0.806
3870	8583	1	0.976
594	1271	1	0.915
5623	2359	1	0.886
8474	8795	1	0.983
8291	3169	1	0.929
3378	8106	1	0.976
1755	6323	0	0.00014
1608	6631	1	0.883
6375	2147	1	0.968
3571	127	1	0.954
1316	2194	1	0.999
7694	260	1	0.93
9760	3747	1	0.921
5109	2108	1	0.932
4334	2583	1	0.82
1851	4758	1	0.802
5736	6953	1	0.995
8325	887	1	0.997
4450	8651	0	0.000316
1175	1347	1	0.853
4600	4857	1	0.821
1203	462	1	0.974
2421	4252	0	0.000323
2285	5815	0	0.000217
5404	7767	0	0.000365
5356	1875	1	0.922
5555	9871	1	0.993
8151	7531	1	0.95
8412	7338	1	0.989
8432	19	1	0.802
9415	1655	0	0.000433
4166	1042	1	0.896
3848	335	1	0.858
5539	5793	1	0.998
5747	2130	0	0.000587
5102	5743	1	0.986
335	2517	1	0.842
330	8403	1	0.961
602	413	1	0.988
5984	6387	1	0.814
7872	2843	1	0.822
5833	9435	0	0.000229
9750	7098	1	0.991
4706	5178	1	0.882
8035	3613	1	0.827
3537	3763	1	0.903
7792	1190	1	0.973
1290	5687	0	0.00027
2951	7557	1	0.866
4943	8249	1	0.848
1898	3372	1	0.801
4342	8165	1	0.929
7237	3154	1	0.969
6826	8967	1	0.807
1961	2665	0	0.000105
1386	6646	1	0.888
5082	632	1	0.968
2994	9760	1	0.862
1106	5531	0	0.000438
5770	1673	1	0.965
5506	9941	1	0.953
4261	1004	1	0.857
9309	9882	1	0.839
4435	6127	1	0.999
9125	7709	1	0.959
3868	9315	1	0.865
7538	8164	1	0.938
3087	4803	1	0.873
6270	8482	0	0.000371
1593	2160	1	0.959
1796	1055	1	0.845
4204	1025	1	0.93
9509	6255	0	0.000458
8090	6921	1	0.802
9104	9828	1	0.847
481	2628	1	0.832
6046	1675	1	0.908
9391	7265	1	0.807
7447	673	1	0.825
823	2572	0	0.000332
8017	3590	1	0.875
8564	3093	1	0.93
7277	6927	1	0.962
3617	2911	1	0.891
1001	5920	0	0.000241
71	7052	0	0.00055
7661	3635	0	0.000462
5781	639	1	0.859
5343	6564	1	0.923
5683	4855	0	0.000501
9131	2620	1	0.957
2162	6314	1	0.963
1332	3520	1	0.931
1103	5092	1	0.878
8044	5453	1	0.889
3311	8304	1	0.929
5772	2550	1	0.828
4685	4412	1	0.805
9689	94	1	0.856
842	2360	1	0.866
8147	205	1	0.912
9097	501	1	0.968
4867	1559	1	0.969
2870	3839	1	0.848
6166	4588	1	0.921
6902	5144	1	0.898
5260	3205	1	0.839
2740	544	0	0.000631
603	6683	1	0.97
9341	8419	1	0.83
1931	1260	1	0.889
8692	9133	1	0.916
3064	6704	1	0.926
9559	3091	1	0.986
4999	9796	1	0.802
8074	1679	1	0.853
5197	5109	0	0.000422
6996	9087	1	0.907
8068	1184	1	0.873
9858	1917	1	0.805
9823	178	1	0.982
3710	7837	1	0.974
1140	226	1	0.967
7202	5497	1	0.801
1681	962	1	0.863
7195	4849	1	0.84
3000	1055	1	0.869
5935	2662	1	0.99
7810	5371	1	0.998
1504	1948	1	0.826
4620	3300	1	0.825
6973	5404	1	0.934
9451	391	1	0.849
5694	5197	1	0.957
7320	8520	1	0.994
4411	9411	1	0.989
1555	9176	1	0.813
4143	2976	1	0.862
3850	6246	1	0.971
1314	3023	1	0.87
260	4305	1	0.893
6923	5214	1	0.835
401	6942	1	0.983
9620	8413	1	0.837
1425	854	1	0.991
4910	12	1	0.946
5593	4281	0	0.000286
5791	647	1	0.973
8661	1543	1	0.877
2299	1921	1	0.851
3791	1201	1	0.811
7513	5703	1	0.836
4394	116	1	0.832
2682	4245	1	0.97
9	8249	1	0.977
7310	2089	1	0.936
7302	5759	1	0.861
2826	4696	1	0.894
7867	1134	1	0.865
7409	3142	1	0.967
7382	1412	1	0.85
3358	4843	0	9.46e-05
4333	2217	1	0.993
9191	6792	1	0.826
9684	1910	1	0.961
7065	4836	1	0.809
2948	56	1	0.844
6883	1942	1	0.861
296	4261	0	0.000368
1673	1643	0	0.000321
4626	9147	1	0.96
6067	4734	1	0.827
7969	9673	1	0.835
8592	127	1	0.84
7827	6369	0	0.000625
6511	3549	1	0.872
9651	7595	0	0.000361
385	5182	1	0.816
4379	4762	1	0.946
9375	4232	1	0.834
299	58	1	0.836
5913	9297	1	0.933
7743	2491	0	0.000562
6086	6281	1	0.881
6157	3196	0	0.000515
8601	5769	1	0.914
7717	9131	1	0.968
8814	348	0	0.000229
9672	6023	1	0.804
3294	3619	0	0.000283
5158	9729	1	0.968
7084	4364	1	0.936
7487	487	1	0.916
2313	6755	1	0.854
8849	5016	1	0.909
208	8887	1	0.932
8346	4361	1	0.824
1968	4100	1	0.917
5274	4133	1	0.944
670	9109	1	0.983
7818	8992	1	0.854
8513	5415	1	0.931
4738	9723	1	0.862
1485	4999	1	0.951
3788	6101	1	0.878
9274	5778	1	0.884
1075	7505	1	0.828
6348	9113	1	0.872
8426	5978	1	0.916
6784	9281	1	0.906
5078	6964	1	0.86
681	1301	1	0.852
9033	4468	1	0.897
3053	8524	1	0.913
8841	163	1	0.865
611	7525	1	0.986
98	4746	0	0.000181
4922	3984	1	0.969
321	4295	0	0.000463
4493	2224	1	0.81
7082	558	1	0.951
4686	2792	1	0.989
1294	233	1	0.879
2480	5117	1	0.861
9700	2952	1	0.945
2626	2346	1	0.865
6862	9160	1	0.834
8098	4999	1	0.8
7886	3045	1	0.961
2290	1395	1	0.803
3299	6520	1	0.859
5064	57	1	0.872
2294	1943	1	0.878
7651	2224	1	0.815
7613	8843	1	0.96
9370	2919	1	0.852
2301	1560	1	0.842
224	1881	1	0.993
2072	3432	1	0.939
6890	6878	0	0.000231
9063	1491	1	0.997
5201	9275	1	0.926
3244	1665	1	0.922
235	2303	0	0.000639
6952	5542	1	0.965
4506	5218	1	0.83
8521	1590	1	0.892
9739	8446	1	0.976
4974	5191	1	0.964
3151	6829	1	0.866
7778	5348	1	0.857
6395	7567	1	0.912
164	613	1	0.928
8440	1435	1	0.893
8705	858	1	0.865
5300	3048	1	0.94
7408	5282	1	0.839
9412	3454	1	0.818
338	8551	1	0.986
6243	681	1	0.803
9049	112	1	0.984
5001	7937	1	0.961
7352	1296	0	0.000486
7050	2763	1	0.912
962	5893	1	0.879
6245	4119	1	0.985
5800	4417	1	0.924
1780	4039	1	0.871
4009	2642	1	0.856
3830	4951	1	0.81
4392	2246	1	0.993
8144	3212	1	0.813
1649	3403	1	0.976
9407	2326	1	0.985
1082	165	1	0.839
2710	4425	1	0.812
1352	677	1	0.933
9664	9868	0	0.00044
8560	3463	1	0.95
8555	4244	1	0.914
9914	8711	1	0.994
814	5119	1	0.976
6798	8148	1	0.987
5098	9209	1	0.855
1412	4656	1	0.961
6063	5962	1	0.9
6858	6512	1	0.88
994	7847	1	0.982
5048	6922	1	0.888
1586	1742	0	0.00011
4965	3508	1	0.909
7934	248	1	0.876
7893	1703	0	0.000512
6078	536	1	0.894
7985	6405	1	0.801
4003	7948	1	0.942
8438	3735	1	0.863
5411	392	1	0.932
972	2001	1	0.804
2625	4318	1	0.981
5815	1529	1	0.954
9288	1643	0	0.000242
9590	5644	1	0.944
8657	400	1	0.971
9110	7613	1	0.905
3127	5297	1	0.998
8365	7534	1	0.886
1993	1987	1	0.931
8473	4883	0	0.000484
7039	984	1	0.834
5883	6883	1	0.996
6517	4581	1	0.839
7884	311	1	0.803
1482	9679	1	0.943
6800	8045	1	0.833
6140	4934	1	0.909
7933	3504	1	0.87
4823	6270	1	0.873
6676	2656	0	0.000462
7055	8554	1	0.908
2725	8229	1	0.906
6082	7665	1	0.81
9618	6274	1	0.88
6263	4403	1	0.891
8669	7583	1	0.931
2706	4226	1	0.81
6278	3627	1	0.991
7842	7344	0	0.000415
9612	2187	0	0.000494
7866	8101	0	0.000535
281	361	1	0.861
3995	1600	0	0.00029
8683	5203	1	0.868
4545	3634	1	0.86
5067	2724	1	0.983
4843	5844	1	0.952
2829	4140	1	0.918
3222	1309	1	0.906
4125	4817	1	0.887
8766	4174	0	0.000451
1034	8841	0	0.00053
7196	6724	0	0.000374
2319	2110	0	0.000497
2901	2581	1	0.991
6313	2547	1	0.939
5803	428	1	0.982
3885	1451	0	0.000195
2931	161	1	0.829
7181	1327	1	0.879
6410	9781	1	0.949
1461	3151	0	0.00035
7021	6142	1	0.866
4139	2957	1	0.802
2432	76	1	0.979
3376	2460	0	0.000568
3142	8167	1	0.856
8245	4143	1	0.984
4137	9329	1	0.967
9880	159	1	0.892
1833	3230	1	0.871
8143	4312	1	0.972
6803	7465	1	0.995
5704	9429	1	0.976
4558	5958	1	0.873
2049	9413	0	0.000356
7183	2839	1	0.935
7493	8728	1	0.972
2396	1621	1	0.903
3347	1369	0	0.000317
4153	6547	1	0.985
1409	7831	1	0.819
1171	1778	1	0.928
3322	3722	0	0.000262
2805	1763	1	0.807
2021	5533	0	0.000453
9373	7105	1	0.92
8569	7819	1	0.967
3381	5247	1	0.896
7663	773	1	0.8
5155	4637	1	0.943
6458	6173	0	0.000479
3873	286	1	0.992
1257	2361	1	0.86
8364	8181	1	0.995
2907	7813	1	0.858
3787	972	0	0.000457
8698	4489	1	0.988
5208	903	1	0.851
9044	116	1	0.923
4287	5976	0	0.000155
6150	629	1	0.855
997	5998	1	0.902
9533	8089	1	0.87
2458	8180	1	0.935
2420	1013	0	0.000251
5058	1633	1	0.813
6647	8468	1	0.953
6238	8785	1	0.824
1197	8147	1	0.831
5038	73	1	0.843
4081	9512	1	0.875
3233	6246	1	0.842
6388	7525	1	0.954
3803	2230	1	0.819
2816	3945	1	0.878
2705	724	1	0.932
7686	2584	1	0.991
762	7976	1	0.967
7916	7665	1	0.909
921	7113	0	9e-05
5675	6769	1	0.989
1838	4305	0	0.000218
212	3190	1	0.9
4069	1135	1	0.842
6247	4566	1	0.921
582	3873	1	0.841
3041	8514	1	0.894
2164	1526	1	0.986
2154	812	1	0.919
7823	8189	1	0.953
6412	1171	1	0.91
9878	60	1	0.985
9543	6470	1	0.826
9551	6067	1	0.968
4264	9150	1	0.926
5551	5780	0	0.000281
486	716	1	0.803
487	2063	1	0.853
5919	5555	1	0.936
5983	7746	0	0.000156
1490	9026	1	0.911
4639	2516	1	0.886
8704	2805	1	0.973
4734	5276	1	0.908
2105	3606	1	0.947
6636	2217	1	0.869
6236	1311	0	0.000242
2046	4802	1	0.855
711	5201	0	0.000483
6751	3934	1	0.947
1093	3121	1	0.862
5614	4728	0	9.7e-05
4647	9023	1	0.821
1651	3388	1	0.935
6047	1609	1	0.887
7998	2938	1	0.93
6812	5258	1	0.81
5072	5831	1	0.915
9907	7930	1	0.914
3957	8489	1	0.802
3044	2209	1	0.956
4327	512	1	0.951
6190	8575	1	0.851
388	2204	1	0.839
867	7326	1	0.833
5123	5369	1	0.806
1180	7423	1	0.845
8968	667	1	0.814
58	3205	1	0.919
7874	7622	1	0.886
471	8861	1	0.905
526	2721	1	0.849
2226	2143	1	0.87
927	7987	1	0.937
9834	210	1	0.895
8738	4991	1	0.885
1415	377	1	0.865
8460	9174	1	0.849
8531	8403	1	0.968
383	4261	1	0.816
5354	3974	1	0.944
9231	5306	1	0.876
3199	9126	1	0.964
9204	1358	0	0.000514
4792	3200	1	0.935
7630	9711	1	0.95
4417	5800	1	0.939
3022	1135	1	0.855
7324	6473	1	0.961
8886	3023	1	0.834
5194	5224	1	0.97
5975	6001	1	0.88
9523	5965	0	0.000558
4753	733	1	0.876
6563	2130	1	0.921
2054	3189	0	0.000209
6088	3182	1	0.927
7785	955	1	0.981
1451	163	1	0.865
9060	4942	1	0.823
2327	1388	1	1
1852	9441	1	0.834
2638	9391	1	0.92
396	5910	0	0.000378
4599	275	1	0.99
3374	109	1	0.997
9611	6690	1	0.848
1623	2520	1	0.905
4673	576	1	0.844
1629	3348	1	0.914
3763	8225	1	0.844
8782	5757	1	0.913
9754	7224	1	0.913
3922	32	1	0.897
7373	3018	1	0.8
1965	5950	1	0.806
9093	5909	1	0.824
6182	6542	1	0.988
3039	3963	1	0.909
2181	1507	0	0.000536
7693	5036	1	0.819
5212	8495	1	0.864
4479	1526	1	0.834
2289	9837	1	0.925
7632	4671	1	0.933
3424	4410	0	0.000173
1775	2906	1	0.897
4458	1444	0	0.000406
1538	4383	1	0.855
7001	7065	0	0.000107
2386	2792	1	0.985
9314	9380	0	0.000467
1589	7917	1	0.857
4049	5045	1	0.891
845	8821	1	0.933
880	649	1	0.936
9610	1454	1	0.907
8640	8990	1	0.981
5887	626	1	0.888
2987	8768	1	0.936
5076	831	1	0.883
4335	5686	1	0.995
2440	8598	0	8.75e-05
3123	4493	1	0.925
4879	1795	1	0.88
4519	1543	1	0.991
9193	4161	1	0.814
1644	3629	1	0.887
717	4615	1	0.958
5958	8235	1	0.877
3024	4037	1	0.982
1927	9396	1	0.913
2462	8842	0	0.000452
8442	5455	1	0.915
5926	3692	1	0.922
5531	381	1	0.857
416	8009	1	0.871
9686	7826	1	0.945
5284	9380	1	0.912
9912	5402	1	0.892
6528	5195	0	0.000188
56	173	1	0.962
1977	1627	1	0.899
6059	3009	0	0.000247
6814	3541	1	0.88
6404	2860	1	0.941
8323	9680	1	0.899
7636	3741	1	0.806
3484	9289	1	0.856
9124	9	1	0.94
8106	1593	0	0.000569
6495	7530	1	0.919
9836	4390	1	0.843
7757	2939	1	0.949
8684	7912	1	0.988
6251	7484	1	0.973
9371	2967	1	0.864
646	2829	1	0.963
9482	4227	1	0.941
4094	6744	0	0.000605
6927	7277	1	0.974
9069	3742	1	0.822
46	2460	0	0.000632
7705	8041	1	0.928
5876	1075	1	0.839
1715	9222	1	0.971
6924	771	0	0.000574
1213	9640	1	0.953
5995	2937	1	0.836
1428	1437	1	0.917
284	1136	1	0.994
7904	563	1	0.889
2457	4261	1	0.921
8999	8517	1	0.82
7779	7825	1	0.896
5169	1465	0	0.000448
9212	5812	1	0.808
4293	2707	1	0.876
770	4198	1	0.951
755	2963	0	0.000634
1677	1068	1	0.973
3125	8741	1	0.953
9696	5925	1	0.936
7005	7584	1	0.805
9657	1335	1	0.837
8739	4235	1	0.938
7375	5951	1	0.988
4146	2809	0	0.000375
8265	783	1	0.834
1695	9543	1	0.918
2133	5826	1	0.98
3229	6494	1	0.989
4618	1961	0	0.000399
370	7983	1	0.859
2581	7935	0	0.000266
9344	9722	1	0.842
7572	2250	1	0.855
6555	2727	1	0.813
4421	3096	1	0.843
592	8	1	0.869
9051	8033	1	0.879
1057	7257	1	0.951
1305	2616	1	0.946
8136	2891	1	0.813
1601	156	1	0.82
3316	5131	1	0.921
8411	2978	1	0.951
4963	5628	1	0.828
1907	620	1	0.829
3191	2464	1	0.944
2758	4830	1	0.958
7775	9960	1	0.936
2315	6375	1	0.906
3959	9326	1	0.93
5946	4955	1	0.86
9023	3753	1	0.907
5852	1620	1	0.897
5355	2265	1	0.96
750	9711	1	0.831
9109	3654	1	0.983
503	6768	1	0.944
5250	5037	1	0.862
5193	9300	0	0.000421
982	1232	1	0.984
7929	7338	1	0.821
2014	2195	1	0.956
7921	1503	1	0.956
1998	4403	1	0.817
1288	8525	1	0.968
2998	6616	1	0.965
183	7505	1	0.831
3908	302	0	0.000368
3859	6337	1	0.953
4901	4776	1	0.948
3448	7088	1	0.91
4314	437	1	0.919
3184	4027	1	0.845
1821	9832	1	0.988
6459	141	1	0.927
809	4949	1	0.83
935	3713	0	0.00048
6537	7915	1	0.931
6393	6895	1	0.831
1878	9403	1	0.841
8124	1431	1	0.824
4773	2545	1	0.939
5928	2685	1	0.906
1268	9498	1	0.807
2701	1517	0	0.000448
2370	2628	1	0.94
4494	883	1	0.866
3975	5729	1	0.809
6302	2511	1	0.858
1033	4726	1	0.996
1973	3206	1	0.999
638	5626	1	0.871
5298	1251	0	0.000448
5314	913	1	0.901
9439	1853	1	0.961
4563	2284	1	0.951
7722	2270	1	0.897
4667	1173	0	0.00061
8406	2792	1	0.837
976	2526	1	0.92
2867	9196	1	0.955
7567	6633	1	0.979
352	7299	1	0.832
6641	2008	1	0.993
8984	7113	1	0.987
8125	8399	1	0.824
7057	4915	1	0.838
9420	1715	0	0.000236
9262	201	1	0.929
4058	5043	1	0.841
5520	3864	0	0.000199
2416	2936	1	0.923
9922	1558	1	0.91
1223	8094	1	0.986
6619	5990	1	0.944
67	8853	1	0.846
9437	279	1	0.969
1918	2276	1	0.934
3976	6084	0	0.000407
265	1994	1	0.839
9071	143	1	0.987
8591	9040	1	0.981
1946	2249	1	0.997
6381	7346	1	0.844
9004	6085	1	0.969
2813	3904	1	0.932
8808	820	1	0.903
0	5915	1	0.933
1228	4771	1	0.813
4145	8158	1	0.86
2013	3471	1	0.922
3197	900	1	0.975
9629	3511	1	0.922
7963	7948	1	0.917
1439	9060	1	0.975
3874	2139	1	0.932
7539	1318	1	0.954
2996	6319	1	0.996
5858	3205	1	0.834
5017	2232	1	0.982
425	3327	1	0.844
4903	6813	0	0.000494
2924	6605	0	0.000121
9066	964	1	0.827
6360	2602	1	0.945
4099	8409	0	0.000542
9652	2125	1	0.916
9396	5381	0	0.000131
6616	5089	1	0.869
4887	6374	1	0.929
6970	3479	1	0.948
3423	7903	1	0.895
4732	10	1	0.934
1025	4749	1	0.962
2438	608	1	0.933
5100	2359	1	0.962
9660	1303	1	0.816
6077	6383	1	0.812
5317	3514	1	0.931
1822	7336	1	0.955
676	1561	1	0.878
562	171	1	0.983
2588	3476	1	0.833
4525	1673	1	0.878
889	3893	1	0.974
1330	3404	1	0.998
5252	1930	1	0.844
8873	7446	1	0.855
2909	3720	1	0.882
5378	1309	1	0.849
4115	6366	1	0.833
4770	4894	1	0.811
8995	3741	0	0.000555
2730	5402	1	0.808
6340	1397	1	0.962
4504	147	1	0.874
2209	6545	1	0.955
2478	201	1	0.978
2611	820	1	0.997
5979	5841	1	0.841
9172	5383	1	0.828
6816	420	0	0.00059
8699	936	1	0.891
2496	6125	0	0.000255
2665	5851	0	0.000506
9959	8114	1	0.947
8141	1965	1	0.899
1571	1084	1	0.935
2165	9506	1	0.802
7340	4572	1	0.951
6533	3301	1	0.866
4324	7083	1	0.861
9338	722	1	0.943
5238	6456	1	0.976
8652	4886	1	0.846
7910	4938	1	0.802
3526	8514	1	0.841
6199	1309	1	0.873
2078	181	1	0.859
6380	9845	0	0.000258
8087	1944	1	0.891
3251	3111	1	0.817
7035	8622	1	0.915
1680	8519	1	0.867
3006	8383	1	0.943
3459	327	1	0.978
5730	4708	1	0.988
7174	8479	1	0.968
5780	4748	1	0.94
4704	3343	1	0.838
2307	9560	1	0.886
8584	2334	1	0.829
8570	7519	1	0.967
9305	225	1	0.858
1652	1595	1	0.886
7733	2631	1	0.995
7244	4604	0	0.00011
1655	8981	0	0.000367
2653	7985	0	0.000433
3092	7578	0	0.000412
8145	9410	1	0.896
8107	5556	1	0.967
6019	4431	1	0.975
9449	4604	1	0.999
7734	5431	0	0.000529
1468	3763	1	0.923
4764	8334	1	0.962
9165	412	1	0.958
5452	725	1	0.915
6610	7027	1	0.944
2772	2874	1	0.829
7803	2009	1	0.878
1159	8425	1	0.804
5759	9950	1	0.996
5648	2723	1	0.98
5275	480	1	0.927
5534	1826	1	0.903
2365	2978	0	0.000427
924	6681	1	0.871
2389	3338	0	0.000257
5617	9079	1	0.81
2276	804	1	0.949
3290	1129	1	0.939
5888	4533	1	0.845
2039	4560	0	0.00012
3838	1546	1	0.823
5783	3287	1	0.81
9076	1372	1	0.846
2397	1288	1	0.958
3906	6610	0	0.00057
4886	8652	0	0.000451
8565	6607	1	0.802
6315	1313	1	0.892
8237	6609	1	0.992
5425	9351	1	0.911
3419	4156	1	0.896
6564	5573	1	0.862
2647	1907	1	0.856
7966	3848	0	0.000267
8557	7012	1	0.929
5111	1467	1	0.848
3570	1112	1	0.841
862	1526	0	0.000324
4911	4489	1	0.95
2770	587	1	0.881
4372	7078	1	0.803
1859	5061	1	0.876
250	8414	1	0.857
3719	4303	1	0.986
7648	5088	1	0.824
4583	3465	1	0.925
9801	2971	1	0.84
4608	6000	1	0.871
2032	5906	1	0.814
7245	7617	1	0.907
2887	2445	1	0.908
1326	1643	1	0.988
9861	3640	1	0.834
3438	5488	1	0.838
9868	6414	1	0.825
1073	884	1	0.809
4298	2835	1	0.948
4812	5081	1	0.892
1230	9921	1	0.824
5813	9395	1	0.986
1050	2007	1	0.822
2248	239	0	0.000153
987	4157	0	0.000199
7721	5117	1	0.994
8150	495	1	0.935
7158	6775	1	0.897
9729	211	1	0.883
4255	636	0	0.000211
6327	9243	1	0.973
7450	518	1	0.862
4809	1378	1	0.835
1292	2010	1	0.849
7939	5302	1	0.948
20	2966	1	0.98
5625	9088	1	0.945
344	8390	1	0.919
9243	3861	1	0.938
6817	4556	1	0.811
1466	5332	1	0.881
5222	4010	1	0.896
5950	3982	1	0.884
200	3055	1	0.83
531	5465	1	0.983
6060	9416	1	0.817
8376	2221	1	0.956
4996	7690	1	0.984
9996	2453	1	0.837
8637	3539	1	0.879
8126	6818	1	0.907
2851	808	1	0.972
1670	667	1	0.822
1753	1137	0	0.000591
4196	3664	1	0.919
9098	4012	1	0.909
6118	722	1	0.816
2618	4684	0	0.000469
9690	4003	1	0.935
5103	7039	1	0.93
2641	2637	1	0.832
8812	3123	1	0.845
804	1966	1	0.984
4814	1141	1	0.9
5877	3205	1	0.901
6382	8636	1	0.838
3672	6467	0	0.00039
4444	5858	1	0.875
8278	582	1	0.8
9149	1644	1	0.924
9723	4738	0	0.000322
2515	1179	1	0.922
3614	62	1	0.915
6214	9199	1	0.874
6035	4956	0	0.000241
9943	3230	1	0.895
8673	3344	1	0.927
9741	6061	1	0.982
7085	3573	1	0.828
2485	5898	0	0.000187
9919	7929	1	0.966
7161	3254	1	0.844
4362	2003	1	0.926
158	5357	1	0.977
3394	418	1	0.991
3670	402	1	0.804
3599	1738	0	0.000324
558	5373	1	0.854
7898	6970	1	0.854
3657	7946	1	0.824
8094	265	1	0.975
3188	1397	1	0.878
2566	2522	1	0.884
3490	1047	1	0.858
8627	5111	1	0.806
3771	5421	1	0.937
9792	8164	1	0.913
2985	4688	1	0.926
7404	8815	1	0.845
9208	6939	1	0.859
9342	3020	1	0.884
8800	8388	0	0.000615
1526	231	1	0.946
3706	646	1	0.857
4595	6947	1	0.801
7882	2825	1	0.981
7306	1132	1	0.847
5621	134	1	0.889
7566	9339	1	0.846
2941	854	1	0.857
2194	1316	0	0.000291
9692	581	1	0.878
1124	9421	1	0.945
5816	430	1	0.868
3728	4346	1	0.945
4811	2385	1	0.91
4442	569	0	0.000514
1531	6097	1	0.83
4836	2121	1	0.836
187	416	1	0.901
3397	995	1	0.905
9254	3466	1	0.82
6377	7571	1	0.937
3011	6705	1	0.941
7968	4250	1	0.88
3793	1466	1	0.815
2044	4497	0	0.0004
6914	134	1	0.837
2911	3617	1	0.966
1929	9454	1	0.853
7821	498	1	0.855
7659	4345	1	0.811
1424	8793	1	0.861
1867	3773	1	0.951
3173	1418	1	0.948
9986	3535	1	0.957
6833	2598	1	0.897
2811	7199	1	0.937
6210	6668	1	0.974
9883	3825	1	0.809
3266	5818	1	0.937
3879	611	1	0.944
7755	8826	1	0.826
6135	6854	1	0.965
3445	5942	0	0.000315
7448	6962	1	0.892
5691	8217	1	0.937
2615	1499	0	8.98e-05
9905	4604	1	0.929
3736	3882	1	0.815
7753	2309	0	0.000499
4267	2123	1	0.801
4731	5953	1	0.956
3857	36	1	0.928
7188	1003	1	0.96
4218	3217	0	0.000328
1487	1704	0	0.000422
9488	7271	1	0.938
4475	452	1	0.842
9382	1297	1	0.975
1218	1014	1	0.89
3181	2103	1	0.932
399	8447	1	0.865
3796	4999	1	0.986
1962	427	1	0.853
2465	3971	1	0.944
1287	8647	1	0.905
1310	8404	1	0.952
287	5152	1	0.855
5567	737	1	0.826
5868	4505	1	0.923
5187	3727	1	0.942
6092	3012	1	0.915
4947	3361	0	0.000148
9315	6607	1	0.822
9606	190	1	0.871
2023	8554	1	0.84
3784	7660	0	0.000294
8311	846	0	0.000409
7524	7561	0	0.000196
530	3005	1	0.819
7049	9876	1	0.941
211	4413	1	0.911
9901	9585	1	0.931
3967	1756	1	0.945
3443	102	1	0.815
4898	7227	1	0.934
4154	3845	1	0.941
8697	8472	1	0.877
9946	9886	1	0.849
675	5667	1	0.925
1505	3013	1	0.915
1249	9712	1	0.805
6489	1314	1	0.998
7308	6103	1	0.993
3043	1377	1	0.861
3431	109	1	0.986
5232	9313	1	0.944
5295	928	0	0.000168
289	3773	1	0.931
14	959	0	0.000335
7443	5499	1	0.847
7390	8679	0	0.000288
9102	9044	1	0.945
1440	568	1	0.84
6304	4900	1	0.839
6164	4686	1	0.823
82	3168	1	0.937
5801	957	1	0.911
7232	3305	0	0.000128
3800	7180	1	0.857
9498	1268	1	0.834
6466	5739	1	0.914
4859	8774	1	0.992
2345	1091	1	0.925
41	839	0	0.000364
1443	457	0	0.000241
70	1064	1	0.88
8992	6518	1	0.937
220	7564	1	0.935
3033	3631	1	0.97
5449	4002	1	0.927
4991	6658	0	0.000367
9476	8447	1	0.898
9744	3636	0	0.000111
6282	9474	1	0.997
5397	816	1	0.914
2963	755	1	0.932
1275	2784	1	0.953
5459	2586	1	0.963
3690	5551	1	0.857
2461	9265	1	0.891
3650	3071	1	0.85
1489	3	1	0.843
1385	5445	1	0.841
6188	1370	1	0.871
4750	9218	1	0.822
1708	1260	1	0.866
9466	3718	1	0.82
3546	5700	1	0.86
5821	5283	1	0.903
1778	5761	1	0.919
7988	7001	1	0.938
777	4476	1	0.903
1011	1593	1	0.968
1255	3870	1	0.92
3451	8102	1	0.929
1631	404	1	0.906
342	3928	1	0.831
5643	6407	1	0.814
5366	6828	1	0.899
3435	2630	0	0.000243
1041	2137	0	0.000503
7224	1861	1	0.868
5585	8326	1	0.999
9229	8326	1	0.909
8358	2303	1	0.941
2075	2729	0	0.000485
7777	9052	1	0.809
3944	3627	0	0.000393
2426	3159	0	0.000336
8951	6866	1	0.924
8920	7237	1	0.96
3136	3315	0	0.000273
104	3123	1	0.875
4826	5308	1	0.809
5712	7711	1	0.951
2450	7331	1	0.82
8205	485	1	0.909
8065	8984	1	0.805
1477	1844	1	0.961
6642	8056	1	0.987
9588	2381	1	0.836
4678	544	1	0.974
3629	7319	0	0.000576
6080	4173	1	0.915
9022	5189	1	0.874
3856	5274	1	0.981
6893	6145	1	0.953
9397	4119	1	0.861
7522	2797	1	0.947
818	2824	1	0.992
6531	3373	1	0.898
2293	7401	1	0.989
5390	6581	1	0.902
7716	4589	1	0.947
5831	6664	0	0.000285
2676	1075	1	0.975
8788	628	1	0.98
8957	452	1	0.94
4199	593	1	0.856
2215	4729	1	0.84
7100	2327	1	0.914
9419	8454	1	0.871
6562	2262	0	0.000499
3820	4086	1	0.832
727	6834	1	0.887
3795	743	1	0.934
2821	1505	1	0.984
8690	5553	0	0.000552
811	3606	1	0.882
4540	2588	1	0.818
9997	1118	1	0.987
6998	3923	1	0.877
6237	9628	1	0.951
3804	2627	1	0.801
1244	273	1	0.902
9743	6742	1	0.925
529	6633	0	0.000245
9329	44	0	0.000222
7133	6946	1	0.878
8341	4418	1	0.967
5035	807	1	0.847
5182	8413	1	0.944
2473	194	1	0.834
6394	707	1	0.918
6910	3646	1	0.804
4167	9994	1	0.964
8668	1089	1	0.82
3304	71	1	0.837
9025	7590	1	0.925
9746	1255	1	0.85
8943	1887	1	0.88
5437	9284	1	0.907
4916	7336	0	0.000578
6600	1749	1	0.988
6643	6593	1	0.847
4321	6119	1	0.952
6936	2202	1	0.823
7672	2550	1	0.955
5779	2768	1	0.87
3722	484	1	0.807
5583	4513	0	0.000155
9180	556	1	0.904
7900	3691	0	0.00044
839	5700	1	0.919
7505	1075	1	0.98
4872	262	0	0.00048
1826	5538	0	0.000404
2736	553	1	0.88
5412	8204	1	0.957
8251	2803	1	0.988
6076	6871	1	0.932
6695	2102	1	0.944
5414	4379	1	0.941
5030	701	1	0.813
3357	2988	1	0.802
8635	2394	1	0.887
3149	4261	1	0.937
4118	9460	1	0.886
3373	633	1	0.836
8417	7704	1	0.833
325	7187	1	0.995
1193	7673	0	0.000225
4560	4238	1	0.999
1860	626	1	0.96
6682	8617	1	0.826
4366	441	1	0.949
6442	26	0	0.000397
9296	1165	1	0.888
4002	7756	1	0.844
7544	7247	1	0.936
6183	949	1	0.947
9727	1545	1	0.97
4907	9836	1	0.836
5345	9411	1	0.909
4617	6251	1	0.809
9719	3443	1	0.815
8791	4606	1	0.984
8063	5909	1	0.801
3440	8485	1	0.952
5750	7524	1	0.988
4198	3476	1	0.821
2340	3805	0	0.000366
33	6805	1	0.91
5124	7860	1	0.862
1761	6499	1	0.916
1002	2131	1	0.99
6819	1303	1	0.969
549	443	1	0.94
5756	6425	1	0.867
7126	9660	1	0.988
6318	451	1	0.916
6813	3359	1	0.886
8975	1298	1	0.928
7713	999	1	0.862
7742	3115	1	0.86
9927	7066	1	0.93
8236	3167	1	0.824
5363	118	0	0.000126
9647	139	0	0.000363
4423	5879	1	0.825
4981	3668	1	0.907
1247	5208	1	0.87
8312	687	1	0.903
6845	9405	1	0.86
1187	256	1	0.871
7108	2030	1	0.839
9433	5862	1	0.932
3084	5560	1	0.885
7944	9044	0	0.000582
1168	1118	1	0.88
2827	6237	1	0.892
9821	630	1	0.922
65	5353	1	0.946
9430	336	0	0.000144
7026	54	0	0.000275
6168	3470	1	0.872
5517	1406	1	0.873
2501	1346	1	0.947
8408	7272	1	0.899
7701	2272	1	0.834
3324	1277	1	0.966
8475	3634	1	0.911
343	1586	1	0.813
5857	1876	0	0.000519
5558	3550	1	0.814
4056	3791	1	0.979
830	7272	1	0.992
1812	2459	1	0.824
8342	510	1	0.842
3488	8956	0	0.000351
4315	7410	1	0.964
3110	3129	1	0.834
8288	8276	1	0.905
8464	6192	1	0.978
8336	5578	1	0.821
7171	3514	0	0.000429
169	2554	1	0.807
1146	802	1	0.983
2210	1585	1	0.807
3083	1569	1	0.942
5862	1268	0	0.000227
3035	2720	1	0.89
9765	308	1	0.914
5548	6396	1	0.834
2520	2427	1	0.866
1138	285	1	0.804
8289	7886	1	0.867
1465	5560	1	0.917
5611	5148	0	0.000142
1279	3224	1	0.814
2041	2610	1	1
4309	1728	1	0.98
4959	8423	1	0.911
625	194	0	0.000316
7395	9349	1	0.855
4097	2970	1	0.897
8693	1666	1	0.816
3403	347	1	0.801
6736	7353	1	0.936
4354	1270	1	0.981
2961	8271	1	0.823
7950	3013	1	0.825
4302	9948	1	0.984
4019	1268	1	0.898
1454	6373	1	0.888
4883	539	1	0.977
7580	1843	1	0.96
2545	3559	1	0.975
2335	9932	1	0.808
1491	925	0	0.00048
8654	311	1	0.875
7476	5220	0	0.000357
6141	600	1	0.955
43	3119	0	0.000518
7500	5956	1	0.828
6100	3783	1	0.94
6223	5404	1	0.987
9203	709	1	0.974
963	4053	1	0.879
8179	2063	1	0.825
3966	6130	1	0.918
3026	245	1	0.966
5993	3783	1	0.921
6722	289	1	0.93
4572	7340	1	0.927
783	7391	1	0.826
3748	2204	0	0.000429
4616	1516	1	0.863
7288	5050	1	0.925
7660	9126	1	0.832
2179	3512	1	0.823
5371	1445	0	0.00042
696	102	1	0.941
1363	802	0	0.000365
3308	5268	0	0.0002
7305	5653	1	0.887
5080	8206	0	0.000288
4187	8368	1	0.98
9791	8808	1	0.891
2360	7921	0	0.000276
8651	4153	1	0.829
140	2575	1	0.905
6504	2073	1	0.99
6350	5956	1	0.871
7169	2	1	0.965
7729	3194	0	0.000181
1728	4803	1	0.902
4025	6956	1	0.918
8352	1429	1	0.945
9740	479	1	0.881
8083	5688	1	0.991
9470	3671	1	0.866
1661	2652	0	0.000147
3578	4012	1	0.936
6235	2050	0	0.000454
4031	3584	1	0.909
7364	9070	1	0.866
6997	8006	1	0.824
9725	232	1	0.868
168	4520	1	0.894
7957	2069	1	0.945
6635	5891	1	0.86
9267	4806	1	0.811
4619	549	1	0.986
5710	3744	1	0.825
3559	113	1	0.822
8921	142	1	0.81
2161	8313	1	0.957
4831	9969	1	0.978
4280	1894	1	0.975
9675	6706	1	0.964
1091	6191	1	0.811
6597	8131	1	0.842
2446	6378	1	0.983
3413	1113	1	0.816
1647	468	1	0.963
689	2573	1	0.826
1678	9930	0	0.000599
1497	5754	1	0.94
5980	7120	1	0.958
4609	743	1	0.869
4360	330	1	0.949
365	842	1	0.888
267	5921	1	0.917
8945	8992	1	0.861
8567	1122	1	0.923
9473	4929	1	0.863
4946	9040	1	0.901
7339	783	1	0.949
4993	9687	1	0.818
7145	2267	1	0.99
3739	128	1	0.826
9222	5153	1	0.82
362	902	0	0.000531
4305	7408	1	0.987
2940	1644	1	0.884
8976	9107	1	0.96
7726	597	1	0.912
8773	658	1	0.87
3475	7583	1	0.871
8095	2973	1	0.933
8099	7756	1	0.93
8524	4580	1	0.847
651	4389	1	0.953
7949	9237	1	0.831
4318	734	1	0.852
9788	7637	1	0.849
7045	288	1	0.899
7530	3942	1	0.923
2392	487	1	0.948
6054	471	1	0.98
8576	3273	0	0.000367
2896	9869	1	0.805
7016	3860	1	0.959
6582	8681	1	0.945
8379	5628	1	0.98
2467	769	1	0.936
5503	5426	1	0.833
565	4922	1	0.803
1343	705	0	0.000604
7358	2965	1	0.829
2176	8633	1	0.845
589	6417	1	0.925
17	9124	1	0.888
8725	6094	1	0.95
4053	963	1	0.812
131	44	1	0.922
1800	2192	1	0.851
5083	2970	1	0.87
8400	7903	1	0.901
3925	5688	0	0.000501
4119	9448	1	0.843
9796	9744	1	0.824
3013	330	1	0.866
6972	3721	1	0.973
7847	994	1	0.862
8798	9254	1	0.95
1393	1083	1	0.832
5393	593	1	0.867
2207	7113	1	0.941
8701	1600	1	0.82
3898	2959	1	0.895
3643	6786	1	0.985
6449	302	1	0.853
5893	1665	1	0.995
2962	6192	1	0.972
9383	2393	1	0.95
5692	1345	1	0.965
5409	4555	1	0.873
7829	1169	1	0.912
7309	849	1	0.827
1985	7530	0	0.000198
4573	7748	1	0.807
5190	6518	1	0.997
7006	5366	1	0.902
5909	6309	0	0.000271
6939	1392	1	0.954
4155	1758	1	0.869
9431	954	1	0.802
548	3161	1	0.87
5702	2447	1	0.904
3620	7758	1	0.918
677	5448	1	0.836
684	3966	1	0.887
4510	4278	1	0.955
6818	9513	1	0.967
463	2417	1	0.88
8062	1873	1	0.92
2062	2331	1	0.868
6089	9749	1	0.919
4858	6910	1	0.886
2800	8261	0	0.000611
2376	2799	1	0.818
7647	3200	1	0.818
2483	3177	1	0.961
3948	9999	1	0.896
2840	7421	1	0.919
4206	257	1	0.936
8112	5008	1	0.861
3735	995	1	0.838
5357	1883	0	0.000427
3115	4380	0	0.000598
8778	9804	1	0.887
3567	2332	0	0.000372
350	2454	1	0.85
4919	6096	1	0.899
5937	5917	0	0.000268
3364	5707	1	0.944
8675	6428	1	0.874
1250	7468	1	0.984
6659	5602	1	0.958
9087	601	0	0.000122
7528	3997	1	0.952
7811	8959	1	0.813
700	5960	1	0.862
4312	9311	1	0.883
7377	781	1	0.85
9170	119	1	0.908
5670	9271	1	0.817
3604	3409	0	0.000217
4707	7335	0	0.000308
5318	2709	1	0.909
2103	46	1	0.961
1789	997	1	0.834
5923	586	1	0.907
7739	7521	1	0.949
3204	5811	1	0.876
7162	277	0	0.000445
5261	3753	1	0.913
8180	2270	0	0.000275
822	8514	1	0.824
4258	1340	1	0.945
4844	6898	0	0.000607
9579	1158	1	0.962
8594	2003	1	0.92
1446	2137	1	0.985
851	7858	1	0.925
5186	3049	1	0.812
6364	6097	1	0.919
1312	2296	1	0.865
1234	847	1	0.847
8210	6346	1	0.924
8050	9970	1	0.944
1242	3141	1	0.807
9479	509	1	0.81
6980	6401	1	0.83
472	2207	1	0.966
4078	1009	1	0.847
9966	9855	1	0.834
6053	2616	1	0.986
618	6980	1	0.968
9757	9303	1	0.866
8796	8072	1	0.976
5110	4250	1	0.886
3994	2532	1	0.885
4175	2516	1	0.822
6129	8748	1	0.816
1784	8138	1	0.881
6821	8984	1	0.851
2690	4967	1	0.948
5139	633	1	0.995
3055	9755	1	0.823
6372	1231	0	0.000575
3372	6779	1	0.898
1375	843	1	0.987
7330	94	1	0.923
1654	8495	0	0.000436
1464	7550	1	0.914
9155	3829	1	0.939
7676	4608	0	0.000234
9508	412	1	0.842
2835	1517	0	0.000465
7843	5032	1	0.985
7504	6726	1	0.961
4546	3924	1	0.9
3661	6911	1	0.837
2584	6612	1	0.871
3102	7221	1	0.976
3203	2195	1	0.982
949	8393	1	0.821
7247	5763	1	0.89
5369	1382	1	0.802
7839	1586	1	0.902
9209	6859	1	0.827
2731	9949	1	0.996
1077	8330	1	0.941
2650	3878	0	0.000509
3465	1035	1	0.847
4414	9111	1	0.899
8023	5857	1	0.934
9910	5124	1	0.83
3785	8967	1	0.929
2965	2211	1	0.806
4289	9474	1	0.991
9984	1385	1	0.824
5686	7899	1	0.836
2239	2937	1	0.869
1923	9445	0	0.000198
18	5204	1	0.815
9598	2796	1	0.993
9317	287	1	0.921
612	9071	1	0.816
7263	2980	1	0.924
5679	7572	1	0.947
1338	1593	0	0.000561
8588	5109	0	0.000236
4039	3626	1	0.83
7841	6474	0	0.000609
4426	4880	1	0.9
9879	1673	1	0.933
4598	8039	1	0.982
5947	6175	1	0.984
3247	9957	1	0.801
8285	7364	1	0.836
7165	9415	1	0.933
171	473	1	0.875
5735	5041	0	0.000575
5688	3692	1	0.967
597	7726	0	0.000291
6603	2140	1	0.803
2944	7740	1	0.926
7384	9472	1	0.974
6120	1209	1	0.916
6737	1932	1	0.984
2606	710	0	0.000376
9201	2449	1	0.972
2630	2092	1	0.946
3956	6041	1	0.965
3990	3434	1	0.888
2726	195	1	0.937
87	7444	1	0.918
6542	5508	1	0.811
6901	2025	1	0.82
6675	4136	1	0.815
528	7409	1	0.906
6588	8573	1	0.947
6796	2675	1	0.87
4720	9405	1	0.823
3549	4696	1	0.823
4306	6286	1	0.984
610	3145	1	0.955
8737	763	0	0.000563
5822	5509	1	0.86
7542	6152	0	0.000171
9290	3125	1	0.834
8140	9661	1	0.971
1974	6110	1	0.905
2197	1148	1	0.871
9999	4133	1	0.863
2555	4721	1	0.908
8775	7284	1	0.847
2036	3590	1	0.968
2723	2369	1	0.848
2229	9099	0	0.000148
9625	2101	1	0.804
6873	4127	1	0.9
9592	6400	1	0.984
7137	1326	1	0.975
6795	397	1	0.956
9615	1345	0	0.000252
9724	5049	1	0.865
6298	957	1	0.996
1549	2266	1	0.87
3284	4021	1	0.874
4930	6341	1	0.822
1037	9726	1	0.839
2169	8625	1	0.983
856	893	1	0.914
8764	3034	1	0.913
6711	1997	1	0.858
5885	2204	1	0.907
3356	8113	1	0.927
9492	254	1	0.882
268	7310	1	0.851
728	1584	1	0.906
1886	5294	1	0.884
3331	1434	0	9.96e-05
4253	9883	1	0.943
3529	4682	1	0.926
4120	2664	1	0.962
5651	3371	1	0.803
6990	4751	0	0.000456
6049	581	1	0.806
9608	8308	1	0.807
4544	9433	1	0.839
1981	16	1	0.803
1069	2934	1	0.882
3432	3178	1	0.85
3137	1072	1	0.888
445	7428	1	0.852
7138	100	1	0.833
1104	175	1	0.862
3842	3805	1	0.952
4050	1306	1	0.919
6061	5640	1	0.898
4470	6373	0	0.000349
8414	7261	1	0.863
4960	5828	0	0.000626
6267	2783	1	0.94
322	6048	1	0.93
7549	7092	1	0.973
5294	4867	0	8.39e-05
8132	66	1	0.844
6037	1650	1	0.879
5430	363	1	0.897
3315	5936	1	0.828
4071	851	1	0.804
7453	9416	0	0.000213
181	2180	1	0.933
2479	2696	1	0.984
9443	8362	1	0.84
312	750	1	0.917
1727	5007	1	0.843
9982	2175	1	0.907
2897	1564	1	0.965
6284	9273	1	0.871
772	9192	1	0.868
4790	9044	1	0.804
3479	7615	1	0.992
7240	3865	1	0.847
3050	9556	1	0.873
8211	813	1	0.943
3038	2445	0	0.000427
8540	6063	0	0.000554
5794	8486	1	0.851
5216	3836	1	0.827
4631	6215	0	0.000263
7257	9194	1	0.848
6897	149	1	0.971
3458	2306	0	0.000298
4749	4433	1	0.914
5387	1207	1	0.832
1534	3734	1	0.95
6611	1922	1	0.922
6490	1638	1	0.892
5907	3288	1	0.935
1115	6971	1	0.841
6660	5090	1	0.906
5896	2119	1	0.906
6993	8043	1	0.891
7441	111	1	0.982
9742	9653	1	0.901
9467	3900	1	0.957
8535	946	1	0.983
203	2728	1	0.859
2527	3804	0	0.000576
1202	8536	1	0.861
4983	4751	1	0.968
7728	5189	1	0.85
1274	2966	1	0.955
9404	9403	1	0.805
1399	3754	1	0.821
9047	7765	1	0.8
8375	4711	1	0.994
7876	338	1	0.885
5463	7178	0	0.000512
5773	5993	1	0.811
1520	7609	0	0.000303
7807	6108	1	0.81
9726	7224	1	0.914
8082	5182	0	0.000125
4001	4290	1	0.94
4114	8948	1	0.853
2558	7381	1	0.934
5579	3882	0	0.000528
9980	1011	1	0.929
8515	6668	0	0.000429
3270	3425	1	0.856
6776	509	1	0.815
1642	9802	1	0.987
376	4425	1	0.942
1237	8287	1	0.905
91	8687	1	0.9
7193	3084	0	0.000283
4353	6168	1	0.96
8490	3516	1	0.889
9859	1952	1	0.801
8746	4526	1	0.888
7347	6724	1	0.896
1315	1468	1	0.899
8212	7789	1	0.959
1960	1295	1	0.862
6664	9596	1	0.941
5906	89	1	0.965
615	3629	1	0.844
1928	309	1	0.875
4703	5833	1	0.9
8965	4975	1	0.823
831	5417	1	0.808
7584	2987	1	0.953
7094	1700	0	0.000332
3117	9459	1	0.992
9453	7583	1	0.941
3862	2774	1	0.84
2712	1361	1	0.999
6206	1412	1	0.988
4516	2347	1	0.982
7927	4683	1	0.974
2929	552	0	0.000181
6311	5214	1	0.983
4739	8461	0	0.00054
5013	6773	1	0.906
3363	159	1	0.992
1480	6877	1	0.946
2409	335	0	0.000254
848	2417	1	0.865
9134	2007	1	0.886
2513	4659	1	0.91
251	9450	1	0.908
2417	293	1	0.963
4400	7561	1	0.933
9497	2909	1	0.966
1698	9086	0	0.000215
3580	4072	1	0.839
5661	2459	0	0.000188
4782	9938	1	0.859
8121	5592	1	0.969
199	9058	0	0.00017
137	5942	0	0.000622
8327	9032	1	0.816
7809	3026	1	0.988
3514	4234	1	0.971
4688	7362	1	0.845
8768	2247	1	0.972
4938	276	1	0.955
354	4822	1	0.866
7994	1371	1	1
372	352	1	0.953
2538	7740	1	0.965
2968	7566	1	0.846
5305	112	1	0.955
1024	7614	1	0.881
3450	2388	1	0.997
3062	5507	1	0.866
8404	3003	1	0.865
1645	6770	1	0.922
3017	5720	1	0.935
3950	1310	1	0.899
2667	1213	1	0.954
4434	4461	1	0.995
4889	7691	1	0.929
8016	5804	1	0.899
7527	2001	1	0.985
2141	7631	1	0.89
805	3837	1	0.906
8998	6308	1	0.869
5151	3112	1	0.897
943	357	1	0.978
6662	5720	1	0.839
3060	8686	1	0.935
5552	2983	0	0.000113
5587	7474	1	0.927
3332	5474	0	0.000171
1483	1732	1	0.933
1632	3030	0	0.000388
2683	4879	1	0.836
2764	7437	1	0.806
569	4489	1	0.979
7977	118	1	0.86
5681	23	0	0.000575
978	6524	1	0.904
3555	603	1	0.81
5364	5589	1	0.855
9628	4822	1	0.958
9150	3376	1	0.901
5259	8317	0	0.000115
9307	5703	1	0.998
1663	4534	1	0.987
2447	7972	1	0.855
4300	1741	1	0.98
297	9641	1	0.859
9790	6464	1	0.989
3234	566	1	0.872
2721	3378	1	0.913
1186	3326	1	0.839
4347	8296	1	0.876
2134	661	1	0.859
8040	6878	1	0.831
1195	1234	1	0.826
7010	2955	0	0.000165
4873	3890	1	0.959
6861	9203	1	0.814
7157	3616	1	0.968
6346	3897	1	0.88
6787	9371	1	0.963
7658	5344	1	0.861
2214	1580	1	0.976
666	6016	1	0.82
6354	3952	1	0.965
8667	159	1	0.914
5333	7249	1	0.928
6650	4003	1	0.902
2622	2410	0	0.000552
112	644	1	0.809
6572	3091	1	0.815
3712	325	0	0.00046
682	645	1	0.801
2437	949	1	0.813
5094	566	0	0.000464
6200	7561	1	0.861
2252	8528	1	0.982
939	1641	1	0.883
3187	6832	0	0.000472
7849	220	1	0.917
1320	3478	1	0.804
3507	7978	1	0.885
5765	506	1	0.974
364	9602	1	0.913
7063	2217	1	0.849
9195	2923	1	0.846
6428	6987	1	0.91
9052	1393	1	0.83
7048	7227	1	0.952
7855	5465	0	0.000119
3054	4799	1	0.977
8508	3297	0	0.000277
4821	654	1	0.812
6694	2427	1	0.872
6556	1706	1	0.993
7552	2876	1	0.865
545	9060	1	0.861
6963	4758	1	0.898
9957	7296	1	0.856
514	6398	1	0.844
8281	8831	1	0.873
7314	116	1	0.845
7368	3231	1	0.897
4565	2464	1	0.994
9763	4631	1	0.834
7116	7251	1	0.868
103	2379	1	0.938
7565	3515	1	0.855
5696	6901	1	0.975
4217	27	1	0.907
8461	3965	1	0.868
9773	2838	1	0.994
4864	3311	1	0.839
3920	126	1	0.989
1704	5000	0	0.000401
2844	8989	1	0.974
2882	279	1	0.997
9524	1273	1	0.862
180	970	1	0.965
2916	5742	0	0.000452
5229	5887	0	0.000188
8176	6684	1	0.861
3665	6615	1	0.993
5798	2763	1	0.825
6754	4267	1	0.867
7616	5130	1	0.825
9301	420	1	0.889
8566	1168	1	0.962
2509	3947	0	0.000491
2085	6321	1	0.977
6276	7780	1	0.905
4624	6260	1	0.805
4101	2581	1	0.993
2102	9082	0	0.000227
7177	5943	1	0.88
7937	8478	1	0.981
598	163	1	0.903
3979	379	1	0.809
7986	6677	1	0.859
5213	1928	1	0.966
5764	7123	1	0.859
2093	380	0	0.000416
5769	2970	1	0.911
5289	5000	1	0.967
8223	6971	0	0.000139
6579	8138	1	0.954
2703	9894	0	0.000251
1684	4227	1	0.816
8401	5583	1	0.875
470	2020	1	0.889
4612	7008	1	0.944
3481	1640	1	0.816
960	8368	1	0.831
5788	5676	0	0.000521
2018	2986	1	0.968
9756	4363	1	0.96
639	9085	1	0.895
650	4000	1	0.998
527	5726	0	9.09e-05
1113	8773	1	0.987
9503	124	1	0.866
1862	6057	1	0.933
4500	1661	1	0.821
6524	71	1	0.986
6652	111	1	0.862
691	918	1	0.808
7682	87	1	0.898
4912	8256	1	0.99
170	5008	1	0.946
5911	6593	1	0.865
3183	834	1	0.926
5255	9536	1	0.874
4122	8761	1	0.948
2123	6754	1	0.843
2205	1003	1	0.811
2574	163	0	0.00023
8385	6401	1	0.893
4471	2169	1	0.997
6797	6595	0	0.000248
9139	4322	1	0.899
356	6785	1	0.955
4641	5536	1	0.956
4328	33	0	0.000293
6807	9739	1	0.854
4449	2176	1	0.994
8585	2296	1	0.841
3482	9906	1	0.871
5672	7973	1	0.863
4687	1366	1	0.928
6960	1495	0	0.000125
3660	7284	1	0.913
4052	1217	1	0.967
6148	7450	1	0.837
4171	1577	1	0.908
4869	1849	1	0.811
9426	1620	1	0.935
4408	4168	1	0.958
7201	8867	1	0.892
404	1743	1	0.97
3323	9501	1	0.992
4226	9483	0	0.000321
7371	6938	1	0.95
6038	2463	1	0.953
916	9598	1	0.914
9078	4403	1	0.843
2184	729	1	0.917
738	2896	1	0.847
9385	4685	1	0.852
9058	1712	1	0.831
5234	3316	1	0.86
5385	7345	1	0.815
8200	6541	1	0.921
6525	7487	0	0.000239
2879	9552	1	0.827
5310	7699	1	0.951
3598	1480	1	0.875
2201	7335	1	0.995
7052	312	1	0.88
4060	1517	1	0.88
9521	7164	1	0.827
7915	984	0	0.000361
4345	5795	1	0.832
5454	8276	0	0.000558
5460	53	1	0.968
3296	449	1	0.864
1771	1347	1	0.806
5210	2441	0	0.000556
2016	8375	1	0.877
3882	1248	1	0.849
150	6661	1	0.949
2979	880	1	0.916
759	6891	1	0.951
9940	3725	1	0.845
8445	1970	1	0.915
1835	3868	0	0.000208
1813	1487	1	0.899
8413	7443	1	0.971
1184	4524	1	0.836
2631	6033	1	0.851
9096	8941	1	0.906
7087	6479	0	8.49e-05
7299	352	1	0.964
6665	8335	0	0.000478
4274	7427	0	0.000166
6003	4107	1	0.892
2324	2274	1	0.945
3819	5522	1	0.871
5697	5490	1	0.913
1499	738	0	0.000535
2284	7884	0	0.000175
4127	3824	1	0.951
314	1273	1	0.972
7261	8414	1	0.95
1882	4500	1	0.982
4024	4282	1	0.971
1658	318	1	0.825
5595	7156	1	0.958
6277	4052	1	0.93
6455	3830	1	0.827
8863	3055	1	0.84
9186	2035	1	0.834
7825	3327	1	0.983
3609	3955	1	0.931
4480	4287	1	0.847
5052	9739	1	0.826
3806	171	1	0.847
3471	8500	1	0.838
7282	9169	1	0.853
4587	6246	0	0.000255
1071	7815	1	0.87
5340	2815	1	0.938
7943	9841	1	0.923
1177	5505	0	0.000593
6748	886	1	0.815
3193	4672	1	0.965
793	7156	0	0.000247
2672	9023	0	0.000174
141	6036	1	0.801
3875	5395	1	0.955
9336	4850	0	0.000584
9787	1803	1	0.877
4040	5232	1	0.956
4106	2552	0	0.00037
2919	2500	1	0.86
2412	9701	1	0.828
6435	5260	1	0.885
4784	8895	1	0.805
8054	9443	1	0.997
2825	4216	1	0.981
6752	7305	1	0.892
432	533	1	0.978
3831	6058	1	0.804
3073	854	1	0.911
6740	4357	1	0.961
8546	1044	1	0.873
2576	6756	1	0.954
5576	480	1	0.968
5152	7025	0	0.000588
6991	6417	1	0.949
9720	7905	0	0.000471
9422	185	1	0.925
3897	1623	1	0.925
6194	230	1	0.901
93	6457	1	0.927
4041	3955	1	0.997
6930	1678	1	0.895
9842	9318	1	0.872
1098	1255	1	0.928
2004	2355	1	0.939
3116	4356	1	0.939
6022	2768	1	0.933
7051	1120	1	0.816
2993	3439	1	0.862
7009	754	1	0.892
468	9708	1	0.852
8423	7436	0	0.000149
6413	8189	1	0.816
4121	8330	1	0.82
2698	8728	1	0.954
5522	6044	1	0.895
133	855	1	0.965
1991	2915	1	0.934
5973	2375	1	0.948
2395	1789	1	0.839
9732	684	1	0.982
5426	6524	1	0.957
4893	1227	1	0.816
4755	452	1	0.812
4920	3160	1	0.855
9839	4665	1	0.856
5514	7975	1	0.942
1264	1187	1	0.932
7022	3504	0	0.000232
8985	8224	1	0.888
9444	7253	1	0.964
9321	5371	1	0.853
8909	7414	1	0.916
9017	5797	1	0.987
1546	167	1	0.886
5415	7280	1	0.996
5245	6088	1	0.951
5240	83	0	0.000324
1660	4226	1	0.934
4736	1453	1	0.937
7731	7036	1	0.89
6988	5672	0	0.000237
7714	6100	1	0.841
5853	9434	1	0.855
519	7511	1	0.984
656	1169	1	0.956
7489	6973	1	0.849
2859	1238	1	0.95
1635	5314	1	0.909
1747	7701	1	0.873
3498	2734	1	0.85
871	9622	1	0.916
4588	4085	1	0.823
824	9407	1	0.852
9074	6568	1	0.964
5869	8642	0	0.000221
7582	798	1	0.856
8991	2135	1	0.939
303	6321	1	0.913
9211	4136	0	0.000586
8037	5955	1	0.81
2455	4827	1	0.975
6170	8783	1	0.808
1346	4683	1	0.918
9345	4573	1	0.94
9516	6343	1	0.993
7920	8351	1	0.873
5944	940	1	0.836
4953	6205	0	0.000471
3548	3214	1	0.872
6153	3062	1	0.864
9535	474	1	0.868
5569	579	1	0.869
1557	6496	1	0.826
6264	3375	1	0.847
9095	2100	1	0.806
4498	1647	0	0.000235
7996	6495	1	0.823
117	1490	1	0.81
3047	2737	1	0.806
2814	5514	1	0.999
5361	5967	1	0.919
2914	6773	1	0.89
7056	6235	1	0.824
7266	4221	0	0.000562
2623	1009	1	0.95
4973	9274	1	0.855
2923	6639	1	0.95
7419	3928	1	0.902
665	5966	1	0.99
3367	1631	1	0.98
623	3539	1	0.942
5543	5209	1	0.971
4713	4109	1	0.942
7844	3519	0	0.000282
21	3629	1	0.841
1434	4656	1	0.898
6172	2539	1	0.819
1318	7550	0	0.000568
7730	4648	1	0.987
6352	1314	0	0.000628
1344	85	1	0.974
4008	1104	1	0.8
3305	4015	1	0.877
1530	6704	1	0.805
467	7040	1	0.827
2171	3310	1	0.856
1781	1506	1	0.928
5166	6417	1	0.946
980	1795	1	0.921
4149	3313	0	0.000132
826	1081	0	0.000552
8881	6421	0	0.000417
5749	1059	1	0.963
2010	6375	1	0.938
8933	737	1	0.855
4126	9686	1	0.896
9275	4771	1	0.849
5920	9297	0	0.000106
3218	7429	1	0.956
2329	5455	1	0.863
7251	4256	1	0.828
2347	5036	1	0.95
5285	9038	1	0.995
1724	2518	1	0.982
3542	1701	1	0.835
9036	5427	1	0.926
3971	183	0	0.000299
6023	536	0	0.000262
5894	4591	1	0.822
3679	148	1	0.95
2974	1478	1	0.905
4768	4576	1	0.92
2749	1251	1	0.826
8066	8164	1	0.929
3359	6127	1	0.844
2508	9570	1	0.854
4303	3719	1	0.844
4743	5473	1	0.905
9350	9409	1	0.864
9308	2280	0	0.000301
8191	4608	1	0.914
4521	9478	1	0.864
5020	1193	1	0.868
4193	460	1	0.941
334	1272	1	0.844
485	1574	1	0.933
6502	945	1	0.811
2850	8728	1	0.822
928	2493	1	0.961
7550	9499	1	0.956
8789	5578	1	0.965
3861	9243	0	0.000487
7421	554	1	0.819
9828	4717	1	0.921
8403	5281	1	0.929
337	4755	0	0.000307
6499	5641	1	0.925
8226	5092	1	0.825
9245	7860	1	0.824
1890	1738	1	0.974
5090	3815	1	0.942
8139	6878	1	0.965
8638	1615	1	0.891
4933	5637	1	0.909
4780	4538	1	0.938
8287	6481	1	0.968
4547	8667	1	0.936
7895	4704	1	0.856
2981	2984	1	0.809
8394	8537	1	0.858
3886	9797	1	0.883
1885	760	1	0.802
8685	430	1	0.971
7851	2074	1	0.846
2175	5846	1	0.905
414	1215	1	0.847
910	1532	1	0.82
4268	9058	0	0.000513
8418	1065	1	0.965
4676	6771	0	0.000614
6083	404	1	0.876
1588	1881	1	0.848
2266	5182	1	0.851
9265	6633	1	0.978
1188	2046	1	0.884
9659	3495	1	0.823
584	1835	1	0.978
7492	5336	1	0.928
812	1298	1	0.837
7707	2659	1	0.897
4113	2090	1	0.832
5185	7356	1	0.991
6550	7969	1	0.918
7078	659	0	0.000194
1544	5828	1	0.933
213	7597	1	0.819
942	799	1	0.991
6706	6200	1	0.814
2680	7307	1	0.861
8380	5941	1	0.937
144	6168	1	0.953
5406	4407	1	0.838
1762	2125	1	0.896
5914	5083	1	0.904
5743	4876	1	0.919
3078	2809	1	0.922
7627	141	1	0.86
3572	56	0	0.000415
5267	9084	1	0.823
3765	6220	1	0.808
8842	7413	1	0.824
5873	8591	1	0.91
7012	2698	1	0.94
5925	8507	1	0.881
906	106	0	0.000521
3335	7375	1	0.857
3918	2704	1	0.944
3768	2764	1	0.935
1580	6932	1	0.959
9528	4373	1	0.808
1435	3918	1	0.928
7656	6562	1	0.834
9358	1038	1	0.93
4489	3658	0	0.000541
6233	3223	1	0.882
9324	55	1	0.879
698	7071	1	0.848
4628	4055	1	0.88
9944	8289	1	0.864
75	8025	1	0.84
7166	5993	1	0.801
8899	4445	0	0.000193
1749	8642	1	0.883
6575	3265	1	0.97
8366	4852	1	0.999
7591	2533	1	0.845
4892	2804	1	0.88
648	2570	0	0.00034
8835	1938	1	0.978
7738	1636	0	0.00023
331	387	1	0.812
8158	464	1	0.952
6601	4344	1	0.959
1966	9340	1	0.905
3593	2322	0	0.000337
1732	5539	1	0.805
8867	6436	1	0.89
8368	960	1	0.875
3775	1035	0	0.000501
4356	706	1	0.86
8919	349	1	0.818
8116	3924	1	0.931
2243	6099	1	0.968
3938	3678	1	0.907
5418	1929	1	0.912
9123	332	1	0.842
6280	3361	0	0.000578
4807	617	1	0.936
1182	9340	1	0.919
8658	141	1	0.804
3781	9033	1	0.85
6758	7291	1	0.933
1441	54	1	0.933
4317	8053	1	0.967
525	6903	0	0.000539
1151	9620	1	0.9
2178	9719	1	0.914
7209	8844	1	0.922
2886	5861	1	0.856
5203	1384	1	0.934
9293	3654	1	0.808
7708	340	0	0.000465
4486	6415	1	0.839
764	102	1	0.957
918	7183	1	0.936
3208	1115	1	0.932
3988	1720	1	0.891
282	2417	1	0.816
3476	4540	1	0.815
4490	371	1	0.886
5164	4115	1	0.853
257	2907	1	0.838
4691	8322	1	0.846
4840	8023	1	0.892
819	192	1	0.808
9683	6645	1	0.979
5992	2824	1	0.854
4399	216	1	0.901
580	541	1	0.902
936	1921	0	0.000311
3515	9775	1	0.854
9176	1313	0	0.000207
5819	2954	1	0.849
4763	5750	0	0.000477
4221	7807	1	0.864
2718	5656	1	0.813
319	8275	1	0.919
4291	7205	1	0.82
7684	8962	1	0.985
5183	3186	1	0.942
6586	7087	1	0.942
5790	5598	1	0.971
8593	327	1	0.922
5192	1054	1	0.883
5399	8441	1	0.851
9457	7109	1	0.924
2590	2328	1	0.838
3462	2049	1	0.855
1824	2001	1	0.895
9409	3887	1	0.949
6612	966	1	0.802
1636	872	1	0.821
1030	1051	1	0.873
3330	5929	1	0.998
391	7855	0	0.000128
2847	980	1	0.812
8104	2085	1	0.968
8201	7876	1	0.811
6152	2368	0	0.000176
2316	2168	1	0.932
6788	8773	1	0.823
6762	216	1	0.967
6649	4985	1	0.907
2173	8115	1	0.972
4256	4093	1	0.987
7192	826	1	0.834
4813	2971	1	0.95
1226	1102	1	0.924
1942	5371	1	0.828
7170	7254	0	0.000481
119	142	1	0.871
4277	104	0	0.000359
9616	3820	1	0.909
240	6929	1	0.871
3447	4791	1	0.874
8726	7164	1	0.932
5125	3585	1	0.904
8190	5170	1	0.855
1873	6204	1	0.95
1770	719	1	0.908
7771	8390	1	0.986
6420	5978	1	0.869
5359	3005	1	0.838
559	354	1	0.909
6062	16	1	0.823
4485	2503	1	0.867
2008	2010	0	8.23e-05
3442	2594	1	0.82
4913	1664	1	0.897
7562	1722	0	0.000296
2387	8615	1	0.906
2267	1659	1	0.857
1568	3194	1	0.916
4615	4746	0	0.000586
8847	8218	1	0.813
5257	7532	1	0.961
7517	7633	1	0.817
6174	5487	1	0.87
2160	3274	1	0.803
832	1762	1	0.901
1238	9687	1	0.81
715	4797	1	0.832
6585	5107	1	0.894
2342	440	1	0.817
4941	8370	1	0.882
6273	850	0	0.000268
5982	1162	1	0.906
7139	4982	1	0.803
4448	3446	1	0.824
6075	9610	1	0.953
6908	20	1	0.894
6728	8774	1	0.95
5168	6605	1	0.96
6569	2517	1	0.922
4085	1961	1	0.942
9594	5422	1	0.943
5087	8386	1	0.874
4625	991	1	0.889
8034	3395	1	0.883
4496	9811	0	9.17e-05
8059	4348	1	0.867
9840	2002	1	0.925
3987	2395	1	0.898
4848	3797	1	0.919
9083	115	1	0.924
8713	4693	1	0.907
320	2250	1	0.945
4876	476	1	0.95
9695	485	1	0.868
2761	2941	1	0.958
6712	709	1	0.842
9928	9804	1	0.961
4236	5026	1	0.864
4273	5326	0	0.000259
7979	5827	1	0.825
274	360	1	0.92
6337	3605	0	0.000279
2153	562	1	0.846
4176	21	1	0.955
130	7593	1	0.863
1940	4557	0	0.000549
6081	3062	0	0.000446
5624	9331	1	0.904
2058	1170	1	0.855
7407	8875	1	0.959
2196	4830	1	0.998
436	186	1	0.985
7758	5910	1	0.848
1407	4589	1	0.816
9978	3681	1	0.932
5056	4626	0	0.000623
2592	1270	1	0.958
476	4669	1	0.812
9205	4429	1	0.831
9934	352	1	0.973
3238	2761	1	0.972
854	9381	1	0.874
888	9739	1	0.829
6378	709	1	0.856
6944	8356	1	0.845
2356	641	1	0.972
5422	599	0	0.000401
714	4252	0	0.000195
1324	6049	1	0.823
2391	5014	1	0.941
2080	5583	1	0.866
3384	1281	1	0.855
2921	2372	1	0.875
6113	5019	1	0.991
9578	3458	0	0.000375
6254	1838	1	0.936
2843	5352	1	0.997
6314	5481	1	0.883
1342	9318	1	0.997
2110	8356	1	0.881
7805	806	1	0.938
9988	7543	1	0.962
9092	317	1	0.816
2263	4102	0	0.000465
2180	9404	1	0.992
6977	734	0	0.000186
1421	8672	1	0.977
1068	3030	1	0.801
4141	953	1	0.843
3239	8457	1	0.971
9121	8231	1	0.975
109	5994	1	0.803
7914	9700	0	0.00014
8008	4713	1	0.954
9547	1863	1	0.999
3031	4326	1	0.961
2107	7561	1	0.967
3480	2850	0	0.000395
3835	1611	0	0.000388
2400	702	0	0.000224
2428	9979	1	0.983
9089	1814	1	0.861
2357	1789	1	0.877
4105	6242	1	0.99
8983	9591	1	0.901
3623	7931	0	0.000586
2456	7046	1	0.843
249	6991	1	0.874
5480	5879	1	0.803
37	4910	1	0.817
7060	468	1	0.887
4684	6010	1	0.938
9217	2479	1	0.945
9882	1172	1	0.997
3983	4079	1	0.913
1666	1833	1	0.958
1353	6679	1	0.896
8197	3814	1	0.959
2562	1278	0	0.000545
5206	9569	1	0.958
7931	3049	1	0.925
7838	6270	1	0.828
4404	275	1	0.875
3810	9102	1	0.986
2526	249	1	0.967
7008	4719	1	0.83
4797	4681	1	0.914
6589	366	1	0.825
4415	4744	1	0.923
8128	1689	1	0.891
2130	3765	1	0.862
1951	2883	1	0.845
7501	462	1	0.943
2323	555	1	0.839
9327	586	1	0.928
6663	145	1	0.997
3454	2321	1	0.827
8381	4780	1	0.867
9595	6605	1	0.967
6142	7393	1	0.925
8679	2841	1	0.958
3556	5711	1	0.809
9599	171	1	0.982
4972	251	1	0.875
604	2560	0	0.000443
3224	7371	1	0.993
5622	986	1	0.935
4128	2363	0	0.000242
620	6506	1	0.877
2079	9952	0	0.000249
2547	6129	1	0.977
6160	5024	1	0.816
573	812	1	0.901
6025	8765	1	0.844
5612	2529	1	0.838
246	7287	1	0.853
2605	9568	1	0.949
4455	5495	1	0.98
806	3238	1	0.977
636	1464	1	0.906
8655	9873	1	0.855
2943	8910	1	0.814
2933	7439	1	0.854
7243	9232	1	0.994
5912	3746	1	0.963
3506	3438	1	0.886
5837	4596	1	0.819
4301	4975	0	0.000135
9785	2583	1	0.84
9240	3287	1	0.905
8730	4982	1	0.89
241	1132	1	0.922
9845	3145	1	0.994
7797	152	1	0.974
7430	7066	1	0.876
1144	5243	1	0.807
1785	2770	1	0.911
2586	3125	1	0.958
8719	3995	1	0.933
5436	7789	0	0.000501
1322	2322	0	0.00031
4698	8378	1	0.836
8213	1635	1	0.939
3678	8705	1	0.97
3352	8377	1	0.912
2874	685	1	0.854
7458	9967	1	0.869
2504	7190	1	0.874
9306	7046	1	0.824
8589	369	0	0.000227
4526	8919	1	0.829
393	8508	1	0.859
8353	7748	1	0.839
34	4208	0	0.000373
543	6409	1	0.968
182	2211	1	0.907
3107	1252	1	0.839
5581	5387	0	0.000431
1337	5792	0	0.000514
8111	1386	1	0.935
9300	5737	1	0.881
4047	2885	1	0.889
8377	7844	1	0.945
8308	5383	1	0.835
3293	1278	1	0.895
4183	9188	1	0.901
6532	7825	1	0.95
8424	1124	1	0.964
3427	8436	1	0.828
7880	4552	1	0.803
6627	2085	0	0.000292
2311	3144	1	0.931
583	5033	1	0.862
1426	5770	1	0.863
2081	2414	1	0.977
3744	2152	1	0.97
2351	1183	1	0.983
8468	4273	1	0.995
8810	2717	1	0.884
300	6437	0	0.000395
5695	879	1	0.994
8826	484	1	0.889
2101	3908	0	0.000398
7865	1946	1	0.874
8097	5599	1	0.948
174	4795	1	0.888
9182	5894	0	0.000255
5573	1943	1	0.891
5438	555	1	0.992
6918	6833	1	0.835
4931	7186	1	0.95
3577	5995	1	0.847
9037	3327	1	0.989
4068	3498	1	0.919
8811	4968	1	0.873
9967	1063	0	0.000337
6479	3250	1	0.916
9974	2460	1	0.815
5417	254	1	0.96
1403	7005	1	0.866
4655	3469	1	0.847
2791	2654	1	0.955
1672	7049	1	0.961
7638	2379	0	0.000397
5782	4923	1	0.926
7754	8336	1	0.926
5283	7963	1	0.94
1871	6470	0	0.000322
6028	2920	1	0.854
8170	182	0	0.000175
3344	2342	1	0.903
5129	2486	1	0.98
7227	7048	1	0.957
5571	7511	0	0.000386
2348	7950	1	0.846
5699	7452	1	0.826
561	45	1	0.979
5574	9454	0	0.000347
3730	4610	1	0.833
9752	5897	0	0.000632
8005	3724	1	0.903
1382	1812	1	0.861
2830	8229	1	0.84
1553	6337	1	0.842
7614	677	1	0.976
7272	6758	1	0.99
2217	6925	1	0.817
7532	6803	0	0.000585
4460	3387	1	0.886
3821	4120	1	0.936
38	1635	1	0.89
2309	4596	1	0.937
7486	1320	1	0.918
6749	868	1	0.801
6926	2865	1	0.989
8950	6245	0	0.000449
5547	4886	1	0.819
9668	3890	1	0.858
3167	8493	1	0.856
7555	2318	1	0.973
9132	533	1	0.995
3130	3820	1	0.988
1941	9235	1	1
7485	5010	1	0.913
7258	7616	1	0.879
9260	9126	1	0.914
748	633	0	0.00046
6226	3612	0	0.000184
2854	8623	1	0.961
3178	7387	1	0.936
1519	2220	1	0.875
6008	7028	1	0.875
1581	8281	1	0.848
1689	2402	1	0.952
6626	2870	1	0.903
6874	5237	1	0.914
7355	2110	1	0.881
2861	130	1	0.938
7478	589	1	0.962
8749	2789	1	0.993
1547	713	0	0.000505
7520	5145	0	0.000612
6820	2004	1	0.822
1401	1110	1	0.849
6654	7629	1	0.836
1027	228	1	0.938
7817	422	1	0.862
490	4686	1	0.839
8894	2392	1	0.946
9931	723	1	0.841
8665	6208	0	0.000459
7612	1946	1	0.957
7655	2206	1	0.857
3667	8991	1	0.821
3456	3072	1	0.919
925	5739	1	0.919
1010	4670	1	0.864
2472	8744	1	0.976
3089	675	0	0.000494
4329	4961	1	0.938
3032	9867	1	0.992
5016	5728	0	0.000309
3826	9356	0	0.000126
2776	3971	1	0.882
106	4216	1	0.906
2189	5958	1	0.926
3760	6030	1	0.815
8207	8591	0	8.75e-05
2494	2183	1	0.932
2866	3018	0	0.000238
2757	453	0	0.000608
8767	5109	1	0.951
1817	1487	0	0.00064
5453	3599	1	0.808
3720	2882	1	0.807
3312	6878	0	0.000493
2709	5318	1	0.947
78	9387	1	0.825
3977	6753	1	0.879
3227	3599	1	0.997
473	4808	1	0.897
456	4761	0	0.00056
1685	7785	1	0.86
8459	9420	1	0.924
8600	9514	1	0.955
8043	1262	1	0.964
1779	9148	1	0.913
4917	4213	1	0.846
1048	5289	1	1
9441	9697	0	0.000169
7079	93	1	0.803
903	174	1	0.847
4502	492	1	0.849
8647	7124	1	0.898
2158	1076	1	0.877
2930	4780	1	0.905
5677	6859	1	0.951
8941	9384	1	0.896
2752	2792	1	0.953
4578	4190	1	0.835
5114	2311	0	0.000333
8422	3656	1	0.917
816	961	1	0.98
5329	8461	1	0.989
7585	7141	1	0.933
1054	2337	1	0.952
3590	8783	1	0.81
985	4975	1	0.992
4077	544	1	1
2858	2323	1	0.864
6604	1898	1	0.916
2815	167	0	0.000408
7649	5963	1	0.991
1416	4472	1	0.89
3877	8086	1	0.91
2536	9847	1	0.919
5640	3567	1	0.906
753	980	1	0.852
7081	1563	1	0.846
9259	2761	1	0.913
1076	6785	1	0.966
5007	8653	1	0.898
2268	6398	1	0.942
4663	2878	1	0.972
9392	3091	1	0.874
7840	9570	1	0.917
6437	5950	1	0.803
1548	1479	1	0.987
6987	1256	1	0.836
36	2381	1	0.942
428	8992	1	0.888
4157	6797	1	0.83
967	6273	1	0.839
5447	9099	1	0.952
5138	3172	1	0.892
8988	5855	1	0.959
9026	9825	1	0.832
5093	5329	1	0.928
1972	1617	1	0.964
5924	8237	1	0.935
4949	4986	1	0.809
3389	1166	1	0.985
2188	636	1	0.895
4536	1595	1	0.979
5904	3418	1	0.954
9328	4044	1	0.901
7367	8636	1	0.813
6133	6208	0	0.000566
9258	8665	1	0.925
7535	5434	0	0.00035
3180	8612	1	0.999
4708	1773	1	0.822
5373	5191	0	0.000552
9538	8275	1	0.993
3288	6558	1	0.926
2671	7916	1	0.891
5720	2246	1	0.884
1433	8381	1	0.916
956	915	1	0.879
7972	9170	1	0.941
6426	6068	1	0.875
2177	514	1	0.908
9481	361	1	0.872
8664	103	1	0.997
7295	933	1	0.967
3076	9539	1	0.801
9731	612	1	0.855
1269	8539	1	0.936
734	6047	1	0.981
5074	7112	1	0.837
5855	6082	1	0.989
8024	1609	1	0.817
6453	4482	1	0.888
2530	6188	1	0.852
6882	9928	1	0.833
2973	913	1	0.958
7640	8366	1	0.875
3562	4961	1	0.879
7379	6942	1	0.863
7020	9170	1	0.813
3163	3499	0	0.00022
6863	2255	1	0.809
4110	6205	1	0.94
2753	6287	0	0.000132
6334	4289	1	0.871
8302	8453	1	0.957
4313	4440	1	0.93
7702	1655	1	0.977
4979	2370	1	0.922
3478	1504	1	0.919
870	5950	1	0.959
6697	8431	1	0.956
4759	4116	1	0.922
8666	2717	1	0.989
9976	3956	0	0.000256
7826	6380	1	0.848
5656	5467	1	0.871
5202	7943	1	0.892
6913	4455	1	0.951
6402	139	1	0.971
9853	2178	0	0.000132
9000	7819	1	0.839
2563	5078	1	0.944
3065	5441	1	0.985
6808	1822	1	0.933
1691	2734	1	0.892
6090	5146	1	0.808
7118	9631	1	0.822
209	7045	1	0.985
4170	5651	1	0.936
9717	6033	0	0.000197
1717	7662	1	0.853
9917	6604	1	0.972
2236	1437	0	0.000458
8614	6939	1	0.901
9826	966	1	0.877
8805	4524	1	0.81
2822	16	1	0.891
5247	3954	1	0.994
6794	1858	1	0.819
8837	6780	1	0.897
5022	9536	1	0.884
8599	391	1	0.94
7744	6911	1	0.848
6411	3397	0	0.000105
3077	4261	1	0.84
8238	544	1	0.831
449	2661	0	0.000355
7908	2261	1	0.948
9582	5389	0	0.0005
3493	6831	1	0.83
6211	4627	0	0.00057
5053	8420	0	0.000107
8741	3108	1	0.976
901	996	1	0.973
6994	6983	1	0.995
4715	4837	1	0.856
7723	1659	1	0.961
640	4012	1	0.895
407	4071	1	0.982
6178	1229	1	0.852
3709	2568	1	0.927
6275	315	0	0.000639
1379	6831	1	0.962
3545	5266	1	0.949
8829	8617	1	0.969
8433	1321	1	0.985
7897	1221	1	0.941
4263	6430	1	0.871
9491	8990	0	0.000548
9936	6820	1	0.993
4325	3050	0	0.000146
2915	7054	1	0.809
5313	3189	1	0.956
7350	1142	1	0.867
3091	2576	1	0.886
2336	3102	1	0.93
7557	1018	1	0.986
6789	3526	1	0.826
4005	4380	1	0.99
3433	2699	1	0.843
8233	1948	1	0.938
5157	3503	1	0.934
2938	7519	0	0.000577
2823	5793	1	0.856
222	457	1	0.85
9764	8470	1	0.912
8398	113	1	0.993
1474	918	1	0.84
3082	7494	1	0.861
1016	1494	1	0.874
8478	3404	1	0.895
5728	176	0	0.00037
6727	9941	1	0.989
4257	3556	1	0.992
1518	138	1	0.874
5380	2188	1	0.877
7113	2730	1	0.919
32	1051	1	0.93
5602	4815	1	0.959
1368	321	1	0.999
3591	7979	1	0.843
8572	1050	1	0.875
8660	3169	1	0.81
1653	7562	1	0.924
7545	9071	1	0.982
4123	1323	1	0.961
3069	1154	1	0.838
8747	2761	1	0.876
652	7548	0	0.000196
6791	3204	1	0.878
3691	9160	1	0.832
8706	1194	1	0.902
607	4960	1	0.999
2693	2840	1	0.948
8731	9846	1	0.862
1457	116	1	0.932
581	3098	0	0.00035
2632	1989	1	0.888
6498	882	0	0.000284
3343	1264	1	0.827
2146	420	1	0.938
243	6465	1	0.941
2877	1853	1	0.903
2978	8282	1	0.877
2352	1406	1	0.938
2000	177	1	0.856
576	224	1	0.893
3981	1132	0	0.000476
4897	6283	1	0.879
4276	4345	1	0.87
7510	1758	1	0.816
1999	3679	1	0.859
7973	2217	1	0.983
9767	6122	1	0.962
1295	1448	1	0.878
8079	3872	1	0.876
252	1948	1	0.805
4036	8337	1	0.85
1479	3001	1	0.873
5464	6228	1	0.811
8833	446	0	0.000632
5854	61	1	0.966
5650	2096	1	0.981
6639	1092	0	0.000163
8175	14	1	0.959
2422	175	1	0.893
1258	4888	1	0.933
7431	5815	0	0.000585
1166	786	1	0.877
4621	7061	1	0.898
6560	3282	1	0.931
2988	3943	1	0.806
6207	7481	1	0.924
1245	7054	1	0.887
413	9798	1	0.825
2674	1511	1	0.907
8820	4261	1	0.97
6085	7817	1	0.909
7531	7051	1	0.936
9489	1369	1	0.914
5565	2901	1	0.93
3285	8618	1	0.999
5358	1275	1	0.923
508	2202	0	0.000565
1967	3001	1	0.966
7575	3696	1	0.961
3543	3079	1	0.916
1707	2270	1	0.85
442	8150	1	0.812
8656	9359	1	0.936
4875	4113	1	0.863
6554	3795	1	0.901
9221	1114	1	0.988
6905	6005	0	0.000285
7605	3071	1	0.808
5964	1709	1	0.91
8013	1031	1	0.845
5810	9639	1	0.903
5458	1798	1	0.853
2729	2075	1	0.875
5153	7695	1	0.869
7110	1813	1	0.941
129	376	1	0.828
5280	8713	1	0.855
3573	986	1	0.806
2015	9813	1	0.855
8573	1982	1	0.827
1059	3308	1	0.942
4925	3329	1	0.842
8396	737	1	0.977
2612	8646	1	0.994
6405	9103	1	0.907
7017	1251	1	0.903
6397	4323	1	0.801
9364	9440	1	0.831
5667	3935	1	0.817
2532	7781	1	0.917
864	5960	0	0.000561
2002	3344	1	0.852
491	2935	1	0.858
6640	5530	1	0.998
69	1680	1	0.868
9484	3221	1	0.86
8751	9366	1	0.993
6628	7783	1	0.977
9406	9998	1	0.809
5905	1407	1	0.868
713	2022	1	0.943
6559	6315	0	0.000146
7187	9942	1	0.818
722	6118	1	0.979
8301	3929	1	0.839
4915	3417	1	0.822
507	1792	1	0.819
3837	655	0	0.000202
1914	30	1	0.927
6325	1077	1	0.912
1710	1573	1	0.99
572	980	0	8.59e-05
1692	2601	0	0.000575
1736	4631	1	0.874
1897	424	1	0.946
8457	7440	1	0.841
6274	3342	1	0.84
4908	8732	0	0.000257
9070	1910	1	0.933
9505	1385	1	0.981
5613	9865	1	0.953
4541	3730	1	0.859
795	726	1	0.899
3129	287	0	0.000591
1603	1530	1	0.814
1032	5032	1	0.816
7047	3696	1	0.893
4656	3975	1	0.957
7507	1503	0	0.000453
6889	7853	0	0.000376
7163	65	1	0.807
4057	5632	1	0.964
9447	3610	1	0.825
2531	9782	1	0.87
6260	612	1	0.92
1023	3464	1	0.95
1070	3638	1	0.811
3341	6574	0	0.000509
1471	6439	0	0.000402
7930	7813	1	0.861
9348	3558	1	0.921
148	5088	1	0.849
8552	915	1	0.835
3210	240	1	0.829
9630	8916	1	0.828
1323	8033	1	0.843
142	5753	1	0.916
5227	6834	1	0.852
7264	6672	0	0.000468
923	8520	1	0.944
2424	3603	1	0.813
6723	74	1	0.837
8206	8943	1	0.839
3815	4537	1	0.933
4954	6047	1	0.885
644	4430	1	0.927
2762	8065	1	0.912
4275	3432	1	0.85
3843	6159	1	0.81
1561	1444	1	0.897
4104	9450	1	0.999
6242	9738	1	0.866
3645	6886	1	0.965
7365	762	1	0.866
3996	7162	0	8.43e-05
3250	8234	1	0.968
505	7945	1	0.836
4716	1024	0	0.00044
941	8732	1	0.853
7497	3240	1	0.995
8202	2905	1	0.906
4815	161	1	0.928
796	6875	1	0.854
7004	1659	1	0.977
7881	6862	1	0.949
9562	4682	1	0.929
5242	3624	1	0.919
1176	2925	1	0.946
4184	7638	0	0.000122
50	6930	1	0.884
8022	8861	1	0.811
9573	7470	1	0.819
5491	2985	1	0.8
8969	7874	0	0.000362
2810	7381	1	0.961
2006	8612	1	0.917
7389	2325	1	0.941
2600	998	0	0.000449
8108	3351	1	0.881
8048	9727	0	0.000471
3931	3682	1	0.981
1782	453	1	0.934
5727	5271	1	0.873
3133	3835	0	0.000265
5674	5254	1	0.987
9824	7027	1	0.806
1212	8277	1	0.965
5553	8250	1	0.892
6481	518	1	0.939
4418	3214	0	0.000494
3175	3091	1	0.87
2569	9265	1	0.953
6297	4766	1	0.956
421	5269	1	0.87
9368	6945	1	0.867
3865	8340	1	0.879
6638	3136	1	0.931
1042	94	1	0.982
1802	92	1	0.992
3246	2781	1	0.882
1021	1838	1	0.877
2333	6526	1	0.953
126	8134	1	0.901
896	3943	1	1
2697	4217	1	0.823
5231	9430	1	0.86
2155	1448	0	0.000413
8027	8977	1	0.931
1598	8008	0	0.000133
5605	2242	1	0.847
3683	6540	1	0.877
6979	3381	1	0.838
77	2460	1	0.937
308	2034	1	0.855
2271	4334	1	0.9
8997	3548	0	0.000552
729	2635	1	0.909
3568	4930	0	0.000214
483	8710	1	0.848
5936	8858	1	0.96
1633	7901	1	0.89
1788	6045	1	0.876
1174	7108	1	0.844
4203	33	1	0.87
6950	9735	1	0.889
866	9467	1	0.918
6701	5575	1	0.922
2113	962	1	0.868
1583	2863	1	0.998
2328	8304	1	0.872
4613	5263	1	0.94
5428	4478	1	0.817
4386	1010	1	0.822
790	4202	0	0.000539
2610	4710	1	0.893
4683	7927	0	0.000511
878	2048	1	0.908
7230	572	1	0.922
2017	2021	1	0.999
6036	337	1	0.939
9011	1199	1	0.839
2649	896	1	0.984
8680	3404	0	0.000314
6136	7285	1	0.804
8707	5831	1	0.949
4693	5369	1	0.879
6920	3639	1	0.925
5757	8507	1	0.998
3828	2142	1	0.842
1857	5000	1	0.907
9771	1371	1	0.833
447	7888	1	0.941
8387	5899	1	1
4567	3129	1	0.836
4838	583	1	0.927
2124	7616	1	0.998
4697	6675	1	0.963
7014	3827	1	0.903
3942	6495	1	0.995
3497	3775	1	0.813
8227	6146	1	0.835
1614	7605	1	0.86
266	1545	1	0.964
2544	7599	1	0.865
5717	7730	1	0.923
9789	2022	1	0.889
3563	455	0	0.000433
1905	3792	0	0.00019
8333	420	1	0.946
5198	8573	1	0.846
7956	9655	1	0.981
8678	9024	1	0.822
8620	9676	1	0.881
5297	3289	1	0.869
7197	2962	1	0.899
6881	804	1	0.813
7619	646	1	0.874
4156	554	1	0.909
6824	2978	1	0.811
9783	7233	1	0.911
8446	5052	1	1
2970	6138	1	0.812
6396	8046	1	0.896
7418	3239	1	0.918
2700	2549	0	0.000123
166	6846	1	0.856
8165	5071	1	0.881
3899	2804	1	0.859
4888	9784	1	0.912
9452	8195	1	0.923
2245	7915	1	0.824
9945	3734	1	0.973
116	4272	1	0.823
4095	4769	1	0.924
5246	3058	1	0.813
879	195	1	0.909
5012	6784	1	0.85
5403	6260	1	0.849
234	129	0	0.000638
3773	4345	1	0.857
2381	1193	1	0.881
7216	9383	1	0.872
8793	1424	1	0.971
5315	5521	1	0.889
1018	2727	1	0.892
5763	1064	0	0.000356
1298	347	0	0.000625
1371	1188	1	0.828
5590	9232	1	0.812
9029	3049	1	0.904
1481	5095	0	0.000505
9698	5037	1	0.981
6674	3853	1	0.854
7250	9792	1	0.802
1350	5798	1	0.844
8384	688	1	0.806
4523	7834	1	0.932
1387	6581	1	0.932
8361	1632	0	0.000533
4574	6100	1	0.839
1947	6058	1	0.937
8329	5939	1	0.985
5144	6957	1	0.837
2034	6829	1	0.801
8973	7660	1	0.916
1105	7557	0	0.000386
9057	5612	1	0.841
536	9672	1	0.969
2228	1296	1	0.871
7464	4867	1	0.904
7077	1335	1	0.882
2092	759	0	0.00057
3538	4157	1	0.95
1015	3003	1	1
3751	457	1	0.987
1246	1381	1	0.862
7769	4326	1	0.937
741	3680	1	0.844
9261	5204	0	0.000406
2817	1700	1	0.872
8177	4823	1	0.816
7274	9314	1	0.952
6406	3432	1	0.858
4090	561	1	0.916
1263	255	1	0.867
6958	7208	1	0.995
1156	7948	1	0.892
5444	4281	1	0.956
8494	2970	1	0.9
9490	6355	1	0.965
9800	4912	1	0.95
1442	7172	0	0.000363
7041	6251	1	0.91
7434	3532	0	0.000317
1656	9029	1	0.918
8617	3375	1	0.961
134	2097	1	0.919
6552	616	1	0.812
480	491	1	0.953
7887	6455	1	0.995
1560	403	1	0.872
7641	397	1	0.924
7628	4765	1	0.986
9075	3903	1	0.931
9808	1767	1	0.831
4675	1462	1	0.831
9947	6838	1	0.883
4636	1928	1	0.936
9214	384	1	0.98
1847	3343	1	0.9
8853	67	1	0.924
2487	8291	1	0.972
4397	1644	0	0.000377
3715	9901	1	0.912
3984	100	1	0.953
2743	8607	1	0.836
244	992	1	0.804
9227	1473	1	0.959
8765	607	1	0.901
9951	3017	1	0.922
5205	8831	1	0.93
7333	1014	0	0.000601
4882	9983	1	0.833
3192	1655	1	0.854
2711	3111	1	0.871
5251	2886	1	0.904
2724	2511	1	0.833
5796	954	1	0.88
8241	1414	1	0.818
5500	3099	1	0.932
9053	9879	1	0.82
2506	8910	0	0.00035
478	681	0	0.000506
1429	450	1	0.98
9372	7811	0	0.000574
5774	7536	0	0.00013
7617	4897	1	0.825
6850	6846	1	0.92
5940	3874	1	0.861
8527	2	1	0.823
8321	2472	1	0.801
2507	1758	1	0.903
9871	2861	1	0.867
3145	5051	0	0.000438
4465	4679	0	0.000236
7547	9739	1	0.868
8877	5314	1	0.838
1004	2032	1	0.867
8947	3984	1	0.84
1845	912	1	0.983
9494	2540	1	0.915
8928	2410	1	0.985
3745	7915	1	0.846
7120	5980	1	0.985
8628	4829	1	0.854
4945	4479	0	0.000517
1984	9256	1	0.942
1906	492	1	0.909
6989	2119	1	0.963
7438	2541	1	0.931
2889	3058	1	0.897
1683	7000	0	0.000176
6365	2288	1	0.827
7732	3551	1	0.816
7864	6766	1	0.977
2199	3897	0	8.77e-05
9319	5058	1	0.853
2876	7552	1	0.809
2001	1824	1	0.885
1377	7732	1	0.824
1204	1205	1	0.971
4089	590	1	0.875
6774	1283	1	0.882
660	1100	1	0.815
5865	2098	1	0.952
1334	8724	1	0.824
4382	6522	0	0.000308
8228	7301	1	0.917
7474	8144	1	0.949
332	3555	1	0.856
2067	5701	0	0.000255
4373	3932	1	0.892
6290	2226	1	0.838
398	9396	1	0.96
993	1635	0	0.000436
382	6168	1	0.873
3913	1970	1	0.859
5396	2537	1	0.917
3675	434	1	0.83
2131	6738	1	0.937
5362	6233	1	0.841
1922	5449	1	0.864
136	7376	0	0.000258
163	5211	1	0.827
1472	9948	1	0.984
8081	766	1	0.843
8703	3487	1	0.903
8729	7746	1	0.809
7846	9296	1	0.9
2675	9949	1	0.853
1395	3287	1	0.937
9601	3693	1	0.888
3350	5454	0	0.000603
3221	2690	1	0.885
7417	646	1	0.821
5981	7258	1	0.852
1823	8237	1	0.84
8904	4974	0	0.000103
9161	5408	1	0.836
7446	1486	1	0.868
9297	488	1	0.86
5884	4965	0	0.000536
2807	619	0	0.000338
5219	3771	1	0.823
1567	1965	1	0.9
2475	1256	1	0.988
9518	4550	1	0.93
2836	53	1	0.995
3393	8300	0	0.000519
8511	5183	1	0.967
8898	61	1	0.912
378	4217	1	0.952
2534	8500	1	0.974
4381	3845	1	0.889
3702	4100	1	0.975
4548	8224	1	0.916
7037	2299	1	0.869
763	796	0	0.000145
3864	9449	1	0.988
8318	6274	1	0.966
8887	5908	1	0.851
6775	5795	1	0.933
2431	4362	1	0.934
9704	4068	0	0.000346
1986	5171	1	0.821
9041	1153	1	0.827
7229	8069	1	0.958
9818	5121	1	0.84
1957	2914	1	0.903
577	8999	1	0.883
977	51	1	0.979
5327	1853	0	0.000271
9564	8910	1	0.985
4607	2797	1	0.979
9607	5435	1	0.991
5160	1740	1	0.942
680	8700	0	0.000554
1313	7771	1	0.826
2656	4962	1	0.894
2401	6137	1	0.934
6540	8737	1	0.972
9162	3038	1	0.914
2322	5622	1	0.959
720	8999	1	0.826
5494	3801	1	0.825
9166	9667	0	0.000378
6132	7732	0	0.000369
2774	5617	1	0.818
6785	9863	0	0.000307
1693	7161	1	0.827
8623	8545	1	0.943
4026	9816	0	0.000134
4653	8054	0	0.000446
305	6961	1	0.807
6614	3706	1	0.953
3340	3463	1	0.935
8409	9454	0	0.000318
8644	3611	1	0.87
3007	6310	0	0.000179
5336	302	1	0.872
6686	5837	1	0.857
6391	2716	1	0.844
3321	4846	1	0.833
9807	804	0	0.000522
849	1453	1	0.926
1607	49	1	0.806
1576	7401	1	0.918
3584	4031	1	0.917
4304	542	1	0.825
7983	8108	0	0.000543
8710	2015	1	0.844
4242	1458	1	0.813
1933	3199	1	0.887
1136	7624	1	0.86
8272	692	0	8.42e-05
8221	525	1	0.864
3929	9601	1	0.825
6444	5589	0	0.000556
1163	8594	1	0.881
8514	5720	1	0.998
3939	8309	1	0.893
4527	2058	1	0.826
4191	255	1	0.914
2005	7673	1	0.821
1150	1577	0	0.000527
7071	698	1	0.909
1053	2779	1	0.841
6162	4043	1	0.892
3139	1349	1	0.82
8307	7397	1	0.855
2972	4266	1	0.973
5766	7906	0	0.000129
3317	4997	0	0.000286
2628	9972	1	0.807
2922	1005	1	0.801
800	719	1	0.87
4072	8515	1	0.838
8534	6820	1	0.892
1369	8247	1	0.948
7292	2670	1	0.988
9893	9419	1	0.819
9456	2607	1	0.904
9486	3480	1	0.906
4952	458	1	0.862
4657	6702	1	0.861
4529	6134	1	0.931
6446	3511	1	0.816
6802	3812	1	0.828
2568	1311	1	0.918
8708	2178	1	0.966
1657	3258	0	0.000294
995	7802	1	0.963
2204	1872	1	0.846
5360	8339	1	0.853
9715	7316	1	0.961
7194	1083	1	0.818
1686	8232	1	0.926
1452	9029	1	0.869
6634	3068	1	0.961
944	9108	1	0.958
7588	4267	1	0.886
947	1357	1	0.958
7970	4693	1	0.991
7011	4785	1	0.931
6299	8951	0	0.000624
707	1081	1	0.949
8762	7279	1	0.909
9989	9232	1	0.939
7445	8071	0	0.00025
3688	5377	0	0.000197
8878	9471	1	0.867
477	7011	1	0.951
7059	3910	1	0.803
4132	2455	1	0.872
2464	9634	1	0.885
6258	8114	1	0.963
1891	3339	1	0.956
3564	687	1	0.929
1750	6475	1	0.929
6460	4646	0	0.000366
5408	6674	1	0.918
3503	3986	1	0.942
3776	8448	1	0.864
3058	5453	1	0.975
7088	4258	1	0.874
8290	1163	1	0.91
4013	6125	1	0.818
4772	7237	0	0.00044
2468	7829	1	0.93
1983	5863	1	0.993
2241	5228	0	0.00012
4219	6773	1	0.866
8787	9340	1	0.837
9541	8507	1	0.85
8447	2051	1	0.818
1725	5441	0	0.000298
7134	1581	1	0.966
5244	377	1	0.989
1895	3054	1	0.945
8612	3180	1	0.83
5866	1873	1	0.856
8840	5576	1	0.836
2760	4944	1	0.945
1527	7902	1	0.895
9454	9320	1	0.87
3453	3921	1	0.856
3600	7593	1	0.954
9585	9652	0	0.00026
934	1258	1	0.9
3539	2234	0	0.000633
1702	104	1	0.833
1309	2715	1	0.946
1920	9152	1	0.851
389	9704	1	0.995
7899	7746	1	0.925
7794	4363	1	0.891
3012	2706	1	0.875
1003	570	0	0.000618
1738	1311	1	0.952
8642	6349	1	0.872
7989	7571	1	0.889
613	469	1	0.817
9527	5269	1	0.909
9525	3091	1	0.97
7312	9207	1	0.872
7112	877	1	0.831
7752	3891	1	0.855
1430	2493	1	0.852
1679	9486	1	0.955
8472	5655	1	0.902
4223	9805	1	0.869
2302	4276	1	0.973
6440	9473	1	0.919
3103	4449	1	0.948
4220	4784	1	0.863
6698	6669	1	0.907
8105	4459	1	0.963
6465	243	1	0.915
5655	8472	0	0.000496
2845	9311	1	0.805
9279	350	1	0.841
1911	8912	1	0.872
5276	2215	1	0.822
7737	3443	1	0.82
2769	8880	0	0.000321
7938	1051	1	0.9
9942	2698	1	0.813
9158	6692	1	0.821
3531	346	1	0.842
7871	4574	1	0.947
8018	8348	1	0.962
254	9032	1	0.973
9813	1608	0	0.000322
5119	6143	1	0.913
5170	3946	1	0.973
3268	186	1	0.987
9472	7162	0	0.000184
1397	4166	0	0.000525
3698	2429	1	0.971
2808	4017	1	0.927
1336	5037	0	0.000607
9377	2046	1	0.859
3612	2992	1	0.8
5009	1819	1	0.849
726	4575	1	0.809
8917	9517	1	0.965
2775	1243	1	0.847
884	6118	1	0.937
6735	1693	0	0.000391
5575	3432	1	0.911
8410	3056	1	0.9
6574	7793	0	0.00022
5511	4283	1	0.809
4800	5949	1	0.937
4295	321	0	0.000208
5215	7237	1	0.958
4515	407	1	0.864
6679	172	1	0.821
1422	2378	0	0.000433
2616	391	1	0.826
2848	2047	0	0.000406
5630	8591	1	0.888
6255	2532	1	0.815
127	3943	0	0.000587
2430	6844	1	0.846
3209	4910	1	0.935
7570	1167	0	0.000276
4827	1733	1	0.977
7634	8209	1	0.996
8161	3790	0	8.21e-05
5113	2204	1	0.986
5748	979	1	0.822
8080	4716	1	0.818
3705	735	1	0.886
4197	1352	1	0.877
4710	9537	1	0.889
7015	1584	1	0.872
6631	8512	1	0.819
1901	9862	1	0.975
4798	3130	1	0.819
8086	6925	1	0.857
3411	1989	1	0.915
9210	2095	1	0.881
6827	8307	1	0.867
6470	1917	1	0.948
2927	3325	1	0.814
8088	4795	1	0.949
6898	5993	1	0.877
8351	9846	0	0.000256
1545	5469	1	0.994
59	9777	1	0.945
5603	4883	1	0.865
4535	4643	1	0.98
3924	7372	1	0.963
6279	646	1	0.906
8871	8176	1	0.826
9678	6138	1	0.965
692	9947	1	0.936
6117	5426	1	0.926
9635	1163	1	0.816
2983	6485	1	0.848
340	5459	1	0.912
5092	6175	1	0.929
3634	4545	1	0.859
2852	7051	0	0.00041
8069	3606	1	0.824
8391	4049	1	0.964
3351	8013	1	0.933
1191	9936	1	0.901
5339	4519	1	0.867
285	7277	0	0.000102
7599	9393	1	0.858
6590	970	1	0.96
8255	4139	1	0.977
3532	199	1	0.99
3472	7152	1	0.895
3894	6004	1	0.838
9566	1390	1	0.857
9994	2764	1	0.971
5301	7845	0	0.000612
8827	869	1	0.885
8822	7135	1	0.851
1367	6850	1	0.912
3646	5897	1	0.995
3601	4615	0	0.000183
1045	4627	1	0.831
4847	5594	1	0.97
6568	6433	1	0.817
3473	5925	0	0.000328
6071	3326	1	0.992
1199	6938	1	0.954
2578	23	1	0.979
633	2303	1	0.988
4726	540	1	0.814
3653	3768	0	0.000521
5795	1304	1	0.956
7043	5814	1	0.949
3758	2105	0	0.000593
2393	725	1	0.831
2741	924	1	0.871
8047	6836	1	0.992
1924	3271	1	0.86
1022	9853	1	0.957
1239	6046	1	0.891
8187	3179	1	0.879
1296	2657	1	0.919
887	71	1	0.8
6506	1111	1	0.834
7470	4607	1	0.881
3182	5245	1	0.9
5128	7818	1	0.934
1067	8817	1	0.952
6087	3544	1	0.874
7490	9332	1	0.949
3512	9700	1	0.942
2636	3457	1	0.901
6782	8887	1	0.895
6146	6584	1	0.909
5561	244	0	0.00063
3339	9626	1	0.978
4029	3865	1	0.978
4885	1647	0	0.00058
4737	1171	0	0.000419
915	8652	1	0.844
8986	7443	1	0.981
9238	265	1	0.945
4722	1950	1	0.804
6293	4196	1	0.869
4308	8732	1	0.871
1232	6014	1	0.982
5856	6653	1	0.94
4630	8804	1	0.959
22	1902	1	0.839
8349	1226	1	0.957
3610	8019	1	0.902
861	1387	1	0.951
7442	2411	1	0.941
9445	1901	1	0.906
4701	3513	1	0.93
7147	9232	1	0.818
9925	3454	1	0.987
7342	8158	1	0.875
8855	5247	0	0.000136
5895	5479	0	0.000527
6004	2359	1	0.968
5365	6957	0	0.000604
4034	6440	1	0.953
8823	4876	1	0.999
9728	2989	1	0.856
563	134	1	0.908
8911	987	1	0.921
8742	4581	1	0.963
541	4884	0	0.000166
7978	9496	1	0.921
1565	67	1	0.968
5495	5311	1	0.986
828	16	1	0.937
7824	4068	1	0.911
664	1498	0	0.000125
3023	8886	1	0.948
4505	8181	1	0.922
6482	4549	1	0.847
4271	7709	1	0.894
4284	7834	1	0.846
418	3394	1	0.908
5917	4398	1	0.89
1700	6091	1	0.985
1592	4166	1	0.946
1373	1775	1	0.87
2591	233	1	0.85
9540	4789	1	0.815
8879	5001	1	0.803
8541	9952	1	0.958
3368	9653	1	0.928
1398	3030	1	0.811
5066	4694	1	0.924
151	512	1	0.818
9313	8651	0	0.00011
1502	174	0	0.000518
2884	9303	1	0.876
3523	7230	1	0.832
2203	2023	1	0.832
8258	1285	1	0.993
5864	9228	1	0.985
2094	1407	0	0.000187
8949	1562	0	0.00048
608	1357	1	0.97
3727	8799	0	0.000611
2410	4228	1	0.947
2052	9410	1	0.951
9558	7084	1	0.922
9360	5471	1	0.852
937	4852	0	0.000583
1494	7099	1	0.939
2128	4281	1	0.949
8563	3797	1	0.952
5535	1153	1	0.814
8790	2261	0	0.000467
9388	1629	1	0.882
628	4846	1	0.937
4311	2370	1	0.982
7546	8712	0	0.000113
159	9880	1	0.842
8471	2331	1	0.832
8794	3099	1	0.859
218	1340	1	0.805
2246	7366	1	0.944
6770	9915	1	0.917
92	2180	1	0.84
6187	9107	1	0.98
9081	6367	1	0.877
733	7395	0	0.000174
3805	8518	1	0.961
5847	9751	1	0.832
1293	5278	1	0.877
7185	2647	1	0.951
2542	1882	0	0.000636
6925	195	1	0.837
5689	7786	1	0.9
7428	3094	1	0.961
5705	3091	1	0.831
309	4898	1	0.857
8178	8131	1	0.911
8924	6070	1	0.862
4272	2773	1	0.898
632	3109	1	0.908
7356	420	1	0.884
5352	3827	1	0.955
4294	2680	1	0.969
9138	5666	1	0.96
7563	9262	0	0.000122
1919	4629	1	0.895
6158	6294	0	0.000514
6915	6112	1	0.823
4234	2209	1	0.853
5985	25	1	0.849
5546	8490	1	0.91
4730	412	1	0.901
6217	9572	1	0.829
4589	1693	1	0.974
3096	683	1	0.906
5809	2261	1	0.915
9749	9013	1	0.936
5466	4681	1	0.951
3295	1210	1	0.884
5786	6003	1	0.884
3415	6870	1	0.858
8439	48	1	0.838
7601	9536	1	0.959
7873	2725	1	0.984
9837	3912	0	0.000187
989	5330	1	0.983
363	2126	1	0.995
7922	9922	1	0.887
731	7118	1	0.915
3049	9549	1	0.811
4062	2699	1	0.946
2274	4249	1	0.945
7875	8282	1	0.981
9251	6121	1	0.975
4998	4642	0	0.000405
6305	1309	1	0.862
2654	5812	1	0.986
3164	7905	1	0.93
7099	1874	1	0.953
6733	1017	0	9.17e-05
2477	5548	1	0.858
8641	7977	1	0.995
8480	4295	1	0.908
4014	8131	1	0.954
760	2418	1	0.979
9292	5661	1	0.801
1908	595	1	0.882
1276	2383	1	0.854
3095	8216	1	0.978
5271	4234	1	0.976
5376	190	1	0.91
7327	1856	1	0.997
1049	6611	1	0.809
6265	92	1	0.946
1161	2983	1	0.808
2939	7757	1	0.841
3960	3331	1	0.906
9794	8163	1	0.902
5487	195	1	0.897
5942	2608	1	0.876
446	413	1	0.834
6095	670	1	0.827
6403	1552	1	0.873
5095	141	1	0.943
802	3531	1	0.88
7609	3406	1	0.855
83	3520	0	0.000567
4376	7576	1	0.951
5265	9982	1	0.898
3840	5247	1	0.931
4622	2783	1	0.84
5121	1866	1	0.96
3836	4687	1	0.933
9226	6007	1	0.875
6894	3907	1	0.872
4401	2630	1	0.964
95	3155	1	0.827
1690	8814	1	0.851
8056	1590	1	0.935
8905	8811	1	0.99
5367	3870	1	0.899
4043	5846	1	0.807
145	1657	1	0.952
9706	8456	1	0.86
1682	4133	1	0.819
5861	467	0	0.000247
394	254	1	0.867
4279	4830	1	0.847
834	6852	1	0.831
5827	3275	1	0.897
5043	4170	1	0.993
7861	2982	1	0.904
9656	3973	1	0.824
6681	594	1	0.852
9825	239	1	0.977
6227	6000	1	0.889
8819	5039	1	0.892
9034	4573	1	0.823
5162	7383	1	0.904
8486	6001	0	0.000471
8232	2775	1	0.933
5722	1660	0	0.00016
1874	4640	1	0.885
7783	3151	1	0.832
3508	8466	1	0.902
8942	456	1	0.966
659	2102	1	0.948
7234	919	1	0.95
1774	5239	1	0.967
118	2238	1	0.889
4383	3535	1	0.875
2287	1735	1	0.921
1281	4089	1	0.93
9116	1088	1	0.999
280	3777	1	0.857
6416	5928	1	0.834
4350	7336	1	0.972
9827	5652	1	0.901
5633	3997	1	0.947
9623	8081	1	0.811
7098	387	1	0.916
1733	4258	1	0.851
8907	1192	1	0.881
2152	5531	1	0.901
3825	5492	1	0.817
5478	9105	1	0.983
7664	2700	1	0.92
1097	4294	1	0.937
7074	5213	1	0.86
8042	6309	1	0.932
3550	2184	1	0.948
4794	67	0	0.000323
7670	386	1	0.925
2150	1251	1	0.833
488	1121	1	0.952
215	924	1	0.817
9995	6822	0	0.000289
8743	9921	1	0.921
4661	2208	1	0.916
8220	3797	1	0.935
3849	4039	1	0.833
8194	2006	1	0.867
6424	2155	0	0.0004
3876	3323	1	0.895
5566	5720	1	0.897
6609	7690	0	0.000311
6526	4878	1	0.829
6871	4922	1	0.906
1500	7670	1	0.905
1259	302	1	0.98
2225	740	1	0.884
719	1770	1	0.895
912	4145	1	0.939
9031	487	1	0.996
7832	9928	1	0.99
9909	7534	1	0.836
4364	3726	1	0.862
8869	1258	1	0.957
4796	9948	1	0.968
4430	4340	1	0.809
5278	5948	1	0.898
865	9359	0	0.000481
152	2002	1	0.997
1701	2157	1	0.861
7291	2427	1	0.878
3742	2531	1	0.952
7960	750	1	0.808
5615	961	1	0.813
954	6307	0	0.000576
7518	1860	1	0.927
4375	2954	1	0.954
8239	3033	1	0.968
5011	8168	0	0.000569
2185	762	1	0.956
9811	9555	1	0.816
4428	5329	1	0.925
3801	4142	1	0.92
8603	65	1	0.897
520	1856	0	0.000202
3872	1051	1	0.937
4046	3416	1	0.829
2413	5090	1	0.878
1558	198	0	0.000316
3808	6565	1	0.932
8786	6924	1	0.867
6137	1941	1	0.898
5218	6500	1	0.893
3777	2361	1	0.933
7284	8775	0	0.000345
4632	2042	0	0.000113
191	7410	1	0.874
1751	4178	1	0.954
3641	1707	1	0.852
120	4976	0	0.000547
7468	4797	1	0.863
9379	661	1	0.962
5451	4702	1	0.915
5472	1196	1	0.997
3075	7909	1	0.997
5584	1584	0	0.000183
5070	183	0	0.000603
2145	831	1	0.866
3619	5123	1	0.826
5714	1426	1	0.942
3889	2874	1	0.931
951	9553	1	0.834
847	7083	1	0.967
345	7217	1	0.883
3134	1888	0	0.000457
5839	5008	1	0.928
8135	6432	1	0.914
1763	5666	1	0.997
9649	2413	1	0.939
6039	2727	1	0.957
4441	3972	1	1
3353	9205	1	0.865
8868	6846	1	0.904
9870	10	1	0.939
8864	2729	1	0.929
2652	2412	1	0.952
7241	2920	1	0.98
1880	9691	1	0.804
1837	8894	1	0.87
2384	337	1	0.983
3721	4614	1	0.942
5598	1944	1	0.87
4924	2612	1	0.946
9127	5291	1	0.925
894	2215	1	0.946
4422	2075	1	0.935
1572	8636	1	0.946
9574	4494	1	0.848
3277	2379	1	0.869
5040	9680	1	0.882
7449	2244	1	0.819
6368	4917	1	0.959
2728	440	1	0.862
3267	1199	1	0.979
5379	9281	1	0.923
7180	8547	0	0.000603
90	1477	1	0.856
6885	1127	1	0.867
9701	3718	1	0.942
1108	8724	0	0.000268
7568	4052	0	9.94e-05
5228	4914	1	0.935
2868	7248	0	0.000404
1820	2122	1	0.963
4462	2951	1	0.808
7307	4322	1	0.851
9464	4681	1	0.859
6815	367	1	0.852
6596	3136	1	0.914
8259	3097	1	0.864
4340	8025	1	0.974
2247	9693	1	0.984
2891	1070	0	0.000556
616	3633	1	0.951
4971	1620	0	0.000238
1498	5644	1	0.856
8926	7080	1	0.849
4927	2704	1	0.895
8064	2821	1	0.936
167	42	1	0.999
2030	382	0	0.000522
2702	509	0	0.000533
1797	8383	1	0.92
2624	6879	1	0.836
6618	302	1	0.885
4466	6573	1	0.891
6629	6795	1	0.849
6011	2815	1	0.87
2402	5716	1	0.83
2463	10	0	0.000595
709	6861	1	0.867
8978	4347	1	0.976
2353	1710	1	1
1194	3648	1	0.812
6825	6746	1	0.806
5483	1030	1	0.936
2664	2783	1	0.84
186	436	1	0.878
8716	8459	1	0.831
4251	5594	1	0.835
2027	1042	1	0.899
7577	460	1	0.84
3676	1287	1	0.844
9480	1644	0	0.000618
1475	2655	1	0.829
6724	7524	1	0.8
7836	8399	1	0.942
4246	6360	1	0.935
8454	9079	1	0.826
8632	54	1	0.968
9841	656	1	0.999
7329	5229	1	0.892
4339	9158	1	0.861
5740	5319	1	0.864
381	1106	1	0.994
3269	1638	1	0.913
6620	5736	1	0.882
556	2205	1	0.909
8242	6319	1	0.871
7598	176	1	0.862
4721	5275	1	0.888
5395	3875	1	0.942
4760	3894	0	9.22e-05
1458	7346	1	0.937
9941	2397	0	0.000501
7608	133	1	0.837
2029	6158	1	0.962
6880	2038	0	0.000323
8041	7705	1	0.919
1855	2759	1	0.859
9637	3068	1	0.807
7262	9980	1	0.952
8910	7279	1	0.845
4769	4095	1	0.948
2068	2487	0	0.000131
8763	3130	1	0.903
4861	9255	1	0.993
6464	8966	1	0.974
3189	2054	1	0.886
367	8882	0	0.000412
2959	2700	1	0.945
1722	7061	1	0.836
3587	188	1	0.952
9230	1507	1	0.9
7665	5665	1	0.866
6093	994	1	0.831
2358	7503	1	0.807
5400	4339	1	0.998
5207	7776	1	0.869
4932	1796	0	0.000335
3257	4897	1	0.911
6272	893	1	0.899
8756	5720	1	0.975
6595	1025	1	0.901
6651	2125	1	0.883
5700	1074	1	0.921
4992	2630	1	0.934
5729	1408	1	0.975
9014	959	1	0.995
3157	781	1	0.906
2466	354	1	0.937
739	4291	1	0.956
9817	5477	1	0.834
2640	370	1	0.847
1364	317	1	0.833
9972	328	1	0.921
7814	1474	1	0.865
6865	5853	1	0.98
5086	2708	1	0.862
1925	15	1	0.973
3509	8335	1	0.872
4159	2379	0	0.000133
4696	2688	1	0.803
2620	1745	0	0.000564
8865	9062	1	0.854
2344	6466	1	0.959
5132	194	1	0.974
7815	69	1	0.893
8218	3458	0	0.00025
9830	3402	1	0.825
4247	9903	1	0.875
9820	2992	1	0.906
2174	439	1	0.834
6571	6909	1	0.957
2549	5794	1	0.976
3566	4771	1	0.892
3168	4954	0	0.000267
5470	4764	1	0.955
3576	9979	1	0.819
66	1928	1	0.951
735	2103	1	0.939
8093	5271	1	0.843
2231	1006	1	0.993
2717	545	1	0.928
1496	2275	1	0.822
2579	9099	1	0.835
872	712	1	0.915
5808	6788	1	0.866
6565	5100	1	0.814
2768	3565	1	0.936
6856	8161	0	0.000468
9554	7980	1	0.973
3923	6952	1	0.837
2744	1893	1	0.904
9916	6438	1	0.851
1988	2848	1	0.826
8539	6819	1	0.827
4188	9509	1	0.81
2149	66	1	0.822
5465	6895	1	0.886
886	879	1	0.829
5112	3794	1	0.848
3409	8335	1	0.973
4281	4096	0	0.000497
7982	4044	1	0.851
7564	220	1	0.97
8966	6205	1	0.94
406	927	0	0.000625
2484	4296	1	0.962
3685	2627	1	0.965
9902	3216	0	0.000556
5892	794	1	0.883
938	8100	1	0.957
4088	6878	1	0.843
1325	1506	1	0.896
27	4217	1	0.908
8674	5265	1	0.839
2282	9405	0	0.000611
7465	9107	1	0.851
3510	8980	1	0.813
9465	4563	1	0.997
7746	7835	1	0.894
6954	598	1	0.987
4988	2632	1	0.899
4668	12	1	0.82
5432	763	0	0.0005
3883	6410	1	0.925
1532	8230	1	0.821
8797	7485	1	0.926
146	56	1	0.846
9263	1080	1	0.957
5145	5867	1	0.872
3148	521	1	0.852
7635	5354	1	0.97
3337	1083	1	0.824
8451	6185	1	0.827
2864	7627	1	0.869
1562	3327	1	0.85
3014	8800	1	0.897
2644	9208	1	0.814
8889	983	1	0.952
948	5672	0	0.000382
9948	8821	1	0.864
359	6872	0	0.000449
1861	5590	1	0.947
5062	7452	1	0.938
7808	3561	1	0.955
9196	1645	1	0.99
7369	6332	1	0.963
5236	3097	1	0.909
8216	2729	1	0.919
8354	7280	1	0.975
953	199	1	0.801
5256	17	1	0.823
6322	3668	1	0.983
8615	5286	1	0.859
1971	33	1	0.904
1339	1387	1	0.934
1805	9150	1	0.981
1126	1173	1	0.975
1574	1531	1	0.896
3194	5864	1	0.813
270	7512	1	0.873
8166	468	1	0.87
5286	3871	1	0.812
8509	9655	1	0.933
1065	9890	1	0.873
1327	9370	1	0.838
9218	4660	1	0.973
68	2163	1	0.815
2784	1129	1	0.819
8885	6878	1	0.867
2338	4454	1	0.845
8470	7215	1	0.973
7885	2189	1	0.954
1936	7174	1	0.884
6434	6426	1	0.917
3658	8243	1	0.948
1512	1192	1	0.935
25	6589	1	0.82
7967	4836	1	0.935
5949	4580	1	0.928
5606	8007	1	0.816
745	9171	0	0.000162
8163	1659	1	0.945
2637	3780	1	0.844
863	4502	1	0.881
125	3797	1	0.948
4063	333	1	0.858
9220	4686	1	0.99
3080	9516	1	0.935
5349	9460	1	0.825
7679	3009	1	0.993
7115	4989	1	0.944
2070	1102	1	0.855
3410	8512	1	0.815
7304	141	1	0.843
5002	8143	1	0.962
3697	7201	1	0.812
6941	1879	1	0.936
3	3531	1	0.827
7558	3378	1	0.895
1706	5925	1	0.985
3138	490	1	0.814
2888	111	0	0.000187
8962	6312	1	0.809
4817	608	0	0.00034
233	183	0	0.000343
1618	3285	1	0.997
4064	2955	1	0.978
9223	424	1	0.935
4374	8891	1	0.912
9059	3583	0	0.000149
4672	9686	1	0.912
5055	3043	1	0.946
5664	8395	1	0.849
1994	2708	1	0.921
1811	359	1	0.861
156	1	1	0.937
6696	9431	0	0.000416
7095	3316	1	0.814
2595	7602	0	0.000174
2765	9421	0	0.000133
333	7717	1	0.859
3847	1080	1	0.97
5955	5733	1	0.987
4692	2078	1	0.944
423	3345	0	0.000327
3511	5628	1	0.89
4092	4976	1	0.879
6483	5061	1	0.834
1427	4397	1	0.807
1594	8162	0	0.000223
5789	508	0	0.000285
8964	4010	1	0.974
2121	581	1	0.953
9699	4618	1	0.904
1248	909	1	0.899
5296	3290	1	0.817
8825	2860	0	0.000387
2575	466	1	0.88
499	333	1	0.823
4852	2871	1	0.977
716	4774	1	0.857
8882	8878	1	0.834
4724	6066	1	0.965
2170	3542	1	0.983
5607	3326	1	0.917
5455	6469	0	0.000606
3753	1506	1	0.937
2601	6774	0	0.000236
4729	2215	1	0.961
5175	1785	1	0.938
1120	8617	1	0.882
5965	387	1	0.9
2789	8870	1	0.95
4431	1822	1	0.939
2841	3007	1	0.805
1516	4597	1	0.878
6308	399	1	0.99
3704	7578	1	0.809
8469	178	1	0.837
6423	5133	1	0.882
8337	1426	1	0.978
6329	3829	1	0.897
8186	2292	1	0.949
6127	699	1	0.906
3851	6346	1	0.902
1818	5276	1	0.838
9199	6399	0	0.000323
3813	1437	1	0.866
3085	8036	0	0.000533
3955	1335	1	0.845
645	2533	1	0.811
419	9043	1	0.99
2525	2799	1	0.813
2795	9479	1	0.884
7764	2537	1	0.981
1438	1472	1	0.977
9295	4778	1	0.819
1996	4263	1	0.864
1153	944	0	0.000518
3457	8114	1	0.887
7150	3720	1	0.813
9952	8931	1	0.844
2552	3133	1	0.853
1760	6213	1	0.843
4349	4688	1	0.837
3733	6021	1	0.889
6772	333	1	0.888
2735	8891	0	0.000163
1240	8150	1	0.825
521	3148	1	0.978
6680	6824	1	0.82
5890	3771	1	0.841
6573	8127	0	0.000504
3406	1259	1	0.812
662	5367	1	0.995
2694	1727	1	0.873
7311	2743	1	0.825
4216	8129	1	0.907
8350	758	1	0.956
9253	3965	0	0.000214
6692	6743	1	0.936
9310	9402	1	0.806
111	196	1	0.803
5320	4980	1	0.911
6253	4717	1	0.84
9867	5548	1	0.839
2883	3929	1	0.867
2312	6766	1	0.84
5477	7551	1	0.906
1044	1506	0	0.000526
8015	6389	1	0.96
8282	8411	1	0.842
6292	2302	1	0.96
8681	715	0	0.000541
1299	6777	1	0.886
4533	2663	1	0.882
5784	7423	1	0.865
8052	8948	1	0.927
5424	863	1	0.989
7751	8169	1	0.808
9380	4524	1	0.869
9680	5734	1	0.914
5690	4640	1	0.964
8441	5095	1	0.902
4862	3570	1	0.818
600	6306	1	0.884
8779	6990	1	0.931
8184	8303	1	0.808
9143	5492	1	0.918
1836	1493	1	0.868
1976	6035	1	0.955
6016	9278	1	0.981
8309	3824	1	0.941
9335	44	1	0.805
9167	2031	1	0.927
649	2979	0	0.000635
4343	7828	1	0.989
6840	9271	1	0.845
4	7911	1	0.887
776	1966	1	0.974
7553	7377	1	0.845
3818	1414	1	0.924
5840	7280	1	0.932
9895	4670	1	0.972
1937	740	1	0.95
950	8816	1	0.928
6839	4580	0	0.000212
5721	3966	0	0.000353
7111	5598	1	0.807
8728	2698	1	0.991
5545	4578	0	0.000149
4117	5983	1	0.996
2355	4333	1	0.819
9487	2138	1	0.81
8444	2992	1	0.828
8803	1167	1	0.896
8605	2513	1	0.896
833	98	0	0.000414
9710	3551	1	0.94
2589	6016	0	0.000199
2425	3114	1	0.82
7677	7113	1	0.882
6468	31	1	0.914
4633	863	1	0.847
7281	7631	1	0.921
8195	721	1	0.83
7620	7019	1	0.906
8001	3122	1	0.888
8733	6252	0	9.29e-05
8192	1525	0	0.000232
9427	1816	1	0.859
9103	7739	1	0.955
8127	7802	1	0.803
5777	2790	1	0.884
2713	6277	1	0.853
4012	350	0	9.8e-05
8860	966	1	0.916
201	6192	0	0.000436
2035	6002	0	0.000411
8691	7947	1	0.886
245	757	1	0.907
8745	3532	1	0.897
4254	2447	1	0.818
353	895	1	0.983
4016	2221	1	0.995
3647	1593	1	0.889
4571	6082	1	0.859
4066	3263	1	0.939
932	8277	1	0.955
1506	1044	1	0.806
5507	9751	1	0.908
177	9791	1	0.996
4454	970	1	0.96
2677	9077	1	0.91
9570	8362	1	0.864
2792	9463	1	0.962
4765	2517	1	0.951
7928	1692	0	0.000358
5471	6590	1	0.861
1638	3934	1	0.935
8254	147	1	0.86
1876	8023	1	0.948
6922	3786	1	0.852
6326	851	1	0.942
4278	184	0	0.000356
6163	5137	1	0.975
2469	9901	1	0.941
821	4238	1	0.959
40	1539	0	0.000115
6091	9895	1	0.81
517	9498	1	0.931
981	5224	0	0.000334
8639	9497	1	0.921
1743	6525	1	0.85
9247	7332	1	0.864
718	445	1	0.861
1391	9641	0	0.000559
9613	3963	1	0.91
6184	8025	1	0.801
5416	9062	1	0.977
7536	8154	1	0.873
857	300	1	0.856
7348	893	1	0.975
9591	8546	0	0.000534
4389	4544	1	0.862
5269	9527	1	0.826
506	765	1	0.842
2091	3866	1	0.889
674	2631	1	0.992
8204	5672	1	0.922
4393	5707	1	0.871
2492	2251	1	0.92
6625	3814	0	0.000294
6021	7636	1	0.861
3907	4005	0	0.000464
5079	3689	1	0.849
3223	6489	1	0.92
139	428	1	0.944
3428	6531	1	0.98
3905	1421	1	0.808
787	3003	1	0.828
1278	1015	1	0.826
4224	3912	1	0.81
4694	5066	1	0.835
7344	2003	1	0.897
8076	829	1	0.919
7760	5990	1	0.985
6114	2210	1	0.815
2132	7500	1	0.99
5266	2949	1	0.882
8280	5181	1	0.937
7901	4922	1	0.943
7860	1643	1	0.875
3703	4049	1	0.812
5014	2618	0	0.000588
7496	7453	1	0.881
8727	4781	1	0.976
498	908	1	0.842
4488	999	1	0.906
8420	9576	1	0.995
3723	9512	1	0.972
630	9821	1	0.941
8940	4071	0	0.000199
1790	51	1	0.897
5564	5146	1	0.976
7961	5216	0	0.000434
3778	4245	1	0.904
6300	2522	1	0.93
4443	8252	1	0.934
6051	3763	1	0.859
4745	5673	1	0.932
8248	3356	1	0.804
1085	6905	1	0.834
2372	703	1	0.952
7685	9918	1	0.999
3863	4126	1	0.825
4605	4365	1	0.942
2249	7612	1	0.898
6690	7525	1	0.86
3553	3207	0	0.000512
253	5722	0	0.000376
5178	4429	1	0.8
1564	1473	1	0.896
8676	8481	1	0.896
5394	1506	1	0.931
4537	7142	1	0.89
9027	2363	1	0.861
8631	9502	1	0.826
4316	9834	1	0.932
8520	9197	0	9.91e-05
8753	5252	1	0.831
6719	6338	1	0.922
2582	1154	1	0.852
1616	9285	0	0.000521
3280	6248	1	0.941
3630	7003	1	0.863
3177	8882	1	0.804
3766	7398	1	0.955
3969	3816	1	0.946
4951	9642	1	0.872
5525	7456	1	0.859
4491	6400	1	0.942
518	7530	1	0.996
4445	111	1	0.881
8181	5844	0	0.000256
4555	2795	1	0.977
247	1867	1	0.894
3901	5395	0	0.000266
6123	2148	1	0.952
5133	2175	1	0.956
5199	9784	1	0.871
4512	5920	1	0.997
6622	7410	1	0.827
9906	9424	1	0.84
9520	6455	1	0.966
8156	3195	0	0.000275
7853	1841	1	0.876
7822	4589	1	0.833
1740	1806	1	0.943
54	4563	0	0.000297
7346	4814	1	0.951
6907	6453	1	0.802
5922	5761	1	0.983
2997	1262	1	0.837
7424	7066	0	0.000331
7799	2675	1	0.973
3042	472	1	0.93
4513	3951	1	0.995
9670	20	1	0.902
9866	3381	1	0.886
4482	2120	1	0.836
6145	4479	1	0.833
4241	1330	1	0.835
1198	986	1	0.893
5000	1857	1	0.8
1904	1509	0	0.000212
2380	3362	1	0.942
9730	2059	1	0.895
6336	789	1	0.875
72	3507	1	0.962
4918	5327	1	0.925
8505	1263	1	0.986
1995	2062	0	0.000437
9887	3199	1	0.881
4561	6129	1	0.983
1089	8052	1	0.837
26	789	1	0.934
6450	1500	1	0.909
5557	5380	1	0.998
5446	6678	1	0.869
8359	6494	1	0.86
7226	5608	1	0.868
4511	1322	1	0.89
6189	7585	1	0.973
5401	829	1	0.941
443	464	1	0.912
8263	2767	1	0.978
7703	4377	1	0.849
3958	4599	1	0.943
3382	5006	1	0.86
9018	9477	1	0.874
4614	5583	0	9.36e-05
6644	9294	1	0.977
2434	3557	1	0.994
6843	2804	1	0.973
1522	927	1	0.846
4355	679	1	0.827
3370	4478	1	0.8
3716	2786	1	0.918
2855	4222	1	0.953
3832	5499	0	0.000512
3656	9294	1	0.934
3611	3562	0	0.000615
1723	6473	0	0.000475
4995	5328	1	0.81
1980	296	1	0.898
3846	7367	1	0.903
1123	3346	0	0.000137
6630	2718	1	0.933
7451	7407	0	0.000325
3159	2383	1	0.915
4849	7195	1	0.999
6783	3581	0	0.000259
5744	8145	1	0.809
6583	6369	1	0.984
7473	1382	1	0.812
9189	8431	0	0.000133
6717	7819	1	0.94
6454	8597	1	0.819
8458	2219	1	0.943
3114	6136	1	0.82
9553	7812	1	0.875
6704	7867	1	0.96
1493	3650	1	0.81
73	3577	1	0.974
2869	1589	1	0.817
6447	170	1	0.975
1523	4443	1	0.855
3579	5913	1	0.839
4371	5260	1	0.901
3326	4217	1	0.953
591	6924	1	0.867
9050	1137	1	0.853
1869	7973	1	0.911
1956	8921	1	0.851
2453	970	1	0.943
7119	7819	1	0.871
513	1188	1	0.957
3892	9261	1	0.805
100	61	0	0.000541
4597	2885	1	0.836
3866	3127	1	0.981
4723	5982	1	0.885
4150	8031	0	0.000236
9062	1814	1	0.904
4202	5868	1	0.982
679	9931	1	0.921
1122	6949	0	0.000145
5501	4269	1	0.814
9455	7642	1	0.914
9120	3683	1	0.896
6069	7876	0	0.000275
4964	1219	1	0.879
1737	915	1	0.888
5941	8380	1	0.881
4832	6181	1	0.933
9682	3295	1	0.826
7502	4959	0	0.000589
9852	5855	1	0.855
7804	1738	1	0.935
4845	4685	1	0.957
6064	4927	1	0.859
448	7095	1	0.813
3243	1732	1	0.823
8331	1403	1	0.918
3405	4611	1	0.988
8734	3319	1	0.903
3524	7333	1	0.918
6592	9024	1	0.961
6746	4439	1	0.99
3494	5635	1	0.804
8078	8878	1	0.948
1533	684	1	0.89
3003	8404	1	0.918
1744	9445	1	0.894
8912	1911	1	0.887
9702	935	1	0.843
6203	9099	1	0.98
6151	3272	1	0.934
2561	3459	1	0.813
9716	9748	1	0.83
7852	2669	1	0.969
80	3374	1	0.9
8004	3007	0	0.00037
3916	5544	1	0.972
4606	6323	1	0.801
3385	685	1	0.856
3790	5886	1	0.972
2459	3171	1	0.89
1734	739	1	0.862
4402	8282	0	0.000604
3932	2702	1	0.988
8	25	1	0.972
8971	1402	0	0.000378
9411	4298	1	0.936
571	41	1	0.846
6729	9341	1	0.957
8970	4295	0	0.000211
9605	7382	1	0.822
931	2094	1	0.915
7399	999	1	0.967
2862	483	1	0.824
7796	6867	1	0.901
8214	169	1	0.988
2947	8381	1	0.846
9930	6192	1	0.858
3592	4962	1	0.818
4103	366	1	0.995
4752	5345	1	0.902
3740	2940	1	0.99
8133	2004	1	0.817
7315	8816	0	0.000178
6546	6999	1	0.946
5328	8645	0	0.000359
7991	3707	0	0.000214
968	128	1	0.841
8645	1400	0	0.000311
9285	3269	1	0.854
5334	5219	1	0.988
9519	9889	1	0.93
6456	7567	1	0.817
2738	3232	1	0.877
5003	9936	1	0.941
5867	5145	0	0.000527
8801	9379	1	0.887
2902	3602	1	0.823
4569	3296	1	0.812
2934	4703	0	0.000104
4472	3900	1	0.998
7153	8523	0	0.000183
2042	9968	1	0.817
2614	2324	1	0.99
2223	4346	1	0.848
8122	101	0	0.000601
6621	3174	1	0.927
232	49	1	0.815
3404	2420	1	0.982
7376	5081	1	0.867
9264	296	1	0.888
6215	4631	1	0.893
8525	1916	1	0.85
7870	3698	1	0.885
7578	8585	0	0.00057
7091	1196	1	0.821
1943	1133	1	0.948
2999	9869	1	0.832
7393	4917	1	0.808
9111	599	1	0.857
8499	9476	1	0.918
6700	2382	1	0.991
3575	6509	1	0.96
6383	8576	1	0.966
397	3708	0	0.00045
217	1493	0	0.00064
1626	9901	1	0.965
6903	119	0	0.000378
9964	6661	1	0.953
1934	754	1	0.866
4406	9759	1	0.956
4906	2779	1	0.853
1639	9873	1	0.814
219	129	0	0.00027
601	5389	0	0.000333
875	1263	1	0.817
1208	3889	1	0.857
29	4639	1	0.963
7586	3823	0	0.000185
1808	6298	0	0.000573
479	8687	1	0.987
4130	4826	1	0.962
6581	6526	1	0.858
1058	351	1	0.912
261	2698	0	0.000568
7366	9777	1	0.98
6829	206	1	0.887
4833	413	1	0.812
7253	427	1	0.936
8118	3000	1	0.93
7460	7104	1	0.995
510	8342	1	0.88
3540	6935	0	0.000442
3412	231	1	0.871
1887	2970	0	0.000368
9242	555	1	0.88
2619	1051	1	0.811
2715	6305	1	0.862
2720	5200	1	0.909
8510	9820	1	0.832
2098	92	1	0.991
3144	1200	1	0.936
7124	3676	1	0.883
4570	8092	1	0.868
3143	3009	1	0.976
769	6738	1	0.872
7030	2760	1	0.982
2799	9058	1	0.974
1556	1119	1	0.852
8262	2603	1	0.943
2053	20	1	0.846
3278	720	1	0.808
4425	4112	1	0.833
2055	4436	1	0.96
9641	486	1	0.93
4775	6040	1	0.95
2838	3972	1	0.962
3449	275	1	0.877
3783	8421	1	0.854
9851	4184	0	0.000289
4307	3322	1	0.996
223	8894	1	0.955
7610	5390	1	0.863
5829	4227	1	0.814
6040	6506	1	0.848
2119	3968	0	0.000371
8929	3721	0	0.00041
3991	6685	1	0.983
1832	3378	1	0.858
7136	6517	1	0.995
5724	3290	1	0.843
2678	7915	0	0.00061
4503	6625	1	0.997
8870	2738	1	0.831
1627	3573	1	0.888
8502	2850	1	0.833
9697	1933	0	0.000155
9040	2074	1	0.976
7896	4348	1	0.977
5021	9966	1	0.956
6493	6004	1	0.987
8073	8015	1	0.936
1624	2050	1	0.854
877	4397	1	0.908
969	849	1	0.918
5986	8294	1	0.802
4447	4560	0	0.000406
5148	8982	0	0.00053
8378	5871	1	0.943
8574	8421	1	0.915
6461	4780	1	0.882
9929	5761	1	0.929
970	1875	0	0.00017
9832	5702	1	0.886
8405	3428	1	0.804
9918	6857	1	0.881
7038	5366	1	0.895
2087	9055	1	0.909
1252	1230	1	0.986
5270	9673	1	0.967
3880	9803	1	0.854
6034	8640	1	0.973
3915	4724	1	0.974
7132	5405	0	0.00034
7214	2366	1	0.861
8844	243	0	0.000384
4935	8826	0	0.00031
8421	2363	1	0.809
1752	3307	1	0.851
5918	3021	1	0.974
6010	2618	1	0.863
2326	1661	1	0.948
6886	1486	1	0.995
9440	2607	1	0.971
7200	4012	1	0.955
4940	7590	1	0.8
7283	6899	1	0.903
3792	6119	1	0.808
3664	3215	1	0.97
1227	4847	1	0.86
900	6212	0	0.00031
7279	5106	1	0.886
1664	6234	1	0.826
3530	1531	1	0.891
1306	4518	1	0.854
3633	616	1	0.928
8813	3189	1	0.815
3325	3650	0	0.000589
5742	3721	1	0.896
2904	7510	1	0.902
3172	171	0	0.000584
6389	219	0	0.000599
1455	391	0	0.00046
2982	2459	1	0.892
9272	2078	1	0.933
8581	7175	1	0.922
4580	6839	1	0.925
1757	3905	1	0.83
4948	6286	1	0.838
4028	8005	1	0.888
3140	9946	1	0.906
2218	5875	1	0.998
3437	5973	1	0.943
5204	512	1	0.84
5413	1655	1	0.827
5068	9505	1	0.928
4205	8204	1	0.941
5758	6688	0	0.000456
4747	7752	1	0.834
6471	1105	1	0.888
9654	6246	0	0.000551
6343	1825	1	0.953
6956	590	1	0.942
5805	2084	1	0.818
8174	7008	1	0.999
6139	5323	1	0.948
7589	325	1	0.893
9666	5381	1	0.839
9399	2975	1	0.882
5239	55	1	0.981
5427	472	1	0.903
1118	5501	1	0.855
5929	92	0	0.000232
4905	3891	1	0.839
283	395	1	0.892
8055	9701	0	0.000262
3649	2087	1	0.991
7509	2217	1	0.815
815	2015	1	0.998
8802	2400	1	0.991
1185	5573	1	0.913
4086	9317	1	0.932
5150	3242	1	0.865
515	3724	0	0.000608
4208	2896	1	0.818
1932	666	1	0.95
1807	5038	1	0.851
7611	9434	1	0.996
4855	2989	0	0.000383
1119	2408	1	0.882
7995	6081	0	0.000561
8622	8921	1	0.85
9054	4703	1	0.953
8722	9980	1	0.896
1939	9162	1	0.882
7189	2090	1	0.963
4296	9712	0	0.000239
9007	2973	1	0.836
5698	5932	1	0.918
5634	6838	0	0.000461
7401	2693	1	0.883
929	9568	1	0.85
323	965	1	0.976
6149	2876	1	0.801
9567	3647	1	0.875
3682	2460	1	0.923
3306	13	1	0.967
8838	1617	1	0.875
7657	7011	1	0.868
3980	1115	0	0.000586
1868	1723	1	0.975
2516	2343	1	0.839
2262	295	0	0.000112
3264	3565	1	0.897
1340	2319	1	0.88
3414	6248	1	0.84
7469	7901	1	0.853
4363	7366	0	0.00028
9565	4448	0	0.000552
4190	4578	1	0.934
9990	2453	1	0.926
7790	5567	1	0.814
5751	2957	1	0.962
5734	5469	1	0.844
3240	605	1	0.963
8526	1114	1	0.846
85	7248	1	0.88
9194	247	1	0.8
8711	6988	1	0.858
9068	4661	1	0.972
2696	8830	1	0.834
351	7849	1	0.918
135	122	1	0.929
3636	680	0	0.000627
1272	3583	1	0.823
5900	5743	1	0.927
2394	9027	1	0.816
8300	6654	1	1
778	316	1	0.896
7290	5912	1	0.837
9354	9730	0	0.000335
6271	1681	1	0.999
6671	5859	1	0.991
5486	7258	1	0.984
1456	8524	1	0.982
4346	5233	1	0.957
5586	9405	1	0.802
3734	3346	1	0.861
5976	4177	1	0.812
1437	1560	1	0.925
4593	3287	1	0.861
2242	2654	1	0.887
4705	6417	1	0.928
4518	3731	1	0.886
5481	6720	1	0.984
1107	7508	1	0.82
2088	2971	1	0.962
329	491	1	0.974
1137	3077	1	0.995
846	8449	1	0.927
6249	486	1	0.828
4508	4145	0	0.000428
933	1394	1	0.826
926	869	1	0.913
9282	2341	1	0.965
724	6167	1	0.949
1667	13	1	0.908
8624	89	0	0.000218
2957	4139	1	0.917
9714	523	0	0.00033
6105	4690	1	0.936
7935	3874	1	0.973
1173	2874	1	0.903
2142	9866	1	0.873
2256	4615	1	0.841
9028	381	1	0.896
1158	2916	0	0.000517
5523	1996	1	0.855
1017	7689	1	0.978
7276	360	1	0.974
6301	5318	0	0.000154
8922	8064	1	0.901
2543	9847	1	0.899
6056	841	1	0.989
8897	1003	1	0.857
3887	2246	1	0.883
8607	6022	1	0.992
3677	8585	1	0.86
5669	2787	1	0.822
7252	5265	1	0.953
9992	7444	1	0.919
6835	3365	1	0.855
5972	4608	1	0.974
9759	5727	0	0.000569
3314	9286	1	0.952
1840	2971	0	0.000408
6373	1411	1	0.981
4637	7547	1	0.907
3588	7020	1	0.956
4671	3831	1	0.824
2445	2775	0	0.000532
3717	2662	1	0.961
9645	59	1	0.919
5277	3864	1	0.88
4646	339	1	0.916
8452	9690	1	0.881
4135	7511	1	0.944
1253	2845	0	0.000165
4638	3985	1	0.801
1460	7657	1	0.808
4534	3125	1	0.815
3890	501	1	0.977
9679	6625	0	0.000574
431	7550	1	0.922
8817	7758	1	0.813
7179	8143	1	0.943
3051	6075	1	0.818
7515	9184	1	0.964
7456	3695	0	0.000459
2047	3247	1	0.812
8193	4753	1	0.875
595	9443	1	0.928
712	2248	1	0.963
6624	5221	0	0.000599
6005	7409	1	0.839
424	813	1	0.93
898	4614	1	0.918
6779	8101	1	0.874
5706	9437	1	0.926
9581	9923	1	0.974
291	259	1	0.982
4524	8805	1	0.836
4976	4134	1	0.996
3989	3865	1	0.87
162	1489	1	0.855
8014	3308	1	0.976
4452	4126	0	0.000625
35	7313	1	0.926
1959	4258	1	0.925
1200	8455	1	0.854
7351	8220	1	0.872
4378	1421	1	0.957
3947	7045	1	0.923
5032	273	1	0.876
4665	1371	1	0.819
3951	5236	1	0.957
49	1672	1	0.918
5899	317	1	0.984
5510	94	0	0.000498
3834	1883	1	0.895
5137	6878	1	0.837
8198	5890	0	0.000194
5943	1867	0	0.000477
28	4883	1	0.973
8330	6325	0	0.000248
5945	1345	1	0.885
5268	2187	1	0.809
2398	166	1	0.885
7948	4488	1	0.986
1794	9288	1	0.993
8369	306	1	0.822
5120	8247	1	0.809
9847	2536	1	0.999
2305	178	1	0.895
6031	2290	0	0.000324
9153	9311	1	0.844
3105	4847	1	0.967
4134	4976	1	0.876
4928	2962	1	0.817
255	7860	1	0.961
1963	719	1	0.936
7086	5047	1	0.951
703	9638	1	0.81
5181	8280	1	0.925
4969	2217	1	0.865
7273	7932	1	0.871
9183	6220	1	0.977
7597	5098	1	0.902
8075	4473	1	0.95
3040	619	1	0.884
492	8439	1	0.987
3933	1658	1	0.882
3215	625	1	0.897
4023	4133	1	0.975
737	2420	1	0.924
627	3766	0	0.000561
4756	6973	1	0.958
4538	6068	1	0.908
6044	221	1	0.829
6549	126	1	0.908
7013	706	1	0.897
6419	2414	1	0.932
7512	5194	0	0.000334
8465	818	1	0.978
2117	1366	1	0.849
1675	8733	1	0.887
3713	376	1	0.862
7176	7474	1	0.815
8795	5770	1	0.835
7706	257	1	0.829
8488	2190	1	0.939
2659	5928	1	0.849
5046	2614	1	0.85
6229	3549	1	0.997
76	5849	1	0.841
1179	9218	1	0.83
7090	3470	1	0.923
5189	5788	1	0.921
9819	2711	1	0.835
1214	624	1	0.842
9408	2771	0	0.000368
6398	4116	0	0.000235
9019	580	1	0.992
6937	2855	1	0.996
9316	1345	1	0.842
8561	608	1	0.966
874	4690	1	0.975
8830	2696	1	0.908
2629	3129	1	0.874
6262	454	1	0.974
1746	4359	1	0.968
4566	4663	1	0.909
1902	168	1	0.979
2771	5362	1	0.852
8498	7054	0	0.000424
9475	7267	1	0.871
8634	8758	1	0.985
9865	8129	1	0.999
7220	1902	1	0.963
7182	384	1	0.944
8851	1883	1	0.83
3896	4820	1	0.921
9644	501	1	0.848
3582	4246	1	0.864
4994	9451	1	0.882
1210	3295	1	0.81
946	2882	1	0.842
8544	3783	1	0.813
371	2102	0	0.000303
3560	410	1	0.957
6006	1223	1	0.826
4582	6405	1	0.99
6730	2670	1	0.89
1809	7084	1	0.944
6514	7940	1	0.828
2474	907	1	0.901
1570	4879	1	0.801
1005	310	1	0.853
3328	7800	1	0.968
8695	9079	1	0.987
2537	1584	1	0.808
4310	5380	1	0.984
5536	2725	1	0.862
9082	1776	1	0.969
7720	2172	0	0.000605
8160	8484	1	0.89
7303	785	1	0.919
9896	3369	1	0.937
6771	4819	1	0.831
6501	1830	1	0.887
6328	7712	1	0.879
5344	5331	0	0.000391
7976	2185	0	0.000431
3752	3558	1	0.896
6204	7728	1	0.865
4180	1867	1	0.966
6331	7250	1	0.944
6295	9051	1	0.95
1254	5377	1	0.85
5987	1969	1	0.994
189	5175	1	0.834
1206	7724	1	0.879
9032	7578	1	0.889
5872	1655	1	0.937
5934	1239	0	0.00048
2734	9959	1	0.823
8071	8532	1	0.868
8295	1272	1	0.886
1154	7760	0	0.00024
7954	4513	1	0.855
8662	9304	1	0.913
3798	2944	1	0.827
678	3629	1	0.878
96	1871	1	0.869
3853	3687	1	0.994
2317	7749	1	0.969
9770	4667	0	0.000182
1674	656	1	0.805
9958	2235	1	0.878
7406	245	1	0.845
6734	1629	1	0.936
9200	7825	1	0.936
5036	5159	1	0.907
9953	8550	1	0.869
8371	656	1	0.809
7918	5336	1	0.809
1020	9777	0	0.000417
7231	3360	1	0.884
705	3362	1	0.837
3970	3121	0	0.000222
7101	2634	1	0.946
9748	4171	1	0.825
5384	4451	1	0.85
6689	2121	0	0.000506
5292	7770	1	0.987
3336	6181	1	0.973
1189	4097	1	0.91
9985	2434	1	0.979
6321	175	1	0.819
375	1434	0	0.000571
8923	236	1	0.856
1341	1304	1	0.816
5629	2252	1	0.953
4601	1642	1	0.864
2227	584	1	0.975
8138	6095	1	0.838
1384	9397	1	0.957
3726	4364	1	0.843
913	491	0	0.00035
9539	6377	1	0.983
1484	1314	1	0.845
754	5784	1	0.942
8671	2250	1	0.811
7300	7034	1	0.853
2108	3899	1	0.924
5450	3133	1	0.966
5407	2626	1	0.905
4297	1609	0	0.000372
2332	529	1	0.818
9421	4067	1	0.955
9357	296	1	0.898
3608	332	1	0.872
3455	5333	1	0.839
2100	8500	1	0.932
2064	8395	1	0.989
3416	5277	0	0.000378
1597	7666	1	0.948
5966	1810	1	0.947
4160	2247	1	0.851
9875	6791	1	0.984
9761	3940	1	0.829
952	6856	1	0.919
230	6867	1	0.947
5440	1890	0	0.000122
5441	1725	1	0.88
7883	3766	1	0.82
2895	3565	1	0.984
1157	6318	1	0.952
2668	4178	1	0.958
2613	2490	1	0.961
704	9127	1	0.853
3020	242	1	0.934
1650	9288	1	0.824
9398	8591	1	0.811
5308	1653	0	0.000194
1039	5299	1	0.988
31	223	0	0.000227
1950	4722	1	0.881
6599	6178	1	0.865
6705	3011	1	0.985
9737	8132	1	0.892
4173	8545	0	0.000576
6860	4429	1	0.91
9707	2930	1	0.843
9802	2262	1	0.812
7678	3479	1	0.831
494	8748	1	0.921
6309	216	1	0.993
3774	261	1	0.998
7953	468	1	0.88
8717	5405	1	0.857
2780	13	1	0.965
2546	1405	1	0.909
1164	5642	1	0.927
552	186	1	0.83
765	4382	1	0.972
4767	2317	1	0.825
3291	1701	0	0.000561
6605	3423	1	0.852
606	3334	1	0.892
4464	6321	0	0.000328
9633	716	1	0.998
500	6654	1	0.904
292	8225	1	0.908
5127	360	1	0.883
4299	8222	1	0.806
1640	9338	1	0.912
9860	6373	1	0.849
2759	1496	1	0.935
6436	3818	1	0.837
6859	7257	1	0.872
6971	2407	1	0.876
237	522	0	0.000196
7955	1678	1	0.902
6473	6915	0	0.000549
8568	829	0	0.00012
1169	7837	1	0.875
4550	9957	1	0.819
5693	1199	1	0.996
7621	89	1	0.842
3632	56	0	0.000413
1662	5227	0	0.000438
756	6873	1	0.93
6684	8871	1	0.811
6261	5373	1	0.968
5262	5379	1	0.83
4000	5252	1	0.986
7789	5187	1	0.82
2794	1766	1	0.907
1080	4440	1	0.892
7317	1340	1	0.847
3195	3235	1	0.912
1390	3621	1	0.909
1047	8987	1	0.896
2559	8407	1	0.909
8712	4376	1	0.915
6613	3892	1	0.912
1040	2927	1	0.843
7459	8250	0	0.000355
9850	4850	1	0.946
64	9914	1	0.979
5541	999	1	0.817
2125	9901	1	0.816
4322	2680	0	0.000464
3953	6979	1	0.936
9991	6523	1	0.982
3407	5293	1	0.896
9266	7425	1	0.93
5836	3647	1	0.888
9320	8409	1	0.812
5811	9921	1	0.97
9152	4748	1	0.831
9786	6099	1	0.882
3152	4142	0	0.000383
9938	3542	0	0.000554
1459	4211	1	0.852
657	666	1	0.876
780	3634	1	0.994
7425	7451	1	0.956
216	2225	1	0.963
7481	8455	1	0.894
1280	2066	1	0.878
4783	8903	1	0.983
8587	7734	1	0.956
8981	148	1	0.843
3469	4655	0	0.000309
4420	9451	0	0.00037
2454	9279	1	0.873
5676	9022	1	0.924
5660	4381	0	0.000174
1436	3052	1	0.818
6125	7212	1	0.863
9365	4190	0	0.000347
193	5534	1	0.842
6909	2523	1	0.82
3211	8411	1	0.861
5711	6457	1	0.807
6225	8074	1	0.868
44	9335	1	0.804
882	3242	0	0.000161
422	1361	0	0.000318
5493	6841	1	0.877
2144	2751	1	0.861
7396	3659	1	0.905
9333	6547	1	0.927
2755	3699	1	0.866
8672	5997	1	0.82
6551	2447	1	0.882
9776	5471	0	0.000473
8744	1803	1	0.949
4059	1778	1	0.956
7964	7647	1	0.996
1205	3550	1	0.862
9113	1975	0	0.000231
9549	2104	1	0.94
9691	1615	1	0.827
5870	2309	1	0.947
1625	1969	1	0.872
2281	7157	1	0.875
4285	6683	1	0.935
9597	8553	1	0.945
2230	3616	1	0.882
3241	6576	1	0.839
3501	1726	1	0.811
6147	4583	1	0.819
7027	1612	1	0.911
6853	8966	1	0.962
5288	3149	1	0.818
3066	3691	1	0.943
4178	5450	1	0.916
8554	2023	1	0.883
4754	688	1	0.944
9854	6470	1	0.9
5325	4801	1	0.971
6250	5310	1	0.837
5171	1269	1	0.957
5161	1574	1	0.815
3390	6493	1	0.81
1787	9153	0	0.000605
4856	2394	1	0.92
7596	5419	0	0.000208
7186	4810	1	0.931
7238	5	0	0.000204
6192	1733	0	0.000273
4332	2846	1	0.811
1420	1187	1	0.826
7951	9756	1	0.86
5978	2378	0	0.000628
5540	5708	1	0.858
3201	4460	1	0.939
8831	1383	1	0.983
2570	1447	1	0.822
3814	1356	1	0.943
1112	4251	1	0.977
3327	203	1	0.955
2645	4304	1	0.869
1374	1130	1	0.854
122	5729	1	0.855
1051	1030	1	0.959
8925	2950	1	0.932
1648	4619	1	0.878
7270	3308	1	0.912
8934	3903	0	0.0003
3585	6352	1	0.943
6476	2940	1	0.932
97	405	1	0.98
1687	976	1	0.997
1311	3720	1	0.919
2460	5761	1	0.984
1884	786	0	0.000293
5701	5865	1	0.927
4962	8708	1	0.955
8944	8998	1	0.828
3746	8479	1	0.886
7718	3402	1	0.946
310	7087	1	0.801
5880	6186	1	0.905
8948	9698	1	0.853
7902	2023	1	0.861
6750	4574	1	0.89
5461	2603	1	0.8
3120	2582	1	0.958
4018	7312	1	0.857
5771	5009	1	0.964
5149	6925	1	0.826
9869	2896	1	0.841
725	2011	1	0.828
2240	842	1	0.888
5762	4263	1	0.813
392	435	0	8.32e-05
4138	8283	1	0.941
7999	3407	1	0.967
6953	5826	1	0.873
5554	4985	1	0.979
9237	8198	1	0.961
2658	4207	1	0.948
4958	7539	1	0.842
9256	3258	0	0.000154
1602	6467	1	0.875
4108	100	1	0.819
2773	5908	1	0.971
2806	9937	1	0.96
3119	3308	1	0.981
4438	1815	1	0.907
2056	7795	1	0.895
1975	7805	1	0.881
1321	3849	1	0.952
8815	4129	0	0.000278
7225	9526	1	0.906
6246	6681	0	0.000159
4803	1728	0	0.000179
4828	2055	1	0.896
537	7683	1	0.863
3749	2005	1	0.96
2499	4976	1	0.901
5767	4129	1	0.926
9501	1526	1	0.867
9117	4182	1	0.802
1031	2327	1	0.997
658	875	1	0.888
3687	4433	1	0.942
4802	479	1	0.898
1392	2334	1	0.949
8723	1963	1	0.934
8249	2379	1	0.81
6976	4814	1	0.992
2449	94	0	0.000486
4011	1079	1	0.904
5223	3291	1	0.946
227	9419	1	0.884
784	2174	1	0.936
6931	4107	1	0.857
4037	3903	1	0.884
9073	3777	1	0.856
8032	2038	1	0.812
8866	1982	1	0.961
6547	5232	1	0.981
8057	8232	0	0.000347
9463	9090	1	0.928
2138	584	1	0.818
8115	4288	1	0.838
8774	6092	1	0.921
4761	4383	1	0.8
8393	949	1	0.917
7265	927	1	0.882
5034	6056	1	0.882
2655	3380	0	0.000619
9413	5826	1	0.899
9571	3940	0	0.000232
5479	2318	1	0.906
7269	7709	1	0.898
7516	150	0	0.000532
1982	8866	0	0.000553
1815	2045	1	0.967
5948	1246	0	0.000628
3205	4178	1	0.893
5637	2434	1	0.87
8990	8640	0	0.000154
4966	6862	1	0.815
6356	4704	1	0.999
5041	8943	1	0.9
5504	816	1	0.89
3602	2429	1	0.996
2137	9122	1	0.941
6602	817	1	0.988
6167	2321	0	0.000441
7275	2085	1	0.975
5933	6113	1	0.95
9965	1696	0	0.000241
9347	5692	1	0.994
2783	6267	1	0.992
8386	8827	1	0.874
9030	1667	1	0.817
1729	6210	1	0.997
578	5756	0	0.000513
2824	5387	1	0.851
3028	3278	1	0.929
3489	8359	1	0.918
110	5326	0	0.000467
5799	620	1	0.852
2148	1563	1	0.831
8367	4390	1	0.816
8006	2569	1	0.988
5718	9419	0	0.000153
2339	5096	1	0.923
1987	133	0	0.000564
4433	1738	1	0.831
1450	7397	1	0.806
8456	8683	0	0.00015
4557	1615	1	0.932
3401	4320	0	0.000592
1921	9769	1	0.937
1912	8501	0	0.000179
8586	6	1	0.813
7856	766	1	0.859
4549	2104	1	0.994
8450	780	1	0.975
6369	5282	1	0.862
204	1678	1	0.824
9236	1235	1	0.915
7633	9579	1	0.86
8583	5614	1	0.927
9332	3389	1	0.833
8455	1743	0	0.000609
3334	1113	1	0.834
1872	5228	1	0.832
7992	8859	0	0.000422
2140	2509	1	0.927
3231	7368	1	0.994
3707	7653	1	0.981
411	5799	1	0.93
4562	199	1	0.955
276	7121	1	0.909
3027	1496	1	0.883
6593	116	1	0.808
1432	1950	1	0.863
4341	517	1	0.953
9609	5535	1	0.821
3833	5427	0	0.000214
2950	8728	1	0.851
248	7922	1	0.859
7802	6169	1	0.811
4045	1015	1	0.993
5331	7845	1	0.863
5184	6976	1	0.933
9815	597	1	0.966
3513	1029	1	0.982
6875	9120	1	0.896
3910	2304	1	0.821
1726	8876	1	0.962
2341	6277	1	0.81
4215	6164	1	0.937
52	4201	1	0.901
6287	1310	1	0.96
8646	4764	1	0.938
45	3657	1	0.925
2187	7580	1	0.976
6098	8529	1	0.933
9495	2430	1	0.938
7741	5419	1	0.873
8931	4668	0	0.000342
5107	1003	1	0.889
9722	102	1	0.951
1117	996	1	0.884
4477	8038	0	8.02e-05
2235	8415	1	0.989
655	9854	0	0.000162
6591	4391	1	0.93
6175	8165	1	0.912
6713	1509	1	0.853
1759	3529	0	0.000502
9403	3302	0	0.000403
8996	5573	1	0.866
6477	7186	1	0.852
5678	9484	1	0.834
4989	2015	1	0.86
2038	7227	1	0.86
5253	1773	1	0.863
4902	5639	0	0.000458
8096	7781	1	0.989
629	8230	1	0.967
3583	1272	0	0.000157
5591	1604	1	0.909
1550	4113	0	0.00029
4369	4067	1	0.959
1893	5134	1	0.984
6291	7838	0	0.000426
2519	9525	1	0.98
971	7815	0	0.000603
5991	3049	1	0.995
3725	4886	1	0.934
9663	721	1	0.85
7246	1240	1	0.883
8481	17	1	0.962
5596	3197	0	0.000237
2621	2033	0	0.000519
1810	4353	1	0.862
9122	4802	1	0.863
5898	9917	1	0.889
8709	8659	1	0.823
3914	8728	1	0.807
4487	7929	1	0.905
2488	6729	1	0.803
2090	3028	0	0.000479
7642	6085	0	0.000262
5382	2785	1	0.814
7820	2604	1	0.931
9410	2119	1	0.942
9622	1178	1	0.884
2746	6696	1	0.861
1834	8360	1	0.922
6208	6873	0	0.000558
3056	8612	1	0.858
8884	8111	1	0.989
9662	570	0	0.00015
9353	7616	1	0.813
4074	9440	1	0.928
7249	27	1	0.813
7336	1415	1	0.815
643	9560	1	0.886
3799	3434	1	0.804
4093	2350	1	0.921
7974	9719	1	0.838
1903	7807	1	0.875
5324	9607	1	0.807
2024	4774	1	0.87
7654	2579	1	0.937
1524	7470	0	0.000111
9136	4118	1	0.815
5457	1390	1	0.803
9169	1371	1	0.918
3528	1708	1	0.823
7429	9454	1	0.827
3346	181	1	0.866
6879	10	0	0.000275
8530	1206	1	0.926
2172	1672	1	0.946
9331	6354	1	0.975
4788	6528	1	0.835
6366	798	1	0.938
3219	1113	1	0.867
4857	6219	1	0.825
4804	2570	1	0.931
6027	5005	1	0.844
5768	6123	1	0.933
8436	1838	1	0.908
7361	5484	0	0.0005
3319	727	1	0.952
2371	6296	1	0.837
8355	382	1	0.934
2539	3972	1	0.88
304	9976	1	0.939
7297	4688	1	0.855
465	5052	1	0.842
1769	112	1	0.874
8164	7250	0	0.000323
4669	8264	1	0.852
6507	2250	1	0.951
9814	9065	1	0.857
6670	7599	1	0.911
9950	2483	1	0.822
5319	3915	1	0.919
6828	4961	1	0.952
3841	8930	1	0.839
8777	980	1	0.931
3822	9171	0	0.000236
3030	3113	1	0.876
807	2384	1	0.897
8892	6970	1	0.957
8696	1597	1	0.873
132	232	1	0.823
3686	1362	1	0.925
2892	9604	1	0.934
2405	733	1	0.932
794	8100	1	0.947
192	9748	1	0.888
3911	3870	1	0.922
8629	2568	1	0.821
3638	880	1	0.947
1573	1778	1	0.902
4403	2318	1	0.815
3551	4064	1	0.974
7600	4549	1	0.996
3926	4277	1	0.873
3934	1180	1	0.867
5908	7127	1	0.847
3520	189	1	0.915
8908	121	1	0.841
3561	7808	1	0.957
779	4445	1	0.805
2077	8040	1	0.875
8322	7356	1	0.967
8102	4860	1	0.812
9705	6285	1	0.88
3824	3933	1	0.814
4777	5631	1	0.806
2200	4277	1	0.95
238	1956	1	0.938
7331	1952	1	0.873
8356	4581	0	0.000539
8927	6514	1	0.943
9962	7846	1	0.973
9478	5200	1	0.915
3302	3305	1	0.901
1081	811	1	0.896
2803	5687	1	0.98
259	2808	1	0.9
1066	349	1	0.991
2491	4873	0	0.000489
6228	2521	1	0.893
6806	3447	1	0.891
4968	2694	1	0.851
5746	1638	1	0.863
2427	6694	1	0.852
8026	3424	0	0.000389
6422	1977	1	0.893
6485	6606	1	0.989
3048	6313	0	0.000368
6353	5881	1	0.861
699	9687	1	0.931
8103	9888	1	0.899
9151	1416	1	0.997
9810	7103	1	0.857
6030	3760	1	0.901
7439	2957	1	0.882
4076	9957	1	0.887
3964	7617	1	0.814
6658	482	1	0.885
4067	7397	1	0.912
84	8644	1	0.914
4083	5596	0	0.000146
9515	3662	1	0.883
6357	8885	1	0.911
6760	437	1	0.926
4419	8276	1	0.906
3365	6029	1	0.809
7208	6958	1	0.99
7335	9834	1	0.939
9079	8636	1	0.929
7064	6293	1	0.819
1192	5257	0	0.000131
7556	8219	1	0.885
8072	9802	1	0.858
9517	4777	1	0.854
9446	4415	0	0.000149
2535	2606	0	0.000196
3460	1006	1	0.853
6033	1600	0	0.000351
7380	199	1	0.858
3845	949	1	0.908
4718	2336	1	0.944
2490	2613	1	0.883
3504	9806	1	0.923
7709	7269	1	0.876
6289	1608	1	0.941
721	2115	1	0.98
9500	1760	0	0.000432
6390	2383	1	0.959
5398	10	0	0.000408
7606	2004	1	0.97
5653	6944	1	0.815
7762	4982	1	0.969
5671	2255	1	0.876
2969	5230	1	0.859
8196	5057	0	0.000597
9624	2646	1	0.909
7940	1961	1	0.809
426	1649	1	0.969
3025	3762	1	0.852
4225	2247	1	0.938
9461	4847	1	0.895
7480	6778	1	0.937
1620	1328	1	0.87
8060	6983	1	0.872
5226	163	0	0.000395
2602	4246	1	0.851
1630	1240	1	0.92
1768	601	1	0.975
586	4637	1	0.924
6	8279	1	0.811
7607	8453	0	0.000204
5967	4823	1	0.846
9735	3710	1	0.956
4659	4535	1	0.906
2443	6520	1	0.983
1079	4002	0	0.000188
3855	8146	1	0.869
522	824	1	0.807
2407	4266	1	0.929
930	1920	1	0.949
4658	9419	1	0.968
1345	9347	1	0.948
1559	410	1	0.849
4102	7343	1	0.954
6015	1180	1	0.867
7383	3721	1	0.902
271	2380	1	0.813
2865	8578	1	0.923
3196	4759	1	0.816
3349	5121	1	0.966
6384	6319	1	0.952
242	142	1	0.919
5217	6593	0	8.29e-05
8750	641	1	0.919
6108	4551	1	0.887
8602	1621	1	0.977
7793	2656	1	0.986
3767	8048	1	0.829
3029	5362	1	0.864
1074	1075	1	0.862
7770	8731	1	0.999
6317	504	1	0.938
5974	6310	1	0.828
4719	5221	1	0.852
3895	5645	1	0.814
7768	248	0	0.000334
8134	8873	1	0.86
4758	859	0	0.000287
8772	9277	1	0.917
2502	2404	1	0.899
4890	4528	1	0.843
9241	8947	1	0.867
7072	9948	1	0.84
7374	8713	0	0.000303
7398	8028	1	0.882
4033	55	1	0.915
3090	1011	1	0.918
1086	3768	1	0.837
7691	6337	1	0.853
1575	8485	1	0.983
6285	1234	1	0.845
7690	7905	1	0.906
4116	6565	0	0.000436
8271	804	1	0.965
551	5024	0	0.00036
6342	1505	1	0.893
4195	1412	1	0.841
3741	3002	0	0.000433
9302	1625	1	0.966
6400	2408	1	0.956
7254	558	1	0.897
685	3557	1	0.854
6715	4998	1	0.832
9160	4578	1	0.817
7019	8309	1	0.952
2607	7480	0	0.000638
3817	4048	0	0.000154
998	3469	1	0.859
149	536	1	0.809
9712	126	1	0.985
4853	9749	1	0.825
9550	3536	1	0.878
214	63	1	0.881
188	9931	1	0.85
5248	1323	1	0.855
4446	1610	1	0.98
5372	9474	1	0.987
4027	8870	1	0.809
5578	7484	1	0.827
2560	822	1	0.948
9114	7253	1	0.977
786	2063	1	0.805
190	210	1	0.938
1165	7326	0	0.000147
5099	4014	1	0.893
8146	2474	1	0.965
1448	3217	1	0.888
6197	3837	1	0.94
9933	965	1	0.878
4870	8620	1	0.864
4091	2917	1	0.842
3283	6068	1	0.927
2573	8100	0	0.000383
9147	2587	1	0.961
3644	6856	1	0.834
3525	2172	1	0.968
8715	2962	1	0.882
747	7108	1	0.977
1863	5777	0	0.00035
5846	2274	1	0.83
4270	2836	0	0.000602
9459	1006	1	0.926
5237	5078	1	0.965
9831	348	1	0.986
1613	634	1	0.86
5635	5119	1	0.873
1139	4047	1	0.836
2955	1189	1	0.903
6239	4390	1	0.856
417	1629	1	0.87
328	2370	0	0.000586
3761	8320	1	0.821
7155	7828	1	0.955
6055	5065	1	0.833
5381	1927	1	0.98
1816	7817	1	0.805
3121	3970	1	0.986
3467	5727	0	0.000446
4238	9109	1	0.89
4338	9124	1	0.925
9257	9300	1	0.88
4319	1925	1	0.989
4061	4628	1	0.868
6558	3288	1	0.982
9468	886	1	0.901
4162	2070	1	0.813
3360	3343	1	0.98
3434	3180	1	0.84
5096	5370	1	0.9
6947	117	0	9.18e-05
4824	8	1	0.903
7372	9318	1	0.809
9738	5774	1	0.98
4820	1158	1	0.95
1410	5562	1	0.929
5968	867	1	0.92
5249	5956	1	0.898
4806	6796	1	0.876
3420	3157	0	0.000197
2995	307	1	0.955
8850	702	1	0.981
348	1690	1	0.868
154	943	1	0.957
2321	1112	1	0.816
8542	8908	1	0.982
8938	9628	1	0.878
3946	4443	1	0.842
6487	4988	1	0.976
2550	41	1	0.951
2279	731	1	0.839
1515	4346	1	0.985
752	424	1	0.954
5793	4165	1	0.822
2361	8539	1	0.989
7131	1368	0	0.000549
6891	7829	1	0.984
9923	9719	1	0.861
3909	646	1	0.894
1915	6010	1	0.835
7172	3107	1	0.835
4586	733	0	0.000356
8900	7548	1	0.9
5824	2459	0	0.000138
9387	4621	0	0.000418
1827	9907	1	0.961
2942	570	1	0.969
5874	5004	1	0.906
4709	7873	1	0.95
9330	2637	1	0.959
2635	6691	1	0.936
599	729	1	0.815
4670	9714	1	0.942
8011	57	1	0.909
9899	8054	1	0.86
8852	7166	0	0.000554
1488	2940	1	0.821
4727	4072	0	0.000228
4795	6938	1	0.968
7002	1762	1	0.953
4161	7183	1	0.972
8516	887	1	0.878
8031	1669	0	0.000278
3607	345	1	0.884
6805	6918	1	0.99
8861	3919	1	0.982
5562	6389	0	0.000564
789	2187	1	0.986
4358	3091	1	0.837
9568	2605	1	0.877
1413	8773	1	0.907
4757	4687	1	0.995
8123	5555	1	0.841
3738	2888	1	0.971
7360	5395	1	0.827
8476	3254	0	0.000584
838	5077	0	0.000377
9975	5888	1	0.81
5442	8767	1	0.982
4822	5478	1	0.978
3871	8307	1	0.987
3943	431	0	0.000292
9531	1800	0	0.000327
723	974	1	0.852
7125	504	1	0.893
7689	1707	0	0.000288
7595	7518	1	0.846
9768	4732	0	0.000561
8260	6631	1	0.825
5990	7514	1	0.92
6032	5424	1	0.987
8215	1247	1	0.802
7058	3803	1	0.928
2593	5299	0	0.00019
661	3809	1	0.978
7508	5937	0	0.000183
7318	73	1	0.909
6029	4172	1	0.802
5645	7050	1	0.972
9137	1196	1	0.902
1949	8409	1	0.831
5609	4141	1	0.937
2633	5601	0	0.00057
2704	6064	1	0.863
1742	7839	1	0.885
2337	4381	1	0.902
1109	6890	1	0.859
4944	7826	0	0.000117
6683	2164	1	0.979
420	8333	0	0.00024
1365	1686	1	0.985
7975	7183	1	0.885
4977	2124	1	0.959
1100	671	0	0.000461
1300	7022	1	0.941
2399	5201	1	0.83
1712	132	0	0.000268
5448	340	1	0.983
6852	2573	1	0.839
9144	586	1	0.807
4860	7464	1	0.877
4211	346	0	0.000222
6790	7745	1	0.995
5420	5594	1	0.891
1735	4072	1	0.883
6306	1235	1	0.949
459	6535	0	0.000351
8689	8179	1	0.873
9512	5762	1	0.853
6842	7011	1	0.878
1795	9542	1	0.977
3309	5667	1	0.993
1062	8541	0	0.000459
8383	1332	1	0.804
544	2158	1	0.877
555	9875	1	0.84
484	2956	1	0.954
9173	9108	1	0.986
6097	2805	1	0.998
5309	9157	1	0.86
5755	7895	1	0.946
3158	5861	1	0.902
6256	1044	0	0.000604
2912	2955	0	0.000568
5505	7817	1	0.807
9873	1580	1	0.931
2707	6847	1	0.823
2082	4551	0	0.000585
2572	3458	0	0.000207
295	9921	1	0.91
8932	2034	1	0.902
4035	3607	1	0.944
8395	9713	1	0.946
6505	6522	1	0.859
3935	7931	0	0.00022
8347	6526	1	0.831
2265	3317	1	0.813
2639	2636	0	9.01e-05
5989	3339	1	0.898
2212	2249	1	0.804
2964	4318	1	0.835
5195	5210	1	0.923
6755	8025	1	0.973
6884	5021	1	0.987
6932	1444	0	0.000458
4082	2570	1	0.871
4151	2375	1	0.896
1511	9322	1	0.913
5028	1916	1	0.824
3333	6048	1	0.952
8298	2709	1	0.82
3258	5901	1	0.887
9687	2920	1	0.932
8252	7818	1	0.883
6073	7767	1	0.836
9920	8873	0	0.000104
1828	4712	1	0.975
2498	3186	1	0.901
1587	9845	1	0.934
9555	6717	1	0.869
8256	1542	1	0.961
3694	3070	1	0.878
6710	7546	1	0.841
3754	6491	1	0.981
3534	9626	1	0.977
4410	8026	1	0.992
2687	3271	1	0.829
5165	277	1	0.899
3263	8425	1	0.924
5703	930	0	0.000371
2793	7571	1	0.988
1503	485	1	0.858
6478	9515	1	0.939
7941	8762	1	0.882
2275	4579	1	0.9
6510	5917	1	0.966
5050	6288	1	0.991
7537	4681	0	0.000297
3492	68	1	0.962
1167	6922	1	0.829
4585	7291	1	0.801
4793	480	1	0.876
740	9281	1	0.832
5848	3083	1	0.833
8224	3234	1	0.873
524	8504	1	0.875
9198	8462	1	0.957
6606	5552	1	0.873
7173	1223	1	0.836
1260	1931	1	0.885
3262	9407	1	0.896
4695	4390	0	0.000344
808	247	1	0.821
9112	2977	1	0.826
5726	5	1	0.972
9894	9478	1	0.847
6981	5958	1	0.945
2031	3907	1	0.886
7761	2677	0	0.00059
810	3856	1	0.933
1948	3413	0	0.000101
868	1325	1	0.809
3797	429	1	0.995
4177	5976	1	0.929
147	1404	0	0.000175
4602	4785	1	0.869
1798	4652	1	0.964
2045	1815	1	0.801
8348	4460	1	0.879
5456	4721	1	0.839
1304	4596	1	0.806
8545	4186	1	0.826
6128	1132	1	0.925
121	2893	1	0.806
4367	7983	1	0.961
588	1667	1	0.908
3737	649	0	0.00012
4899	3386	1	0.941
1716	8559	0	8.4e-05
893	1579	1	0.981
6344	1798	1	0.906
3616	7264	1	0.963
7692	4158	1	0.994
7223	6687	1	0.958
2489	4703	1	0.826
6718	6987	1	0.988
2523	1124	1	0.895
4288	1418	1	0.921
6933	4434	1	0.823
2076	974	1	0.958
7415	9744	1	0.889
8548	2104	1	0.97
380	545	1	0.901
5443	998	1	0.908
9351	8618	1	0.813
6761	2851	1	0.839
1870	394	1	0.929
7850	2687	1	0.868
2597	8334	1	0.838
6379	7588	1	0.895
6974	3721	1	0.993
5556	4278	1	0.983
3398	9432	1	0.879
2350	1519	1	0.905
5402	2207	1	0.819
7293	1381	1	0.839
5134	3222	1	0.946
6257	7626	1	0.807
6045	1475	1	0.978
6984	6170	1	0.882
9745	9966	1	0.992
8058	8447	1	0.931
5513	6474	1	0.876
2232	1632	1	0.964
8596	3371	1	0.827
5682	1342	1	0.867
5996	5078	1	0.879
439	784	0	0.000399
1308	3287	1	0.897
7926	7336	1	0.863
4214	2234	1	0.984
1061	3148	1	0.935
8324	3339	1	0.968
5960	4444	1	0.892
8503	4087	1	0.821
1083	1393	1	0.923
4818	7781	1	0.875
3829	1390	1	0.936
9932	1979	0	0.000401
1495	2592	1	0.858
7923	5480	1	0.834
4662	3342	1	0.964
3547	5716	0	0.000279
7671	4771	1	0.813
6417	976	1	0.884
2662	2338	1	0.909
9234	216	1	0.852
5484	666	1	0.813
5902	2190	1	0.807
3425	5948	1	0.837
9805	9498	0	0.000175
2571	1917	0	0.000496
6213	1274	1	0.865
3298	5182	1	0.908
9016	2262	1	0.835
7248	9026	1	0.999
6491	7162	1	0.901
4084	1453	0	0.000617
11	8368	1	0.808
7175	4000	0	0.00013
3770	2692	1	0.837
2737	265	0	0.000298
6529	2894	1	0.914
8609	3583	1	0.988
9326	7102	1	0.829
782	7902	1	0.816
6307	1497	0	0.000186
6335	2346	1	0.949
8025	737	1	0.967
4100	1968	1	0.869
2476	5171	0	0.000393
5273	930	1	0.896
1043	2486	1	0.867
3618	3425	1	0.971
1301	9384	1	0.963
8297	4406	1	0.928
2920	6102	1	0.898
9584	5654	1	0.925
5741	5761	1	0.886
7122	9323	1	0.858
8244	5125	1	0.92
2190	5418	1	0.861
8759	1404	1	0.853
6110	7770	1	0.99
6457	5339	1	0.835
3016	1477	0	0.000207
1889	51	1	0.804
5818	6688	0	9.85e-05
4799	2112	1	0.983
4181	6982	1	0.951
7483	7105	1	0.843
7767	8308	1	0.917
1418	5818	1	0.856
7117	7282	1	0.991
7828	6472	0	0.000337
7068	6225	1	0.982
852	6533	1	0.81
5347	1143	1	0.884
2857	849	1	0.932
5391	786	1	0.83
9206	3546	1	0.877
5489	2522	0	0.000201
631	7314	1	0.921
16	439	1	0.88
8507	1706	1	0.803
6766	161	1	0.9
6119	6841	0	0.000601
890	1799	1	0.941
5537	1516	1	1
6186	2843	0	0.000602
5488	6698	1	0.887
3747	3948	1	0.982
1302	5066	1	0.862
622	198	0	0.000176
7765	2526	1	0.926
4611	3859	1	0.992
8320	4333	1	0.958
9156	319	1	0.871
1470	2434	1	0.946
4148	1402	1	0.812
9949	1762	1	0.801
2253	5536	1	0.816
3380	9655	1	0.97
6943	3544	0	0.00033
8956	3493	1	0.822
3422	452	1	0.903
4436	4642	0	0.000459
207	1326	1	0.993
792	1852	1	0.975
4384	660	1	0.808
7259	2073	1	0.886
996	1117	1	0.827
1730	783	1	0.837
6645	1381	1	0.957
3226	469	1	0.92
1621	6001	1	0.889
6159	907	1	0.881
9450	7162	1	0.972
1406	5303	1	0.9
7639	2961	1	0.907
7402	2266	0	0.000333
1359	822	1	0.959
9389	9648	1	0.966
8611	678	0	0.00053
9530	3550	1	0.844
5549	1096	1	0.999
2011	9861	0	0.000452
5673	6839	1	0.816
3998	9531	1	0.848
9367	870	1	0.848
7211	7078	0	0.000546
377	1169	1	0.879
3474	7709	1	0.905
7332	1843	1	0.858
1273	2533	1	0.9
2881	1509	1	0.804
5221	7673	1	0.893
7618	242	1	0.924
8051	5495	1	0.927
8621	7567	1	0.903
5529	8704	0	0.000527
7629	4790	1	0.843
7756	5449	1	0.831
1052	116	1	0.973
8399	4148	1	0.963
4395	7098	1	0.839
9287	9909	1	0.822
9632	4347	1	0.912
7574	6282	1	0.815
9232	2211	1	0.945
8443	9916	1	0.827
2751	3246	1	0.814
9862	2491	1	0.846
4232	7047	1	0.959
8257	1145	1	0.993
6310	5974	1	0.822
5807	581	1	0.9
7854	7569	1	0.859
3111	3860	1	0.873
1899	5400	1	0.997
51	7572	1	0.851
2663	1223	1	0.837
5668	2194	1	0.872
53	8974	1	0.936
5731	1143	1	0.859
8512	1608	1	0.826
3009	9781	1	0.837
7114	9867	1	0.892
8549	2141	1	0.929
6911	7744	1	0.912
7477	939	1	0.903
6535	9278	0	8.46e-05
2778	8636	1	0.829
451	5783	1	0.839
9215	8090	0	0.000461
4467	6604	1	0.97
4891	9189	1	0.909
3487	9666	1	0.876
6221	3442	0	0.000435
6527	1153	1	0.841
2689	485	1	0.999
4152	7689	1	0.955
5348	834	1	0.886
7662	9756	0	0.000392
7993	5978	1	0.884
8608	964	1	0.832
2059	5138	0	0.000624
239	4209	1	0.963
8914	22	1	0.971
7301	9982	0	0.000505
4265	8591	1	0.815
9469	2230	0	0.0005
642	3169	1	0.987
3466	7427	1	0.973
1803	8237	1	0.984
277	1470	1	0.95
5389	6551	1	0.841
1552	8694	1	0.813
2451	4398	1	0.838
5737	8391	0	0.000212
9038	1484	0	0.000424
6102	8370	1	0.878
8754	6210	1	0.955
7675	7376	1	0.933
2885	8948	0	0.000114
3827	8679	1	0.962
7561	2870	1	0.818
9804	5628	1	0.816
803	8982	1	0.872
5628	2792	0	0.000607
1265	7171	1	0.887
3972	9845	1	0.937
4643	4404	1	0.953
5173	5826	1	0.962
1767	897	1	0.894
19	6484	1	0.963
9888	931	1	0.932
4789	3494	1	0.965
9838	8781	1	0.915
4909	3524	1	0.886
8517	417	1	0.841
2120	9245	1	0.99
3118	1188	1	0.993
2529	8635	1	0.913
9863	1597	0	0.000239
47	7052	1	0.949
1622	2687	0	0.000602
7666	5996	1	0.82
775	2109	1	0.826
374	8441	1	0.871
3631	206	1	0.933
482	6658	0	0.000288
1665	3244	1	0.945
6793	2261	0	0.000103
3809	2675	1	0.867
6518	7343	1	0.845
9777	9756	1	0.819
2168	4259	1	0.986
8501	6379	1	0.848
4111	7743	1	0.809
7540	2982	1	0.963
2898	118	1	0.807
6768	5910	1	0.907
2198	241	1	0.803
9269	5463	1	0.982
7426	6233	1	0.937
8967	7726	1	0.841
225	9305	0	0.000341
1877	2470	1	0.863
2524	4112	1	0.947
5031	1589	1	0.929
9108	9173	1	0.906
945	1529	1	0.802
6878	3501	1	0.964
6607	6459	1	0.821
7268	2959	1	0.964
2433	3537	0	0.000113
2853	1402	1	0.946
958	505	1	0.844
5977	2230	1	0.988
6872	532	1	0.976
2967	9371	1	0.94
8173	5745	1	0.83
4741	8873	1	0.892
2073	468	1	0.831
2385	8360	0	0.000451
5843	9073	1	0.828
4440	4785	1	0.949
6541	1092	1	0.94
178	2600	1	0.893
7801	6720	1	0.866
7652	2425	1	0.912
2104	8143	1	0.944
2257	4741	1	0.954
3106	7202	1	0.907
4776	7126	0	0.000521
5608	7690	1	0.828
5059	4270	0	0.000458
5051	8111	1	0.896
7791	6300	1	0.993
5921	3342	1	0.985
9187	3061	1	0.928
1419	6532	1	0.921
5085	2299	0	0.000163
496	89	1	0.816
1990	77	1	0.839
2831	593	1	0.885
4956	4092	0	0.000464
9401	134	1	0.927
1134	6704	1	0.859
1096	6990	1	0.879
2928	7008	1	0.975
2669	8160	1	0.926
4087	2099	1	0.804
5563	7172	1	0.911
6161	3114	0	0.00057
8431	3333	1	0.992
7945	8392	0	0.00032
9197	923	1	0.928
7819	958	1	0.933
8345	6659	1	0.835
435	7027	1	0.961
1501	1156	1	0.922
6557	2036	1	0.951
8092	4761	1	0.903
1224	5813	1	0.801
9884	6414	1	0.933
384	7182	1	0.995
4651	6742	1	0.898
3300	9791	1	0.941
7222	4626	1	0.974
5970	3057	1	0.82
7736	7340	1	0.852
788	7107	1	0.966
6126	1017	1	0.892
302	7767	1	0.925
5760	8975	1	0.846
9856	6558	1	0.998
4774	1391	1	0.934
7062	3907	1	0.842
7594	7090	1	0.84
8748	3409	1	0.863
2763	939	1	0.829
4055	9730	0	8.94e-05
6668	3713	1	0.804
2722	3247	1	0.841
1297	3179	1	0.95
4712	1538	0	0.000423
8039	2486	1	0.854
3377	30	1	0.877
347	426	1	0.901
3731	8593	1	0.872
2349	6569	1	0.982
5196	178	1	0.814
3395	3215	1	0.842
4627	1197	1	0.917
2809	3078	1	0.932
2	7169	1	0.856
3156	3049	1	0.832
7000	9655	1	0.834
30	7911	1	0.989
3254	4781	1	0.998
39	7126	1	0.877
1125	930	1	0.81
5209	5386	1	0.912
7704	5601	1	0.976
5599	3327	1	0.814
3232	8475	1	0.843
2642	2123	1	0.856
7698	2027	1	0.942
5496	1808	0	0.00017
3812	296	0	0.000331
108	8520	1	0.96
5560	5682	1	0.826
2118	4000	1	0.952
4231	7522	1	0.909
6968	6668	1	0.947
4791	4577	1	0.979
6333	1488	1	0.918
4096	223	0	0.000123
535	7983	1	0.916
4559	1341	1	0.927
8724	871	1	0.962
3756	2509	1	0.899
1600	3843	1	0.961
4439	3206	1	0.944
6615	8211	1	0.863
2819	245	1	0.892
1256	8675	1	0.88
2183	4886	1	0.944
7917	7376	1	0.808
7218	3766	1	0.803
5761	77	1	0.811
8169	5919	1	0.998
1283	7632	1	0.835
2860	1797	1	0.941
2585	3510	1	0.964
6637	569	1	0.876
1786	4287	1	0.955
1285	3146	0	0.000439
5814	6018	1	0.866
7221	8554	1	0.866
8859	1322	1	0.851
9676	9445	1	0.956
8663	1672	1	0.836
3202	2771	0	0.000313
433	4570	1	0.846
1473	2396	1	0.897
7007	589	1	0.935
3228	1374	1	0.822
9042	7622	1	0.991
3170	1920	1	0.972
9713	6889	1	0.899
2019	2760	1	0.946
6109	2502	1	0.886
4575	7759	0	0.000581
8360	370	1	0.869
1953	7900	1	0.958
6836	1436	1	0.824
2442	727	1	0.931
7040	5159	1	0.804
4740	5643	1	0.913
6687	3052	1	0.987
7624	5870	1	0.915
7637	1100	1	0.823
697	964	1	0.886
7427	4263	1	0.817
1231	8667	1	0.964
6281	6829	1	0.932
1528	8006	1	0.812
3711	4273	1	0.838
6319	2331	1	0.958
9363	5339	1	0.835
539	8626	1	0.891
2270	1279	1	0.956
9352	8085	1	0.859
9780	1096	1	0.834
9436	6820	1	0.923
4778	1015	1	0.91
3068	4965	1	0.899
5147	4660	1	0.849
4877	7809	1	0.901
1668	2260	1	0.844
4497	5614	1	0.933
8770	9000	0	0.000113
6731	1853	1	0.852
1355	7518	1	0.827
8858	3136	1	0.935
6792	445	1	0.869
1849	3189	1	0.893
9587	4231	1	0.872
9179	4186	1	0.963
4368	4039	0	0.000607
3992	6149	1	0.858
1721	559	1	0.92
6978	3891	0	0.000101
5626	8247	1	0.995
4851	4326	0	0.00046
1463	7436	1	0.862
2057	631	1	0.918
534	4791	1	0.879
4007	4773	1	0.914
7511	2410	1	0.824
8760	2303	1	0.862
2937	419	1	0.885
6986	7240	1	0.803
7581	3812	1	0.994
9485	9498	1	0.838
6013	5524	1	0.806
9557	5465	1	0.916
318	3630	0	0.000617
860	7981	1	0.961
7622	3255	1	0.858
3671	1798	1	0.996
1055	3190	1	0.885
7911	0	1	0.909
4644	9275	1	0.838
9793	6686	1	0.856
4532	2098	0	0.000617
1445	9792	1	0.804
7440	5024	1	0.922
3421	3680	1	0.838
835	5182	0	0.000526
766	9853	0	0.000395
7028	7564	1	0.808
992	0	1	0.891
3854	3721	1	0.925
7461	1014	1	0.875
7103	2771	1	0.987
79	9689	1	0.863
8046	5548	0	8.03e-05
2594	8361	1	0.926
2406	1266	1	0.985
3112	962	1	0.965
453	5506	1	0.967
229	9931	1	0.921
2354	9026	1	0.93
6198	1715	1	0.828
5577	907	1	0.988
9981	1055	1	0.886
4835	2997	1	0.8
3640	6514	0	0.000233
2779	8761	1	0.921
6074	8991	1	0.841
3554	5299	1	0.809
3392	7314	1	0.879
5108	7244	1	0.803
6000	4608	1	0.993
8430	4320	1	0.959
3729	716	0	0.000622
7674	8019	1	0.833
4699	2633	0	0.000253
3878	8273	1	0.861
2946	1069	1	0.866
3362	1798	1	0.868
369	8532	1	0.811
1510	6668	1	0.866
844	519	1	0.819
7454	2388	1	0.953
4997	752	1	0.877
7164	8273	1	0.991
3696	8389	0	0.000182
4352	7761	1	0.92
2906	2118	1	0.893
771	554	1	0.857
907	2437	0	0.000612
7267	9507	0	0.000331
781	3750	1	0.874
8388	3053	1	0.991
2043	6053	1	0.955
6745	67	1	0.87
9129	6041	1	0.933
9784	1258	1	0.988
813	7519	1	0.973
8590	9030	1	0.809
2834	371	1	0.96
6339	7512	1	0.803
6513	2318	1	0.8
9534	1996	1	0.877
8543	6595	1	0.829
4896	9040	0	0.000353
1152	3575	1	0.938
1599	623	1	0.938
6544	1472	0	0.000509
4456	80	1	0.896
9043	1828	0	0.000468
9993	1264	0	0.000415
687	2176	1	0.997
5342	1755	1	0.905
1354	2670	1	0.827
9414	138	1	0.846
4424	5688	0	0.000526
1190	906	1	0.977
3088	6796	1	0.964
5303	2352	1	0.82
4866	3600	1	0.968
2363	270	0	0.000473
3477	1250	1	0.858
5723	468	1	0.95
7776	954	0	0.000396
3059	5672	1	0.83
9280	8917	1	0.809
9115	2568	0	0.000579
3206	913	1	0.837
6252	59	1	0.905
5589	3874	0	0.000608
1225	6488	1	0.902
9911	7187	0	0.000293
8888	4176	1	0.999
1056	1295	1	0.97
3207	2196	1	0.86
9987	9085	1	0.888
1236	9379	1	0.815
1261	6895	1	0.924
2802	511	1	0.994
2873	3263	1	0.902
9148	706	1	0.866
2708	2688	1	0.808
8010	9653	1	0.93
5930	2105	1	0.908
8780	2984	0	0.000285
8130	3766	1	0.951
3597	8151	1	0.853
8114	2734	1	0.999
8700	5220	1	0.927
3063	967	1	0.977
5845	8526	0	0.000286
7359	7905	0	0.000245
1745	126	1	0.811
8828	6020	1	0.846
9002	2890	0	0.000618
6653	1543	1	0.909
547	2702	0	0.000148
5825	9366	1	0.975
9855	8033	0	0.000237
4682	6178	0	0.00033
9188	2172	1	0.903
7167	9673	1	0.911
2686	2914	1	0.991
6234	7921	0	0.000268
961	3203	1	0.857
6248	4996	0	0.000581
509	2871	1	0.911
3615	3526	1	0.811
6975	6005	1	0.919
7003	318	1	0.879
9677	6596	1	0.996
6007	8481	1	0.812
1243	186	1	0.956
8532	892	1	0.867
6418	62	1	0.834
9010	245	1	0.832
6938	5208	1	0.913
4075	6631	1	0.992
3463	9518	1	0.854
360	8217	1	0.922
668	3912	1	0.818
2497	5151	1	0.825
2925	2413	1	0.91
4269	8681	0	0.000186
2482	6784	1	0.996
799	166	1	0.824
346	2647	1	0.844
9085	2284	1	0.945
9298	8315	1	0.933
2383	48	1	0.863
8270	4407	1	0.941
1883	2151	1	0.945
9499	7010	0	0.000638
7435	7535	1	0.902
3974	1318	1	0.832
9600	3847	1	0.937
869	400	1	0.952
74	1201	1	0.93
3230	3734	1	0.967
2063	5646	1	0.924
155	232	1	0.882
7289	5355	1	0.806
5604	567	0	0.000161
4032	3922	1	0.852
4499	3209	1	0.95
8682	2855	0	0.000626
9009	1281	1	0.852
2786	6467	1	0.916
7506	8864	0	0.000422
9164	2690	1	0.919
9545	677	1	0.803
8688	2733	1	0.997
3789	8363	1	0.876
2040	9983	1	0.915
4207	6234	1	0.978
6096	1312	0	0.000224
7416	9101	1	0.896
1467	5826	1	0.986
8495	2863	1	0.884
2346	5407	1	0.971
153	1004	1	0.892
5482	6066	1	0.989
9334	7573	0	0.000564
3522	5866	0	0.000286
6983	4436	1	0.968
617	9150	1	0.854
2106	9946	1	0.933
2837	3	0	0.00024
3627	1007	1	0.943
4528	456	0	0.000537
8935	9271	1	0.911
9106	8923	1	0.83
2971	9288	0	0.000546
4542	5316	1	0.952
5559	5508	0	0.000408
5024	3621	0	0.000435
3045	6693	1	0.881
7106	9986	1	0.826
2071	4870	1	0.972
8466	8558	1	0.958
4785	4313	1	0.921
7128	7804	1	0.881
5745	1030	1	0.923
7749	6983	1	0.808
5739	8996	0	0.000139
9219	2374	0	0.00053
9617	4452	1	0.931
2368	6873	0	0.000584
316	8908	1	0.957
2272	1412	1	0.987
8598	1779	1	0.844
9174	4976	1	0.97
6801	9827	1	0.951
1286	7314	1	0.866
7499	1087	0	0.000161
9844	6800	1	0.858
9289	5322	1	0.979
5826	1669	0	0.000192
7168	6211	1	0.92
1319	6834	1	0.933
4163	423	1	0.857
1405	7874	1	0.872
6520	6845	1	0.906
1776	2571	1	0.864
1537	9430	1	0.806
8416	7717	1	0.976
695	1149	1	0.895
5258	2447	1	0.802
9239	6718	1	0.972
8036	5050	1	0.977
4240	5060	1	0.858
6587	8832	1	0.991
1731	3888	1	0.906
1449	606	1	0.974
8732	970	1	0.976
6180	2171	1	0.937
2856	3788	1	1
9604	1929	1	0.96
8357	1619	1	0.899
8084	854	1	0.986
5881	305	1	0.869
6347	2832	1	0.906
8834	308	1	0.888
2378	7679	1	0.882
2373	8649	0	0.000315
6469	798	1	0.949
3169	8250	0	0.000199
1669	7759	1	0.923
3764	2974	1	0.999
990	4936	0	0.000555
7151	5971	1	0.978
3057	3465	1	0.946
5282	7827	1	0.831
5570	420	1	0.901
275	348	0	0.000585
5374	618	1	0.949
7773	1492	1	0.937
4070	2441	1	0.874
3930	9472	1	0.961
5065	881	1	0.881
9118	468	1	0.877
7029	6526	1	0.952
3732	6212	1	0.928
3954	7819	1	0.885
1671	659	1	0.924
2377	1099	1	0.83
1133	2149	1	0.86
905	8275	0	0.000634
9171	3843	1	0.99
6103	4184	1	0.844
1029	3875	1	0.882
256	161	1	0.959
7625	970	1	0.935
9281	122	1	0.818
7386	837	1	0.952
2991	5297	1	0.899
4967	9295	0	8.79e-05
6099	1814	1	0.982
326	7008	1	0.998
3329	409	1	0.935
7255	4814	0	0.000235
3242	3114	1	0.966
663	8238	1	0.861
4048	9230	1	0.963
6691	1396	1	0.876
7437	6207	1	0.843
4158	5307	1	0.898
2163	171	1	0.834
8518	4702	1	0.875
2167	1167	1	0.914
6655	1583	0	8.91e-05
979	4385	1	0.825
8556	3504	1	0.958
3004	2480	1	0.939
7837	1208	1	0.907
1777	4344	1	0.896
7217	6685	1	0.912
671	4495	0	0.000274
6219	4600	1	0.97
7452	2655	1	0.892
1938	8681	1	0.873
7748	2131	0	0.000379
455	5619	1	0.939
5938	1761	1	0.828
6778	655	0	0.000159
2374	293	1	0.933
4336	251	1	0.963
1699	1442	1	0.87
5997	301	1	0.995
231	2971	1	0.998
4970	6389	0	0.000144
6101	8495	1	0.945
3639	934	1	0.845
4210	3752	0	0.000464
4286	5103	1	0.833
1952	9875	1	0.945
7784	199	1	0.946
7602	4974	1	0.989
6834	1319	1	0.886
7857	4403	1	0.866
5004	5195	1	0.879
1637	77	1	0.889
9849	9239	1	0.854
9100	6604	1	0.837
9891	1402	1	0.9
4865	7568	1	0.949
3483	6542	1	0.944
60	5324	0	0.000283
4674	5295	1	0.844
3237	2380	1	0.904
6438	8003	1	0.801
9529	6523	1	0.805
3654	6894	1	0.825
4437	7905	0	0.000597
859	4758	1	0.881
1713	3151	1	0.998
9795	9513	1	0.993
9356	1970	0	0.00061
6181	9510	0	0.000286
1954	173	0	0.000386
4006	2776	1	0.865
593	4604	1	0.999
5419	3939	1	0.893
5627	4441	1	0.906
2863	2	1	0.863
3642	1208	1	0.872
8407	126	1	0.92
9185	4182	1	0.969
7210	578	1	0.932
4781	5372	0	0.000425
4453	7003	1	0.86
9897	5520	1	0.974
6508	3301	1	0.974
6868	2566	1	0.896
24	9472	1	0.873
8162	3298	1	0.836
5497	2758	1	0.804
9318	3259	1	0.979
5532	1690	1	0.856
7587	6604	1	0.896
114	6576	0	9.57e-05
1720	8025	1	0.837
2818	7913	1	0.915
897	6314	1	0.972
1584	7780	0	0.000491
8769	2059	1	0.81
7711	2217	0	0.000509
7906	4805	1	0.859
3273	3162	0	0.000479
8636	1572	1	0.85
6548	4809	0	0.000605
7592	3179	1	0.851
2926	1795	1	0.919
8876	2612	1	0.954
6154	301	1	0.891
7745	2862	1	0.823
2903	1424	1	0.837
6448	576	0	0.00044
6765	9855	0	0.000249
7569	1693	1	0.83
2318	5546	1	0.891
2343	5879	1	0.921
5337	4320	1	0.909
1394	6597	1	0.9
4073	7142	0	0.000355
5646	4159	1	0.99
6359	5788	1	0.978
8533	909	1	0.853
4986	997	1	0.885
6864	9104	1	0.834
4735	1346	1	0.802
2220	5488	0	0.000395
8029	9870	1	0.855
6961	3986	1	0.847
7583	6489	1	0.979
9130	4935	1	0.864
3689	5456	1	0.995
5097	2799	1	0.909
1628	278	1	0.825
9890	4586	1	0.873
4926	1414	0	0.000224
9513	6334	0	0.000517
113	2982	0	0.000188
2681	2475	1	0.802
8172	6597	1	0.969
1909	1014	1	0.833
9283	6410	1	0.919
7410	1701	1	0.987
1542	1794	0	0.000613
6259	8894	1	0.984
2657	2228	1	0.936
5476	2523	1	0.898
7798	3217	1	0.91
7294	7408	1	0.97
466	363	1	0.856
7337	1715	0	0.000374
6855	4963	1	0.862
373	5915	1	0.917
6830	1925	1	0.864
8482	3019	1	0.902
4517	5675	1	0.834
8980	3648	1	0.824
1267	4103	0	0.000522
3338	2166	1	0.985
7148	5749	0	0.000388
6577	173	1	0.849
4144	3461	1	0.944
1611	5645	1	0.867
5663	5975	1	0.988
2211	1609	1	0.924
546	1527	1	0.949
6316	7040	0	0.000399
7107	5220	0	0.000169
2820	2633	1	0.936
2577	5117	0	0.000342
9734	3751	1	0.898
2976	4512	1	0.977
3155	5139	1	0.969
469	5477	1	0.862
9711	8862	1	0.831
2598	4067	1	0.917
1856	5304	1	0.82
2936	4034	1	0.998
3282	6473	1	0.832
964	644	1	0.944
1114	2768	0	0.000174
6042	8534	1	0.929
450	5556	1	0.957
6138	5769	1	1
9395	4583	1	0.984
798	2820	1	0.824
4282	4024	1	0.844
2448	6245	1	0.841
8618	751	1	0.901
3249	5888	0	0.000328
2192	3998	0	8.17e-05
6475	8925	1	0.884
3186	7175	1	0.828
405	9257	1	0.888
3052	9353	1	0.912
3235	9836	1	0.909
4194	7	1	0.865
4172	6029	1	0.929
5140	6156	1	0.976
3320	420	1	0.843
7615	4083	1	0.9
6781	7746	1	0.999
3700	8910	1	0.996
3441	2344	0	0.00038
904	3613	0	0.000351
3557	4933	1	0.915
686	4489	1	0.847
3965	7472	1	0.979
4690	874	0	0.000222
8155	1644	1	0.845
4878	2250	0	0.000278
86	8689	1	0.875
2565	177	1	0.885
2195	7411	1	0.844
7800	1819	1	0.818
2505	9304	1	0.987
4530	3723	0	0.000241
2028	9516	0	0.000301
4044	609	1	0.895
8167	9704	1	0.822
8606	3583	1	0.869
7089	2903	1	0.96
7298	2256	1	0.842
3622	723	0	0.000115
5715	6165	1	0.918
8613	2167	1	0.902
3589	9882	1	0.909
9970	8219	0	0.000384
2151	6529	0	0.00046
3464	1023	1	0.822
8231	9824	1	0.812
5518	2154	1	0.923
8053	3565	1	0.876
5117	9973	1	0.842
8595	2225	1	0.872
9556	2724	1	0.99
4468	3781	1	0.837
6484	20	1	0.847
2798	5879	1	0.95
3002	1259	1	0.852
2111	6658	1	0.897
6509	7830	1	0.911
9983	3569	0	0.000145
9631	731	1	0.82
2286	359	1	0.951
1233	8962	0	0.000519
8901	8102	1	0.945
4556	2971	0	0.0002
3921	8026	1	0.833
5708	5087	1	0.823
940	9676	1	0.922
6928	4511	1	0.87
9471	6768	1	0.988
3802	5641	1	0.991
1864	5589	1	0.867
2651	9419	1	0.839
390	767	0	9.79e-05
6876	5183	1	0.995
6303	1047	1	0.8
412	9508	1	0.829
9921	5507	1	0.801
3613	206	1	0.915
911	2261	1	0.991
6598	3356	1	0.98
7313	9080	1	0.958
1111	7849	1	0.999
1643	7860	1	0.904
8559	2213	1	0.908
497	1294	1	0.973
5851	6694	1	0.835
7593	5289	1	0.994
9013	3789	1	0.952
9474	736	1	0.865
2900	561	1	0.833
6594	8072	1	0.894
8303	6478	1	0.861
5316	6052	0	0.000598
9900	7079	1	0.965
1970	9356	0	0.00023
1579	3294	1	0.862
1540	6044	1	0.935
9904	6631	0	0.000132
8972	832	1	0.862
2364	8723	1	0.998
4429	6860	1	0.858
1705	1617	1	0.938
5131	448	1	0.87
2685	2659	1	0.845
2074	7439	1	0.989
6415	6096	1	0.928
2280	5514	1	0.93
1235	431	1	0.933
3655	9857	1	0.824
1507	7164	1	0.869
3693	4765	0	0.000129
9703	8381	1	0.954
5159	7040	0	0.000585
409	3689	1	0.943
2331	2062	1	0.873
6330	1463	1	0.881
4895	643	1	0.948
395	1657	1	0.863
2956	4646	1	0.894
288	483	1	0.936
9020	2762	1	0.983
4259	2168	1	0.827
3755	9455	1	0.951
2871	458	1	0.917
8550	3199	1	0.874
123	370	1	0.947
6693	2771	0	0.000213
6057	1862	1	0.983
2048	3959	1	0.872
9067	9472	1	0.967
3625	6258	1	0.885
609	8964	1	0.91
2533	1066	1	0.949
6763	1297	1	0.939
797	1612	1	0.997
6951	9491	1	0.964
8314	9013	1	0.82
7093	6017	1	0.875
4808	9502	1	0.908
7958	3317	1	0.812
9483	7689	1	0.84
2296	7578	1	0.923
358	7829	0	0.000194
840	6655	1	0.827
2846	8418	0	0.000336
5	0	1	0.829
4365	1781	0	0.000131
2136	7247	1	0.959
8735	2730	0	0.000466
3779	2775	0	0.000192
3674	4118	0	0.0002
6966	5181	1	0.919
5636	2373	1	0.827
3200	703	1	0.824
4326	2950	1	0.878
4481	7123	1	0.927
8839	2252	1	0.927
2541	7391	1	0.916
4714	4346	1	0.919
6678	1179	1	0.989
4201	6828	0	0.000389
9080	2035	1	0.928
3518	8740	1	0.944
495	9209	1	0.96
4787	427	0	0.000618
3086	2057	1	0.841
7286	7847	1	0.994
6741	7273	1	0.857
3036	7272	1	0.996
2842	3234	1	0.916
8982	327	1	0.896
9213	8002	1	0.998
3281	7808	1	0.815
1659	7199	1	0.967
3387	9813	1	0.958
637	633	1	0.996
7354	4637	1	0.953
3505	1111	1	0.847
62	1536	0	0.000535
7984	2583	1	0.849
293	2417	1	0.801
3461	5269	1	0.973
2785	7136	1	0.914
2415	8464	0	0.000209
5582	4171	1	0.813
523	275	1	0.917
8284	3807	1	0.824
8313	1147	1	0.976
9359	3853	1	0.941
8875	8930	1	0.912
4779	9036	1	0.808
1131	4484	1	0.883
2258	449	1	0.85
4568	1280	1	0.825
2551	231	1	0.925
2627	9213	1	0.941
3379	4112	1	0.832
5792	5756	1	0.982
172	728	1	0.863
7924	3925	1	0.989
4222	5558	0	0.000306
6846	9047	1	0.807
349	6365	1	0.97
9008	3500	1	0.923
9510	1283	1	0.99
5091	7540	1	0.969
6567	2286	1	0.807
6707	9777	1	0.919
9039	2788	1	0.944
5075	5023	1	0.829
1229	106	1	0.89
7025	3740	1	0.879
2989	6551	0	0.00016
6497	2216	1	0.897
1858	1194	1	0.802
9244	9144	1	0.891
7491	5970	1	0.808
7152	9983	0	0.000345
5662	2854	1	0.967
8806	4126	1	0.985
2910	4539	1	0.899
9822	1026	1	0.868
966	7113	1	0.981
4837	7201	1	0.942
9249	7495	1	0.855
9458	5390	1	0.832
5592	7834	0	0.000269
9202	5855	0	0.000287
1362	1821	1	0.97
2801	783	1	0.938
1402	636	1	0.803
9322	5620	1	0.953
4746	2256	1	0.824
3893	3031	0	0.000106
881	2355	1	0.974
8961	7570	0	0.000343
57	1133	1	0.91
3355	2579	1	0.974
9252	7273	1	0.835
1135	2406	1	0.802
7466	6151	1	0.835
1289	757	0	0.000267
5474	9502	1	0.848
3533	9676	1	0.966
621	9044	1	0.856
2026	7724	1	0.903
6286	4306	0	0.000527
9429	7027	0	0.000414
9005	188	1	0.953
9425	3287	1	0.99
6196	8814	1	0.922
6962	7448	1	0.851
3750	1804	0	0.000137
2660	6091	1	0.899
8987	2692	1	0.823
3668	8530	1	0.926
9255	6651	1	0.93
9381	9953	1	0.908
1414	8241	1	0.897
1486	6886	1	0.891
1612	7027	1	0.852
6869	5364	1	0.814
2003	6161	1	0.936
2135	6074	1	0.902
2984	2426	1	0.904
5680	8517	1	0.925
8012	812	0	0.000192
4079	8891	1	0.941
4051	5708	1	0.966
1064	7247	0	0.000343
5835	3156	0	0.000368
693	7552	1	0.999
434	298	1	0.983
7242	5018	1	0.803
6948	3834	1	0.853
5146	2767	1	0.805
5752	9722	1	0.93
975	1102	1	0.924
1714	9822	1	0.933
4629	4718	1	0.963
922	1352	1	0.999
427	6491	1	0.854
5264	1897	1	0.829
6841	5493	1	0.823
3500	3301	1	0.993
688	279	1	0.921
6503	388	1	0.965
3904	1581	1	0.801
4554	8645	1	0.838
7946	3657	0	0.0004
3962	4126	1	0.884
7484	5578	1	0.849
1741	2958	1	0.82
8339	6607	1	0.907
2528	9799	0	0.000428
8575	3111	1	0.92
7529	2470	1	0.859
8799	3240	1	0.961
6870	3415	1	0.863
2992	1493	1	0.833
2514	3831	1	0.913
8362	7977	1	0.92
8977	285	0	0.000231
6371	8757	1	0.93
9661	4196	1	0.997
5971	5636	1	0.994
6992	3994	1	0.901
785	5527	1	0.925
2742	4722	1	0.825
6767	5556	1	0.857
1541	4138	1	0.83
6445	771	1	0.856
7096	5006	1	0.919
7228	5273	1	0.815
4388	5128	1	0.963
9829	7792	1	0.911
5071	9557	1	0.961
1328	1620	1	0.966
1404	6217	1	0.87
9374	6890	1	0.821
8677	7453	1	0.832
8344	3993	1	0.875
10	3996	0	0.000182
5610	360	1	0.812
7830	8637	1	0.891
9537	43	1	0.925
7121	7435	1	0.821
7462	1030	1	0.904
1896	5473	0	0.000463
3286	339	0	0.000435
9228	3194	1	0.882
185	5746	1	0.817
1585	7126	1	0.972
1147	2000	1	0.843
4841	4022	0	0.000166
4553	3231	1	0.941
8033	8019	1	0.979
9753	2715	1	0.97
9493	8795	1	0.911
5281	1505	1	0.804
5106	2221	1	0.821
7695	6420	1	0.847
1806	7472	1	0.838
2099	2702	1	0.959
3858	3561	1	0.916
6720	6314	1	0.994
4581	5203	1	0.992
6205	8966	1	0.93
8523	7659	1	0.905
6912	4855	0	0.000562
4921	734	1	0.965
2452	6963	1	0.928
4842	8543	1	0.87
5346	4746	1	0.807
6523	1408	1	0.83
3074	3797	1	0.999
8268	3823	1	0.981
7135	7305	1	0.996
6058	4671	1	0.969
1129	7004	1	0.841
9685	7139	1	0.913
742	8091	1	0.845
3986	551	1	0.953
858	1792	0	0.000571
3147	7922	1	0.839
2875	6057	1	0.827
6283	1148	1	0.935
4391	5759	1	0.874
6519	9044	1	0.851
2061	9898	1	0.931
9775	9706	1	0.98
7149	1731	1	0.825
6580	1329	0	0.000123
914	5698	0	0.0004
5335	4146	1	0.993
6009	4112	0	8.06e-05
8816	208	1	0.913
9809	8440	1	0.943
317	5640	1	0.903
7980	1232	1	0.935
5542	6949	1	0.835
9346	9864	1	0.837
5018	3767	1	0.922
7146	4115	1	0.869
3310	6180	1	0.885
5368	6405	1	0.886
7559	1604	1	0.882
4520	3728	1	0.927
160	2175	1	0.915
4179	4524	1	0.921
5903	5431	1	0.898
9384	10	1	0.95
5291	8484	1	0.815
8020	6359	1	0.901
4283	2697	1	0.942
7322	4410	1	0.939
2297	4373	1	0.94
8119	4390	1	0.819
3699	317	1	0.945
1291	229	1	0.967
9299	4177	1	0.989
2756	59	1	0.84
6982	5590	0	0.000469
761	1523	0	0.0004
9872	8683	1	0.833
1101	5644	1	0.865
4107	6227	1	0.956
7560	1439	1	0.816
1825	3958	0	0.000109
2608	8618	0	0.000156
9669	1994	1	0.963
8222	381	1	0.976
6094	4212	1	0.902
6296	8718	0	0.000462
4390	6957	1	0.937
5272	5644	1	0.966
9291	7363	1	0.991
3569	7152	1	0.82
2918	2408	0	9.52e-05
614	9020	1	0.857
1095	3253	1	0.916
6522	6505	1	0.852
3342	3310	1	0.915
5649	2546	1	0.979
2007	9134	0	0.000136
2435	4851	1	0.979
5499	8986	1	0.818
4652	2395	1	0.934
4377	5252	0	0.000571
7154	4867	0	0.000617
2880	4669	1	0.823
9781	6059	1	0.918
1563	3289	1	0.862
452	9173	0	0.000545
5306	1289	1	0.89
4904	6980	1	0.834
8229	382	1	0.87
820	9791	1	0.875
3993	3471	1	0.812
988	332	1	0.82
4228	2781	1	0.942
6212	6765	1	0.817
7260	3327	1	0.909
7526	2488	0	0.000129
532	359	1	0.983
2554	9289	1	0.824
7199	2539	1	0.919
2945	871	1	0.954
3297	6873	1	0.833
596	7712	1	0.818
9184	612	1	0.982
2609	6677	1	0.906
8571	1738	1	0.959
3019	3291	1	0.846
1160	5633	1	0.972
3940	5552	0	0.000411
7345	7290	0	0.000562
9833	9607	1	0.829
7786	273	1	0.948
7219	5890	1	0.801
6050	2703	1	0.96
2788	897	1	0.989
1072	1452	1	0.87
9955	1819	1	0.911
4416	1319	1	0.893
9709	3872	1	0.815
6539	5612	1	0.976
8273	7201	0	0.000434
3274	4296	1	0.841
8946	2366	1	0.891
8428	8727	1	0.87
2894	1352	1	0.977
1349	5657	1	0.872
3165	4923	1	0.932
6553	7811	1	0.986
286	4191	1	0.948
6721	6383	1	0.879
5631	8917	0	0.000103
8002	734	0	0.000183
3565	4401	1	0.878
3621	8457	0	0.000412
9924	907	1	0.83
3255	7428	1	0.9
7780	6799	1	0.946
4871	1585	1	0.878
4894	5089	1	0.971
8389	335	1	0.85
6433	9074	1	0.892
2599	885	1	0.995
9303	2054	0	0.000226
3301	8256	1	0.843
5029	8799	1	0.899
8000	4305	1	0.993
8334	4924	1	0.924
7781	3322	1	0.959
4702	6653	1	0.994
3021	6357	1	0.802
2444	7752	1	0.95
8955	2247	1	0.951
7104	5458	1	0.923
7712	1196	1	0.836
8117	7285	0	0.000245
6809	5883	1	0.908
5341	2536	1	0.95
273	8971	1	0.95
4551	9527	1	0.978
1132	241	1	0.806
9960	9903	0	0.000216
5719	3243	1	0.917
885	9663	1	0.926
3162	6383	1	0.991
9674	8842	1	0.909
5600	9075	1	0.839
339	883	1	0.846
3558	4210	1	0.819
876	7244	1	0.892
9681	4987	1	0.801
2334	3032	0	0.000336
9758	5700	1	0.926
3099	3964	1	0.906
5008	642	1	0.822
4182	4841	1	0.989
9913	4149	1	0.917
1035	8947	1	0.895
1841	3586	1	0.802
501	8049	1	0.874
5233	3883	1	0.981
474	5501	1	0.843
9416	1568	0	0.000373
8435	6727	1	0.802
5141	501	1	0.806
6900	1577	0	0.000513
8902	7231	1	0.903
4185	604	1	0.869
5338	601	1	0.827
1554	4472	1	0.996
4229	1608	1	0.928
2206	4609	1	0.976
3666	2201	1	0.878
6623	2803	1	0.878
5069	4184	1	0.96
7207	6464	1	0.825
9857	8961	1	0.845
6425	2342	1	0.849
6566	2779	0	0.000432
8670	5735	0	0.000548
4142	3152	1	0.847
5172	6281	1	0.89
2109	9792	1	0.806
7495	608	0	0.000306
8208	866	1	0.952
9175	9060	1	0.818
7378	7290	1	0.926
4914	2102	1	0.899
8818	6742	1	0.836
2548	269	1	0.824
4648	9949	1	0.832
2259	1248	0	0.000488
9655	2819	0	0.000359
9998	1322	1	0.894
6780	619	0	0.000538
1992	4626	1	0.844
3214	8341	1	0.926
883	4975	1	0.958
2471	990	1	0.844
5830	1288	1	0.814
9812	2992	1	0.907
3108	1646	1	0.88
1142	1964	1	0.824
6739	4975	1	0.842
6934	1650	1	0.809
7235	6483	1	0.82
3718	2566	1	0.906
7579	4793	1	0.876
4509	8607	1	0.845
5863	818	1	0.96
8653	4564	1	0.93
4850	5074	0	0.000345
5073	6017	1	0.991
1606	1577	0	0.000403
5644	770	1	0.89
6530	2189	1	0.887
873	9110	1	0.879
1875	970	1	0.895
920	4698	1	0.946
7925	4735	1	0.87
6742	8636	0	0.000384
6362	9954	1	0.912
6831	540	1	0.998
4766	4219	1	0.928
7144	7316	1	0.983
4463	6188	1	0.817
3662	7174	1	0.812
702	1294	1	0.944
1317	744	1	0.933
3126	457	1	0.909
1307	9656	1	0.806
3888	8019	1	0.955
9418	1852	0	0.000247
6020	7082	1	0.844
440	5756	0	0.000484
6107	9648	1	0.857
9797	509	0	0.000451
7812	8804	1	0.904
9926	9917	1	0.923
7397	587	1	0.937
3213	9570	1	0.968
9639	6696	1	0.875
9056	6123	1	0.876
7919	3020	1	0.935
3101	7676	1	0.899
6467	4385	1	0.928
493	5003	1	0.811
2089	658	1	0.871
7772	3793	0	0.000227
9090	127	1	0.891
8489	8526	0	0.000234
8294	5608	1	0.925
5875	7552	1	0.814
9956	2290	1	0.84
5787	4923	1	0.81
3131	7530	0	0.000615
7075	7271	1	0.873
88	43	1	0.94
8974	7	1	0.953
7160	8428	1	0.988
2382	4419	1	0.81
1006	809	1	0.99
8625	6424	1	0.926
3945	3519	1	0.871
5530	5419	1	0.994
2436	9060	1	0.936
8003	5387	1	0.922
4030	739	0	0.000154
6386	345	1	0.949
6757	4939	1	0.939
1000	4068	1	0.957
1578	9259	1	0.967
5142	1213	1	0.95
3769	4797	1	0.905
8148	2684	1	0.933
955	599	1	0.969
5817	2550	1	0.942
8328	968	1	0.933
2037	1644	0	0.000393
1756	3041	1	0.979
8500	2013	1	0.94
8030	1007	0	0.000235
3067	284	1	0.853
6367	6328	1	0.874
1703	5277	1	0.837
9343	8640	0	8.95e-05
4984	2325	1	0.917
9935	8533	1	0.898
827	1611	1	0.971
3260	1078	1	0.916
9889	588	1	0.836
6837	6598	1	0.997
2051	3404	1	0.846
6070	6860	1	0.898
9526	216	1	0.979
3212	487	0	0.000577
3997	1160	1	0.995
8580	2427	1	0.928
2839	3588	1	0.982
751	669	1	0.948
5431	3343	1	0.979
2122	65	1	0.908
9667	9434	1	0.983
5299	416	1	0.945
5163	405	1	0.934
1220	318	1	0.961
4603	581	1	0.977
1521	6122	1	0.926
3552	8486	1	0.957
195	158	1	0.819
2872	3816	1	0.972
7236	5914	1	1
8110	2895	1	0.852
6838	9947	1	0.835
2304	6546	1	0.876
9278	9922	1	0.97
4507	1174	1	0.975
7391	459	1	0.913
101	6252	1	0.89
9181	8107	1	0.834
8610	4451	1	0.845
9762	7602	1	0.817
9511	4277	1	0.913
4880	1998	1	0.922
173	6922	1	0.987
984	3028	1	0.846
6576	2895	1	0.842
7405	190	0	0.000368
3383	7244	1	0.915
4169	2186	1	0.893
5243	2195	1	0.926
475	3700	1	0.977
8183	9680	1	0.946
3595	9118	1	0.823
7650	9229	1	0.973
1819	1320	1	0.935
7697	9751	1	0.874
2022	355	1	0.823
4015	3007	1	0.927
9128	7386	1	0.891
5136	4335	1	0.986
5778	2792	1	0.974
2012	1069	1	0.934
1529	5775	1	0.866
7936	6307	1	0.97
767	8272	1	0.942
1143	5347	1	0.921
298	457	1	0.802
9378	442	1	0.978
3884	9662	1	0.993
7932	9949	1	0.976
3594	9266	1	0.91
3695	7019	1	0.932
7680	1470	0	0.000524
2935	5859	1	0.895
3624	224	1	0.985
5962	2574	0	0.000262
2083	9028	1	0.829
6999	4416	0	0.000183
9766	3838	1	0.873
9340	929	1	0.955
4610	16	1	0.929
9312	4318	1	0.853
8370	1511	1	0.879
706	2805	1	0.97
315	7128	1	0.874
6985	2300	1	0.817
4164	7930	1	0.85
5188	3035	1	0.851
3361	51	1	0.815
8553	1814	1	0.868
6414	5689	0	0.000424
9323	3141	1	0.987
9971	7859	1	0.876
7436	3242	1	0.832
1216	4724	1	0.883
6268	3445	1	0.863
7328	8153	1	0.982
2292	891	1	0.87
8809	4355	1	0.899
9643	7426	1	0.965
7066	4419	1	0.873
6134	3526	1	0.979
1028	1090	1	0.918
9400	2641	1	0.966
2952	9700	1	0.907
7387	1207	1	0.85
4594	4020	1	0.81
3985	2475	0	0.000508
2320	9510	1	0.958
743	360	1	0.985
7878	3342	0	0.000617
4331	1043	1	0.906
825	5077	1	0.961
2899	710	0	0.00018
8757	9484	1	0.992
3743	6074	1	0.888
7494	3643	1	0.803
143	5974	1	0.945
4982	8810	0	0.000485
8616	1204	0	0.000102
1843	9588	1	0.824
3900	9151	1	0.817
4577	2280	1	0.93
5049	1986	0	0.000124
1102	453	1	0.86
2221	9684	1	0.909
2692	1742	1	0.9
2126	7122	1	0.982
5060	1074	1	0.829
5492	7481	1	0.973
8253	1653	0	0.000547
5994	462	1	0.886
575	1286	1	0.948
8487	4650	1	0.951
1696	5948	1	0.838
7646	748	1	0.844
2893	1438	1	0.812
5957	5489	1	0.862
7061	4805	1	0.958
6294	5850	1	0.858
5538	5004	1	0.89
5802	2982	1	0.809
228	412	1	0.964
4476	1712	1	0.887
1078	11	1	0.885
3161	9857	0	0.000418
9915	7491	1	0.86
9434	7366	1	0.908
5932	914	0	0.000469
6688	3258	1	0.909
8483	3547	1	0.933
8429	6476	1	0.805
6666	3744	1	0.889
9848	6924	1	0.985
5225	5665	1	0.825
6709	3824	1	0.806
6024	9085	1	0.97
9146	6922	1	0.951
5179	8653	0	0.000513
2127	6448	0	0.000341
5350	9326	1	0.902
1879	2576	1	0.987
4762	5658	1	0.917
1357	5040	0	0.000209
5445	9899	1	0.816
3154	5658	0	0.000623
6209	6919	1	0.908
3648	1194	1	0.833
5709	8615	1	0.804
2278	5722	1	0.924
210	7405	1	0.976
8246	395	1	0.871
236	789	1	0.942
5732	1902	1	0.834
6358	223	1	0.83
1282	1048	0	0.000508
5330	5017	1	0.97
6018	3361	1	0.86
9575	6057	1	0.863
7514	1498	1	0.829
899	49	1	0.895
4262	8326	1	0.898
3581	8330	0	0.000113
8578	6348	1	1
690	4049	0	0.000551
4020	6231	1	0.808
732	5320	1	0.947
5516	1749	1	0.979
9977	3708	1	0.877
1417	3162	1	0.961
7740	7176	0	0.000608
5332	9582	0	0.000608
7471	604	1	0.805
8279	1514	1	0.867
5588	9961	1	0.881
9968	373	1	0.978
8425	16	1	0.901
567	68	1	0.959
3673	4049	1	0.938
5101	1123	1	0.832
5467	3856	1	0.801
1900	1196	1	0.99
6534	7448	1	0.808
7835	3115	1	0.911
9561	6818	1	0.805
9362	7136	0	0.000389
5063	4383	1	0.881
7710	5043	1	0.962
999	7399	0	0.000242
2567	709	1	0.852
7204	4296	0	0.000252
5939	1250	1	0.842
458	4822	1	0.911
590	3816	1	0.815
2790	399	1	0.884
6921	1082	0	0.000248
1110	3342	1	0.95
6430	113	1	0.913
6111	8053	1	0.839
3124	881	1	0.87
9006	9023	1	0.829
5657	1349	1	0.891
5871	476	1	0.911
8250	3169	1	0.829
1431	7679	1	0.893
7357	7233	0	0.000476
5639	6673	1	0.957
9596	8707	1	0.935
3430	1647	1	0.864
6773	202	1	0.953
9361	4975	1	0.981
1400	4296	1	0.858
5473	2881	0	0.000231
7673	6372	1	0.921
5515	557	1	0.927
9003	6584	1	0.898
8821	6509	1	0.827
8896	474	1	0.862
387	3915	1	0.821
4635	4554	1	0.815
9751	9921	1	0.814
1262	4835	1	0.937
7432	9317	1	0.829
6799	6276	1	0.826
6341	528	1	0.907
8264	2849	1	0.872
6068	3283	1	0.884
974	8649	1	0.988
5707	3364	1	0.835
4227	5829	1	0.896
9216	2519	1	0.922
1783	3885	0	0.00038
7475	3761	0	0.000583
8243	1339	1	0.803
2990	404	1	0.857
9268	2517	1	0.994
5850	3846	0	0.000321
6895	2602	1	0.931
3253	4172	1	0.927
1830	1247	1	0.949
3881	7439	0	0.000465
1894	85	1	0.849
3684	4999	1	0.988
6516	6862	1	0.839
6474	3900	1	0.89
9646	4898	1	0.953
6429	9152	1	0.979
9658	5155	1	0.92
460	5330	1	0.867
8338	5525	0	0.000185
1508	3668	1	0.934
1917	9858	1	0.843
7774	3736	0	0.000521
9001	510	1	0.989
1121	4318	1	0.803
2643	3109	1	0.819
2112	2129	0	0.000515
8558	8650	0	0.000215
7323	7659	1	0.84
2238	4894	1	0.914
9355	3576	1	0.843
9803	429	0	0.000592
6169	9142	1	0.892
5623	3066	1	0.954
8474	7118	1	0.924
3378	7837	0	0.000238
1755	1410	1	0.969
1608	6631	1	0.921
6375	2542	1	0.843
3571	6048	1	0.906
1316	1642	1	0.838
7694	1362	1	0.836
9760	2994	1	0.903
5109	2804	0	0.000273
1851	859	1	0.952
9846	9905	1	0.954
5736	207	1	0.801
1175	823	1	0.85
4600	255	1	0.954
2404	8366	1	0.828
1203	175	1	0.948
2421	2438	1	0.968
2285	945	1	0.849
5404	4756	1	0.819
5356	6694	1	0.995
5555	517	0	0.000354
8412	237	1	0.827
8432	618	1	0.88
9415	8266	1	0.864
3848	2670	1	0.987
5539	2030	0	0.000485
5102	5871	1	0.87
335	9268	0	0.000563
2604	1485	1	0.873
99	5515	0	0.000278
330	1036	1	0.913
602	8833	1	0.893
5984	7279	0	0.000392
7872	5352	0	0.000548
5833	3043	1	0.961
4706	4429	1	0.952
8035	2903	1	0.802
341	6466	1	0.975
3537	4609	0	0.000626
7792	1190	1	0.994
2495	4439	1	0.994
2951	7293	1	0.944
1535	3606	1	0.951
4943	1286	1	0.892
1898	4070	1	0.861
4342	2963	0	0.000381
7070	2565	1	0.808
9077	2855	1	0.96
4357	3558	1	0.979
4168	3799	1	0.826
7237	799	1	0.904
8419	9341	1	0.972
6826	959	0	0.000551
1961	1342	1	0.843
5082	9828	0	0.000621
1106	9491	1	0.979
5770	6922	1	0.945
5506	9364	1	0.913
4435	1925	1	0.853
9125	5307	0	0.000576
3868	7127	1	0.957
7538	1348	1	0.904
3087	6961	1	0.922
6270	709	1	0.953
1593	5963	0	0.000601
1796	2860	1	0.919
4204	6797	0	0.000192
8090	7075	1	0.94
9104	5546	1	0.944
481	7523	1	0.928
6046	1239	1	0.941
9391	7265	1	0.952
853	8230	1	0.853
823	3458	1	0.813
8017	2490	1	0.823
4292	3063	1	0.839
8564	420	1	0.846
7277	285	1	0.818
3617	228	1	0.805
1001	1824	1	0.871
71	1006	1	0.869
7661	2542	1	0.867
5781	2804	0	0.000555
5343	789	1	0.855
5683	6912	1	0.85
9131	7724	1	0.971
2162	2788	1	0.823
1332	3006	0	0.000562
8044	6446	0	0.000179
3311	2778	0	0.000464
9774	5684	1	0.945
5772	2550	1	0.977
8374	8851	1	0.932
4685	8261	1	0.836
9689	8543	1	0.807
842	7921	0	0.000589
8147	5810	1	0.804
9097	4390	1	0.943
2870	2925	0	0.000183
6166	1460	0	0.000536
6902	1354	1	0.885
1396	6323	1	0.911
5260	706	1	0.825
6673	7428	1	0.963
603	6484	1	0.834
8434	7642	1	0.801
9341	6771	1	0.865
8692	3014	1	0.937
3079	9188	1	0.901
3064	1134	1	0.806
9559	3745	0	0.000379
4999	7820	1	0.902
6669	1004	1	0.983
8074	6628	1	0.892
5197	8767	1	0.844
2486	1473	1	0.844
6996	2773	1	0.867
8068	1467	1	0.881
9858	9854	0	0.000423
9823	893	0	0.00035
3710	6950	0	0.000613
7102	4564	1	0.938
7862	7229	1	0.995
7202	3422	1	0.813
1681	5893	1	0.895
7195	2945	1	0.863
3000	5888	1	0.837
5935	8981	0	9.18e-05
554	771	1	0.842
7810	4864	1	0.991
1504	7486	1	0.891
6973	5731	1	0.837
2233	88	1	0.875
9451	4420	1	0.854
5694	5197	1	0.93
7320	2783	1	0.832
4411	1517	1	0.968
1555	959	1	0.841
4143	4248	1	0.865
1314	8886	0	0.000186
260	2445	1	0.815
3961	9863	1	0.92
6923	5214	1	0.832
1596	8860	1	0.991
401	3537	1	0.964
9620	9040	1	0.824
1425	8550	1	0.958
4910	9274	1	0.93
7644	4823	1	0.98
5593	5641	1	0.952
5791	3414	1	0.88
8661	2115	1	0.946
2299	1125	1	0.877
6786	4181	1	0.887
3791	4056	1	0.995
4394	2239	1	0.891
2682	4876	1	0.969
9	2147	1	0.898
7310	4727	1	0.827
7543	780	1	0.95
7302	4345	1	0.8
2826	1994	0	0.000309
7867	7916	1	0.945
7409	4068	1	0.926
7382	8409	0	0.000529
3358	3718	1	0.814
1758	6153	0	0.000348
8293	6403	1	0.916
9191	1504	1	0.881
7479	7472	1	0.957
9684	2473	1	0.921
7065	3480	0	0.000501
6883	5473	1	0.885
296	7630	1	0.856
1673	9493	1	0.815
6067	1549	1	0.806
7969	4875	1	0.959
5302	8293	1	0.931
8592	9859	1	0.988
6511	892	1	0.95
9651	2359	1	0.885
385	835	1	0.832
7947	1816	0	0.000417
6867	5876	1	0.932
4379	1791	0	0.000534
9375	5419	1	0.858
1447	9685	1	0.873
8267	2697	1	0.914
299	2299	1	0.806
5913	33	1	0.985
7743	8893	1	0.91
6086	8720	1	0.958
6157	7111	0	0.000105
8601	8185	1	0.924
7717	2523	1	0.911
8814	1250	1	0.864
9672	6023	1	0.972
3294	7422	1	0.987
5158	211	1	0.936
7084	7192	1	0.97
7487	2392	1	0.812
2313	8560	1	0.816
3780	6344	1	0.935
8849	656	1	0.857
208	7329	1	0.932
8346	8926	1	0.881
1092	5000	0	0.000444
1765	1018	1	0.844
1968	1980	1	0.88
294	4429	1	0.802
5274	810	1	0.902
670	4452	1	0.824
7818	8945	1	0.904
8513	3932	1	0.949
4738	58	1	0.846
441	6674	1	0.906
1485	4200	1	0.88
6877	7600	1	0.902
221	4227	1	0.814
3788	4962	1	0.973
9274	2194	1	0.929
48	9124	1	0.892
1075	1405	1	0.856
6348	7269	1	0.957
8426	5978	1	0.857
6784	1408	1	0.848
5078	182	0	0.00047
681	598	1	0.886
9033	3781	0	0.000143
9168	8528	1	0.839
3053	8751	1	0.972
2408	2429	1	0.884
8841	7114	1	0.868
611	9185	1	0.98
98	3855	1	0.865
4922	1633	1	0.816
321	5991	1	0.812
4493	888	1	0.869
7082	3570	1	0.836
4686	479	0	0.000274
290	6100	1	0.824
6191	5170	1	0.821
8157	3696	1	0.906
1294	8850	1	0.991
2480	8002	1	0.879
9700	6347	1	0.878
2626	5485	1	0.872
8098	5714	1	0.942
3652	5852	1	0.863
7886	1178	0	0.000135
2290	2874	1	0.962
3299	2443	1	0.858
5064	1031	1	0.918
2294	3207	0	0.000354
7488	34	1	0.992
2766	5687	1	0.928
7651	587	1	0.867
9370	329	1	0.801
6866	6299	1	0.861
2301	1766	1	0.939
224	5313	1	0.885
1178	681	1	0.896
2072	920	1	0.819
6890	9106	1	0.959
9063	4780	1	0.995
3261	370	1	0.82
5201	1228	0	0.000211
3244	7952	1	1
235	8760	1	0.984
6952	7343	1	0.827
4506	6342	0	0.000183
8521	5812	1	0.875
4974	5373	1	0.929
7778	7082	1	0.969
6395	1400	1	0.949
164	2072	0	0.000601
8440	8305	1	0.961
8705	7482	1	0.877
5300	1545	1	0.837
3418	641	1	0.857
7408	4305	0	0.000311
9412	856	1	0.956
6243	4104	1	0.831
4950	93	1	0.935
9049	7932	0	0.000215
5001	2093	1	0.83
7050	4237	1	0.885
962	3112	1	0.995
6245	1373	0	0.000345
4980	509	1	0.957
5800	6117	1	0.805
1780	9508	0	0.000528
4009	2279	1	0.96
3830	2101	1	0.981
1145	4963	1	0.804
4392	2307	1	0.822
8144	1280	0	0.000152
1082	1748	1	0.956
2710	5310	1	0.964
8560	2882	1	0.846
361	158	0	0.00016
8555	8579	1	0.891
814	5635	1	0.963
6798	2684	1	0.882
568	1310	1	0.958
5098	7345	0	0.00012
1412	1434	1	0.951
6063	5083	1	0.895
6858	7464	1	0.895
5048	686	1	0.877
1586	6356	1	0.901
4965	158	1	0.904
683	3179	1	0.918
7934	9044	1	0.903
7893	3106	0	0.00053
6078	689	1	0.871
7985	1105	1	0.993
4003	5778	1	0.974
8438	4310	1	0.818
5411	5492	1	0.952
972	9650	1	0.839
5081	8209	1	0.914
2625	5589	1	0.948
9288	8604	1	0.899
9590	2007	1	0.917
8657	16	1	0.962
9110	1098	1	0.908
3127	1563	1	0.892
8365	2262	0	0.000363
1993	3563	1	0.854
8473	102	1	0.969
7198	703	1	0.83
7039	2903	1	0.921
5883	4561	0	8.83e-05
6517	9448	1	0.844
7884	27	1	0.861
1482	1655	1	0.84
6800	372	1	0.853
6140	6856	1	0.923
7933	7728	1	0.938
4823	435	1	0.924
6676	3992	1	0.829
2725	4454	1	0.993
6082	5225	1	0.989
9618	6274	1	0.93
6263	9174	1	0.82
8669	3475	0	0.000568
2706	1017	0	0.000143
641	1070	0	0.000445
7842	6505	1	0.935
9612	1819	1	0.863
5859	530	1	0.893
281	794	1	0.963
3995	9701	1	0.974
8683	9775	1	0.928
6538	1152	1	0.93
4545	5674	1	0.906
5067	8177	1	0.931
4843	7974	1	0.802
2829	7417	1	0.857
3222	6199	1	0.869
4819	6702	1	0.805
4125	608	1	0.867
8766	2018	1	0.815
1034	5615	1	0.908
7196	6577	1	0.963
2319	1733	1	0.988
2901	260	1	0.961
6313	6961	0	0.000476
5803	7818	1	0.819
3885	8188	1	0.89
2931	4815	1	0.807
7181	3701	1	0.892
1461	1148	1	0.935
9376	7645	1	0.878
8916	8422	1	0.814
7021	7393	1	0.812
4139	2957	1	0.94
2432	4429	0	0.000277
3376	1990	1	0.925
3142	1404	0	9.42e-05
8245	2293	1	0.978
9880	3014	1	0.922
8143	7179	1	0.946
6803	3614	0	0.000369
3081	4930	1	0.857
4558	3772	0	0.000625
2049	1585	0	0.000237
7183	1474	1	0.905
2396	974	1	0.929
3347	4999	1	0.805
1171	7650	1	0.887
2805	7824	1	0.87
2021	2612	1	0.827
9373	7189	1	0.952
8569	7819	1	0.984
3381	6590	1	0.898
5155	2010	0	0.000563
6458	7040	1	0.916
3873	5195	1	0.815
1257	9109	1	0.809
8364	3358	1	0.965
2907	9317	1	0.848
3787	9650	1	0.986
8698	2411	1	0.907
5208	524	0	0.000281
9044	3326	1	0.998
4287	6137	1	0.952
6150	9864	1	0.922
9533	8089	1	0.895
5058	651	1	0.821
6647	3711	1	0.841
6238	5366	1	0.89
1197	3350	1	0.922
5038	8355	0	0.000395
4081	6783	1	0.942
3233	370	1	0.824
6388	7681	1	0.851
1088	1491	1	0.827
3803	7058	1	0.937
2816	5105	1	0.951
2705	6730	1	0.902
7686	2349	1	0.975
762	8971	1	0.841
7916	2671	1	0.951
3417	2199	1	0.831
2359	7268	1	0.962
5675	5650	0	0.000493
1838	8436	0	0.000484
4483	9082	1	0.95
212	3190	1	0.862
4069	2048	1	0.896
6247	114	1	0.944
4407	5406	1	0.878
582	6379	1	0.82
3041	2340	1	0.819
2164	2551	1	0.937
2154	5520	1	0.979
7823	6413	0	0.000491
6412	1171	1	0.899
9878	5078	1	0.989
5687	27	1	0.9
9543	1871	1	0.938
9551	4087	1	0.968
4264	445	1	0.876
5551	4748	0	0.000189
486	9256	1	0.923
1517	2737	1	0.952
487	9031	1	0.863
5919	9343	1	0.948
5983	3303	1	0.937
1490	4280	1	0.87
9477	8289	1	0.822
4639	2343	1	0.87
1617	8390	1	0.83
4734	2702	1	0.825
2105	8069	1	0.925
6636	7924	1	0.988
6236	341	1	0.961
2046	6678	1	1
711	8208	1	0.876
6751	8494	1	0.942
5614	9225	0	0.000135
4647	1195	1	0.961
1651	1083	1	0.904
6047	4344	0	0.000575
6812	2447	1	0.819
5072	5011	1	0.962
9907	5419	1	0.93
5753	7035	1	0.816
3957	954	1	0.933
3044	4766	1	0.978
4327	512	1	0.922
6190	3012	1	0.922
388	2204	1	0.886
867	3199	1	0.818
5123	1382	1	0.843
8968	7397	1	0.983
58	4444	1	0.887
7874	5060	0	0.000123
471	3354	1	0.972
526	2721	1	0.928
2226	8578	1	0.997
927	2564	1	0.985
8738	7905	1	0.833
1415	6019	1	0.875
8460	6263	1	0.904
8531	5043	1	0.982
383	2819	1	0.831
2084	6584	1	0.907
5354	6945	1	0.861
9502	4287	1	0.982
9231	3705	1	0.971
3199	3032	1	0.857
7643	1785	0	8.78e-05
9204	3711	1	0.957
4792	7647	0	0.000185
7630	8862	1	0.905
4417	7820	1	0.93
3022	4069	1	0.943
7324	1293	0	0.000493
6648	216	1	0.87
4492	6325	0	0.000515
5194	5242	0	0.000582
5975	5448	1	0.904
9523	2595	1	0.909
3276	7096	0	0.000207
4753	1636	1	0.892
6563	5214	1	0.919
2054	224	0	0.000133
1739	589	1	0.96
7785	2560	0	0.000139
1451	163	1	0.999
9060	147	1	0.802
2327	1388	1	0.988
1852	3337	1	0.966
2638	8893	1	0.945
396	9325	1	0.938
4599	2841	1	0.825
3374	2910	1	0.835
7724	8530	0	0.000101
9611	611	1	0.964
4990	6961	1	0.801
1623	6294	1	0.825
4673	2571	1	0.829
9876	242	1	0.816
3763	6051	1	0.896
8782	2119	1	0.941
9754	3367	1	0.805
3922	3141	1	0.95
7373	727	0	0.000598
1965	4214	1	0.83
9093	8042	1	0.844
6182	26	1	0.84
3039	1313	1	0.873
2181	4765	1	0.9
7693	4079	1	0.828
5212	2863	0	0.000432
8915	3812	1	0.993
4479	4813	0	0.000248
2289	8424	1	0.887
7632	8877	1	0.983
3424	1028	0	0.000214
1775	4961	1	0.927
4458	1316	1	0.83
5954	3887	1	0.846
1538	207	1	0.882
7001	3351	1	0.971
2386	4215	1	0.887
1589	7454	1	0.82
4049	631	1	0.818
845	6544	1	0.825
9610	2536	1	0.933
8640	3677	1	0.866
5887	9965	1	0.908
2987	56	1	0.801
5076	5417	1	0.829
4335	5158	0	0.000357
2440	6097	0	0.000541
3123	2	1	0.819
4879	315	1	0.855
4519	9274	0	0.000262
9193	3809	0	0.000145
717	865	0	0.000336
5958	97	1	0.913
3024	3207	0	0.000262
1927	8329	0	0.000427
2462	7413	1	0.83
8442	7391	1	0.923
5926	7333	1	0.984
5531	1120	0	0.000502
416	1710	1	0.818
5284	4477	1	0.999
9912	7113	0	0.00021
6528	5004	1	0.973
56	4090	1	0.959
6059	1074	0	0.000277
6814	9000	1	0.884
6404	9869	1	0.825
8323	3408	1	0.876
7636	1045	1	0.988
3484	169	1	0.955
9124	9503	1	0.989
8106	1593	1	0.929
6495	2268	1	0.921
7757	1555	1	0.957
8684	5122	1	0.951
9371	1566	1	0.87
646	6704	1	0.806
9482	8535	1	0.9
4094	2355	1	0.874
6927	285	1	0.907
9069	5760	1	0.975
46	8109	1	0.982
5876	6867	1	0.946
6924	7745	1	0.904
1213	2528	1	0.802
5995	2937	1	0.887
1428	1766	0	0.000145
284	7407	1	0.945
7904	63	1	0.849
2457	245	1	0.936
1866	3812	1	0.817
8999	5680	1	0.895
7981	7809	1	0.805
5169	7680	1	0.841
9212	2654	1	0.835
4293	4261	1	0.985
770	5235	1	0.978
755	7069	1	0.885
1677	2123	1	0.817
3125	7611	1	0.847
9696	5126	1	0.924
9140	7131	0	0.000178
7005	9515	1	0.822
9657	3955	1	0.991
8739	3372	1	0.963
4385	1676	0	0.000269
7375	942	1	0.898
7032	1543	0	0.000473
8265	30	0	0.000275
1695	60	1	0.938
2133	9300	1	0.832
3229	84	0	0.000381
4618	9298	0	0.000216
370	8917	0	0.000323
2581	3874	1	0.86
9344	781	1	0.92
7572	861	1	0.838
6555	1105	0	0.00059
4421	6235	0	0.000344
9772	890	1	0.825
9051	3888	1	0.909
1057	2787	1	0.856
1305	126	1	0.861
8136	1423	1	0.966
1601	3035	1	0.823
3316	448	1	0.816
8411	8799	1	0.987
4963	9463	0	0.000222
1907	5799	1	0.927
3191	8317	1	0.949
2758	2934	1	0.839
7775	9960	1	0.896
2315	6085	1	0.882
3485	3056	1	0.885
5946	6170	1	0.862
9892	9107	1	0.968
9023	9466	0	0.000449
5852	7377	0	0.000329
5355	5539	1	0.986
750	5040	1	0.846
9109	1158	1	0.97
503	3177	1	0.853
5250	873	1	0.965
5193	5586	1	0.988
982	3272	1	0.843
1582	327	0	0.000636
1036	13	1	0.866
2014	2430	1	0.871
1998	6773	0	0.000361
1288	5175	1	0.995
3908	1366	1	0.988
3859	3605	1	0.841
5326	351	1	0.891
4901	238	1	0.865
2439	3783	1	0.918
3448	6459	1	0.911
4314	428	1	0.893
1821	5482	0	0.000545
935	8225	1	0.865
6537	984	1	0.966
6393	8158	1	0.899
1878	3302	1	0.94
8124	2378	1	0.921
4773	4412	1	0.853
5928	6416	1	0.884
4370	2723	1	0.812
9094	9664	1	0.89
2701	7210	1	0.965
2370	8972	1	0.882
205	9712	1	0.887
3975	4656	0	0.000107
6302	207	1	0.906
1033	4244	1	0.818
638	5521	1	0.903
5298	1251	1	0.927
9439	7998	1	0.897
4563	424	1	0.837
7722	4005	0	0.000395
9621	5508	1	0.923
4667	8696	1	0.854
8406	5376	1	0.869
976	4705	1	0.83
2867	1645	1	0.936
7567	5527	1	0.842
352	3067	1	0.896
6641	2008	1	0.926
8984	3833	0	0.000444
6521	5273	1	0.807
8125	8399	1	0.98
7057	391	1	0.914
3999	3145	1	0.931
5520	3725	1	0.841
1539	311	1	0.878
2416	6440	1	0.98
9922	2758	1	0.966
1223	1047	0	0.00027
67	1303	0	0.000407
1918	9389	1	0.865
3976	6717	0	0.000405
265	1223	1	0.857
8918	7236	1	0.914
9071	319	0	0.000277
8591	9040	1	0.855
1946	4035	1	0.808
6381	991	1	0.917
2813	485	1	0.966
8808	364	1	0.88
0	393	1	0.805
1228	6901	1	0.976
4145	7798	1	0.899
2013	9186	1	0.8
3197	9517	1	0.84
9629	5628	1	0.925
7963	8663	1	0.924
1439	7811	0	0.000512
7539	5354	1	0.931
2996	7817	0	0.000498
2679	8801	1	0.915
5858	5960	1	0.982
5017	5715	1	0.921
425	3711	0	0.00036
4903	108	0	0.000143
2924	4345	1	0.891
9066	472	1	0.929
7715	3219	1	0.973
6360	4246	0	0.000268
9652	1626	1	0.972
9396	3994	1	0.874
6616	8131	1	0.901
4887	4786	1	0.913
6970	6699	1	0.9
4732	186	0	0.000474
5100	2177	1	0.901
9660	6819	1	0.941
6077	9244	1	0.85
5317	4406	1	0.9
1822	394	1	0.852
562	6267	1	0.868
4525	3141	1	0.999
889	8312	0	0.00015
1330	219	1	0.856
5252	5456	1	0.942
8873	9920	1	0.926
2909	1659	1	0.811
4115	6366	1	0.994
4770	8131	1	0.83
8995	9355	1	0.84
2730	5402	1	0.915
6340	3007	1	0.919
4504	679	1	0.837
2209	2285	1	0.982
2478	5130	1	0.924
5979	1526	1	0.997
9172	302	1	0.986
6816	8181	0	0.000345
2496	6759	1	0.872
2665	3036	0	0.000331
9959	8114	1	0.828
8141	1567	0	0.000227
1571	643	1	0.97
2165	1650	1	0.801
9248	761	0	0.000243
6533	1273	0	0.000143
4248	2541	0	0.0006
4324	136	1	0.946
9338	3481	0	0.000431
5238	8872	1	0.822
2182	8500	1	0.969
8652	6209	1	0.849
757	72	0	0.00043
7910	3342	1	0.829
3526	8052	1	0.846
6199	7936	1	0.898
2078	2435	1	0.904
6380	3972	1	0.933
3251	2711	1	0.897
7035	5753	1	0.906
3006	4206	1	0.909
3459	8982	1	0.896
5730	8117	1	0.913
7174	3662	1	0.902
4704	5652	1	0.838
2307	2005	1	0.9
8584	9444	1	0.988
8570	5607	1	0.877
9305	225	1	0.804
6441	5637	1	0.971
1652	2303	1	0.879
7733	907	1	0.907
7244	4199	1	0.943
2653	7954	1	0.815
3092	8585	1	0.987
8145	4361	0	0.000211
8493	9662	0	0.000319
8107	812	1	0.987
9449	2706	1	0.845
7734	8587	1	0.853
4764	2612	1	0.847
9165	5939	1	0.803
5452	725	1	0.97
6610	9824	1	0.828
2772	9014	1	0.841
7803	2009	1	0.905
6065	0	1	0.844
1159	16	1	0.981
5648	8872	1	0.977
5275	650	0	0.000172
5534	3502	1	0.806
2365	762	1	0.811
924	4178	1	0.878
4846	607	1	0.903
5641	6951	1	0.984
2389	6622	0	0.000114
5617	3311	1	0.95
2276	1918	1	0.936
2812	6489	1	0.809
5961	1225	1	0.959
3290	5531	1	0.977
3072	16	1	0.974
5888	1055	1	0.852
2039	8125	1	0.984
5783	2178	1	0.845
9076	656	0	0.000127
2397	9364	1	0.87
3906	7780	1	0.898
973	1028	1	0.877
4886	4187	0	0.000375
8565	8339	1	0.874
7498	7457	0	0.000222
6315	8838	0	0.000363
8237	1758	1	0.817
5425	9713	1	0.845
9577	7056	0	0.000248
7349	771	1	0.861
3419	3618	1	0.973
6564	3483	1	0.909
2647	1326	1	0.947
7966	5528	1	0.849
5111	1775	1	0.918
3570	954	1	0.834
862	336	1	0.812
4911	489	1	0.886
4660	544	1	0.846
2770	3237	0	0.000171
4372	659	1	0.916
1859	6483	1	0.906
250	8313	1	0.964
3719	679	1	0.848
7648	1189	1	0.972
4583	5972	1	0.828
1829	7396	1	0.961
9801	4130	1	0.928
4608	5937	0	0.000446
2032	62	1	0.888
7245	1503	1	0.821
7042	1993	0	0.000311
2887	9355	0	0.000608
1326	5022	1	0.952
9861	3640	1	0.955
3438	1303	1	0.81
9868	4439	0	0.000168
2517	4765	1	0.994
1073	722	1	0.866
4298	2701	1	0.932
5386	6739	1	0.887
4812	6635	0	0.00057
1230	8072	1	0.801
5813	9566	1	0.95
2248	2630	1	0.944
987	9792	1	0.867
8150	8875	1	0.836
1766	403	1	0.85
7158	5795	1	0.87
9729	6918	1	0.867
4255	3179	1	0.95
6327	7292	1	0.975
7450	5797	1	0.905
5263	1468	0	0.000537
4809	6850	1	0.962
1292	2315	1	0.882
20	2	1	0.972
6716	9899	1	0.968
5625	2923	1	0.82
8993	340	0	0.000195
344	1179	1	0.853
3018	1901	1	0.939
6817	4095	1	0.834
2932	4142	1	0.844
1466	3793	1	0.847
5222	8704	0	0.00045
5950	5325	1	0.873
7813	2907	1	0.912
531	912	1	0.805
4584	3744	1	0.81
7423	754	1	0.806
8376	7377	1	0.872
9996	4104	1	0.82
6427	269	1	0.935
850	1360	1	0.877
1670	4067	1	0.835
1753	6133	1	0.815
6847	1175	0	0.000294
2512	2640	1	0.856
4196	279	1	0.915
9098	303	0	0.000287
6118	6210	1	0.949
9690	6650	1	0.972
5103	984	1	0.915
2641	7867	1	0.836
8812	3123	1	0.91
7623	4108	0	0.00012
804	9007	1	0.831
4814	4929	1	0.994
5877	5260	1	0.939
6382	9370	0	0.000589
3672	1602	1	0.873
4444	58	1	0.831
8278	4732	1	0.992
9723	3205	1	0.908
2515	1371	0	0.000138
6214	9199	1	0.96
6035	1077	0	0.000537
9055	2851	1	0.89
9943	9162	1	0.946
4825	739	1	0.87
8673	1290	1	0.92
9741	3523	1	0.937
2485	1696	0	0.000566
9919	80	0	0.000384
7161	7854	1	0.915
226	7247	0	0.000546
158	3508	1	0.846
3394	6908	1	0.923
3670	9983	1	0.938
3599	3709	0	0.000103
3757	9390	1	0.953
4022	3712	1	0.83
6177	1263	0	0.00055
558	3957	0	0.000488
7898	398	0	0.000125
3657	7946	1	0.812
4936	371	1	0.924
3188	6473	1	0.953
2566	9006	0	0.000561
3771	3174	1	0.913
9792	7250	1	0.865
2985	2840	1	0.803
7404	8815	1	0.864
9208	1459	1	0.826
9342	7618	1	0.999
5508	4641	1	0.956
8800	831	1	0.904
1526	1402	1	0.874
3706	7251	1	0.868
4595	6331	1	0.827
7306	1397	1	0.933
7566	2585	1	0.987
2941	3238	1	0.986
2194	7014	1	0.961
9692	3098	0	0.00014
1124	7762	1	0.837
5383	302	1	0.954
3728	4329	1	0.983
4811	6202	1	0.965
4442	1741	1	0.802
1531	7831	1	0.978
4836	421	1	0.947
187	9861	1	0.886
3397	3410	1	0.825
9254	3250	1	0.991
6377	944	1	0.955
3011	285	1	0.894
7968	4250	1	0.809
3793	2272	1	0.917
3807	7511	1	0.955
2044	1180	1	0.937
6914	6097	1	0.847
2911	275	1	0.811
1929	5902	1	0.844
7821	8449	1	0.967
9864	5286	1	0.965
9366	4593	1	0.997
1424	2200	1	0.804
2251	5032	1	0.921
1867	586	0	0.000478
3173	2840	1	0.975
3973	1307	1	0.822
9986	802	1	0.819
8504	1199	1	0.817
2033	6391	1	0.871
6833	2598	1	0.805
2811	5209	1	0.858
6210	1073	1	0.841
3266	6345	0	0.000137
3879	9611	1	0.869
7755	9065	1	0.886
6135	79	1	0.808
7448	8629	0	0.000104
2615	5342	1	0.813
9905	7585	1	0.999
327	3731	1	0.874
4140	3706	1	0.82
7753	4596	1	0.88
4267	7844	0	0.000324
4731	2615	1	0.877
3857	3398	1	0.893
7188	3931	1	0.938
4218	7818	1	0.979
1487	5000	1	0.935
9488	391	1	0.844
4475	2229	1	0.824
6241	3984	1	0.885
5878	660	1	0.862
9382	5907	0	0.00019
1218	1909	1	0.955
3181	2103	1	0.943
399	8447	1	0.919
3796	9744	0	0.000304
2465	8600	1	0.852
1287	3437	1	0.927
1310	420	1	0.984
287	1030	1	0.915
5567	5453	0	0.000225
8761	967	1	0.979
5868	7556	1	0.988
2291	1510	1	0.927
5187	4467	1	0.842
6092	9889	1	0.878
4947	5774	1	0.943
9315	3764	1	0.938
9606	2386	1	0.99
2023	8554	1	0.987
3784	4134	1	0.901
8390	4510	1	0.95
5027	2608	0	0.000359
8311	1067	1	0.921
2500	7181	1	0.985
7524	1176	1	0.919
530	8554	1	0.902
3869	8280	1	0.852
7049	679	0	0.000629
211	5158	1	0.865
9901	2675	1	0.828
3967	1089	1	0.923
3443	3287	1	0.979
4898	9713	1	0.807
1372	9841	1	0.885
4154	3845	1	0.898
8697	5655	1	0.952
9946	1402	1	0.859
1505	5881	1	0.955
1249	4004	1	0.821
6489	7583	1	0.827
7308	1807	1	0.819
3043	9278	1	0.828
9394	6965	1	0.955
3431	2698	1	0.917
5232	9313	1	0.848
8836	9972	1	0.868
6823	259	0	0.000199
5295	928	1	0.969
289	4646	1	0.87
14	8	1	0.877
7443	1059	1	0.883
7390	8638	1	0.861
9102	3326	1	0.906
1440	3856	0	0.000413
3265	6575	1	0.961
6304	1747	1	0.81
6164	2386	1	0.804
82	3168	1	0.832
7816	5028	1	0.979
7232	651	1	0.914
3800	6644	1	0.993
1380	167	1	0.992
6466	925	1	0.839
4859	6092	1	0.886
2345	1091	0	0.000448
9101	3518	0	9.03e-05
41	219	1	0.838
70	54	0	0.000158
8992	4388	1	0.851
5191	8904	1	0.903
220	9099	1	0.819
5449	8099	1	0.804
4991	7690	1	0.872
9476	1375	1	0.938
9744	1000	0	0.000625
6282	4289	1	0.971
5397	7592	1	0.866
2963	8387	1	0.85
1275	2009	1	0.811
5459	7699	1	0.99
3690	9152	1	0.907
5026	5091	0	0.000279
2461	6633	1	0.94
7411	3203	1	0.871
3650	939	1	0.943
1385	665	1	0.851
4750	5147	1	0.902
9466	4647	1	0.847
3546	2128	1	0.824
5821	1036	1	0.961
1778	9016	1	0.88
1255	1724	0	0.000437
3451	4860	1	0.924
1631	1329	1	0.904
342	335	1	0.812
5643	3407	1	0.939
5366	4961	1	0.84
1955	6090	1	0.845
1041	1188	1	0.814
4080	7580	1	0.925
5585	3020	0	0.0004
9229	7339	1	0.858
8358	9901	1	0.97
2075	8864	1	0.979
7777	1262	1	0.955
3944	8030	1	0.828
8292	1768	1	0.874
2426	2984	1	0.826
7548	2384	1	0.851
8920	5658	1	0.879
104	2200	1	0.934
3132	1328	1	0.911
4826	2620	1	0.918
5712	6938	1	0.839
9638	4723	1	0.994
2450	1952	1	0.995
8205	6211	1	0.849
8065	5427	1	0.809
1477	3016	1	0.991
6642	2028	1	0.841
9588	7864	1	0.822
1360	7133	1	0.802
4678	3088	1	0.855
3629	7518	1	0.948
6080	8545	1	0.915
1688	4656	1	0.924
9022	410	1	0.959
3856	5274	1	0.941
6893	4130	1	0.923
9397	5957	1	0.963
7522	9188	1	0.912
818	3961	1	0.879
6531	6540	1	0.819
2293	4512	1	0.825
5390	7610	1	0.852
7716	6132	1	0.925
5831	3986	1	0.947
7343	1435	0	0.000568
2676	122	1	0.907
8788	9844	1	0.904
8957	2475	1	0.858
4199	6160	1	0.826
7100	5239	1	0.992
9419	7779	1	0.989
6562	3968	1	0.865
5988	8612	1	0.827
727	1182	1	0.965
3795	283	1	0.888
2821	2348	0	0.000612
8690	8250	1	0.997
8185	1897	1	0.918
9997	1118	1	0.942
6237	5857	1	0.854
3804	1010	1	0.916
1244	1032	1	0.821
9743	3311	1	0.968
529	8759	1	0.814
9329	7896	1	0.971
7133	1360	1	0.978
8341	8997	1	0.928
5035	7523	1	0.849
5182	385	1	0.987
2473	5664	1	0.803
6394	1081	0	0.000125
6910	8906	1	0.948
4167	7481	0	0.00051
829	945	1	0.851
8668	1756	0	0.000271
3304	413	0	0.000625
9025	2145	0	0.000511
9746	8994	1	0.888
8943	4754	1	0.984
5437	9284	1	0.815
4916	1145	1	0.984
6643	3867	1	0.975
4321	3792	1	0.945
6936	3856	1	0.901
7672	5772	1	0.874
5779	115	1	0.817
3722	484	1	0.834
5583	874	1	0.964
9180	8903	0	0.000199
7900	3691	1	0.889
839	5420	1	0.97
7505	4472	1	0.838
4872	2756	0	0.000638
1826	193	1	0.943
2736	8983	0	0.000548
5412	9127	1	0.863
7787	9933	1	0.956
6076	7947	1	0.951
5414	4379	1	0.929
8635	263	1	0.957
3149	95	1	0.814
8274	6087	1	0.837
4118	5349	1	0.84
3373	6119	1	0.916
8417	4519	1	0.991
325	4326	1	0.886
1193	7183	1	0.801
4560	835	1	0.949
7590	7412	1	0.954
1860	3629	1	0.934
6195	4933	1	0.944
4366	8549	1	0.942
6442	26	1	0.934
9586	9528	1	0.986
4002	5355	1	0.92
7544	4468	1	0.886
5915	8586	1	0.869
6183	1831	1	0.9
1217	6873	0	0.000394
9727	3894	1	0.95
4907	9836	1	0.895
5345	6471	1	0.868
4617	7041	0	0.000157
9719	2178	1	0.915
8791	4582	1	0.872
7422	1881	1	0.862
8063	6309	1	0.847
4198	4444	1	0.951
33	16	1	0.946
5124	58	1	0.975
9779	5629	1	0.9
1761	9256	1	0.917
1002	769	1	0.948
6819	92	0	9.38e-05
549	3267	1	0.855
7126	7976	1	0.939
7845	4296	1	0.813
6318	3443	1	0.855
6813	64	1	0.835
8975	6620	1	0.988
7713	1860	1	0.949
9927	4419	1	0.893
8236	8493	1	0.988
9647	428	0	0.00048
2666	9928	1	0.895
4423	9459	1	0.9
4981	2533	1	0.886
1247	4200	1	0.973
8312	7769	1	0.804
6845	8097	1	0.901
9433	1429	1	0.851
3084	3902	1	0.943
3150	2295	1	0.815
7944	3809	1	0.94
1168	3873	1	0.954
2827	4264	1	0.938
9821	2536	0	0.000165
65	5353	1	0.942
9430	1739	1	0.941
7026	4012	1	0.816
6168	382	1	0.834
5517	9622	1	0.808
2501	7927	0	0.000217
8408	1164	1	0.855
3651	244	1	0.95
7701	6551	1	0.885
8475	8082	0	0.000112
5857	617	0	0.00047
5558	6937	1	0.959
4056	6657	0	0.000579
830	5976	1	0.951
1812	4743	1	0.985
8342	7117	1	0.941
3488	8334	0	0.000351
9939	5221	0	0.000482
4315	3291	1	0.839
8288	1433	1	0.955
8464	556	1	0.939
8336	4824	1	0.991
7171	5317	1	0.911
169	268	1	0.96
2754	9086	1	0.924
1146	5449	0	0.000438
2210	4673	1	0.831
3083	4061	0	0.00051
5862	5663	1	0.982
3035	1219	1	0.816
9765	2429	1	0.982
7554	7177	0	0.000361
5548	2339	0	0.000574
8854	4179	1	0.841
2069	1689	1	0.959
8286	9659	1	0.885
1138	7277	1	0.895
8289	7065	0	0.000152
1465	8881	1	0.948
5611	1172	1	0.802
307	5392	1	0.955
1279	7173	1	0.905
4959	2418	1	0.921
2441	1874	1	0.869
625	2473	1	0.825
6810	4956	1	0.974
7395	733	1	0.869
4097	8601	1	0.855
8693	7597	1	0.816
3403	1649	1	0.806
6736	6765	1	0.858
4354	1270	1	0.931
2961	2075	1	0.945
4302	1738	0	0.000593
4019	5862	1	0.982
1454	9860	1	0.995
4883	3284	1	0.925
6338	5688	1	0.875
7580	5243	1	0.958
2545	9134	1	0.999
2335	1491	1	0.976
4592	7511	1	0.826
5509	2125	1	0.869
1491	8166	1	0.897
8654	27	1	0.804
7476	5534	1	0.834
6141	9201	1	0.806
43	7549	1	0.896
7500	2132	1	0.811
6223	3585	1	0.841
9203	14	0	9.58e-05
963	5408	1	0.963
8179	2120	1	0.802
3966	2714	1	0.826
3026	9847	1	0.806
5993	6750	1	0.862
4572	7736	1	0.846
783	1375	1	0.868
3748	5113	1	0.831
4616	3020	1	0.944
7288	5050	1	0.968
2750	5991	1	0.828
7660	7480	1	0.979
2179	3273	0	0.000428
5371	4864	1	0.859
696	95	1	0.911
1363	3531	1	0.817
2362	911	1	0.952
3308	9276	0	0.000381
7305	8822	1	0.83
5080	2517	1	0.993
4187	1718	1	0.95
9791	7013	1	0.889
2360	3755	1	0.9
8651	5232	1	0.885
140	1509	1	0.814
6504	9118	1	0.997
7169	2503	1	0.964
7729	2898	0	0.000314
5502	5993	1	0.865
1728	3087	1	0.932
4025	3069	1	0.879
8352	2822	1	0.908
9740	1652	1	0.957
8083	6719	1	0.811
9470	3772	1	0.831
4937	9739	1	0.89
3578	526	1	0.899
6235	2891	1	0.959
4031	2322	1	0.977
7364	1063	0	0.000578
6997	2448	1	0.898
9725	4449	0	0.000118
533	661	1	0.915
168	22	1	0.992
7957	8285	1	0.803
6635	2520	1	0.937
9267	3809	1	0.962
4619	3267	1	0.968
5710	6666	1	0.925
3559	605	1	0.875
8921	142	1	0.957
2161	6356	1	0.827
2684	1901	1	0.968
4831	3308	1	0.93
9675	2261	1	0.962
6597	7295	1	0.876
2446	7797	1	0.975
3413	1113	0	0.000389
689	5348	1	0.953
7831	6097	1	0.83
1678	4406	1	0.916
1497	6307	1	0.964
5980	6464	1	0.878
4609	2433	1	0.837
4360	4058	1	0.821
8189	6013	1	0.836
365	2360	1	0.849
267	4999	1	0.832
8945	6518	0	0.000319
5842	8972	1	0.861
4881	8218	1	0.897
7339	4497	0	0.000136
7145	7004	0	0.000479
3739	3520	1	0.955
9222	9420	1	0.849
362	3021	1	0.993
4305	7928	1	0.888
7962	7508	1	0.867
2940	919	1	0.921
8976	6187	1	0.816
8773	3219	0	0.000297
6156	399	1	0.97
8095	6555	1	0.805
2222	2779	0	0.000601
8099	1146	1	0.848
4412	1044	1	0.864
8524	4745	1	0.872
5618	2250	0	0.000521
651	3305	0	0.000447
1366	371	1	0.878
4318	1838	0	0.000395
9788	2725	1	0.818
7045	6356	1	0.893
7530	6841	1	0.951
2392	1257	1	0.884
6054	8861	1	0.974
2234	4068	1	0.907
9954	8843	0	0.000273
8576	2568	1	0.993
7016	3810	1	0.879
5468	7712	1	0.985
6582	3191	1	0.823
8379	592	1	0.817
2467	9181	1	0.802
5503	6524	1	0.921
565	7901	0	0.000485
1343	2130	1	0.904
7358	2965	1	0.947
2176	6094	1	0.992
6312	3244	1	0.894
589	6850	1	0.806
1266	5801	1	0.905
7877	4661	1	0.906
17	16	1	0.926
8725	6000	1	0.838
4053	9161	1	1
1850	9992	1	0.954
131	405	1	0.971
1800	3998	1	0.804
5083	1887	1	0.898
8400	6242	1	0.91
4119	6610	1	0.888
3013	2446	1	0.895
6972	3721	1	0.995
7239	1251	0	0.000363
7847	9285	0	0.00037
8798	8275	1	0.95
2207	7113	1	0.968
8701	6033	1	0.88
3643	9371	1	0.868
6449	6997	1	0.909
8332	1567	1	0.866
5893	962	1	0.83
2962	1945	1	0.84
9383	7216	1	0.996
5692	1345	1	0.885
5409	8827	1	0.889
9021	4731	1	0.989
7829	2699	1	0.84
7309	349	0	0.000306
6355	9522	1	0.93
1985	8337	0	0.000129
5190	2263	1	0.864
7006	8827	1	0.821
5909	8477	0	0.000514
6939	5433	0	0.000613
4155	2152	0	0.000251
8275	1600	1	0.921
9431	8486	1	0.886
548	5695	1	0.924
5702	2447	1	0.841
3620	9291	0	0.000426
677	6441	1	0.844
684	2068	1	0.908
4510	734	1	0.857
6818	7115	1	0.947
463	656	0	0.000548
8062	4695	1	0.954
9145	6965	1	0.939
2062	6319	1	0.888
4858	6910	1	0.806
7859	9628	1	0.986
2800	8261	0	0.000167
2376	4869	1	0.809
3185	386	1	0.993
2840	3173	1	0.919
4206	5460	1	0.817
8112	170	0	8.37e-05
3735	500	1	0.907
5357	2121	1	0.808
3115	8729	1	0.806
8778	777	1	0.848
350	1967	1	0.9
8846	1747	1	0.914
4919	5466	0	0.000299
5937	5917	1	0.922
3364	5707	1	0.957
1250	3591	1	0.856
6659	5602	1	0.932
7528	436	1	0.933
2025	4576	1	0.842
7811	2986	1	0.872
4312	7786	0	0.000273
7377	3420	1	0.868
9170	3262	1	0.859
5670	9271	1	0.989
3604	6961	1	0.94
4707	2634	1	0.87
2103	1309	0	0.00018
1789	5998	1	0.983
7739	2334	1	0.837
3204	9875	1	0.894
7162	4622	1	0.853
5951	2532	1	0.946
5261	2472	1	0.963
822	4185	1	0.807
4258	8464	1	0.81
4844	8300	1	0.865
1641	1493	1	0.94
3708	100	1	0.999
9579	6664	1	0.905
8594	7344	1	0.905
1446	5884	1	0.806
851	1819	1	0.972
5186	967	1	0.893
6364	3530	1	0.964
1312	6096	1	0.933
1234	9705	1	0.973
8210	3138	1	0.824
8050	8724	1	0.998
1242	4525	1	0.861
6832	1970	1	0.923
7394	5096	1	0.912
9479	509	1	0.949
6452	7930	1	0.814
4591	1599	1	0.93
9881	5637	1	0.892
6980	982	1	0.924
472	7113	1	0.938
7	40	1	0.864
4078	1936	1	0.936
3439	8976	1	0.954
9966	471	1	0.949
618	3281	1	0.842
1348	5210	1	0.938
9757	3189	1	0.812
8796	295	1	0.818
5110	4630	1	0.862
8049	501	1	0.845
4934	3644	1	0.998
3994	1818	1	0.998
6129	3950	0	0.000214
1784	4560	1	0.905
6821	3629	0	0.000162
2690	1148	1	0.997
5139	4665	1	0.998
3055	7197	1	0.89
6372	159	1	0.817
3372	1898	1	0.959
1375	3511	1	0.985
9086	6897	0	0.000242
7330	2839	0	0.000238
1654	5212	1	0.982
6443	4881	1	0.886
1464	9524	1	0.869
9155	1107	1	0.985
7676	7432	1	0.895
9508	529	1	0.887
2835	8868	0	0.000138
7843	8723	1	0.98
4546	9318	1	0.89
3661	3415	1	0.811
107	8868	1	0.861
4344	4954	1	0.99
2584	8485	1	0.863
3102	2336	1	0.994
3203	339	0	0.0004
949	4166	1	0.896
7247	4468	1	0.994
7839	1586	1	0.816
2731	3809	1	0.989
1077	2390	1	0.825
3465	1062	1	0.967
4414	9111	0	0.000434
8959	7550	1	0.941
8023	5658	1	0.869
3785	8967	0	0.000535
3839	9136	1	0.958
4289	6282	0	0.000524
5686	2860	1	0.832
2239	9433	1	0.926
1923	1744	1	0.969
18	6831	1	0.955
612	9071	1	0.932
7263	3934	1	0.804
5679	4878	0	0.000497
1087	813	1	0.807
1338	1593	1	0.85
3128	245	1	0.964
8588	704	1	0.849
4039	2689	0	0.000386
7841	4584	1	0.863
4426	4880	0	0.000471
9973	9864	0	0.000609
5947	8165	0	0.00041
8285	3544	1	0.882
7165	1253	1	0.915
171	2982	1	0.855
5735	2715	0	0.000618
5688	4346	1	0.917
597	9772	1	0.827
2944	2871	0	0.000258
7384	9472	0	0.000207
6120	167	1	0.996
6737	5830	0	0.00028
6439	4372	1	0.991
2606	710	1	0.876
6176	1355	1	0.934
9201	1285	1	0.908
4744	2362	1	0.993
542	4812	1	0.961
3956	8271	1	0.849
2726	1186	1	0.993
87	1588	1	0.966
6542	6921	1	0.954
6901	1407	1	0.978
6675	9278	1	0.869
3714	2023	1	0.924
4681	7822	1	0.99
4351	1591	1	0.814
8235	5958	1	0.895
528	6101	1	0.985
4720	7089	1	0.923
198	659	1	0.852
4306	250	1	0.997
610	6634	1	0.943
8737	1178	1	0.873
6488	1215	1	0.856
7097	3083	1	0.821
5822	4457	1	0.813
7542	557	1	0.913
9290	1563	0	0.000298
8140	1478	1	0.94
1974	5347	1	0.947
2197	1712	1	0.955
9999	1261	0	9.74e-05
2555	574	1	0.968
8203	6150	0	0.000391
2036	7029	1	0.83
2723	8418	1	0.878
2229	220	1	0.993
6873	1210	1	0.969
9592	1482	1	0.96
7137	5889	0	0.000636
6795	7605	1	0.884
9615	1397	1	0.895
9724	5049	1	0.931
836	2645	1	0.923
6298	6787	1	0.972
1549	7901	1	0.999
801	9285	1	0.917
3284	7247	1	0.954
4930	3142	1	0.895
1037	1631	1	0.964
2169	5050	1	0.954
6711	1378	1	0.885
5885	4822	1	0.972
3356	6837	1	0.82
9492	2598	1	0.917
268	5322	0	0.000538
728	6597	1	0.919
1886	3899	1	0.886
3331	375	1	0.804
7912	6464	1	0.883
4253	4701	1	0.946
3529	5486	1	0.812
2878	1986	0	0.000127
4120	2783	1	0.877
5651	330	1	0.848
6990	6750	0	0.000454
6049	9742	1	0.883
9608	5569	1	0.86
4544	9805	1	0.948
1981	4328	1	0.826
1069	2116	1	0.888
3137	7077	1	0.859
445	4264	1	0.813
9250	6294	0	0.000124
7138	2532	1	0.974
1104	9279	1	0.985
3842	6653	1	0.883
6061	757	1	0.998
4470	6075	0	0.00056
4955	3590	1	0.93
8414	5675	0	0.000576
4960	6025	0	0.00014
6267	2783	1	0.942
322	7304	1	0.873
8182	570	1	0.873
7549	3247	1	0.86
5294	359	1	0.969
8132	2750	1	0.992
6171	4149	1	0.862
6037	4876	1	0.967
5430	426	1	0.981
3315	9677	1	0.982
7453	7789	1	0.848
181	178	0	0.000472
9443	9108	1	0.971
312	1718	1	0.868
1727	2694	1	0.973
9982	1892	1	0.989
2897	1043	1	0.945
772	1810	1	0.996
7750	7159	1	0.898
4790	9044	1	0.881
3982	300	1	0.858
3479	1276	1	0.944
7240	68	1	0.927
7669	5139	1	0.846
3050	717	1	0.996
8211	3665	1	0.858
3038	6077	1	0.834
8540	5769	0	0.000339
5794	8199	1	0.926
5216	4567	1	0.87
4631	7148	1	0.968
7257	7345	0	0.000473
6897	1917	1	0.883
3458	6480	1	0.915
4749	5150	1	0.923
5387	3444	1	0.861
1534	2970	1	0.957
1063	6943	1	0.976
6490	5167	1	0.887
5907	7592	1	0.924
6969	5684	1	0.969
1115	9898	1	0.869
6660	9352	1	0.963
5896	6989	1	0.813
6993	2046	1	0.978
7441	7729	0	0.000589
9742	6049	1	0.934
9467	5438	1	0.919
8535	2354	1	0.837
203	1562	1	0.939
1202	1135	1	0.877
4983	382	1	0.928
7728	7933	1	0.906
1274	717	1	0.873
9404	5659	0	0.000308
1399	3754	1	0.898
4209	1622	1	0.894
8375	902	1	0.863
7876	4650	1	0.802
5463	344	1	0.974
5773	4522	1	0.955
7807	3032	0	0.000287
2419	1178	1	0.836
9726	7224	1	0.96
8082	1549	1	0.852
4001	8768	0	0.000213
4114	3162	1	0.834
7551	164	1	0.957
2558	6210	1	0.804
5579	3882	1	0.907
9980	3090	1	0.997
8515	1437	1	0.847
3270	3677	1	0.887
6776	547	1	0.843
1642	3827	1	0.881
376	8957	1	0.976
1237	4286	1	0.887
91	479	0	0.000582
7193	1143	1	0.963
4353	4983	0	0.000286
8490	6928	1	0.984
9859	8259	1	0.948
8746	1815	1	0.965
7347	8330	1	0.847
1315	7911	1	0.847
8212	3450	0	0.000204
1960	2743	1	0.809
5906	1864	1	0.835
615	4625	1	0.956
4703	2489	0	0.000387
8965	5775	1	0.958
831	8423	1	0.983
7584	2247	1	0.984
7094	765	0	0.000234
9504	6308	1	0.841
3117	4423	1	0.887
5594	1476	1	0.847
9453	7035	1	0.881
3862	5270	1	0.891
2712	734	1	0.834
6206	6069	1	0.826
4516	7453	1	0.816
7927	1225	1	0.994
6311	6563	1	0.807
4739	5329	1	0.809
5013	8452	1	0.893
9159	9049	1	0.864
8845	3316	1	0.826
3363	1328	0	0.000103
8199	6427	1	0.934
1480	7600	1	0.816
2409	8389	1	0.999
848	788	1	0.839
9134	4773	1	0.842
2513	4138	1	0.881
258	9884	1	0.942
9626	2809	1	0.949
2417	293	0	0.000144
4400	2925	1	0.998
1698	7552	1	0.82
3580	7139	1	0.983
2156	110	1	0.891
5661	416	1	0.826
4782	7410	0	0.000457
8121	2798	1	0.909
7285	5253	1	0.978
137	23	1	0.802
892	8532	1	0.928
8327	2214	1	0.885
3514	4406	1	0.992
4688	6925	1	0.817
8768	8380	1	0.886
4938	7910	0	0.000157
354	7893	1	0.902
4010	8704	1	0.996
2521	9104	1	0.911
7994	4665	1	0.919
372	9113	1	0.892
2968	4005	1	0.806
3491	2997	0	0.000498
1024	1352	1	0.824
3450	6888	1	0.981
3062	1154	1	0.995
7942	2725	1	0.83
1645	7942	1	0.914
3950	7386	1	0.979
2667	5142	1	0.957
4889	3605	1	0.835
3978	3941	1	0.88
8016	499	1	0.879
7527	1824	1	0.855
2141	1018	1	0.898
805	7480	1	0.947
262	9721	1	0.955
909	2341	1	0.901
4522	6563	1	0.828
1839	9442	0	0.000579
9546	4809	1	0.818
6320	9994	1	0.817
8998	6308	1	0.926
5151	2113	0	0.000563
943	1489	1	0.915
6662	9203	0	0.000522
5587	3006	1	0.941
3332	5674	1	0.894
1483	2540	1	0.868
8101	9580	1	0.81
2764	4167	0	0.000247
569	9013	1	0.848
7977	1051	1	0.853
5681	4090	1	0.896
2277	339	1	0.846
978	2927	1	0.955
3555	1636	1	0.979
5364	1864	1	0.84
9628	4822	1	0.812
9150	2091	1	0.816
1026	9822	1	0.928
5259	6582	1	0.971
1663	9756	1	0.935
2447	9832	1	0.816
4300	636	1	0.808
9790	7912	1	0.964
3234	3977	1	0.842
8153	4839	0	0.000621
7143	5473	0	0.000172
2721	4522	0	0.000369
1186	195	0	0.000316
4347	9219	1	0.937
2695	4545	1	0.824
8363	523	1	0.818
8040	9374	1	0.938
1195	9622	1	0.924
7010	8194	0	0.00061
4873	8637	1	0.918
6861	1052	0	0.000521
7157	2230	1	0.875
6346	2918	1	0.955
6787	7959	1	0.907
7658	7845	1	0.961
2214	1639	1	0.954
666	4280	1	0.927
6354	8457	0	0.000348
8667	7689	1	0.942
2622	613	1	0.932
112	7402	0	0.000593
6572	3642	1	0.915
3712	3179	1	0.869
682	2533	1	0.998
2437	6607	1	0.911
5094	3553	0	0.000571
6200	7561	1	0.954
986	3584	1	0.91
7287	2334	1	0.825
939	4980	1	0.803
3187	5100	1	0.967
7849	1267	1	0.828
4320	2372	0	8.61e-05
1320	7518	0	0.000387
3507	860	0	0.000197
5765	7151	0	0.000159
364	776	1	0.933
7063	9682	1	0.907
9195	4655	1	0.974
6428	5310	1	0.919
9052	5478	1	0.805
7855	9488	1	0.99
2583	6777	1	0.922
3054	9853	0	0.000491
538	6466	1	0.894
8508	6948	1	0.878
7023	9995	1	0.83
6725	9530	1	0.805
6694	5897	1	0.899
279	946	1	0.95
6556	5925	1	0.902
7552	7831	0	0.000369
545	2132	1	0.981
514	9576	1	0.928
8281	2455	1	0.966
7314	8422	1	0.829
7368	4553	1	0.968
4565	4698	0	0.000341
7116	4140	1	0.911
103	5029	1	0.833
7565	6358	1	0.808
5696	3763	1	0.916
9773	6754	1	0.952
4864	2778	1	0.93
3375	2008	0	0.000394
5969	2547	1	0.906
3920	8873	1	0.849
1704	5000	1	0.939
2844	738	0	0.000446
2882	8466	1	0.987
180	5471	1	0.902
2916	4112	1	0.83
5229	4610	1	0.989
5798	926	1	0.85
6754	8377	1	0.82
7616	5725	1	0.963
7130	220	1	0.946
9301	3093	0	0.000581
8566	5167	1	0.824
2509	3513	1	0.823
2085	4012	1	0.998
8340	6689	1	0.965
6276	9945	1	0.827
4624	9379	1	0.904
4101	7543	1	0.84
2102	6205	1	0.969
7177	2019	1	0.86
7937	5246	1	0.823
3979	3388	1	0.995
7986	2	1	0.879
8650	8466	1	0.872
5213	3458	1	0.936
5764	4481	1	0.868
2093	380	1	0.995
5769	8490	1	0.854
2009	6383	1	0.892
8223	593	1	0.844
6579	5005	1	0.937
1684	4227	1	0.882
8401	2916	1	0.82
470	1734	1	0.918
7573	5161	1	0.914
63	8425	1	0.866
4612	8174	0	0.00061
6451	2023	1	0.85
5659	6962	1	0.97
960	1493	1	0.913
5788	2977	1	0.896
2018	2986	1	0.938
9756	8441	0	0.000357
639	8654	0	0.000457
650	4452	1	0.89
527	29	1	0.93
1113	1413	1	0.96
9503	143	1	0.808
1862	756	1	0.82
1013	1889	1	0.995
4500	9701	1	0.841
6652	7169	1	0.992
1711	84	1	0.937
7682	93	1	0.826
2470	8302	1	0.857
170	1163	1	0.912
7681	6388	1	0.958
7727	8695	1	0.941
5911	6244	1	0.982
3183	834	1	0.834
4122	4195	1	0.86
2123	9053	1	0.872
2205	3303	1	0.98
2574	5180	0	0.000572
8385	2948	1	0.953
4471	512	1	0.828
6797	3538	1	0.808
9139	8883	1	0.926
356	587	1	0.977
4641	4454	1	0.859
4328	853	1	0.817
5901	7069	1	0.965
6807	8446	1	0.902
8585	939	1	0.891
3482	2444	1	0.848
5672	2150	1	0.909
4687	9863	1	0.889
3660	9629	1	0.863
6148	990	1	0.928
4869	1849	1	0.871
9426	850	1	0.956
4408	3799	1	0.919
7201	4837	1	0.956
404	1086	0	0.000184
3323	7622	0	8.77e-05
4680	4700	0	0.000357
7371	8504	1	0.9
6038	1945	1	0.883
916	8915	1	0.866
9078	5733	0	0.000404
2184	8324	1	0.87
738	6404	1	0.96
9012	8661	1	0.845
9385	5581	1	0.946
5234	5131	1	0.82
5385	7290	1	0.971
8200	1092	1	0.861
8903	2205	1	0.934
6525	9657	0	0.000596
2879	2400	1	0.966
5310	4425	1	0.833
3598	9218	1	0.9
2201	190	0	0.000319
7052	487	0	8.4e-05
3104	1122	1	0.884
2050	4475	1	0.879
9521	2650	1	0.959
7915	6537	1	0.849
5454	8090	1	0.804
5460	895	1	0.842
3296	2661	1	0.94
1771	9572	1	0.96
5210	862	1	0.915
6561	2455	1	0.931
2016	3017	1	0.973
3882	1276	1	0.811
5439	2630	0	0.000533
2979	3737	1	0.819
3891	6696	1	0.906
9940	5638	1	0.944
8445	6832	1	0.969
1835	584	1	0.863
4649	1475	1	0.83
1813	4720	1	0.805
8413	4508	1	0.984
6703	2696	1	0.946
6929	6332	1	0.813
6179	6430	0	0.000393
2631	1600	1	0.846
7888	3119	1	0.907
9096	6379	1	0.88
7087	2204	1	0.82
6269	8980	1	0.913
7299	9934	0	0.00041
2977	8485	1	0.844
4274	4412	1	0.936
6003	1387	1	0.89
2324	160	1	0.91
3819	6598	1	0.943
5697	5478	1	0.934
2284	7086	1	0.908
4127	6208	1	0.835
314	8132	0	0.000619
7261	9158	1	0.906
1882	1040	1	0.97
4024	7357	1	0.806
1658	3630	1	0.899
9589	8991	1	0.845
5595	8662	1	0.905
6455	7887	1	0.921
8863	3297	1	0.878
9186	7379	1	0.823
7825	9419	1	0.905
1513	7539	0	0.000302
3609	3133	1	0.997
4480	7605	1	0.829
4942	1771	1	0.957
5052	9779	0	0.000108
3806	562	1	0.807
3471	3281	0	0.00056
7282	9169	1	0.976
4587	9654	1	0.826
1071	20	0	0.000174
5340	4760	1	0.922
7943	9841	1	0.825
1177	6871	1	0.84
6748	2876	1	0.964
3193	783	1	0.981
793	7933	1	0.962
2672	2566	1	0.85
141	272	1	0.851
3963	1171	0	0.000385
3875	1358	1	0.848
9336	1644	1	0.848
9787	1803	0	0.000371
4040	5232	1	0.999
4106	9855	1	0.972
5952	2004	1	0.994
2919	1210	1	0.865
6435	5858	1	0.81
4784	602	1	0.893
8054	6903	1	0.96
3271	5538	1	0.94
6752	99	1	0.95
3141	8023	1	0.984
3831	7632	1	0.811
3073	192	1	0.876
6740	3752	0	0.000493
8546	3753	1	0.969
2576	6057	1	0.877
6991	976	1	0.897
9720	4991	1	0.833
9422	0	1	0.938
3897	2918	1	0.866
6194	9022	0	0.000473
93	8586	0	0.000413
4041	5110	1	0.822
9843	1030	1	0.985
9842	3940	1	0.978
1098	3058	1	0.849
2004	2038	1	0.857
6392	159	1	0.863
3116	2098	0	0.000515
6022	1114	0	0.0002
6230	4086	1	0.849
7009	4580	1	0.92
468	2570	1	0.836
8423	3114	1	0.832
6413	7800	1	0.845
4121	1750	1	0.954
2698	9044	1	0.89
6144	3909	1	0.986
5522	118	1	0.901
8781	6830	0	0.000128
1991	7672	1	0.836
5973	2375	1	0.835
2395	3987	0	0.000449
9732	5620	0	0.000454
2510	7278	1	0.98
5426	3310	1	0.926
4893	6153	1	0.928
4755	9252	1	0.846
4920	672	1	0.945
1591	1550	1	0.926
9839	9169	1	0.997
5514	7593	1	0.983
1264	3343	1	0.899
7022	2403	1	0.815
8985	250	1	0.92
574	2894	1	0.823
9444	7287	1	0.973
4387	587	1	0.987
1207	8003	1	0.997
9321	2945	1	0.974
8909	6429	1	0.879
8100	9609	1	0.867
1546	6024	1	0.825
5415	9586	1	0.812
1660	6082	0	0.00012
4736	5346	0	0.000403
7731	4345	0	0.000471
774	1574	1	0.937
6988	1251	0	0.000186
7714	7871	1	0.881
5853	9667	1	0.803
656	1169	1	0.931
9694	8171	1	0.895
1635	1323	1	0.89
1747	885	1	0.961
3498	957	0	0.000279
871	2248	1	0.99
4588	8523	1	0.818
824	1497	1	0.874
9074	6507	0	0.000577
7582	4096	1	0.834
9580	1898	1	0.97
303	6627	0	0.000604
9211	8903	0	0.000415
2455	3852	1	0.813
6170	1643	1	0.809
1346	7927	1	0.914
9345	4573	0	0.000443
9516	8464	1	0.909
7920	5809	1	0.85
5944	598	1	0.879
4953	3415	1	0.922
3548	8997	1	0.906
6153	1758	1	0.874
9535	5501	0	0.000377
8994	3870	1	0.805
5569	6932	1	0.848
1557	6500	1	0.874
6264	2848	1	0.81
9095	137	1	0.84
3436	3339	1	0.865
4498	4096	1	0.886
7996	6398	1	0.864
3047	1013	1	0.932
2814	2839	1	0.906
5361	5967	1	0.952
2914	7983	0	0.000634
7056	9391	0	0.000194
7266	6396	1	0.879
7959	1421	1	0.954
2623	7961	1	0.919
4973	1345	1	0.846
2923	6478	0	0.000241
3146	204	0	0.000561
7419	949	0	0.000376
665	1810	1	0.887
3367	5005	1	0.863
623	2234	1	0.81
5543	6739	0	0.000127
4713	4109	1	0.804
6955	8591	1	0.828
7844	4267	0	0.000214
21	3912	1	0.869
8582	9523	1	0.829
1434	1439	1	0.944
6172	9794	1	0.936
7730	2301	1	0.988
6352	1314	1	0.833
1344	8666	1	0.836
4008	175	0	0.000283
1530	27	1	0.842
467	3883	1	0.9
2171	6242	1	0.978
1781	9023	1	0.831
5166	9224	1	0.931
980	3100	1	0.826
5849	76	1	0.963
4149	149	1	0.993
826	6394	1	0.833
8881	5682	1	0.887
5749	4631	1	0.994
8933	9124	1	0.863
4126	632	1	0.889
9275	9232	1	0.819
4645	4103	1	0.904
6699	373	1	0.901
5920	9438	0	0.000292
3218	7429	1	0.848
2329	2240	1	0.849
7251	3706	1	0.868
2347	1863	1	0.856
6122	6098	1	0.917
5285	1052	1	0.886
1724	3870	1	0.97
9036	4779	1	0.833
3971	5070	1	0.962
6023	5626	1	0.825
5894	6002	1	0.945
3679	9029	1	0.977
2974	9098	1	0.934
4768	3893	1	0.954
2749	9190	0	0.00027
8066	8120	1	0.882
3359	699	1	0.95
5061	206	1	0.992
2508	8764	1	0.992
5823	1299	1	0.955
4743	6883	1	0.925
8491	5463	1	0.919
9350	5954	1	0.827
9308	2280	0	0.00042
8191	2168	1	0.86
4521	5200	1	0.978
5020	3798	1	0.945
4193	8088	1	0.955
334	380	1	0.863
485	2072	1	0.836
6502	9888	0	0.000584
928	1258	1	0.969
7550	7010	1	0.96
7421	5818	1	0.968
9828	7814	1	0.828
8403	8531	1	0.847
337	8543	1	0.961
6935	6557	1	0.805
6499	1697	1	0.917
8226	1103	1	0.882
9245	7216	1	0.92
1890	5457	0	0.000282
403	471	1	0.82
8139	5521	1	0.804
4933	2434	1	0.997
4780	6461	1	0.953
8287	3286	1	0.897
415	7987	1	0.887
1116	6283	1	0.903
4547	4971	1	0.821
7895	3343	1	0.993
8394	3878	0	0.000316
3886	8696	1	0.832
8776	577	1	0.989
1885	2761	0	0.000453
8685	5816	1	0.859
7851	6248	1	0.836
7024	3350	1	0.866
2175	4734	0	0.000565
414	1215	1	0.9
910	3486	1	0.893
4268	2197	1	0.918
8418	836	1	0.934
4676	1089	1	0.961
3171	438	1	0.967
6083	798	1	0.818
1588	3600	1	0.869
2266	2090	1	0.951
9265	6633	1	0.957
1188	9377	1	0.903
584	1835	1	0.898
812	9181	1	0.912
895	9354	0	0.000578
4113	7109	1	0.836
4728	5614	1	0.965
6550	4113	1	0.945
7078	198	1	0.808
1544	6025	1	0.854
213	8693	1	0.836
942	8916	1	0.837
5307	1078	1	0.976
6706	1302	1	0.876
8380	8917	0	0.000168
144	60	1	0.916
1762	1969	1	0.885
5914	7378	1	0.86
5154	9623	1	0.871
4751	3610	1	0.803
5743	5090	1	0.955
8479	7345	1	0.985
7413	3659	1	0.855
3078	3183	1	0.827
7627	2864	1	0.868
3572	6478	1	0.934
5267	1979	1	0.952
9506	2165	1	0.862
8842	9674	1	0.938
5873	9398	1	0.923
7012	7934	0	0.00028
5925	5126	1	0.815
906	3437	1	0.849
3335	5951	1	0.999
3918	118	0	0.00027
3768	3653	0	0.000568
1580	2304	1	0.869
9528	7580	1	0.911
1435	2082	1	0.934
7656	9921	1	0.833
9358	4631	1	0.965
4489	4911	1	0.868
6233	5	0	0.000338
437	798	0	0.000225
9324	1774	1	0.883
698	6826	1	0.827
4628	4072	1	0.855
9944	4996	1	0.929
75	41	1	0.85
7166	6310	1	0.915
4432	3093	1	0.983
6575	1423	1	0.814
8366	5514	1	0.967
7591	3901	1	0.905
4892	5597	1	0.964
648	2335	1	0.954
8835	6581	1	0.869
9627	3915	1	0.916
7738	3555	1	0.897
331	5424	1	0.857
8158	5792	1	0.839
6601	1777	1	0.918
1966	929	1	0.951
3593	5657	1	0.984
1732	4399	1	0.982
8867	7066	1	0.898
8368	1493	1	0.874
3775	1035	1	0.93
4356	364	1	0.899
8919	7120	1	0.848
6570	9836	1	0.928
2243	1079	1	0.948
3938	7837	0	0.000212
5418	3524	1	0.93
9123	1569	1	0.851
3659	2462	0	0.000502
6280	5682	1	0.96
4807	2094	1	0.843
3517	7616	1	0.959
1182	8764	1	0.944
8658	285	1	0.91
1441	1387	1	0.966
7363	5910	0	0.000309
4317	3565	1	0.842
525	119	1	0.984
9835	2894	1	0.874
1151	4974	1	0.959
2178	389	0	0.000208
7209	1954	1	0.879
2886	864	1	0.959
5203	4752	1	0.946
9293	670	1	0.805
4486	4681	1	0.892
764	3415	1	0.945
918	5169	1	0.908
3208	6971	1	0.805
3988	9483	0	0.000531
282	378	1	0.927
4490	2102	0	0.000383
5164	2157	1	0.904
1525	8192	1	0.89
257	6094	1	0.881
4691	5878	1	0.936
4840	3141	1	0.803
9683	6587	0	0.000475
1930	932	1	0.962
5992	8465	1	0.925
2714	4551	0	0.000491
4399	1483	1	0.944
580	9019	0	0.000301
5828	1354	1	0.832
3515	5203	0	0.000607
9176	49	1	0.941
5819	3581	1	0.917
7997	5801	1	0.906
4763	4443	1	0.886
4221	2607	1	0.935
2718	2585	1	0.831
319	4251	1	0.994
4291	7712	0	0.000171
5183	6575	1	0.922
2157	7410	1	0.952
5790	5598	1	0.82
8593	6935	1	0.83
5192	346	1	0.916
5399	9756	1	0.853
9457	4113	1	0.909
2590	32	0	0.000336
9409	5954	1	0.858
4235	1277	0	0.000301
6612	7113	1	0.835
1636	2405	0	0.000247
1030	5269	1	0.801
3330	192	1	0.89
391	5073	1	0.899
4233	9084	1	0.954
2847	4433	1	0.861
8104	175	1	0.817
2316	1162	1	0.854
6788	3219	1	0.9
6762	2225	0	0.00011
6649	3914	1	0.921
2173	4288	1	0.981
4256	3706	1	0.961
7192	7084	1	0.955
4813	6145	1	0.933
1226	6347	1	0.875
1942	4743	1	0.836
7170	4650	1	0.97
843	7145	1	0.804
6492	8009	1	0.929
119	7972	1	0.846
4277	436	1	0.842
9616	9457	1	0.925
240	4897	1	0.997
3447	4791	1	0.956
8726	338	1	0.952
5125	8394	1	0.897
8190	3946	0	0.00023
1873	746	1	0.982
1770	2614	0	0.000495
7771	155	1	0.945
6420	8426	1	0.822
2097	5505	1	0.943
5738	5701	1	0.843
5359	5204	1	0.867
6062	5498	1	0.815
4485	8005	1	0.846
2008	5155	1	0.96
3442	7636	1	0.819
4913	1126	1	0.904
7562	572	1	0.884
2267	7054	1	0.941
1568	1192	1	0.908
4615	7298	1	0.845
8847	9031	1	0.808
4192	6993	1	0.905
5257	6803	1	0.963
4243	7478	1	0.961
3782	7797	1	0.997
3949	9867	1	0.96
7517	6696	1	0.803
6174	206	1	0.887
2160	4246	1	0.819
832	5987	1	0.836
1238	2920	1	0.88
715	2296	1	0.955
6585	6995	1	0.981
4941	573	1	0.933
6273	9426	1	0.968
5982	6390	1	0.971
157	5732	1	0.848
7139	8135	1	0.945
4448	5741	0	0.000603
6075	1411	1	0.961
6908	2918	1	0.84
6728	4859	1	0.812
6569	5080	1	0.862
4085	7607	0	0.000154
9594	770	1	0.959
2216	909	1	0.992
5087	8771	0	0.000399
4625	237	1	0.996
8034	3215	1	0.922
4496	4176	1	0.961
8059	9464	1	0.92
9840	2731	1	0.955
4848	89	1	0.956
9083	3497	1	0.838
320	7572	0	0.000584
5405	9194	1	0.933
4876	4860	1	0.958
9695	1780	1	0.935
2761	854	1	0.994
6712	435	1	0.998
1127	806	1	0.897
9928	9604	1	0.895
4236	5091	1	0.899
8219	3033	1	0.948
4273	1358	1	0.817
7979	7468	1	0.894
274	188	1	0.961
6337	3405	1	0.934
2366	1305	1	0.835
2153	2783	1	0.877
4176	5859	1	0.977
130	8586	1	0.945
6081	3062	1	0.833
5624	7440	1	0.986
2058	9745	1	0.995
7407	7425	1	0.96
2196	7786	0	0.000264
436	6527	1	0.864
7758	8882	0	0.000565
1407	8052	1	0.847
9978	5611	1	0.859
5056	6660	1	0.921
476	4669	1	0.846
9205	3778	1	0.939
9934	3067	1	0.95
3238	1127	1	0.896
854	3073	0	0.000562
888	5052	0	0.000495
6906	5140	0	0.000562
6944	1702	1	0.829
2356	4240	0	9.53e-05
5422	1072	1	0.963
1324	9742	1	0.842
2080	6034	1	0.816
3384	530	1	0.841
2921	703	1	0.891
7653	6636	1	0.944
6224	8848	1	0.938
6113	9998	1	0.962
9578	4881	1	0.849
6254	1838	1	0.843
2843	6186	1	0.849
6314	3327	1	0.85
3275	8556	1	0.985
1342	4960	0	0.000207
7805	3548	1	0.879
9988	4101	1	0.929
2263	7343	0	0.000443
2180	4091	1	0.879
1865	3174	1	0.928
6977	8002	1	0.938
1421	7959	1	0.901
1068	554	1	0.813
4141	5347	1	0.806
3239	5641	1	0.981
9121	153	1	0.964
109	1166	1	0.969
7914	9700	1	0.903
6043	3546	1	0.899
8008	3845	1	0.906
9547	7347	0	0.000183
3031	2000	0	0.000303
4409	8643	1	0.961
2107	3698	1	0.815
3480	2698	0	0.000618
3835	4734	1	0.888
2400	3435	0	0.000526
2428	8770	1	0.829
8492	9900	1	0.955
9089	3407	1	0.895
2357	2733	1	0.988
8983	7623	0	0.00036
3623	1450	1	0.827
2456	5478	1	0.889
249	7765	1	0.978
5480	7211	1	0.819
5174	2471	1	0.872
37	1642	1	0.993
7060	5267	0	0.000635
4684	7895	1	0.897
9217	2479	1	0.997
9882	7070	1	0.913
1666	768	1	0.884
1353	4997	0	0.000429
8197	2046	0	0.000533
5206	6789	1	0.907
7931	2706	1	0.994
7838	3019	1	0.882
3810	7016	0	0.000575
5323	7319	1	0.843
4797	1312	1	0.925
6589	1325	1	0.97
4415	4744	1	0.81
7719	8990	1	0.867
8128	4152	1	0.995
2130	6311	1	0.812
1951	3693	1	0.938
2323	312	1	0.866
9327	2819	1	0.978
3454	5217	1	0.857
8381	5454	1	0.863
9595	2724	0	0.000563
6142	7740	1	0.975
366	5066	0	0.000513
8679	2841	1	0.931
3556	5711	1	0.925
9284	328	1	0.934
9599	5802	1	0.877
4972	6178	1	0.824
604	7915	0	0.000611
3224	4345	0	0.000157
620	7185	1	0.897
2079	1062	1	0.917
6160	9786	1	0.803
573	812	1	0.929
6025	607	1	0.874
5612	6833	1	0.997
246	1154	1	0.938
4455	1043	0	0.000368
6193	5631	1	0.902
2943	1396	0	0.000473
2933	2520	1	0.95
3109	855	0	0.000123
7243	6982	0	0.000216
5912	7290	1	0.917
3527	3698	1	0.967
9648	1918	1	0.855
4301	3351	1	0.941
1476	336	1	0.91
9785	1123	1	0.814
9072	2479	1	0.961
9240	1308	1	0.951
1791	5280	1	0.848
8730	7717	1	0.987
9845	407	1	0.837
7797	2525	1	0.953
7430	9927	1	0.896
1144	5504	1	0.937
1785	1262	1	0.915
3313	9854	1	0.8
2586	11	1	0.953
8719	1647	0	0.000165
2797	5815	1	0.842
5436	4545	1	0.94
8129	312	1	0.866
1322	4426	0	0.000557
4698	5900	0	0.000203
8213	5314	1	0.829
3678	1479	1	0.93
3352	6754	1	0.839
2874	1188	1	0.821
7458	1536	1	0.991
2504	9038	1	0.84
9306	3499	1	0.868
8589	264	1	0.884
4526	7120	0	0.000143
3516	5082	1	0.822
393	790	1	0.978
8353	1002	1	0.888
34	4208	1	0.831
543	892	1	0.86
182	1142	1	0.933
3107	5563	0	0.000347
1337	7798	1	0.884
8111	6564	0	0.000454
9300	2133	1	0.878
4047	5905	1	0.823
8377	3352	0	0.00021
8308	5383	1	0.983
4183	6299	1	0.812
6532	8275	0	0.000495
8424	3053	1	0.96
3272	6397	1	0.804
7880	4596	1	0.899
6627	6321	1	0.849
2748	2484	0	0.000193
583	109	1	0.914
1426	2242	1	0.988
6844	6874	0	0.000521
2081	7060	0	0.000472
3744	2016	1	0.828
2351	8612	1	0.815
8468	1358	1	0.857
8810	176	1	0.919
6545	9685	1	0.888
300	4596	0	0.00016
5695	6925	1	0.828
2833	1221	1	0.805
2186	1142	1	0.804
8826	2955	0	0.000224
7891	6434	1	0.958
2101	8308	1	0.976
8097	5599	1	0.944
8906	4858	1	0.836
5931	3242	1	0.803
174	1502	0	0.000114
9182	6002	1	0.989
5573	4066	1	0.967
5438	9875	1	0.803
6918	6805	1	0.974
4931	6477	1	0.887
7388	141	1	0.826
7667	7342	0	0.000428
3577	3646	1	0.902
9037	31	0	0.000127
4068	2805	0	0.000129
8811	424	0	0.000621
9967	2407	0	0.000121
9974	77	1	0.972
3844	5033	1	0.986
5417	69	0	0.000615
1403	2987	1	0.964
4655	2923	1	0.906
2791	2242	1	0.875
1672	3591	1	0.965
7638	8558	1	0.849
5782	4020	1	0.998
7754	297	0	0.000386
5283	3142	1	0.915
1871	6165	1	0.833
2917	8954	0	0.000151
6028	7241	1	0.82
8170	1242	1	0.89
5129	3565	1	0.893
7227	6787	1	0.868
5571	7511	1	0.861
2348	7950	1	0.959
5699	7452	1	0.952
561	8500	1	0.971
5574	9493	1	0.857
3730	3335	0	8.4e-05
9752	4858	0	0.000494
1646	824	1	0.822
8005	7930	1	0.823
2830	9527	0	0.000364
1553	3449	1	0.862
7272	1164	1	0.968
7879	9067	1	0.952
2217	7362	1	0.959
7532	6803	1	0.879
4460	8018	1	0.826
3821	7123	1	0.85
38	1635	1	0.806
2309	7753	1	0.983
7486	1320	1	0.882
6749	6602	1	0.874
2367	4638	1	0.898
8950	6245	1	0.892
5547	8652	0	0.000623
9668	149	1	0.811
3167	6766	1	0.815
7555	2548	0	0.000123
3220	727	1	0.892
9132	8649	0	0.000302
3130	7922	0	0.000458
1941	4287	1	0.849
7485	1068	1	0.926
748	5948	1	0.806
6226	3071	1	0.829
3178	4081	1	0.828
1519	555	1	0.997
6008	7130	1	0.886
1581	2813	1	0.889
1689	2402	0	0.000358
6626	703	1	0.876
6874	5504	1	0.898
7355	8796	1	0.833
2861	5289	1	0.973
7478	6417	1	0.882
8749	2252	1	0.856
7520	3674	0	0.000539
6820	1952	1	0.944
5897	6694	1	0.88
6654	3735	1	0.847
1027	7610	1	0.833
7817	2097	0	0.000459
490	6145	1	0.808
8894	8708	1	0.832
8154	6473	0	0.000473
9931	679	1	0.898
8665	118	1	0.908
7655	9800	1	0.889
3667	5704	1	0.945
925	1088	1	0.836
1010	8976	1	0.967
2472	4155	1	0.808
3089	5667	1	0.864
4329	1775	1	0.919
5016	8849	0	0.000202
3826	1970	1	0.93
2781	4592	1	0.952
2776	8351	1	0.973
106	906	1	0.863
2189	6530	1	0.824
8207	6908	0	0.000357
8343	8231	1	0.98
2866	7453	1	0.986
2757	54	0	0.000224
8767	704	1	0.869
1817	1487	1	0.809
5453	1112	1	0.99
3720	946	1	0.846
3312	7024	1	0.926
2709	2870	1	0.971
78	831	1	0.864
176	7307	1	0.975
3236	791	1	0.824
3977	8069	1	0.844
3227	5453	1	0.883
473	4287	1	0.974
560	6626	0	0.000408
456	4761	1	0.995
1685	2544	1	0.951
8459	4317	1	0.804
8600	5630	1	0.971
8043	4240	1	0.971
1779	9148	1	0.982
1048	708	1	0.809
9441	9697	1	0.959
7079	93	1	0.809
903	6515	0	0.000322
4502	1001	1	0.869
8647	3676	1	0.819
2158	1060	1	0.945
3429	1581	1	0.861
2930	3428	1	0.951
5677	2767	1	0.818
3628	6794	0	0.000508
8941	4732	1	0.892
4552	4596	1	0.91
2752	490	1	0.862
4578	6897	0	0.000615
5114	741	1	0.935
8422	2584	1	0.983
2603	924	1	0.893
816	9382	1	0.908
7585	1953	1	0.901
701	1734	1	0.99
1054	3531	1	0.951
3590	4955	1	0.837
985	1205	1	0.85
1881	7473	0	0.000461
4077	903	0	0.000165
2858	9467	1	0.897
6604	7496	1	0.909
2815	3115	1	0.818
3669	5948	1	0.995
1416	1408	1	0.997
3877	3761	1	0.946
2536	1454	0	0.000581
5640	7230	1	0.96
753	9556	0	0.000135
3444	8148	1	0.963
7081	1563	1	0.945
3952	1113	1	0.811
1076	9263	1	0.891
5007	2346	1	0.933
2268	7530	1	0.887
9392	3091	1	0.807
9448	6127	1	0.855
1548	8702	0	0.000203
6987	7571	1	0.848
36	3398	1	0.986
428	8544	1	0.969
4868	5464	1	0.874
4157	7998	1	0.969
967	3049	1	0.825
5447	8991	1	0.919
2493	1258	1	0.978
5138	2346	1	0.912
8988	7576	1	0.864
9026	2945	1	0.845
5093	4739	0	0.000613
1972	8838	1	0.916
5924	1823	1	0.959
4949	1789	0	0.00053
3389	7053	1	0.86
2188	3913	0	8.97e-05
4536	9958	1	0.851
6231	4020	1	0.975
5904	641	1	0.893
9328	654	0	0.000104
6351	4874	0	0.00019
7367	6074	1	0.845
165	700	1	0.955
6133	6208	1	0.923
9258	8665	1	0.819
991	6764	1	0.82
3180	1987	1	0.968
4708	2848	1	0.811
5373	9657	1	0.945
9538	319	1	0.956
5720	4392	0	0.000615
1433	8381	1	0.818
7972	2447	1	0.928
2557	2340	0	0.000624
8792	177	1	0.926
6426	6068	1	0.865
9481	837	1	0.856
8664	4159	1	0.903
9442	434	1	0.905
9731	707	1	0.801
1269	2476	1	0.825
734	5322	1	0.894
5074	265	0	0.000184
8024	5288	0	0.000218
6453	2903	0	0.000309
2530	4463	0	0.000476
6882	9804	1	0.881
2973	345	1	0.868
7640	5514	0	0.000389
5533	2269	1	0.814
7379	3993	1	0.885
7020	2447	0	0.000125
1888	3632	0	0.000148
3163	3499	1	0.969
6863	9502	1	0.813
5959	865	1	0.934
6361	5246	1	0.835
4110	8462	1	0.923
2753	1746	1	0.835
6334	9795	0	0.000338
8302	7607	1	0.92
7702	4503	1	0.85
4979	3897	1	0.806
870	9793	0	0.000482
5498	2873	1	0.994
8666	4984	1	0.81
9976	4821	1	0.949
7826	4126	1	0.997
5656	5467	1	0.988
5202	9841	1	0.818
6913	4590	1	0.941
6402	2450	1	0.987
6677	2863	0	0.000136
9853	4231	1	0.94
9000	1650	1	0.914
2563	1285	1	0.939
7141	6189	1	0.966
3065	7748	0	0.00054
5485	8653	1	0.92
6808	7632	1	0.889
1691	8355	1	0.864
6090	2767	1	0.868
6407	1439	1	0.899
7118	1597	0	9.04e-05
209	4543	1	0.953
4170	5281	1	0.869
9717	9885	1	0.978
1717	4326	0	0.000466
9917	5637	1	0.882
2236	3813	1	0.816
8614	1044	1	0.998
9826	6060	1	0.857
8805	8185	1	0.986
2822	1971	1	0.936
5247	9866	1	0.817
6794	5338	1	0.915
8837	5638	1	0.9
5022	9109	1	0.92
8599	7057	1	0.869
7744	858	1	0.846
3077	4359	1	0.918
449	7217	1	0.937
7908	911	1	0.843
9582	41	1	0.803
3493	111	1	0.885
6211	8251	1	0.807
5053	995	0	0.000246
901	1	1	0.97
7723	2267	1	0.985
407	6380	1	0.87
6178	106	1	1
3709	4009	1	0.888
6275	2847	1	0.865
1379	5503	0	0.000617
6747	6345	1	0.941
3545	8991	1	0.944
8829	3047	1	0.936
8433	1387	1	0.98
7897	2833	1	0.982
4263	2766	1	0.95
9491	5296	1	0.828
4325	3458	1	0.99
2915	6155	1	0.985
5313	5731	1	0.946
9769	1591	1	0.979
3091	9216	0	0.000404
2336	7926	1	0.948
5115	6664	1	0.873
7557	7293	1	0.972
6789	6554	1	0.96
4005	7114	0	0.000194
3433	5767	1	0.835
8233	252	1	0.915
5512	2197	1	0.889
5157	5011	1	0.985
2938	1641	1	0.95
222	3126	1	0.967
9764	8470	1	0.921
8398	6435	1	0.81
1474	9308	0	9.94e-05
3082	6772	0	0.000133
8478	9075	0	0.000592
5728	7270	1	0.815
6727	5727	0	0.000395
1518	134	1	0.858
5176	567	1	0.83
5380	3374	1	0.998
32	7938	1	0.814
1634	3007	0	0.000281
5602	4815	0	8.2e-05
1368	8132	0	0.00018
1609	7847	1	0.821
8572	4773	1	0.938
8660	2255	1	0.821
1653	9836	1	0.867
7545	4412	1	0.998
4123	5094	1	0.974
3069	4025	1	0.886
8747	5117	1	0.872
652	452	1	0.943
6791	7819	1	0.965
8706	5703	0	0.000391
607	3648	1	0.873
2693	4016	1	0.857
8731	331	1	0.885
1457	160	1	0.929
581	2532	1	0.918
2632	2717	1	0.874
6498	4959	1	0.894
3343	393	1	0.932
2146	5185	1	0.826
2877	7877	0	0.000224
2978	6056	1	0.83
6026	1482	0	0.000609
1619	28	1	0.987
2352	9327	1	0.849
2000	2161	1	0.98
576	1493	1	0.947
3981	9600	0	0.000303
4897	7716	1	0.94
4276	4108	1	0.868
7510	4661	1	0.929
1999	2055	0	9.93e-05
7973	1869	1	0.874
8079	5459	1	0.812
252	8992	1	0.821
4036	7118	1	0.9
1479	9735	1	0.986
8833	602	1	0.828
5854	145	1	0.921
2143	6290	1	0.915
5650	4677	0	0.000223
6639	6478	1	0.957
8175	723	1	0.958
2422	7859	1	0.888
1258	6920	1	0.95
1166	686	1	0.839
4621	4081	1	0.809
2988	3571	0	0.000427
1245	2202	1	0.957
2674	1772	1	0.842
8820	2457	1	0.894
6085	1617	1	0.805
5077	838	1	0.874
2147	5	1	0.977
7531	7051	0	0.000298
5565	7935	1	0.813
1469	8206	1	0.897
3285	7825	1	0.926
1462	2542	1	0.935
508	2585	1	0.821
1967	3678	0	0.00058
7575	7047	1	0.865
3543	1672	1	0.874
5370	1192	0	0.000197
1707	8180	1	0.809
8656	9561	1	0.846
7412	7590	1	0.921
4875	6594	1	0.888
6554	3795	1	0.811
9221	3090	1	0.989
6905	8611	1	0.857
7605	4179	1	0.981
5964	2923	1	0.96
8013	55	1	0.884
5810	205	1	0.84
2729	1561	1	0.951
5153	9163	1	1
3596	4236	1	0.822
7110	1487	1	0.809
129	3546	1	0.864
3573	8427	1	0.92
2015	402	1	0.958
8573	3099	1	0.853
1059	5749	1	0.959
4579	4184	1	0.816
4925	2392	1	0.856
8396	9	1	0.825
2612	4924	1	0.999
6405	676	1	0.856
6397	9068	1	0.884
9364	7550	1	0.81
5667	3292	1	0.986
2975	6277	1	0.82
2532	1122	1	0.974
864	5858	1	0.815
2002	9102	0	0.000425
6640	7474	0	9.12e-05
5143	8878	1	0.968
8751	3922	0	0.000528
9406	5019	1	0.966
5905	8052	1	0.906
713	2222	1	0.999
6559	2418	1	0.975
7187	8420	1	0.898
722	1411	0	0.000162
8301	808	1	0.974
507	6284	0	0.000474
3837	805	1	0.859
3426	4576	0	0.000114
1914	592	1	0.85
6714	4917	1	0.929
6325	2390	1	0.801
1710	1117	1	0.997
9126	1404	1	0.95
1692	2601	1	0.871
1736	2697	1	0.995
1897	4563	1	0.817
8457	3621	1	0.924
9563	4712	1	0.816
9886	6593	1	0.94
2202	4023	1	0.968
579	2537	1	0.982
6274	9738	1	0.929
4908	1761	1	0.896
9070	3544	1	0.901
9505	5706	1	0.85
5613	4216	1	0.813
4541	6062	1	0.927
5122	7912	1	0.928
5527	6616	1	0.98
3129	1830	1	0.836
1603	1164	1	0.801
5084	4894	1	0.968
1032	8723	1	0.882
7047	5049	1	0.948
4656	1688	1	0.977
7507	7921	1	0.99
6889	6190	0	0.000401
7163	89	1	0.877
4057	7661	0	0.000153
9447	6990	1	0.988
8937	3977	0	0.000475
2531	6620	1	0.888
6260	2890	1	0.826
1023	553	0	0.00026
3341	6149	0	0.000369
1471	5452	1	0.885
8506	2380	0	0.00011
148	3533	1	0.933
8552	2682	1	0.965
3210	29	1	0.912
142	8019	1	0.822
923	3707	1	0.874
2424	2784	0	0.000264
6723	3402	1	0.872
8206	2517	1	0.949
3815	9649	1	0.945
4954	1777	0	0.000174
644	9049	1	0.84
5521	638	1	0.892
2762	3042	1	0.815
4275	6884	1	0.9
3843	6159	1	0.94
2673	6842	1	0.868
3645	7446	1	0.88
7365	762	1	0.896
3996	5460	0	0.000586
3250	1208	1	0.972
505	8569	1	0.867
4716	2884	1	0.808
7497	707	1	0.862
8202	317	0	0.000344
4815	8345	1	0.957
796	8737	1	0.947
7881	7494	1	0.862
9562	1277	1	0.977
9386	842	1	0.886
5242	7512	1	0.844
1176	6577	1	0.873
4184	7638	1	0.953
50	1087	1	0.967
8022	8861	1	0.844
9573	2167	1	0.813
5491	5152	1	0.966
8969	7874	1	0.846
8217	8058	1	0.921
7389	8666	1	0.943
2600	893	0	0.00023
7142	3815	1	0.883
8108	3601	1	0.897
8048	2359	0	0.000243
3931	77	1	0.823
1782	3248	0	0.000205
3519	5989	1	0.911
9824	1004	0	0.000265
1212	2521	1	0.894
3386	1405	1	0.827
5553	8250	1	0.928
6481	5383	0	9.34e-05
4418	8814	1	0.867
3175	2081	0	0.00031
6143	4789	0	0.000632
5462	1905	1	0.934
2569	7959	1	0.965
6297	3044	1	0.831
421	1993	1	0.921
9368	2917	1	0.844
3865	2670	1	0.93
1042	5685	1	0.865
1802	6945	1	0.823
1021	1838	1	0.812
2333	390	1	0.989
126	2045	1	0.925
896	4305	1	0.926
2155	2697	1	0.855
8027	5619	1	0.969
1598	8008	1	0.993
5605	2282	1	0.992
3683	796	1	0.861
6979	3828	1	0.949
77	175	1	0.884
308	4539	0	0.000495
2271	8480	1	0.959
8997	3548	1	0.987
2255	9502	1	0.845
3568	3081	1	0.851
483	209	1	0.849
5936	3315	1	0.942
1788	1475	1	0.914
1174	5355	1	0.869
4203	33	1	0.841
9572	8206	1	0.829
6950	3710	1	0.808
866	9465	1	0.978
6701	3178	1	0.816
7420	868	1	0.905
2113	4663	1	0.965
1583	232	0	0.000546
4613	1468	1	0.856
5428	4307	0	0.000349
4386	2993	1	0.916
2540	8820	1	0.966
790	240	1	0.877
2610	4710	1	0.875
2960	7897	1	0.895
4683	1346	0	0.000324
878	1556	1	0.853
1389	8887	1	1
7230	980	1	0.923
2017	5631	1	0.827
6036	4755	0	0.000434
3216	3095	1	0.865
2649	1958	1	0.889
8680	3404	1	0.889
1162	4979	1	0.983
8874	2870	1	0.917
4693	8713	1	0.877
6920	5199	1	0.885
5757	9541	1	0.82
3828	2142	1	0.888
1857	6065	1	0.954
9771	1041	1	0.967
15	5858	1	0.858
7482	4419	1	0.963
447	4792	1	0.982
8387	5537	0	0.000325
4567	1830	1	0.894
4838	1503	1	0.946
2124	4357	1	0.989
4697	4136	1	0.927
4042	1830	1	0.975
7014	5535	1	0.841
7971	6112	1	0.998
3942	6148	1	0.901
3497	804	1	0.885
8227	762	0	0.000278
1614	6831	1	0.851
266	5469	1	0.972
2544	2147	1	0.895
3917	1514	1	0.823
9789	6233	1	0.844
3563	3888	0	0.00057
1905	8712	1	0.842
8333	5185	1	0.991
5198	1982	0	0.000256
6374	4383	1	0.871
7956	3380	1	0.948
8678	9489	1	0.824
8620	940	1	0.927
9903	4980	1	0.857
5297	3127	1	0.961
4939	5821	1	0.821
7197	2828	1	0.927
6881	6995	1	0.908
7619	2829	1	0.961
4156	1604	1	0.963
6824	462	1	0.985
9783	3243	1	0.902
8446	888	0	0.000414
2970	8490	1	0.975
6396	1903	1	0.842
7418	3802	1	0.92
2700	7268	1	0.904
166	942	1	0.976
8165	755	1	0.967
3899	2428	1	0.866
9452	721	1	0.927
2245	196	0	0.000557
9945	3902	1	0.963
116	2446	1	0.906
4095	4556	1	0.881
5246	8871	1	0.987
879	6748	1	0.805
5012	9151	1	0.839
5403	4124	1	0.958
234	6567	0	9.92e-05
3773	883	1	0.972
2381	7473	0	0.000304
7216	2816	1	0.999
5315	5521	1	0.852
1018	3162	1	0.923
5763	54	0	0.000577
3637	8797	1	0.919
1298	4337	1	0.967
1371	4017	0	0.00041
8070	286	1	0.893
5590	9232	1	0.829
9029	8335	1	0.892
1481	374	1	0.877
9698	8510	0	0.000367
6674	3687	1	0.9
7250	7860	1	0.897
1350	7050	1	0.944
8384	1385	1	0.961
4523	7834	1	0.911
1387	861	1	0.804
8361	1772	1	0.935
4574	3783	1	0.918
8329	3461	1	0.917
5144	6902	0	0.000395
3496	2005	1	0.95
2034	3576	1	0.848
8973	3346	1	0.813
1105	9007	1	0.921
9057	7800	0	0.000447
536	2021	1	0.859
2228	4560	1	0.87
7464	4342	1	0.945
7077	5836	0	0.000599
2092	2630	1	0.907
3538	4010	1	0.874
1015	4778	1	0.946
3751	7104	1	0.991
1246	6645	1	0.841
7769	177	1	0.926
741	1200	0	0.000408
2817	5948	0	0.000122
8177	5355	1	0.959
7889	4830	1	0.885
7274	7166	1	0.877
6406	9512	1	0.809
4090	1438	1	0.84
1263	8505	1	0.965
6958	7776	1	0.843
1156	5229	1	0.85
7073	13	1	0.998
6048	6697	1	0.915
5444	4281	1	0.941
8494	7982	1	0.925
9490	3030	1	0.954
9800	2124	1	0.892
1442	1230	1	0.802
7041	1589	1	0.862
7434	2837	1	0.966
1656	542	1	0.956
8617	2008	1	0.835
134	7024	1	0.947
480	4000	1	0.846
7887	3900	1	0.939
8893	7743	1	0.97
5322	3484	1	0.924
1560	1865	1	0.928
7641	473	1	0.83
7628	1507	0	0.000288
9075	8478	1	0.905
9808	4119	1	0.942
3001	1479	1	0.983
8109	2460	1	0.96
4675	815	1	0.904
9947	6838	1	0.91
4636	6190	1	0.93
9214	4341	1	0.863
1847	8219	1	0.958
8853	67	1	0.807
2487	2255	1	0.88
4397	3431	0	0.000577
3715	9901	1	0.913
2743	3238	1	0.987
244	373	1	0.88
9227	4923	1	0.883
8765	3648	1	0.864
9951	705	0	0.000426
3521	6987	1	0.905
7333	2190	1	0.946
4882	2396	1	0.83
3192	1498	0	0.000622
1019	188	0	0.00055
3937	665	1	0.999
5882	6534	1	0.962
5251	5861	0	0.000522
2724	1346	1	0.863
5796	3957	1	0.983
8241	2740	1	0.893
5500	1453	1	0.928
9053	8405	1	0.884
2506	4606	1	0.997
478	9705	1	0.816
105	284	1	0.878
1429	3163	1	0.895
9372	8219	1	0.967
5774	6348	0	0.000423
7617	499	0	0.000396
6850	1739	1	0.934
5940	7935	1	0.923
4266	9826	1	0.864
8527	7169	1	0.802
8321	2818	1	0.977
2507	3062	0	0.000364
3145	3999	1	0.812
3919	471	1	0.978
7547	5566	1	0.903
8877	5559	1	0.919
8895	8833	0	0.000257
8947	1035	1	0.982
1845	5792	1	0.843
9494	8350	1	0.9
8928	795	0	0.000169
7120	7912	1	0.835
8628	2582	1	0.969
4945	4813	1	0.885
1181	7400	1	0.876
1984	6688	1	0.917
1906	492	1	0.94
6989	3993	1	0.857
7438	2541	1	0.901
2889	3058	1	0.852
7129	3535	1	0.879
6365	849	1	0.873
7732	1652	1	0.922
7046	1429	1	0.968
7864	5139	1	0.907
2199	7779	1	0.819
9319	7469	1	0.971
2876	693	1	0.954
4239	2195	1	0.871
2001	3957	1	0.926
1377	5449	1	0.987
1204	3550	1	0.901
4089	5388	1	0.857
6774	6427	1	0.949
660	3867	1	0.886
5865	6670	1	0.825
1334	7437	1	0.886
4382	6505	1	0.936
8228	7301	1	0.892
7474	2174	1	0.947
332	4573	1	0.892
2067	5701	1	0.956
4373	5415	1	0.85
6917	8521	1	0.978
6290	8578	0	0.000229
398	2855	1	0.839
993	9206	1	0.845
382	5122	1	0.966
3913	1072	0	0.000499
6543	9587	1	0.933
5396	7764	1	0.991
3675	6932	0	0.000228
5126	5484	1	0.836
7213	2568	1	0.889
5362	7103	0	0.000386
1922	1049	1	0.929
136	7083	1	0.814
163	1854	1	0.937
8372	8058	1	0.896
8081	9581	1	0.822
7846	1001	1	0.91
1395	3804	1	0.961
7280	2010	1	0.96
9601	3693	1	0.97
3221	8757	0	0.000386
7417	687	0	0.000185
5981	3377	1	0.985
8904	6408	0	0.0001
1844	2060	0	0.000246
9161	8629	1	0.841
7446	1558	1	0.928
9297	1369	0	0.000483
5884	1759	0	0.00059
2807	5764	1	0.897
5219	5890	1	0.921
2475	332	0	0.000116
9518	4010	1	0.832
8758	2280	1	0.856
6646	5804	1	0.997
2836	8164	1	0.988
3393	6654	1	0.86
5619	1138	1	0.909
8511	4000	1	0.971
8898	8657	0	0.000115
378	27	1	0.942
2534	4798	0	0.000354
4634	2979	1	0.956
7687	1078	1	0.817
4381	3910	1	0.802
4548	5348	1	0.853
2849	5871	1	0.816
7037	9897	1	0.969
3864	3121	1	0.977
8318	9618	1	0.83
8887	6782	1	0.949
6775	484	1	0.929
2431	5687	1	0.958
9704	2112	1	0.8
1986	1269	1	0.906
9041	5634	0	0.000372
7229	2541	0	0.000109
9818	4786	1	0.838
1957	2216	1	1
577	7731	1	0.944
977	3012	1	0.957
5327	1630	1	0.885
2739	8891	1	0.86
9564	8910	0	0.000617
4607	4629	0	9.36e-05
9607	9325	1	0.94
5160	1740	1	0.984
680	8222	1	0.839
1313	49	1	0.833
2656	8708	1	0.945
2401	4480	1	0.997
6540	5637	0	0.00015
9162	4859	1	0.882
6462	5405	1	0.821
2322	5657	1	0.964
8427	5914	1	0.925
720	9865	1	0.801
5494	9574	1	0.956
9166	2461	1	0.971
6132	7732	1	0.955
2774	2851	1	0.989
6785	3886	1	0.924
1693	7161	1	0.918
8623	7772	1	0.974
4026	1423	1	0.881
305	5881	1	0.917
6614	4093	1	0.908
3340	9261	0	0.00015
2418	6315	1	0.942
7952	1665	1	0.973
8409	3523	1	0.838
3007	4599	1	0.885
4664	9222	1	0.907
7890	1476	1	0.981
5336	6498	0	0.000614
6686	3982	1	0.867
6391	1864	1	0.862
3321	4723	1	0.92
9807	3775	1	0.904
9603	9067	1	0.918
849	7309	0	0.000255
7894	132	1	0.938
1576	9549	1	0.834
3584	5622	0	0.000522
4304	1450	0	0.000332
7983	2175	1	0.831
8710	5652	1	0.801
4242	8974	1	0.984
1933	6853	1	0.931
7747	7481	0	0.00036
8272	1908	1	0.947
8221	7932	0	0.000229
6084	491	1	0.819
6608	5610	0	0.000485
3929	973	1	0.968
6444	5538	1	0.938
1163	3222	0	0.000443
8514	7807	1	0.918
3939	3280	1	0.81
4527	9644	1	0.978
4191	5257	1	0.907
2005	1193	0	0.000392
1150	6900	0	0.000342
7071	597	1	0.858
6162	7788	1	0.915
1697	5740	1	0.92
3139	9769	1	0.944
8307	5451	1	0.898
2972	4002	1	0.893
5766	5308	1	0.98
9402	111	1	0.992
3317	1571	1	0.942
2628	8077	1	0.84
2922	1005	1	0.939
800	5032	1	0.87
4072	545	1	0.901
8534	5972	0	0.000487
1369	3579	1	0.928
7292	9243	1	0.829
9893	6792	1	0.923
3256	3747	1	0.939
9456	432	1	0.841
9486	7065	1	0.974
4952	1061	1	0.891
4657	8028	1	0.925
4640	126	1	0.918
6446	5628	1	0.836
6802	2051	1	0.915
2568	2882	1	0.967
8708	9365	1	0.896
1657	6688	1	0.979
995	7187	1	0.9
2250	721	1	0.893
2204	9019	0	0.000476
5360	2085	1	0.901
9015	1233	1	0.906
7194	3979	1	0.856
1686	1785	1	0.998
1452	3137	1	0.861
6634	3068	1	0.923
944	9173	0	0.000536
7588	8377	1	0.863
947	7495	1	0.894
7970	8902	1	0.94
7011	1961	1	0.806
6299	6866	1	0.936
8762	625	1	0.943
9989	7224	0	0.000623
3688	1254	1	0.926
8878	7745	1	0.871
7059	3910	1	0.984
4132	5405	1	0.87
2464	1483	1	0.873
6258	1754	0	0.000211
1891	9235	1	0.802
3564	687	1	0.911
1750	919	1	0.855
6460	9718	1	0.962
3503	3471	1	0.844
3058	3427	1	0.848
7088	1739	1	0.867
8290	170	1	0.921
4013	8438	1	0.836
4772	420	1	0.846
2468	2737	1	0.874
1983	3961	1	0.885
2241	5478	1	0.965
4219	202	1	0.898
8787	3034	1	0.911
9541	5925	1	0.881
9569	9425	1	0.896
8447	4810	1	0.828
1725	916	1	0.801
2269	533	1	0.852
7134	5650	1	0.806
5244	377	1	0.94
1895	4123	1	0.811
2913	8999	0	0.000423
8840	2168	1	0.872
564	8685	0	0.000552
438	4850	1	0.997
9154	599	1	0.951
1527	2203	1	0.803
9454	8409	1	0.863
3453	3614	1	0.977
3600	7682	1	0.878
9585	8358	1	0.911
934	4888	1	0.856
1309	1893	0	0.00027
5642	6704	1	0.973
1920	5995	0	0.000155
389	520	1	0.804
7899	4680	1	0.881
7794	1737	1	0.856
9286	5964	1	0.98
3012	6965	1	0.914
1183	3827	1	0.967
3303	9717	1	0.805
1003	5107	1	0.875
1738	5453	1	0.862
7989	1361	1	0.962
613	6701	1	0.993
9527	4551	1	0.891
7112	5074	1	0.929
7752	3948	1	0.855
1430	1258	1	0.893
1679	7065	1	0.953
8472	4277	1	0.817
4223	9433	1	0.883
2302	953	1	0.868
6440	40	1	0.903
7604	1968	1	0.841
1492	2019	1	0.976
3103	2176	1	0.972
8832	6645	1	0.926
4220	6221	1	0.969
9246	9286	1	0.933
6465	8934	1	0.9
7069	3258	1	0.987
7868	1516	1	0.836
5655	8697	1	0.97
2845	1629	0	0.000534
9279	2454	1	0.977
1911	2331	1	0.946
7737	3805	1	0.926
7938	9709	1	0.977
8149	6455	1	0.861
9942	106	1	0.825
9158	7261	1	0.957
3531	4211	0	0.00042
7871	6100	1	0.807
8018	622	1	0.867
254	498	0	0.000279
9813	4460	1	0.975
5170	5855	1	0.949
3268	914	0	0.000111
1397	4806	1	0.998
3698	1611	1	0.823
1336	9924	1	0.909
9377	6678	1	0.886
1913	1297	1	0.922
3612	3071	1	0.984
5009	6128	1	0.97
8917	3761	0	0.000224
2775	5724	1	0.92
2966	7712	1	0.99
884	3082	1	0.913
6735	1116	0	0.000485
6370	193	1	0.996
8410	2038	1	0.881
6574	2460	0	0.000492
8633	4211	1	0.979
5511	8153	1	0.847
4800	5784	1	0.822
4515	3962	1	0.889
6679	9090	0	0.000386
464	4594	1	0.885
8771	8386	0	0.000352
2616	4913	1	0.989
2848	4708	1	0.81
127	8136	1	0.822
2430	9419	1	0.868
3209	3986	1	0.978
4827	2740	1	0.989
7634	399	1	0.864
8161	6751	1	0.833
5113	3748	1	0.883
5748	3037	1	0.895
3705	4296	1	0.949
4197	1352	1	0.843
4710	9332	1	0.977
7015	1584	1	0.801
1901	3205	0	0.00039
4798	7744	1	0.924
8086	6246	1	0.827
3411	4874	1	0.864
9210	7461	1	0.9
6827	9536	0	0.000636
6470	6165	0	0.000581
2927	773	1	0.917
7325	8446	1	0.932
6898	336	1	0.913
8351	6656	1	0.879
1545	205	1	0.831
59	6252	1	0.907
7044	6281	1	0.98
5603	3632	1	0.916
4535	204	1	0.965
6279	9725	1	0.808
8871	5594	1	0.859
9678	2151	0	0.000139
692	4283	0	8.72e-05
9635	7344	1	0.932
2983	5548	0	0.000564
340	150	1	0.85
5092	8428	1	0.844
3634	1505	1	0.897
983	454	1	0.883
5241	6581	1	0.935
2852	2094	1	0.969
8069	5930	0	0.000201
8391	913	1	0.939
1191	493	1	0.922
5339	5404	1	0.91
7599	7907	1	0.914
8963	3083	1	0.982
6590	180	1	0.881
8255	2957	0	0.000125
3532	4150	1	0.884
3472	821	1	0.811
5089	6616	1	0.933
8528	3265	0	0.000608
3371	8596	1	0.859
3894	4760	1	0.984
9566	2094	1	0.844
9994	7481	1	0.913
5301	7845	1	0.913
8827	4985	1	0.855
8822	7135	1	0.968
1367	1895	1	0.901
3646	4858	1	0.851
3601	7298	1	0.818
8402	8808	1	0.959
1045	2887	1	0.908
6568	6507	1	0.978
6071	378	1	0.827
1199	7371	1	0.929
2578	8831	1	0.949
633	8760	1	0.838
4726	540	1	0.923
3653	1665	1	0.934
5795	7177	0	0.000533
7043	636	1	0.819
3758	1613	1	0.953
2393	9383	0	0.0004
2741	5883	0	8.53e-05
8047	8894	1	0.879
1924	1622	0	0.000258
902	5197	1	0.875
1022	3835	0	0.000611
1239	5828	1	0.997
8187	9185	0	0.000567
5601	4519	0	0.000495
9046	4097	1	0.862
1296	8413	0	0.000272
887	3069	1	0.902
6506	5548	1	0.955
7470	1783	1	0.927
5128	428	1	0.834
1067	3620	1	0.993
6087	2949	1	0.807
9636	3374	1	0.926
7490	9332	1	0.813
3512	9435	1	0.921
2636	5715	1	0.843
6782	4412	1	0.924
5561	3906	1	0.905
3339	6813	0	0.000398
4029	9052	1	0.974
4885	4307	0	0.000397
7403	6218	1	0.807
4737	8064	1	0.81
915	8446	1	0.878
8986	5168	1	0.982
9238	7173	1	0.829
4722	966	1	0.83
6293	1640	0	0.000244
4308	8556	1	0.969
1944	2170	0	0.000564
5856	3737	1	0.997
4630	5852	1	0.985
22	157	0	0.000591
8349	9380	1	0.918
3610	6295	1	0.989
861	5618	1	0.837
4805	831	1	0.849
5047	1539	1	0.838
6656	3915	1	0.845
7442	8856	1	0.955
9445	3533	1	0.802
4701	1029	1	0.984
7147	6982	1	0.908
9925	2321	0	0.000216
8855	738	1	0.825
5895	6513	1	0.841
6004	3767	1	0.92
5365	9786	1	0.856
4034	7153	1	0.823
8823	1880	1	0.824
9728	7392	1	0.859
563	1197	1	0.969
8911	8057	1	0.867
8742	4709	1	0.948
541	5810	0	0.000496
7978	8234	1	0.983
1565	8003	1	0.966
8392	7819	1	0.965
828	16	1	0.988
7824	1599	0	0.000187
664	8941	1	0.83
3023	957	1	0.896
4505	5844	0	0.000369
6482	1412	1	0.948
8230	3947	1	0.815
4284	4215	1	0.846
8168	9159	1	0.853
5917	6510	1	0.909
1700	275	1	0.957
1592	6567	1	0.911
2591	183	1	0.985
6409	2413	0	0.000498
9540	4789	1	0.879
8879	5241	1	0.971
8541	1035	1	0.848
3368	8010	1	0.855
1398	1685	1	0.883
5066	306	1	0.886
151	9861	1	0.95
9313	5232	1	0.97
1502	8504	1	0.877
2884	1522	0	0.000118
9157	3663	1	0.854
3523	980	1	0.808
2203	2023	1	0.984
8258	204	1	0.832
7533	9795	1	0.947
2094	4492	1	0.972
8949	645	1	0.804
608	4252	1	0.909
3727	3671	0	0.000453
2410	8700	1	0.929
9558	7192	1	0.919
9360	2427	1	0.904
5135	2654	0	0.000612
937	4980	1	0.817
1494	1421	1	0.841
2128	3546	1	0.934
8563	7351	1	0.957
5535	1642	1	0.832
8790	8502	1	0.804
9388	5689	1	0.801
5475	4854	1	0.979
628	4459	1	0.984
4311	4979	1	0.914
7546	295	1	0.903
159	31	1	0.88
9583	9557	1	0.881
7603	5309	1	0.861
8794	8866	1	0.86
218	1340	1	0.802
9311	2196	1	0.958
2246	2307	0	0.000498
6770	7057	1	0.998
92	364	1	0.935
161	502	1	0.891
6187	4266	1	0.891
9081	5016	0	0.000528
733	9665	1	0.887
8619	2797	1	0.949
3586	1089	1	0.836
3805	3842	1	0.987
5847	8072	1	0.922
1293	3613	1	0.827
7185	346	1	0.947
2542	5632	1	0.88
6925	5695	1	0.958
5689	9868	0	0.000463
7428	4902	1	0.896
5705	9525	1	0.976
309	4325	1	0.865
8178	90	0	0.000558
8924	6860	1	0.812
9979	1886	1	0.806
4272	112	1	0.936
632	7177	1	0.919
5352	5766	1	0.829
4294	113	1	0.881
7563	3028	0	0.00019
6158	5880	1	0.912
6915	6473	1	0.839
4234	3494	1	0.877
5985	25	1	0.987
605	3671	1	0.934
5104	1341	1	0.905
1060	927	1	0.95
6217	9572	1	0.94
4589	4897	1	0.938
3096	1737	1	0.836
5809	7773	1	0.989
9749	3905	1	0.854
5466	4919	1	0.859
3295	1978	1	0.903
5786	8	1	0.856
3415	1819	0	0.000281
8439	624	1	0.9
7601	5255	1	0.952
3502	2698	1	0.888
355	7457	0	0.000537
7873	9828	1	0.966
9837	668	1	0.847
8626	255	1	0.896
989	2695	1	0.996
363	7770	1	0.81
7922	926	1	0.981
731	1351	1	0.911
3049	159	1	0.844
4062	1169	1	0.951
2274	3626	1	0.949
7875	2978	1	0.937
9251	7287	1	0.949
4998	3779	0	0.000611
6305	3222	0	0.000622
2654	6788	1	0.815
3164	7905	1	0.913
7099	9580	1	0.881
6733	1883	1	0.985
3759	2574	1	0.995
1969	9302	1	0.856
2477	5623	1	0.824
8641	8362	0	0.000149
3852	1288	1	0.979
8480	4334	1	0.92
4014	9274	1	0.821
760	8084	0	0.000165
9292	4127	1	0.939
1908	8272	0	0.0005
1276	5613	1	0.863
3095	2075	1	0.817
5271	5652	1	0.952
5376	5883	1	0.819
7327	520	1	0.896
6265	2180	1	0.949
2481	7625	1	0.831
2939	1672	1	0.983
3960	8009	1	0.938
9794	8163	1	0.896
5487	5804	1	0.822
1566	8525	1	0.866
5942	5027	1	0.939
446	2594	1	0.992
6095	8138	1	0.845
4004	9712	1	0.948
5095	1481	1	0.839
802	456	1	0.976
7609	3406	1	0.897
83	5240	1	0.939
4376	5153	1	0.896
5265	9982	1	0.903
13	7170	0	0.000618
3840	5247	1	0.95
4622	7123	0	0.000306
5121	3349	0	0.000459
9226	8481	1	0.875
7905	4991	1	0.905
5524	9712	1	0.89
9507	9475	0	0.000105
6894	123	1	0.813
4401	1009	1	0.85
2298	4502	1	0.917
1690	348	0	0.000525
8905	7202	1	0.979
5367	5831	1	0.853
4043	2206	1	0.808
145	2599	1	0.909
9706	4580	1	0.828
1682	7790	0	0.000484
5861	7040	1	0.952
394	1870	1	0.852
6202	2920	1	0.986
834	3078	0	0.000238
5043	4360	1	0.922
7861	1559	0	0.000442
9656	4963	1	0.89
6681	185	1	0.835
1804	6150	1	0.895
9825	2630	1	0.819
6227	9317	1	0.944
9088	1275	1	0.864
8819	7186	1	0.893
9034	2966	1	0.915
5162	3400	1	0.815
8486	1096	1	0.883
8232	2494	1	0.867
5722	9994	1	0.908
1874	7866	1	0.936
7256	7395	0	0.00048
7783	1713	1	0.853
3508	5453	1	0.804
8942	9512	1	0.986
659	1917	1	0.938
7234	2685	1	0.952
6753	3977	1	0.838
1774	55	1	0.974
4383	9417	1	0.833
2287	1691	1	0.986
6536	7251	1	0.88
9116	2550	1	0.952
280	8122	1	0.9
6416	5928	1	0.922
4350	1493	0	0.00019
9827	137	1	0.91
5633	7131	1	0.84
9623	5086	1	0.84
7098	5965	1	0.915
1733	1842	1	0.905
8907	5257	1	0.887
2152	4012	1	0.837
3825	2140	1	0.962
5478	5697	0	0.000104
7664	2041	1	0.932
1097	4322	0	0.000212
7074	9734	0	0.000594
8042	1467	1	0.828
3550	3396	0	8.47e-05
4495	7637	1	0.982
4794	9698	1	0.811
1347	4934	1	0.835
7670	386	1	0.997
2150	971	0	0.000213
1605	9659	1	0.933
488	931	1	0.865
215	6681	1	0.913
9995	1115	1	0.844
8743	1642	0	0.000562
4661	9516	0	0.000609
8220	4848	1	0.949
9432	6622	1	0.869
3849	2179	1	0.864
9614	5109	1	0.863
8194	8612	1	0.913
3876	5498	1	0.953
7278	3069	1	0.911
5566	1343	1	0.962
6609	9056	1	0.933
5312	188	1	0.813
6526	1387	1	0.819
6871	6076	1	0.977
1500	7666	1	0.971
2225	4	1	0.902
719	5032	1	0.86
912	4508	1	0.801
4654	5009	1	0.957
9031	7487	1	0.998
7832	5628	1	0.822
9909	195	1	0.954
8869	2799	1	0.87
4796	314	1	0.892
4430	8025	1	0.879
5278	1246	1	0.9
865	315	1	0.922
1701	3542	1	0.815
7291	8422	1	0.966
3742	8703	1	0.96
7960	3361	1	0.939
1997	4485	1	0.89
5615	7580	1	0.805
954	7621	1	0.971
7518	1644	1	0.991
736	4289	0	0.000188
4375	3581	1	0.988
8239	8219	1	0.948
2185	4609	1	0.834
9811	9555	1	0.849
4428	7628	1	0.858
3801	3203	0	0.000312
8603	8220	1	0.939
454	6262	0	0.00037
3872	7462	1	0.827
4046	5277	1	0.804
2413	5090	1	0.849
1558	2991	1	0.872
3808	248	1	0.814
3369	486	1	0.861
8786	535	0	0.000501
6137	5989	1	0.997
5218	1357	0	0.000553
3777	280	0	0.000255
7284	4052	1	0.962
4632	4160	0	0.000288
5010	6580	0	0.000368
1751	594	1	0.988
3641	2270	1	0.868
5666	6235	1	0.81
120	4976	1	0.966
7468	3275	1	0.966
9379	6617	1	0.921
8752	7549	1	0.874
8415	83	1	0.806
5654	8223	0	0.00027
5451	8807	1	0.829
5472	6328	1	0.827
3075	1319	1	0.869
5584	4342	1	0.828
2145	1124	1	0.892
3619	3294	0	0.000186
5714	2242	1	0.907
3889	1208	1	0.811
951	2256	1	0.902
847	205	1	0.903
345	6685	1	0.844
5388	3384	0	0.00055
3134	3632	1	0.91
5839	9102	0	0.000254
8135	4982	1	0.98
1763	1420	1	0.968
9649	7142	1	0.8
6039	2294	1	0.957
4441	6640	1	0.988
3353	4216	1	0.938
8868	3630	1	0.807
9870	8342	1	0.869
8864	934	1	0.862
2652	6291	0	0.00035
7241	853	1	0.839
1880	3557	1	0.864
1837	2261	1	0.971
2384	652	1	0.8
3721	5583	1	0.903
5598	4759	1	0.918
2661	848	1	0.952
4924	4764	0	0.000501
9127	8204	1	0.836
4422	5689	0	0.000389
1572	3783	1	0.808
9574	6296	1	0.88
6368	2174	1	0.895
3267	1648	1	0.847
4396	4061	1	0.955
5379	2634	1	0.955
7180	3800	1	0.951
90	8029	1	0.957
6885	8110	1	0.885
9701	2672	0	0.000412
3354	6054	1	0.965
1108	8653	1	0.844
2980	952	1	0.957
8067	1262	1	0.918
5228	9458	1	0.841
2868	5382	0	0.000401
1820	3889	1	1
4462	5597	1	0.865
7307	5703	1	0.889
6363	1408	1	0.953
9464	7822	1	0.965
6815	503	1	0.935
6596	8858	1	0.838
8259	3816	1	0.951
2617	2143	0	0.00031
4340	3988	1	0.926
2247	3316	1	0.924
8714	2015	1	0.864
2891	148	1	0.814
6399	7250	1	0.984
1141	7228	1	0.918
616	6437	1	0.987
6240	1609	1	0.977
4971	7377	1	0.8
1498	3192	0	8.72e-05
8926	8145	1	0.872
8064	1039	1	0.979
6667	9742	1	0.838
167	6241	1	0.888
2030	7108	1	0.819
2702	4980	1	0.855
1797	3006	0	0.000231
8317	6582	1	0.89
368	8272	0	0.000514
2624	4732	0	0.000513
6618	5383	0	0.000527
4466	7825	1	0.988
6629	9644	1	0.919
635	9045	1	0.978
2402	4768	1	0.902
2463	10	1	0.882
709	8177	1	0.888
8978	9219	1	0.967
2353	515	1	0.982
1194	5090	1	0.95
5483	9709	1	0.842
186	2929	0	0.000406
624	9735	1	0.962
8716	8505	1	0.877
4251	3040	1	0.967
7577	460	1	0.859
7319	7518	1	0.876
9480	6821	1	0.98
1475	1794	1	0.863
4474	143	1	0.976
6724	7196	1	0.802
7836	2345	0	0.000301
8579	4734	1	0.8
8454	7013	1	0.875
8632	2757	1	0.835
9841	8849	1	0.925
7329	16	1	0.983
4339	9518	1	0.983
5740	7761	1	0.811
381	3597	1	0.926
3269	5006	1	0.965
6620	7850	1	0.974
556	8903	1	0.951
8242	2062	1	0.957
7598	7790	1	0.845
2261	52	1	0.914
4721	480	1	0.958
5395	1358	1	0.94
1458	7346	1	0.966
744	9516	1	0.94
7608	421	1	0.999
2029	1987	1	0.815
379	7194	1	0.851
6880	4144	1	0.8
758	7769	1	0.979
8041	776	1	0.933
1855	7979	1	0.945
9637	8111	1	0.894
7262	1197	1	0.809
2068	3966	0	0.000595
8763	4759	1	0.982
4861	2421	1	0.876
9798	2421	1	0.974
6464	7120	1	0.835
3189	708	1	0.824
7525	6690	1	0.899
367	154	0	0.000531
4816	6453	1	0.83
2959	145	1	0.869
9277	3760	1	0.889
3587	184	1	0.825
7665	9852	1	0.998
4252	714	1	0.849
6093	7847	1	0.954
2358	286	0	0.000263
5207	5817	1	0.959
4932	257	1	0.837
6272	1579	1	0.87
8756	8514	1	0.825
6595	6797	1	0.834
6651	1762	1	0.996
5700	5324	1	0.985
4992	3841	1	0.833
5729	4656	1	0.843
9014	2290	1	0.844
3157	1252	1	0.998
2466	4235	0	0.000572
1277	8101	1	0.973
739	9296	1	0.915
9817	3156	1	0.998
2640	370	1	0.859
1364	6990	1	0.952
9972	8836	1	0.992
7814	9104	0	0.000177
6865	971	1	0.833
5086	1199	1	0.96
1925	9838	1	0.925
3509	6665	1	0.886
4159	4455	1	0.958
4696	2826	0	0.000592
2620	3840	1	0.879
8865	3746	1	0.911
2344	2970	1	0.91
5279	5977	1	0.961
5132	2473	1	0.978
7815	7205	1	0.955
8218	4881	0	0.000602
9830	5932	1	0.817
4247	9239	0	0.000243
749	841	1	0.857
9820	33	1	0.805
2174	1883	1	0.829
6571	9418	1	0.807
2549	8075	1	0.857
3566	9275	1	0.923
3168	8	1	0.977
5470	3488	1	0.966
1444	1749	1	0.802
2388	7376	1	0.98
66	3729	1	0.975
735	3181	0	0.000404
7326	2092	1	0.871
8093	4234	0	0.000472
2231	7642	1	0.874
2717	4988	1	0.94
1979	3175	1	0.836
1496	5069	1	0.972
2579	5704	0	0.000559
5808	7449	1	0.993
6856	3790	1	0.876
9554	7980	1	0.981
3923	688	1	0.953
2744	536	1	0.952
1604	2123	1	0.876
9916	6224	0	0.000385
1988	5045	1	0.873
8539	2361	1	0.942
4188	1498	1	0.831
5465	9488	1	0.891
6959	1179	1	0.878
4281	4809	1	0.949
7982	4044	1	0.934
7338	4456	1	0.892
7564	2050	0	0.000276
8966	6205	1	0.819
406	391	1	0.98
2484	4461	0	0.000369
3685	2657	1	0.96
9902	8804	1	0.891
5892	9710	1	0.835
938	361	1	0.942
8960	7077	1	0.893
4088	4670	1	0.993
1325	6749	0	0.000364
27	639	1	0.89
9276	785	1	0.984
1084	231	1	0.898
8674	1892	1	0.934
2282	4720	0	0.000588
7465	966	1	0.949
3510	2202	1	0.876
9465	2428	1	0.82
7746	4161	0	0.000501
4988	3411	1	0.804
4668	287	1	0.855
5432	76	1	0.87
3883	4346	1	0.879
7688	1727	1	0.997
1532	8230	1	0.805
8797	8324	1	0.957
146	8831	0	0.000632
9263	544	1	0.806
5145	5699	1	0.856
4576	2042	1	0.899
3148	4952	1	0.866
7635	1513	1	0.928
2864	9130	1	0.857
1562	3327	1	0.868
2644	8481	1	0.935
8889	659	1	0.903
948	3059	1	0.85
9948	4671	1	0.842
359	2837	0	0.000159
1861	2582	1	0.852
5062	336	1	0.891
7808	2900	1	0.883
7369	6332	1	0.999
5236	8448	1	0.983
8216	3111	1	0.922
8354	5415	1	1
953	5990	0	0.00025
6322	6736	1	0.955
8615	3343	1	0.856
1339	569	1	0.845
1805	4102	1	0.974
1126	2874	1	0.929
1574	3530	1	0.929
3194	1221	1	0.862
270	1477	1	0.835
8509	9229	1	0.941
1065	4586	0	0.000616
7321	2381	0	0.000406
9218	3598	1	0.84
68	3139	1	0.801
2784	3290	1	0.872
8885	362	1	0.832
2338	4454	0	9.05e-05
5042	5768	1	0.913
8470	2481	1	0.93
7885	8235	1	0.972
6857	5970	1	0.971
1719	3948	0	0.00049
1936	8340	1	0.975
6434	6426	1	0.833
3658	2411	0	0.00026
1512	6616	1	0.986
9061	221	1	0.85
9963	85	0	0.000584
25	8369	1	0.945
7967	421	1	0.864
5949	4850	1	0.876
5606	5590	1	0.97
745	5762	0	0.000449
8163	6172	1	0.857
2637	3635	1	0.975
863	48	1	0.881
125	3010	1	0.834
4063	9131	0	0.00029
9220	91	1	0.981
3080	386	0	0.000109
5349	4118	1	0.864
7679	9781	1	0.889
4323	9068	1	0.869
7115	4968	1	0.997
7233	7724	1	0.92
2070	1226	1	0.824
3410	8792	1	0.876
5002	6581	1	0.847
3697	8273	1	0.92
3	346	1	0.818
7558	5963	1	0.881
6811	2152	0	0.000566
1706	1556	1	0.985
3138	2198	1	0.891
8962	4608	1	0.913
4817	1357	1	0.965
233	6769	1	0.885
1618	8302	1	0.884
4064	8426	1	0.879
9223	4471	0	9.63e-05
9059	7964	1	0.883
4672	5453	1	0.883
3259	2978	1	0.976
5664	7324	1	0.831
4186	7772	1	0.853
1994	1095	1	0.883
156	3035	1	0.931
6696	9639	1	0.893
7095	7804	1	0.897
2595	5004	1	0.826
2765	1670	1	0.924
333	2455	1	0.866
3847	4440	1	0.995
5955	4403	1	0.9
4692	4091	1	0.945
423	6393	1	0.815
3511	1145	1	0.812
4092	4976	1	0.869
2747	298	1	0.844
1594	4661	1	0.889
1978	1210	1	0.995
5789	6936	1	0.916
8188	3099	1	0.829
8964	2750	1	0.803
2121	31	1	0.841
9699	7060	1	0.865
1248	4303	1	0.966
8453	4588	1	0.926
8825	5686	1	0.91
499	7617	1	0.979
4852	6109	1	0.955
716	66	1	0.956
8882	5910	0	0.000243
4724	128	1	0.891
5963	3378	1	0.981
5607	1641	1	0.978
5455	2240	0	0.000462
3753	9591	1	0.965
2601	69	1	0.97
5175	9528	1	0.919
1120	7237	0	0.000357
5965	9317	0	0.000101
2789	8216	1	0.822
4431	4528	1	0.867
2841	9403	1	0.99
6308	1437	1	0.883
3704	715	1	0.912
8469	181	1	0.952
6423	6162	1	0.802
8337	9631	1	0.904
6329	5967	1	0.875
6127	3339	1	0.985
3851	4212	1	0.947
7080	2807	1	0.901
9199	6214	1	0.989
3813	1437	1	0.808
645	8949	1	0.966
2525	8869	1	0.812
2795	343	1	0.897
1478	6044	0	0.000599
7764	7015	1	0.829
1438	8500	1	0.876
9295	4967	1	0.829
4165	332	0	0.000596
1996	9512	1	0.988
1153	2375	1	0.998
3457	1917	1	0.912
7150	5826	0	0.000154
1760	1274	1	0.917
4349	2355	1	0.871
3733	7024	1	0.848
6772	7494	1	0.956
2735	9032	0	0.000435
5235	4198	1	0.85
521	6896	0	0.000134
6680	8411	0	0.000508
5890	7949	1	0.924
6573	3659	0	0.000384
3406	1520	1	0.977
662	428	1	0.899
6822	7023	1	0.805
2694	1727	1	0.832
7311	9480	1	0.979
4216	8715	1	0.945
9253	8461	1	0.801
9310	5760	0	0.000254
111	7438	1	0.84
5320	5993	0	0.000206
6253	8577	0	0.000366
9867	1034	1	0.858
7457	568	0	0.000365
2883	2851	0	0.000118
2312	4415	1	0.925
8736	5477	1	0.836
4451	6020	1	0.976
3399	5935	1	0.968
5477	6877	1	0.807
1044	4647	1	0.836
8015	5562	0	0.000631
8282	6888	1	0.934
6292	6255	1	0.852
8681	3909	0	0.000465
1299	2476	1	0.887
4533	2796	1	0.97
5784	4850	1	0.984
8052	9084	1	0.855
5424	2179	1	0.871
9680	5519	1	0.842
5690	8134	0	0.000291
8441	374	1	0.999
4862	5461	0	0.000332
600	6306	1	0.903
8007	6982	1	0.941
8779	1397	1	0.854
8184	4622	1	0.832
9143	392	1	0.858
1836	2927	1	0.981
8309	5921	0	0.000266
9167	2031	1	0.834
649	747	1	0.958
6840	5670	1	0.874
4	3168	1	0.882
776	8041	0	0.000146
9105	5697	1	0.936
7553	7377	1	0.94
3818	3843	1	0.866
5840	5415	1	0.967
9895	6187	1	0.823
1937	122	1	0.864
950	208	1	0.855
6839	8524	1	0.824
5721	4488	1	0.801
7111	4759	0	0.000297
8728	4790	1	0.942
8953	2488	1	0.964
1989	4988	1	0.845
2219	7850	1	0.963
4117	6505	1	0.97
2355	98	1	0.976
9487	584	1	0.971
8444	5250	1	0.966
6919	1737	1	0.923
8803	7570	1	0.975
8605	1541	0	0.000256
833	2217	1	0.85
3097	3776	1	0.918
9710	7539	1	0.808
2589	1865	1	0.949
2425	710	1	0.866
7677	5402	1	0.91
6468	4881	1	0.939
585	8810	1	0.813
4633	4189	1	0.839
7281	8549	1	0.882
8195	8846	1	0.962
7620	8591	1	0.82
8001	1328	1	0.896
8733	75	1	0.963
8192	1861	1	0.948
9427	1055	1	0.968
9103	6200	1	0.969
5777	7347	1	0.903
2713	8091	1	0.845
7381	2499	0	0.000189
4012	8104	1	0.918
8860	3166	1	0.981
201	2831	1	0.875
7353	6543	1	0.989
8691	1816	0	0.000349
245	9010	1	0.85
2116	7745	1	0.901
8745	3532	1	0.932
4254	4966	1	0.84
353	2169	0	0.000438
4016	5106	0	0.000513
3647	8695	1	0.918
4571	8001	1	0.922
4066	2862	1	0.995
8021	6570	1	0.886
177	8179	0	0.000177
9640	4460	1	0.889
4454	9828	0	0.000362
7700	1884	1	0.905
2677	2855	1	0.898
2792	4633	0	0.000401
4765	5080	0	0.000394
7928	8092	0	0.000167
5471	970	0	0.000376
1638	801	1	0.848
8254	3142	1	0.841
1876	9710	1	0.951
6922	5091	1	0.999
5045	690	0	0.000324
6326	4761	0	0.000463
4278	2073	0	0.00025
6163	124	1	0.991
2469	2125	1	0.95
4650	3010	1	0.992
40	7455	1	0.82
6091	1700	1	0.867
517	373	1	0.854
981	4678	1	0.983
8639	5778	1	0.864
1743	6760	1	0.854
9247	1552	1	0.803
718	198	1	0.962
1391	2024	0	0.000218
9613	1171	1	0.823
5416	9060	1	0.821
9178	9623	0	0.000143
7190	3410	1	0.915
7536	1515	1	0.921
857	1890	1	0.882
7348	178	1	0.805
4389	5678	1	0.847
506	5971	1	0.924
2091	1407	1	0.948
4393	6977	1	0.913
2492	273	0	0.000437
6021	7168	1	0.813
6672	7264	1	0.892
3907	6894	0	0.000132
5079	3566	1	0.855
3223	6431	1	0.911
139	1952	0	0.000397
3428	6426	1	0.979
311	6261	0	0.000244
3905	6089	1	0.941
787	239	1	0.805
6165	6470	1	0.854
1278	7026	1	0.838
4224	3958	1	0.946
4694	6589	0	0.000393
7344	8290	1	0.871
8076	7877	1	0.905
694	4504	1	0.848
7760	6619	1	0.983
6114	576	1	0.98
2132	7500	1	0.873
5266	2949	1	0.892
8280	1845	1	0.994
7901	9319	1	0.924
3703	4712	0	0.000163
5014	4823	1	0.979
5057	2087	1	0.871
7496	1589	0	0.000545
8727	8057	1	0.883
498	5736	0	0.000555
8420	9911	1	0.812
3723	5101	1	0.831
630	9610	1	0.86
8940	4207	1	0.985
5812	2242	0	0.000274
1790	481	1	0.991
7961	4078	1	0.958
3778	8912	1	0.9
6300	2522	1	0.833
6051	7257	1	0.954
6661	1177	1	0.82
4745	4580	1	0.92
8248	3819	0	0.000566
1085	3144	1	0.897
2372	8791	1	0.892
7685	4748	1	0.839
3863	3962	1	0.964
202	5013	1	0.923
3553	2196	1	0.904
1564	2486	1	0.904
8676	9226	1	0.904
5394	2271	1	0.952
1170	8138	0	0.000379
4537	8757	1	0.897
9027	8635	1	0.821
8631	5338	1	0.939
8520	2783	1	0.954
6719	6338	1	0.852
2582	6580	1	0.912
1616	1638	1	0.852
3280	6248	1	0.918
3630	318	1	0.812
3177	5759	1	0.901
2596	5377	1	0.864
3766	8350	1	0.931
3969	4301	0	0.000547
4951	2101	1	0.814
5525	3933	1	0.995
313	3873	0	9.77e-05
4491	1099	1	0.81
518	2198	1	0.987
4445	1730	1	0.931
8181	6	1	0.83
4555	7196	0	0.000418
247	808	1	0.996
3901	9162	1	0.998
6123	5768	1	0.836
5133	6067	1	0.923
4512	1134	1	0.923
4987	9593	1	0.874
9906	3482	1	0.892
9520	3097	0	0.000503
8156	4907	1	0.975
7853	1841	1	0.951
7822	1693	1	0.96
1740	5309	1	0.873
54	6018	1	0.869
7346	4814	1	0.935
8240	2921	1	0.929
7018	190	1	0.9
6515	903	1	0.8
6888	8411	1	0.894
7033	2252	1	0.866
6907	786	1	0.928
2997	3541	1	0.835
7076	3556	1	0.887
7424	1635	1	0.957
2648	1074	1	0.868
7799	5509	1	0.885
3042	8735	1	0.84
4513	1304	1	0.863
9670	894	1	0.937
4482	2903	1	0.905
6145	4130	1	0.991
4241	8801	1	0.933
3245	1831	1	0.895
1198	8427	1	0.818
1904	939	1	0.822
2380	1798	1	0.816
8120	1763	1	0.852
72	9132	1	0.913
4918	1630	1	0.983
8505	9054	1	0.954
1995	1160	0	0.000317
9887	2755	1	0.808
4561	2547	1	0.828
1595	1046	0	0.000578
1089	2560	1	0.949
26	387	0	0.000293
6450	6922	1	0.864
5557	4310	1	0.832
5446	1371	1	0.882
8359	3489	1	0.944
7226	9198	1	0.918
3663	7384	1	0.826
4511	9998	0	0.000306
6189	1220	1	0.929
443	642	1	0.985
8263	1336	1	0.801
7703	7166	0	0.000198
3958	4224	1	0.853
3382	3252	1	0.963
9018	3969	1	0.9
4614	8401	1	0.961
6644	7153	1	0.853
6843	7724	1	0.925
8547	438	1	0.84
3936	2583	0	0.000175
1522	9451	1	0.998
4355	9458	0	0.000187
3370	468	1	0.973
3716	9833	1	0.912
2855	2976	1	0.864
3832	2082	1	0.842
1615	6237	1	0.914
3656	2584	1	0.866
3611	4645	1	0.807
1723	6473	1	0.856
4995	5328	1	0.932
1980	4100	1	0.879
3846	2124	1	0.886
1123	8138	1	0.822
6630	508	1	0.81
7451	8150	1	0.841
3159	2984	0	0.000299
6783	3723	1	0.847
5744	1196	1	0.835
6583	3662	1	0.908
5006	7445	0	0.00045
7473	979	0	0.000129
9189	3935	0	0.000431
6717	3380	1	0.909
6454	1361	1	0.988
4711	4299	1	0.973
8458	3271	1	0.9
3114	2003	1	0.815
9553	4084	1	0.873
6704	646	1	0.96
1493	6226	1	0.83
73	5038	1	0.808
2869	7041	0	0.000592
6447	8112	1	0.997
1523	7561	1	0.818
4371	5127	1	0.829
3326	7944	0	8.58e-05
591	5621	1	0.929
9050	4765	1	0.867
2314	7011	1	0.88
1956	2668	1	0.862
2453	2044	1	0.915
7119	8770	1	0.946
513	1613	0	0.000607
3892	5204	1	0.983
100	166	1	0.981
4597	5537	0	0.000489
3866	9464	1	0.921
4723	6390	0	0.000394
4150	1928	0	0.000152
9062	3739	1	0.982
8755	190	1	0.878
679	242	1	0.849
9455	902	0	0.000456
6116	7867	1	0.924
6069	4166	1	0.91
4964	3693	1	0.843
5941	8768	1	0.963
4832	5193	1	0.91
9682	1210	1	0.919
9852	4664	1	0.898
7804	5131	1	0.801
4845	6959	0	0.000117
448	879	1	0.819
3243	9783	1	0.844
8331	9515	1	0.973
3405	3605	1	0.896
647	5791	1	0.962
3524	1905	1	0.851
7362	8320	1	0.919
6592	8678	1	0.889
6746	9094	1	0.991
3494	2554	1	0.941
8078	8878	1	0.878
1853	7877	1	0.971
1533	3632	1	0.845
3003	1015	1	0.944
9702	5669	1	0.92
6203	2296	1	0.945
2561	1582	0	0.000168
7987	5723	1	0.893
9716	1657	1	0.903
7852	7371	1	0.83
8004	4298	1	0.912
4606	1410	1	0.868
3385	2772	1	0.955
3790	6856	1	0.884
2459	9574	1	0.839
1734	7712	1	0.896
654	4044	1	0.846
4402	6680	1	0.811
3932	4087	1	0.998
8	7423	1	0.834
8971	1629	1	0.884
1196	1016	1	0.943
9411	1517	1	0.99
4531	2545	1	0.885
571	219	1	0.922
6729	7481	1	0.812
8970	1299	0	0.000168
9605	324	1	0.899
931	734	1	0.874
7399	6260	0	0.000316
2862	3817	1	0.861
7796	1405	1	0.91
8214	8462	1	0.898
2947	2792	1	0.831
9930	1678	1	0.842
4103	2870	1	0.962
4752	6471	1	0.834
2670	7240	1	0.899
8133	3180	1	0.808
7315	8161	1	0.983
6546	3261	1	0.824
968	7902	1	0.817
8645	529	1	0.808
9799	5659	0	0.000631
9285	994	1	0.819
206	1461	1	0.887
9519	7001	1	0.814
6456	7567	1	0.893
2738	8162	1	0.823
5003	2542	0	0.000198
5867	4867	1	0.823
7472	2299	1	0.962
8801	2613	1	0.865
2902	4361	1	0.816
4569	5580	1	0.838
272	8658	1	0.867
4472	3900	1	0.866
7153	40	1	0.815
2042	373	1	0.912
2614	1032	1	0.845
2223	1868	1	0.856
6621	6924	1	0.814
232	1555	1	0.872
3404	737	0	0.000205
9264	245	1	0.968
8807	7397	1	0.889
6215	634	1	0.833
8525	6926	1	0.971
7870	7666	1	0.919
7578	2296	1	0.889
3010	89	1	0.979
7091	3383	1	0.82
1943	2149	1	0.903
2999	2523	1	0.905
2958	9013	1	0.874
7393	4917	1	0.816
9111	506	0	0.000243
8499	2267	1	0.97
6700	38	0	0.000581
3575	193	1	0.83
6383	3027	0	0.000627
397	9066	1	0.946
217	6819	0	0.000578
1626	107	1	0.938
6903	8253	1	0.915
3452	5183	1	0.952
8686	3611	1	0.973
1934	619	0	0.000363
4406	6192	1	0.939
4906	5330	1	0.981
1639	8580	1	0.934
219	4970	1	0.978
3292	5478	1	0.839
601	3665	1	0.915
875	8420	1	0.895
1208	2515	1	0.902
7586	2864	1	0.934
1808	1421	1	0.842
4130	5124	1	0.89
6581	311	1	0.892
1058	5066	1	0.912
261	8790	1	0.833
7366	9756	1	0.825
6829	308	1	0.857
4833	1846	1	0.833
7253	1923	1	0.836
2949	6943	1	0.852
8118	4533	1	0.856
7460	4971	0	0.000538
510	4744	1	0.932
6887	5469	1	0.957
3540	5273	1	0.874
3412	4430	1	0.974
2619	7938	1	0.855
2715	3553	1	0.816
9755	8755	1	0.972
2720	9894	1	0.88
8510	2310	1	0.929
2098	1617	1	0.959
3144	7892	1	0.986
7124	3437	0	0.00014
4337	691	1	0.965
2634	5379	1	0.984
4570	6781	1	0.838
3143	2534	1	0.815
769	6738	1	0.818
7030	9675	1	0.94
2799	9784	1	0.866
1556	523	1	0.938
8262	3698	1	0.879
2053	3883	1	0.955
3278	984	1	0.831
4425	2890	0	0.000144
2055	1573	0	0.000322
9641	5309	1	0.957
4775	3879	1	0.867
2838	4441	1	0.999
3449	228	1	0.982
3783	872	1	0.984
4307	4478	0	0.000356
223	7514	1	0.803
917	3399	1	0.929
7610	7937	1	0.895
2503	8527	1	0.836
5829	9061	0	0.000571
6040	7560	1	0.833
2119	8782	0	0.000107
8929	3692	1	0.824
3991	6781	1	0.899
1832	3378	1	0.969
7136	1702	1	0.802
2678	634	1	0.803
4503	1482	1	0.803
1627	6496	0	0.000527
8502	6565	1	0.976
9040	998	1	0.847
7896	4137	0	0.000427
5021	5575	0	0.000186
6493	6127	1	0.87
8073	219	0	0.000568
1624	3045	1	0.953
1754	8114	1	0.992
877	9941	1	0.832
969	330	1	0.85
5986	9394	1	0.875
4447	1784	1	0.814
8378	6552	1	0.975
8574	3783	1	0.837
9141	8535	0	0.000578
6461	4780	0	0.000573
9929	5761	1	0.823
970	4641	1	0.816
9832	3686	0	0.000444
4863	3083	1	0.989
8405	9053	1	0.854
7038	6238	1	0.878
2087	1698	1	0.852
4748	5532	1	0.854
1252	1230	1	0.95
5270	7969	1	0.931
8880	9565	1	0.842
3880	67	1	0.983
3915	5482	1	0.908
7132	1696	1	0.823
7214	2166	0	0.000529
8844	9035	1	0.963
4935	8953	1	0.864
8421	5114	1	0.811
1752	646	1	0.988
5918	5316	1	0.928
6010	4687	1	0.819
2326	165	0	0.000507
6886	4494	1	0.993
9440	5506	1	0.908
7200	640	1	0.968
4940	94	1	0.827
4230	617	1	0.959
7283	7198	1	0.938
3792	6218	0	0.000129
3664	3215	1	0.957
1227	5818	1	0.912
900	2197	0	0.000206
7279	9193	1	0.964
9602	5184	1	0.849
1664	1797	1	0.875
6967	137	1	0.817
3530	1531	1	0.887
1306	7978	1	0.85
3633	56	1	0.83
5435	9833	1	0.802
8813	3189	0	0.000505
5742	449	1	0.804
6578	5100	1	0.989
2904	9415	1	0.986
3172	171	0	0.000403
6389	344	1	0.984
1455	9451	1	0.943
2982	2047	1	0.939
9272	2435	1	0.897
8581	7175	1	0.899
4580	3515	1	0.998
1757	6637	1	0.854
4948	250	1	0.999
4028	2503	1	0.955
2218	7710	0	0.00042
3437	8647	1	0.958
5204	5597	1	0.937
5413	3555	1	0.995
8209	399	0	0.000529
5068	5706	1	0.826
4205	5291	1	0.816
5758	933	1	0.874
4747	1028	1	0.864
4244	1033	1	0.933
6471	1105	1	0.817
400	481	1	0.845
6343	9516	1	0.912
5805	7724	1	0.958
6139	7319	1	0.927
7589	683	1	0.998
9666	8703	0	0.000425
9399	4102	1	0.83
5239	8633	1	0.879
5427	9036	1	0.934
1118	4269	1	1
5929	1916	1	0.95
4905	3891	0	0.000519
283	395	1	0.953
8055	1882	1	0.906
7509	5818	1	0.843
815	1701	0	0.000385
8131	881	1	0.972
8802	9423	1	0.855
1185	5888	1	0.862
3166	8747	1	0.865
4086	6094	1	0.807
5150	8543	1	0.84
515	3933	1	0.807
4208	830	0	0.000165
1932	6253	1	0.996
1807	2277	1	0.946
7611	2586	1	0.983
4855	4186	1	0.829
1119	2408	1	0.844
7995	4703	1	0.895
8622	5753	1	0.8
9054	5260	1	0.816
8722	3350	1	0.902
1939	4726	1	0.965
7189	7105	1	0.94
5698	5932	0	0.000633
7401	7326	1	0.852
929	5739	0	0.000105
323	60	1	0.921
9567	3647	1	0.939
3682	6266	1	0.955
3306	2857	1	0.956
6014	5047	1	0.951
8838	2098	1	0.983
9369	848	1	0.996
357	154	1	0.927
5469	3048	0	0.000489
3980	2509	1	0.977
1868	1723	1	0.873
2516	616	1	0.925
2262	5420	1	0.971
1340	1733	1	0.851
3414	3280	1	0.82
7469	7901	1	0.919
710	6161	1	0.921
4363	7341	1	0.945
9565	8880	0	0.000577
4190	5365	1	0.825
9536	1158	1	0.833
9990	2044	0	9.74e-05
7790	176	1	0.995
1090	3142	1	0.819
5751	5350	1	0.897
5734	3408	1	0.9
3240	3671	1	0.829
5916	8264	1	0.803
8526	1400	1	0.843
85	8666	1	0.883
9194	2787	1	0.872
9068	6397	1	0.805
2696	5300	1	0.84
351	7849	0	0.000622
135	2736	1	0.999
3636	4179	0	0.000225
2954	8975	0	0.000136
1272	2668	0	0.000465
5900	6552	1	0.975
2394	9706	1	0.833
8266	1758	1	0.908
8300	4790	0	0.000293
5580	7383	1	0.925
7290	1936	1	0.977
9354	8985	1	0.993
6271	2983	0	0.000148
5886	6856	1	0.853
6671	6286	1	0.827
5486	7616	0	0.000374
1456	7180	1	0.968
4346	1383	1	0.971
5586	2133	1	0.893
3734	9407	0	0.000558
1437	7017	1	0.959
4593	2657	1	0.843
2242	8337	1	0.947
4518	622	1	0.918
5481	8	1	0.862
2796	4625	1	0.895
3225	8987	1	0.896
1107	5917	1	0.815
2088	1499	1	0.888
5177	6812	1	0.887
329	4651	1	0.982
1137	4127	1	0.831
6249	9641	0	0.000211
4508	9620	1	0.982
926	5798	1	0.922
9282	1217	1	0.925
724	5824	1	0.916
1667	6631	1	0.988
8624	496	1	0.894
2957	8255	0	0.000102
7858	8277	1	0.944
9714	1010	1	0.818
6105	3273	1	0.992
8529	5979	1	0.823
8319	7392	1	0.988
1173	2874	1	0.922
2256	7298	1	0.859
9028	9150	1	0.883
1158	6894	1	0.821
1017	3988	1	0.87
7276	8217	1	0.973
6301	8298	1	0.896
8922	1177	1	0.991
2543	61	1	0.98
6056	8411	1	0.943
8897	5171	1	0.971
3887	6662	1	0.88
8607	4657	1	0.978
3677	7578	1	0.976
5669	8717	1	0.969
7252	9982	1	0.951
4929	1189	0	0.000137
6835	3365	1	0.961
5972	2131	1	0.974
9759	7315	1	0.959
3314	9246	1	0.819
196	7391	0	0.000593
1840	9021	1	0.835
3179	3221	1	0.982
6373	1454	1	0.899
9816	2453	1	0.861
4637	586	1	0.839
4671	8996	1	0.811
2445	896	1	0.927
3717	4179	1	0.819
9645	68	1	0.988
5277	4886	1	0.828
4646	9470	1	0.836
4135	7008	1	0.804
1253	2925	1	0.861
9634	2072	1	0.919
1460	2673	0	0.000606
4534	9434	1	0.915
3890	9862	1	0.926
6131	1653	1	0.81
9679	2389	1	0.828
431	1362	1	0.942
8817	1067	1	0.935
7179	5002	1	0.808
3051	7453	0	0.000352
7515	2060	1	0.811
5054	9665	1	0.926
9969	6151	1	0.98
7456	3933	1	0.937
5568	2504	0	0.000615
2047	250	1	0.837
8193	733	1	0.988
595	8253	1	0.814
712	7555	0	0.000154
6624	9880	1	0.919
6005	8253	1	0.866
424	4810	1	0.891
898	2916	1	0.96
6779	1277	1	0.939
5706	279	1	0.901
9581	9719	1	0.961
291	665	1	0.964
3989	7240	1	0.991
162	2316	1	0.889
8014	1756	1	0.854
3912	4920	1	0.838
4452	5275	1	0.85
35	7313	1	0.913
1959	1733	1	0.808
9271	8795	1	0.967
1221	1817	1	0.82
7351	2535	1	0.802
4378	1494	1	1
9048	8412	1	0.892
5032	1032	1	0.918
4665	6499	1	0.924
3951	9520	1	0.87
9593	4819	1	0.86
5899	317	1	0.986
5510	2449	1	0.932
3834	2274	0	0.000613
8198	317	1	0.826
5943	586	1	0.91
28	2136	1	0.905
1536	7957	1	0.82
5945	8265	1	0.849
5268	4253	1	0.986
2398	8020	1	0.942
1794	5102	1	0.939
8369	14	1	0.83
5120	5545	1	0.917
9847	61	1	0.887
2305	49	1	0.899
6031	685	1	0.969
9153	1787	0	0.000252
4900	6663	1	0.872
3105	6958	1	0.896
6480	2306	0	0.00023
4134	9892	1	0.94
4928	5786	1	0.946
255	514	1	0.983
1963	1032	1	0.974
7086	1539	1	0.893
703	4320	1	0.869
5392	2295	1	0.973
5181	8690	1	0.852
4969	7511	1	1
7273	8049	1	0.947
9183	576	1	0.805
7597	213	1	0.961
8075	2359	1	0.865
6472	9418	1	0.869
492	5208	0	0.00046
3933	5525	1	0.883
3215	6980	1	0.801
9390	1959	1	0.897
4023	5656	0	0.000582
737	5453	0	0.000547
627	8350	1	0.932
4756	6365	1	0.916
6044	3869	1	0.899
6549	8134	1	0.896
7013	4658	1	0.842
6419	4618	1	0.83
8465	245	1	0.912
2117	1366	1	0.939
3713	4425	1	0.869
7176	8069	1	0.955
2782	2222	1	0.815
7706	396	1	0.813
8488	1014	0	0.000333
2659	1080	0	0.000284
667	8424	1	0.922
5180	3759	1	0.896
8113	6837	1	0.973
76	5941	1	0.899
7090	382	1	0.872
5189	3782	1	0.949
9819	2711	1	0.812
1214	2984	1	0.921
9408	3985	1	0.989
6398	9576	1	0.818
746	4852	1	0.819
9019	388	1	0.928
6937	1205	1	0.871
9316	2332	1	0.999
874	8401	1	0.856
1007	3917	1	0.948
8720	9300	0	0.000429
2727	6555	1	0.927
2629	4489	1	0.936
1746	1017	1	0.922
4566	3470	1	0.845
2771	9727	1	0.886
5214	9732	0	0.000461
8634	7813	1	0.865
9865	9796	1	0.836
7220	4329	0	0.000505
7182	6746	1	0.826
8851	1883	1	0.899
3896	4455	1	0.851
9644	4527	0	0.000447
3252	860	1	0.908
336	920	1	0.913
3582	2160	1	0.941
5037	67	1	0.942
1210	3295	1	0.876
946	5706	1	0.985
8544	2832	1	0.868
371	2799	1	0.96
3560	1758	1	0.886
6006	1201	1	0.949
4582	4607	1	0.87
2691	9877	1	0.945
6730	6841	1	0.811
1809	6869	1	0.84
6514	9699	1	0.95
2474	7882	1	0.854
1718	9124	1	0.851
2564	7987	1	0.85
1570	4382	1	0.933
1005	1398	1	0.983
3328	8693	0	0.00039
9339	961	1	0.925
8695	1593	0	0.00038
4310	3941	1	0.974
5536	671	1	0.946
7720	8708	1	0.851
8160	5291	1	0.979
5290	430	1	0.832
7303	8064	1	0.997
9896	6074	1	0.943
6771	8419	1	0.913
6501	9020	1	0.894
6328	5468	1	0.892
5344	4524	1	0.859
7976	4776	0	0.000345
3752	4210	1	0.866
6204	5866	1	0.868
773	1592	1	0.913
4180	4345	0	0.000279
6331	6214	1	0.942
6295	6990	1	0.952
2288	1974	1	0.801
5987	5842	1	0.872
189	5175	1	0.811
768	4969	1	0.903
1206	4535	1	0.872
9207	7312	1	0.843
4679	7214	1	0.841
9032	1591	0	0.000223
5872	8981	1	0.958
197	5542	1	0.803
2734	1434	1	0.815
8071	7096	1	0.81
430	3873	1	0.868
7184	4129	1	0.909
8295	6355	1	0.873
1154	7697	0	0.000241
7954	1477	1	0.967
8662	2505	1	0.854
3798	3037	1	0.994
678	246	1	0.816
96	60	1	0.812
2317	4436	1	0.912
9770	5460	1	0.96
9721	68	1	0.923
1674	7943	1	0.856
6349	5516	1	0.989
9958	1216	1	0.825
7406	2457	0	0.00049
6734	2845	1	0.869
9200	7129	1	0.834
5036	4079	1	0.95
9953	854	1	0.875
8989	6048	1	0.851
8371	5878	1	0.807
7918	5569	1	0.876
1020	2528	1	0.995
7231	2339	1	0.937
705	271	0	0.000315
3970	314	1	0.806
7101	154	1	0.842
9748	61	1	0.807
5384	7502	1	0.897
6689	73	1	0.905
5292	1974	0	0.000308
2905	4893	1	0.94
5353	89	0	0.000355
3336	4720	1	0.953
6732	3555	0	0.000204
1189	2574	1	0.933
9985	4933	1	0.85
375	3331	0	0.000141
8923	389	0	0.000155
1341	3742	1	0.9
5629	5550	0	0.00018
4601	8959	1	0.857
2227	3868	1	0.994
8138	4447	1	0.867
1384	1148	0	0.000156
3726	1809	1	0.834
9539	2003	1	0.908
1484	7279	1	0.914
8671	320	1	0.933
2108	2428	1	0.95
5450	924	1	0.929
5407	2059	1	0.931
4297	3296	0	0.000226
5616	3802	1	0.855
2332	5692	1	0.985
7053	786	1	0.907
9421	4369	1	0.887
3608	8963	1	0.962
3455	7249	1	0.833
2100	1199	1	0.818
2064	325	1	0.957
3416	4046	1	0.942
1333	4974	1	1
1597	9863	1	0.958
4160	13	1	0.919
9761	5552	1	0.95
4427	8217	1	0.884
952	5590	1	0.867
230	4345	0	0.000583
5441	916	1	0.983
7883	5159	1	0.975
2895	6111	1	0.978
1157	8	1	0.955
2668	1922	1	0.983
9393	6375	1	0.847
2613	8381	1	0.911
704	5291	1	0.849
1694	8222	1	0.891
3020	7868	1	0.971
1650	1737	1	0.874
9398	6908	1	0.881
5308	1722	0	9.42e-05
1039	1201	1	0.865
31	2392	1	0.941
1950	9826	1	0.966
6599	106	1	0.989
9737	6319	1	0.893
6002	2013	1	0.812
4173	9945	1	0.974
6860	2522	1	0.94
9802	5507	1	0.831
7678	4083	1	0.914
494	6129	1	0.874
6309	8042	1	0.919
3774	5864	1	0.954
7953	8111	0	0.00022
8717	2787	1	0.861
2780	16	1	0.954
2546	7874	1	0.928
1164	5840	1	0.995
552	2903	1	0.956
959	2772	1	0.838
765	7746	0	0.000116
4767	8451	0	0.000193
3291	3542	1	0.827
6605	1341	1	0.828
606	4997	1	0.822
179	3495	1	0.937
4464	175	1	0.891
9522	1632	0	0.000498
9633	2027	1	0.928
500	2985	1	0.801
292	8299	1	0.834
5127	2866	1	0.896
4299	902	1	0.919
1640	4214	1	0.955
2759	371	1	0.948
6436	4926	1	0.945
6859	2767	1	0.869
6971	5342	1	0.958
237	6312	1	0.992
7955	1678	1	0.896
6473	5978	1	0.834
8568	8076	1	0.942
4473	7180	1	0.873
4550	9518	1	0.868
7621	6034	1	0.99
3632	999	1	0.989
1662	1183	1	0.959
756	4127	1	0.851
6684	65	1	0.96
6261	4974	1	0.942
1846	6923	0	0.000597
4000	5576	1	0.925
7789	3671	1	0.826
2794	1766	1	0.86
3034	6006	1	0.952
1958	1003	1	0.858
8687	6187	1	0.834
7317	7088	1	0.856
1390	9566	1	0.806
1047	7684	1	0.896
2559	5455	1	0.829
6613	1478	1	0.818
1040	7607	1	0.987
6421	5560	1	0.993
9850	2940	1	0.855
5541	1533	1	0.861
9552	9285	1	0.898
502	3167	1	0.901
3953	3381	1	0.947
9991	1543	1	0.801
3407	9062	0	0.000228
9266	7407	1	0.801
5836	2188	1	0.852
9320	1949	1	0.86
7203	3966	0	0.000203
5116	7887	1	0.868
5811	295	1	0.811
2300	5884	1	0.992
9152	419	1	0.889
9786	1390	1	0.938
3152	781	1	0.872
9938	8149	1	0.863
1459	7260	1	0.865
657	7687	1	0.977
7385	9960	0	0.000196
780	5778	1	0.88
7425	859	1	0.995
6121	2334	1	0.961
7481	8455	1	0.951
1280	2038	0	0.000476
8587	7734	1	0.829
8981	940	0	0.000612
3469	1460	1	0.931
4420	2114	1	0.899
2454	1104	1	0.944
5676	9289	1	0.913
5660	2337	1	0.902
1436	2868	1	0.861
6125	995	0	0.000632
8304	140	1	0.987
9365	9097	0	0.00043
193	344	1	0.889
6909	9131	1	0.894
3211	3259	1	0.999
9885	5710	1	0.825
7463	871	1	0.941
6632	9705	1	0.88
6225	8418	1	0.85
44	4348	1	0.839
882	1538	1	0.957
422	4951	0	0.000484
5493	7546	1	0.802
2144	3246	1	0.952
7396	2462	1	0.85
9333	9894	1	0.958
2755	5899	1	0.972
8672	7959	0	0.000521
6551	6812	0	0.000399
9776	970	1	0.801
8744	9591	0	0.000564
1094	5655	1	0.815
4059	2335	1	0.8
5423	741	1	0.817
7964	2570	1	0.963
9113	7269	1	0.935
9549	2706	1	0.862
3008	2715	1	0.854
9691	2529	1	0.915
2283	4477	1	0.9
5870	497	1	0.835
1625	1969	1	0.827
2281	1192	1	0.949
4285	3555	1	0.801
9597	1121	1	0.875
2230	5797	1	0.927
3241	6576	0	0.000541
3501	6878	1	0.945
6147	6386	1	0.969
4689	3053	1	0.831
6853	9697	1	0.911
5288	1926	1	0.827
3066	6848	1	0.861
8554	4629	1	0.867
3701	7181	1	0.987
4754	3923	1	0.851
9854	2639	1	0.915
5325	29	1	0.982
6250	7699	1	0.977
5171	4295	0	0.000209
5161	1935	1	0.851
6584	4043	1	0.825
7521	7287	1	0.989
3390	6004	1	0.894
1787	9759	1	0.968
4856	8487	1	0.966
7186	4810	1	0.994
6192	4406	1	0.82
1420	256	1	0.842
7951	2246	1	0.977
5978	6410	1	0.885
5540	5708	1	0.985
3201	3410	1	0.933
8597	1361	1	0.813
8831	1383	1	0.928
2570	648	1	0.85
3814	626	1	0.832
4290	231	1	0.94
1842	1340	1	0.961
1112	4251	1	0.957
3327	8415	0	0.000155
7036	577	1	0.995
2645	3623	1	0.947
1374	1335	1	0.909
122	740	1	0.979
8925	6125	1	0.858
1648	1072	1	0.932
7270	6242	1	0.838
8934	7140	1	0.966
3585	9114	1	0.865
97	2906	1	0.909
1687	2832	1	0.89
1311	1738	1	0.883
2460	7793	1	0.921
1884	786	1	0.83
5701	1892	1	0.812
4962	6101	0	0.000192
8944	6308	1	0.895
3746	7257	1	0.932
3098	2101	0	0.0004
6244	7314	1	0.946
7718	3402	1	0.938
310	9104	0	0.000439
5880	2029	1	0.97
8948	5608	1	0.88
7902	128	1	0.983
6750	1739	1	0.996
5461	156	1	0.823
3120	7376	1	0.938
4018	5781	1	0.981
5771	2283	1	0.941
5149	6925	1	0.887
9869	7124	1	0.928
725	5452	1	0.97
2240	2559	1	0.864
5762	3466	1	0.823
392	7838	0	0.000209
3762	5422	1	0.958
4138	4659	1	0.976
7999	8061	1	0.865
6953	2133	1	0.823
5421	5902	1	0.933
5554	8536	1	0.874
9237	3771	1	0.828
2658	4207	1	0.942
4958	7635	1	0.826
9256	1518	1	0.959
1335	6779	0	0.000557
5953	6808	1	0.885
1602	4772	1	0.813
4108	4632	0	0.000192
2773	255	1	0.849
2806	3190	0	0.000528
3119	4701	1	0.902
8449	846	1	0.919
4438	9363	1	0.805
2056	2757	1	0.919
1975	474	1	0.82
1321	1347	1	0.953
7140	192	1	0.939
7092	5606	1	0.945
8815	9212	0	0.000493
6246	3761	1	0.963
4803	441	1	0.951
4828	3485	1	0.92
2511	8397	0	0.000431
537	414	1	0.84
3749	2307	1	0.968
2499	5733	0	0.000116
9501	5841	0	8.08e-05
9117	3179	1	0.854
658	255	1	0.823
8723	1770	1	0.85
8249	2379	1	0.93
2449	3810	1	0.975
4011	1079	1	0.806
5223	9938	0	0.000148
227	5243	1	0.808
8783	9353	1	0.893
784	9660	1	0.827
6931	4064	1	0.982
9073	3777	1	0.876
8032	8521	1	0.909
8866	5198	1	0.948
6547	5200	1	0.937
9463	3771	1	0.878
2138	2227	0	0.000279
8115	2173	1	0.906
8774	6257	1	0.987
4761	1819	1	0.927
8393	6183	1	0.823
7265	5588	0	0.000538
5034	4402	1	0.958
5105	4345	1	0.878
2655	2442	1	0.958
9413	6953	0	0.00045
9571	3940	1	0.91
5479	8490	1	0.915
7269	4451	1	0.886
7516	335	1	0.95
5088	268	1	0.818
817	868	1	0.985
1982	8188	1	0.863
1815	349	1	0.936
5948	9965	1	0.872
3205	1130	1	0.831
8990	7751	1	0.858
4966	6516	1	0.852
5041	6833	1	0.893
3602	1119	1	0.822
2137	6986	0	0.000201
6602	4244	0	0.000633
6167	924	1	0.937
7275	6044	1	0.939
5933	555	1	0.94
9965	5887	1	0.851
9347	2801	1	0.818
2783	3821	1	0.879
8386	6281	1	0.954
9030	9048	1	0.954
1729	1235	1	0.859
578	1517	1	0.92
2824	2684	1	0.84
3028	7109	1	0.855
3489	8359	0	0.000306
5799	7062	1	0.995
9937	996	1	0.819
2148	9056	1	0.967
8367	4695	0	0.000518
8006	2484	1	0.859
5718	4875	0	0.000621
2339	2983	1	0.966
1987	133	1	0.954
4433	3599	1	0.841
1450	8920	0	0.000296
8456	9032	1	0.852
3401	6626	1	0.856
6052	5316	1	0.818
1921	936	1	0.82
1912	3086	1	0.992
8586	1192	1	0.972
7856	1300	1	0.935
4549	9029	1	0.904
8450	7535	0	0.000439
7576	5239	1	0.928
6369	1900	1	0.885
204	6192	1	0.858
5039	43	1	0.902
8462	6225	1	0.988
7370	7953	1	0.893
9236	1729	1	0.843
7633	6696	1	0.96
8583	8994	1	0.91
9332	7848	1	0.866
3334	1113	1	0.886
1872	4914	1	0.836
7992	1998	1	0.83
2140	915	1	0.918
6892	7931	1	0.976
411	5799	0	0.000598
4562	7632	1	0.911
3027	7709	1	0.958
6593	9886	1	0.892
1432	1069	1	0.91
4341	6001	1	0.817
2986	2018	1	0.836
3833	177	1	0.941
7802	9283	1	0.841
4045	5065	1	0.951
5331	4296	1	0.934
5184	6834	1	0.943
9815	6826	1	0.868
3513	915	1	0.968
8649	3057	1	0.897
6875	7463	0	0.000329
3910	5544	1	0.855
1726	8327	0	9.7e-05
2341	8571	1	0.911
4215	9915	1	0.831
8261	4845	1	0.881
3928	3696	1	0.855
52	3985	1	0.823
6287	6346	1	0.871
8646	3164	1	0.819
2187	4831	0	0.000621
6098	6122	1	0.888
9495	1144	0	0.000232
7741	5292	1	0.86
5838	3551	0	0.000421
8931	7491	1	0.883
5776	3762	0	0.000257
5107	8271	1	0.999
9722	3443	1	0.981
4477	5344	0	0.000625
2235	4536	1	0.891
6591	5759	1	0.938
6175	5092	1	0.984
6713	1509	1	0.824
1759	5548	1	0.982
9403	3302	1	0.987
8996	341	1	0.968
5678	269	1	0.889
4989	2015	1	0.888
2038	3056	1	0.889
5253	6136	0	0.000433
1241	6119	1	0.963
2295	3998	1	0.806
629	128	1	1
3583	2737	1	0.975
5591	198	1	0.852
1550	7388	1	0.884
1356	7341	1	0.875
4369	7501	1	0.939
4830	3553	1	0.904
6291	9093	1	0.93
2519	6572	1	0.939
5991	6427	1	0.848
3725	2134	1	0.877
4874	2717	0	0.000576
9663	8846	1	0.86
7246	495	1	0.986
5596	4777	1	0.824
2621	734	1	0.946
1810	3000	1	0.822
9122	6986	1	0.822
5898	7740	1	0.803
8709	2746	1	0.898
3914	5554	1	0.91
4604	5884	1	0.931
6494	8607	1	0.846
4487	5498	1	0.989
919	1077	1	0.863
2090	7049	1	0.906
7642	3755	1	0.849
5382	6620	1	0.805
9961	174	0	0.000221
3786	2629	0	0.00063
9410	2119	1	0.812
9622	1178	1	0.866
2746	6697	1	0.839
1834	370	1	0.832
6208	7456	1	0.824
3056	1927	1	0.985
8884	4861	0	0.000452
6500	1357	1	0.968
9662	570	0	0.000312
9353	1650	1	0.989
8283	4659	1	0.997
4074	4221	1	0.898
9514	6955	1	0.903
7249	5642	1	0.881
7336	7578	0	0.000175
643	9101	1	0.813
3799	3990	1	0.93
4093	4787	1	0.968
7974	4843	1	0.876
1903	8756	0	0.000394
5324	5435	1	0.925
2024	6028	0	0.00064
7654	6233	1	0.95
1524	9573	1	0.897
9136	3839	1	0.898
5457	4007	1	0.937
1453	1046	1	0.901
6232	2531	0	0.000314
9169	7117	1	0.844
3528	1260	1	0.971
7429	4099	1	0.88
6408	8904	1	0.98
3346	314	1	0.864
6879	3996	0	0.000435
8530	1541	1	0.936
672	8732	1	0.965
2172	4578	1	0.829
3396	5403	1	0.822
9331	5624	1	0.953
2429	308	0	0.000148
6366	9609	0	0.000582
3219	2299	1	0.969
4857	9576	0	0.000406
4804	4046	0	0.000518
5768	5042	1	0.846
6072	5890	1	0.882
7361	5484	1	0.917
9270	7699	1	0.972
3319	4539	1	0.898
7159	7750	1	0.83
3927	2558	1	0.887
2371	6296	1	0.95
8936	6430	0	0.000359
2539	2123	1	0.97
304	821	1	0.976
7297	462	1	0.843
465	8873	1	0.981
1769	5307	1	0.939
8164	3575	1	0.845
4669	476	1	0.829
9814	3934	0	0.000399
6670	5810	0	0.000271
9950	5759	1	0.9
5319	7567	1	0.963
6828	1659	1	0.918
3841	9266	1	0.86
3822	3070	1	0.921
4260	4512	1	0.963
3030	8833	1	0.862
6017	859	1	0.843
807	4817	1	0.978
8892	7434	1	0.885
8696	9797	1	0.843
132	7792	1	0.958
3686	1362	1	0.978
2892	8795	1	0.996
794	9609	1	0.894
3015	3722	0	0.000223
192	2224	1	0.925
3911	1724	1	0.813
9424	8997	0	0.000605
8629	5372	1	0.911
3638	1423	1	0.989
1573	8956	1	0.877
4403	5546	1	0.97
7600	5991	1	0.903
3926	2427	0	0.000421
3934	8494	1	0.827
3071	362	0	0.000256
5908	8261	0	0.00053
3520	83	1	0.89
8908	1676	1	0.822
3561	2900	1	0.977
779	7387	1	0.806
6486	5320	1	0.936
8322	5878	0	0.000498
8102	9782	1	0.867
9705	7886	0	0.000608
3824	2353	1	0.929
4777	2978	1	0.874
238	142	1	0.935
8356	4581	1	0.901
8927	2276	1	0.804
9962	4248	1	0.98
9478	3384	1	0.897
1408	7505	0	0.000242
1081	56	1	0.931
2803	1996	1	0.811
259	4017	0	0.000103
2491	4111	1	0.914
6806	4577	1	0.852
6957	4695	0	0.000265
4968	7115	1	0.915
5746	994	1	0.938
2427	4951	1	0.848
8026	1028	1	0.902
6485	9571	1	0.931
3048	4431	1	0.845
6353	8538	1	0.972
699	3359	1	0.944
8103	945	1	0.96
9151	4472	0	0.000543
9810	1314	0	0.00035
6030	9277	1	0.924
7439	5891	1	0.899
1590	2028	1	0.968
4076	8829	1	0.899
3964	7617	0	0.000322
4067	8307	0	0.000455
6463	8470	1	0.904
1848	453	1	0.865
84	1711	1	0.896
4083	7615	1	0.868
9515	7584	1	0.878
6357	4088	0	0.000455
6760	404	1	0.878
4419	3240	1	0.908
3365	6835	1	0.988
7335	9073	1	0.816
9079	2774	1	0.93
8234	72	1	0.977
1219	3693	1	0.83
1192	6803	1	0.804
8072	1154	1	0.837
9517	6926	1	0.891
9446	2312	1	0.846
2535	3100	1	0.996
2828	6879	1	0.911
3460	1354	0	0.000495
3845	4381	1	0.852
4718	8130	0	0.000171
9142	9283	1	0.993
2490	3090	1	0.86
7709	7269	0	0.00021
6904	7367	0	0.00034
9500	231	0	0.000283
6390	4723	1	0.932
5398	9837	1	0.936
2306	6834	1	0.862
7606	8534	1	0.826
5653	3656	1	0.922
7762	2620	1	0.976
8077	57	1	0.917
5671	9502	1	0.897
2969	8430	1	0.899
8196	4577	1	0.825
9624	2521	1	0.859
426	1649	1	0.885
3025	9594	0	0.000344
4225	4160	1	0.926
9461	6221	1	0.856
7480	6421	1	0.972
1514	8279	1	0.97
1620	5221	0	0.000259
5226	5180	1	0.822
2602	7798	0	0.000219
1630	523	1	0.879
1768	1063	1	0.833
408	3845	1	0.873
586	9462	0	0.000409
6	1219	1	0.932
1926	703	1	0.859
7607	4979	1	0.815
5967	2557	0	0.000511
9735	3001	1	0.837
1610	4446	1	0.933
4659	358	0	0.000231
2443	6520	1	0.807
3855	768	1	0.987
7696	3863	1	0.878
522	5754	0	0.00049
2407	6971	1	0.928
930	2952	0	0.000298
6848	7881	1	0.99
4658	9419	1	0.937
1345	2801	1	0.984
1559	7540	1	0.983
3046	8999	0	0.000262
4102	3923	1	0.964
4839	4283	1	0.921
6015	9816	1	0.833
7383	2916	1	0.837
271	1924	1	0.981
3196	5790	1	0.935
3349	9818	1	0.87
242	1810	1	0.99
5217	7761	1	0.9
8750	641	1	0.988
6108	8514	1	0.921
8602	8486	1	0.847
8648	365	1	0.85
7793	3992	1	0.899
3767	6004	1	0.841
3029	1314	1	0.808
1074	4013	1	0.905
7770	4280	1	0.845
6317	9703	0	0.000199
5974	296	1	0.844
4719	7673	0	0.000132
3895	509	1	0.986
7645	9092	1	0.869
7768	9379	1	0.875
4758	859	0	0.000336
8772	3549	1	0.861
2502	5862	1	0.974
4890	4528	1	0.993
9241	6826	1	0.853
7072	3121	1	0.852
7374	5778	1	0.861
7398	4819	1	0.99
4033	109	1	0.882
3692	3524	0	0.000484
3090	6645	0	0.000391
1086	4167	1	0.849
7691	2733	1	0.937
1575	6802	1	0.881
7690	3164	0	0.000371
4116	5100	1	0.957
551	738	1	0.933
6342	9606	0	0.000539
4195	6766	1	0.834
3741	4903	1	0.867
9302	6940	1	0.877
6400	3602	0	0.000299
7254	4310	1	0.929
5015	5688	1	0.976
685	2874	1	0.833
6715	1106	1	0.943
9160	2962	1	0.886
7019	7456	1	0.905
998	2600	1	0.969
9712	9920	1	0.931
4853	1494	1	0.871
9550	7030	1	0.823
188	745	1	0.901
5248	3486	1	0.85
4446	5864	1	0.864
5372	946	1	0.876
2560	3967	0	0.000373
1376	6004	1	0.985
9114	1744	1	0.908
786	1506	1	0.995
190	4101	1	0.887
1165	739	1	0.847
3153	4535	0	0.000289
5099	2266	0	0.000327
8146	6033	0	0.000635
1448	4646	0	0.00057
6197	2901	1	0.934
9933	3986	1	0.936
4870	1558	1	0.967
4091	2078	1	0.853
3283	7891	1	0.835
2573	834	1	0.863
9147	9908	1	0.91
5410	1966	1	0.973
3644	9032	1	0.909
3525	7519	1	0.894
8715	3948	1	0.986
1863	6783	1	0.835
5846	5477	1	0.988
4270	346	1	0.995
5237	4962	0	0.000132
9831	5939	1	0.922
1613	479	1	0.92
5635	4789	1	1
1139	3376	1	0.942
2955	3128	0	0.000338
6239	6902	1	0.987
3605	3405	1	0.881
417	1354	1	0.876
328	5329	1	0.984
3761	3850	1	0.83
5381	9352	0	0.00046
3816	4025	0	0.000414
9642	130	1	0.892
4666	2423	1	0.831
3121	7072	0	0.000621
4238	445	1	0.984
1764	9430	1	0.939
4338	17	1	0.807
8862	9711	1	0.96
9257	9300	1	0.945
6012	177	1	0.818
4319	1925	1	0.952
4061	1439	1	0.912
6558	6243	1	0.969
1211	5683	1	0.822
7788	2206	1	0.851
7834	4284	0	0.000345
3360	5267	1	0.863
3434	3799	1	0.877
1046	3520	0	0.000407
5096	8907	1	0.926
6947	6016	0	0.000564
4824	9716	1	0.882
8485	2129	1	0.81
4820	279	1	0.941
1410	9856	1	0.838
5968	276	0	0.000508
5249	7500	0	0.000401
4642	6831	1	0.992
4806	2002	1	0.822
3420	7377	1	0.97
2995	406	1	0.986
8850	3906	0	0.000411
348	5532	1	0.952
154	3361	1	0.883
2321	893	1	0.916
8542	3663	1	0.871
4484	7199	1	0.893
9163	9420	1	0.946
7541	6901	1	0.954
3946	2671	1	0.961
1515	2544	1	0.953
752	231	1	0.929
9874	1956	1	0.82
5793	332	1	0.823
5118	5372	1	0.907
2361	101	1	0.894
7131	5633	1	0.955
6891	3321	1	0.879
9923	2178	1	0.856
1915	2618	1	0.845
4586	2723	1	0.996
8900	2779	1	0.883
5824	1942	1	0.862
9387	4805	1	0.851
1827	4164	1	0.845
5874	1348	1	0.877
4709	199	1	0.954
9330	8263	0	0.000241
2635	1913	1	0.955
599	3025	1	0.958
4670	4088	1	0.827
8011	3340	1	0.91
9899	8384	1	0.901
8852	6898	1	0.841
3094	3989	0	0.000225
4727	5643	0	0.00058
4795	8549	1	0.953
7002	832	1	0.934
4161	178	1	0.878
8516	4784	1	0.835
3607	7755	1	0.929
8861	3354	1	0.851
5562	6389	1	0.95
789	2885	1	0.976
4358	944	1	0.838
5716	1128	1	0.845
9568	6466	1	0.803
7271	9215	1	0.888
1413	8626	0	0.000295
3941	824	1	0.975
4757	1915	1	0.813
8123	858	1	0.989
3738	8520	1	0.856
7360	3875	1	0.823
8476	7569	1	1
5665	9202	1	0.999
7503	4272	1	0.914
9975	2010	1	0.89
5442	8588	1	0.972
4822	718	1	0.919
3871	7538	1	0.91
3943	8989	1	0.931
9531	3998	1	0.82
8269	731	1	0.863
723	5721	0	0.00011
7125	2228	0	0.000463
7689	1017	1	0.896
7595	1355	1	0.969
9768	7162	1	0.997
5990	2532	1	0.964
6032	5482	1	0.954
8215	3636	0	0.000593
7058	1993	1	0.849
2593	1201	1	0.83
661	5153	1	0.811
7318	262	1	0.986
6029	3365	1	0.95
5645	3698	1	0.881
9137	5925	1	0.852
1949	5574	0	0.000393
2633	5601	1	0.893
6617	1740	1	0.81
2704	3510	1	0.882
1742	1155	1	0.861
2337	5544	1	0.911
1109	3589	1	0.847
4944	9686	1	0.913
6683	5979	1	0.954
1365	3491	1	0.979
7975	8366	1	0.842
4977	2198	0	0.000479
1100	660	1	0.828
1300	941	0	0.00029
2399	7919	1	0.856
1712	7615	1	0.837
5448	635	1	0.864
6852	3078	1	0.87
9144	7825	1	0.861
4923	2213	1	0.821
4860	9782	1	0.919
4211	3851	1	0.978
1201	7718	1	0.878
6790	2589	1	0.971
5420	5638	1	0.971
1735	3152	0	0.00032
6306	2089	1	0.864
459	4975	1	0.853
8689	2349	1	0.805
9512	3723	1	0.844
6842	2923	0	0.000225
1795	9542	1	0.845
3309	4241	1	0.974
1062	2316	0	0.000262
8383	5889	1	0.892
5841	2140	1	0.857
544	2158	1	0.807
555	5791	1	0.998
484	8900	1	0.887
9173	4358	1	0.882
6097	1588	1	0.811
5309	8542	1	0.847
5755	4687	1	0.932
3158	467	0	0.000469
6256	7420	1	0.87
2912	9734	1	0.986
5658	7237	1	0.983
5505	8670	1	0.891
9873	1639	1	0.925
2707	7516	1	0.905
2082	3510	1	0.879
2572	3808	1	0.962
295	8839	1	0.903
8932	9948	1	0.83
4035	484	1	0.816
8395	7052	0	0.000265
4133	7598	0	0.000361
6505	964	0	0.000205
3935	4891	1	0.97
8347	6526	1	0.946
2265	4997	1	0.81
2639	5715	1	0.853
5989	2852	1	0.824
2212	8696	1	0.916
2964	4318	1	0.851
5195	582	1	0.849
6755	946	1	0.911
6932	6405	1	0.806
4082	468	1	1
4151	4252	1	0.885
1511	4522	1	0.925
5028	7816	1	0.935
9688	2226	1	0.829
2379	7638	1	0.835
3333	8709	1	0.898
8298	6626	1	0.924
8335	1075	1	0.903
102	1509	1	0.98
1892	2067	1	0.872
4457	6625	1	0.966
3258	5818	1	0.901
9687	699	1	0.85
8252	8233	1	0.909
6073	5383	0	0.000192
9920	8134	1	0.938
9693	231	1	0.951
1828	4860	1	0.95
1587	8884	1	0.903
8256	5392	1	0.804
3694	3330	1	0.806
6710	5479	1	0.936
3534	2809	1	0.992
4410	1028	1	0.997
9708	5739	1	0.961
2687	323	0	0.000311
5165	1666	1	0.95
3263	63	1	0.997
5703	607	1	0.842
7699	4591	0	0.000456
2793	852	1	0.823
1503	2240	1	0.973
6478	2783	1	0.893
7941	2473	1	0.893
2275	6119	0	0.000296
6510	2451	1	0.946
5050	7925	0	0.000495
7537	7822	1	0.915
8913	4726	0	0.000329
3492	69	1	0.937
1167	8019	1	0.864
4585	575	1	0.964
4793	6671	0	9.05e-05
6124	7358	1	0.848
740	216	1	0.992
5848	4055	0	0.00054
8224	2715	1	0.999
410	3226	1	0.892
524	6515	1	0.98
3289	8240	1	0.83
9198	5608	1	0.992
6606	5552	0	9.95e-05
4038	1143	1	0.984
7173	2737	1	0.973
301	5997	1	0.936
1260	3027	1	0.809
3307	3909	1	0.838
3262	2103	1	0.956
4695	9786	1	0.936
808	9079	1	0.945
5726	527	0	0.00037
9894	6547	1	0.966
9898	1768	1	0.961
6981	1212	1	0.809
2031	2082	1	0.838
1172	9882	1	0.902
810	6353	1	0.968
1948	8593	1	0.9
868	786	1	0.992
147	6341	0	0.000541
1798	3362	1	0.803
2045	4526	1	0.981
8348	2548	1	0.991
5456	650	1	0.994
1209	6011	1	0.969
6128	9242	1	0.886
121	7648	1	0.806
4367	3625	1	0.802
588	1667	0	0.000204
8857	6849	0	8.95e-05
3737	1070	1	0.944
4899	2546	1	0.872
1716	4331	0	0.00064
3606	5838	1	0.93
893	1460	1	0.857
855	4508	1	0.887
6344	4652	1	0.812
3616	5705	1	0.965
7692	9113	1	0.846
6896	1061	1	0.916
7223	3052	1	0.949
2489	3771	1	0.977
6718	2985	1	0.914
2523	667	1	0.953
4288	5818	1	0.917
6933	2748	0	0.000384
2076	4486	1	0.965
7415	4391	1	0.919
1814	3746	1	0.924
380	5001	1	0.812
5443	1347	1	0.887
9351	5359	1	0.978
6761	1951	1	0.943
1870	7821	1	0.919
2375	6404	1	0.883
7850	5736	1	0.89
2597	4924	0	0.000627
6379	9384	1	0.834
6974	3854	0	0.000398
5556	1298	1	0.954
3398	2504	1	0.801
2350	1303	1	0.951
5402	2730	1	0.802
7293	1246	1	0.949
9806	4681	0	0.000141
5134	1560	1	0.953
6257	5489	1	0.822
6045	2655	0	0.000139
6984	3521	0	0.000558
5023	569	1	0.931
2096	2545	1	0.96
8058	7036	1	0.84
6756	2576	1	0.973
5513	7841	0	0.000288
2232	2896	1	0.911
5682	3007	1	0.885
5996	5700	1	0.857
439	2174	1	0.937
1308	6799	1	0.859
9908	6398	1	0.85
1331	5843	1	0.982
7926	2167	1	0.934
4214	6509	0	9.86e-05
1061	3148	1	0.908
8324	4286	0	0.000227
8503	4690	1	0.977
1083	8608	0	0.000329
4818	4276	1	0.987
9932	8336	0	0.000153
1495	9300	1	0.985
7923	1006	1	0.828
3499	7046	1	0.921
4662	8625	0	0.000212
3547	749	0	0.000419
7215	2481	1	0.824
7671	2889	0	0.000453
6417	7265	1	0.889
2662	4999	1	0.867
9234	6762	1	0.955
5484	9441	1	0.953
1793	4876	1	0.986
5902	2892	1	0.875
3425	570	1	0.931
9805	9485	1	0.85
4461	2748	0	0.000499
2571	659	1	0.895
2330	2986	1	0.888
3318	51	1	0.912
6213	603	0	0.000488
3298	9156	0	0.000188
9016	5809	1	0.885
7248	9026	0	0.000388
6491	7162	1	0.82
4084	8897	1	0.941
11	366	0	0.000177
7175	4377	1	0.801
3770	7547	1	0.967
6529	1883	1	0.927
8609	3691	1	0.838
3903	5600	1	0.969
8562	4149	1	0.875
9326	3959	1	0.986
782	1375	1	0.825
6307	3262	1	0.828
6335	4564	0	0.00055
4100	225	1	0.819
3093	420	1	0.807
2476	1299	1	0.84
5273	3478	1	0.99
1043	6105	1	0.87
8643	317	0	0.000342
3618	3419	1	0.863
1301	681	1	0.815
8297	6192	1	0.804
5224	1060	1	0.938
2920	853	1	0.957
9584	9898	1	0.918
5741	8822	1	0.973
7122	363	1	0.828
8244	7202	0	0.000232
2190	811	1	0.891
8759	2068	1	0.874
6110	8731	0	0.000202
6457	6546	1	0.909
3016	76	1	0.835
5818	2173	1	0.938
4799	566	0	0.000585
4181	3247	0	0.000281
7483	9373	1	0.859
7767	2101	1	0.828
1418	5818	1	0.97
7117	4665	1	0.912
7828	7155	1	0.819
8397	3755	1	0.877
7068	7905	1	0.96
5347	2288	1	0.864
2857	8901	1	0.852
5391	662	1	0.819
6041	3076	0	0.000524
9206	38	1	0.93
5489	6662	1	0.843
631	4049	1	0.967
8507	1706	1	0.873
6766	7864	1	0.85
6119	2275	1	0.891
5537	4597	1	0.885
6186	6158	0	0.00051
791	4823	1	0.943
5488	3506	1	0.848
8496	1282	1	0.991
7903	1867	0	0.000312
3747	2384	1	0.954
1302	6200	1	0.843
622	8348	0	0.000448
4611	9334	0	0.000551
9156	3040	1	0.923
1470	165	1	0.937
4148	2345	1	0.882
9949	9343	1	0.906
4021	3284	1	0.988
3380	2815	1	0.836
8956	3100	0	0.000609
7668	6104	1	0.878
3422	916	1	0.8
4436	4828	1	0.958
207	6827	1	0.982
792	593	0	0.00021
4384	671	1	0.839
8463	9918	0	0.000634
6432	8305	0	0.000295
7259	7344	0	0.000485
996	6018	1	0.968
1730	779	1	0.951
6645	1381	0	0.000459
3226	4039	1	0.879
1621	2076	1	0.982
6159	3184	0	0.000457
9450	2453	1	0.939
1406	3929	1	0.945
7639	4610	1	0.932
7402	9916	1	0.8
1359	3394	1	0.848
9389	6107	1	0.87
8611	1740	1	0.905
9530	9077	1	0.947
5549	4983	1	0.862
2011	331	1	0.971
42	167	1	0.937
9367	484	1	0.828
8276	4780	1	0.875
7211	3419	1	0.837
377	3433	1	0.966
3474	7269	1	0.847
7332	2116	1	0.94
2881	4883	1	0.918
5221	5664	1	0.941
8621	6456	1	0.838
5529	4010	1	0.999
5860	8199	0	0.000624
7756	2321	1	0.984
1052	4272	1	0.872
8399	821	1	0.834
4395	6528	1	0.839
386	9915	0	0.000282
9632	6303	1	0.838
7574	9561	1	0.957
9232	952	1	0.91
9045	5448	1	0.802
8257	4314	1	0.967
6310	3007	1	0.88
5807	3830	1	0.882
7854	1661	1	0.96
1899	6743	1	0.888
2663	1223	1	0.923
5668	4014	1	0.959
53	1796	1	0.984
5731	4716	0	0.00024
8512	2504	1	0.982
3009	5978	1	0.807
7114	9867	1	0.965
6911	858	0	0.000311
7477	1904	1	0.925
6535	2116	1	0.964
451	121	1	0.923
9215	5508	1	0.858
4467	9470	1	0.812
4891	6048	1	0.937
3487	5381	1	0.97
6221	1772	1	0.963
6527	552	1	0.841
5220	2374	0	0.000415
2689	501	1	0.971
4152	8667	1	0.898
7662	9756	1	0.912
7993	4307	1	0.846
8608	9049	1	0.91
2059	2781	0	0.000466
239	733	1	0.92
8914	168	1	0.877
1910	4016	0	0.000359
8085	6409	0	0.00035
4265	2074	1	0.951
9469	2480	1	0.945
642	2487	1	0.988
5389	3882	1	0.806
9778	8514	1	0.841
8326	7339	1	0.914
2451	7962	1	0.997
5737	5031	1	0.813
9038	21	1	0.927
6102	853	1	0.971
8754	9576	1	0.992
7675	7046	1	0.921
2885	5051	1	0.827
7561	1711	1	0.866
9804	8982	1	0.92
803	6882	1	0.929
1265	2356	1	0.972
3972	1994	1	0.971
5173	1940	1	0.953
1767	5479	1	0.959
19	275	1	0.883
9888	3634	1	0.961
4789	545	0	8.76e-05
9838	1312	1	0.892
4909	8359	1	0.869
8517	380	1	0.966
2120	5307	1	0.914
2832	3783	1	0.972
3118	3642	0	0.000206
2529	1940	1	0.848
4361	6328	1	0.938
9542	1266	1	0.934
2767	9209	0	0.000169
9863	4595	1	0.967
47	597	1	0.859
1622	6620	1	0.816
7666	1166	1	0.971
775	3538	0	0.000305
374	3291	1	0.972
3631	5596	1	0.879
3809	757	1	0.927
6518	664	1	0.934
9777	3125	1	0.893
2168	9224	1	0.994
8501	981	1	0.9
8247	413	1	0.879
4111	1676	1	0.853
7540	410	1	0.975
2898	8980	0	0.000456
6768	503	0	9.15e-05
2066	2195	1	0.906
2198	2471	1	0.904
9269	5463	0	0.000477
7426	7277	1	0.826
8967	894	1	0.922
1877	3063	1	0.923
462	77	1	0.883
2524	1696	1	0.91
5031	7917	1	0.998
9619	7983	1	0.932
115	6885	0	0.00019
9108	4308	1	0.921
945	7893	1	0.922
6878	1285	1	0.837
6607	7627	1	0.984
7268	8075	1	0.962
2433	8496	1	0.99
2853	3792	1	0.893
958	8569	1	0.893
2967	9371	1	0.97
2385	9567	0	0.000533
5843	2878	1	0.984
4440	2462	1	0.899
6541	5000	1	0.999
178	2917	1	0.989
7801	6314	1	0.816
7652	4959	1	0.918
2104	5002	1	0.871
2257	786	1	0.948
3106	2952	0	9.93e-05
4776	7012	1	0.803
5608	8052	0	0.000177
5059	5010	0	8.77e-05
55	520	0	0.000269
5051	789	1	0.884
7791	5264	1	0.81
5921	5800	1	0.877
9187	1283	1	0.897
1419	8614	0	0.000498
496	2708	1	0.809
2831	7432	1	0.897
4956	1388	1	0.948
7683	234	1	0.978
9401	134	1	0.888
1134	5642	1	0.89
1096	5710	1	0.874
2928	519	1	0.996
2669	5291	1	0.996
5563	3107	1	0.843
8431	9189	1	0.905
7945	8392	1	0.868
9197	4371	1	0.802
7819	6609	0	0.000523
8345	4162	1	0.987
435	2796	1	0.901
1501	5887	1	0.811
6557	9759	1	0.896
8092	4570	1	0.81
1224	9109	1	0.871
9884	2774	1	0.856
384	9664	1	0.915
4651	3311	1	0.933
7222	2587	1	0.956
5970	4259	1	0.999
788	59	1	0.853
6126	1017	0	0.000596
5760	2954	1	0.976
9856	3288	1	0.967
2303	1565	1	0.936
4774	2509	1	0.825
1799	9772	1	0.944
9653	282	0	9.55e-05
7341	7951	1	0.881
7062	6945	1	0.86
7594	6695	1	0.891
8748	349	1	0.884
4055	7560	1	0.84
6668	2089	1	0.918
1297	8999	1	0.954
8039	4923	1	0.983
347	140	0	0.00057
3731	7978	1	0.86
5196	7348	1	0.887
4627	485	1	0.999
2809	4146	1	0.992
2	7169	1	0.911
4961	2906	1	0.835
7000	2352	1	0.883
30	340	0	0.0006
3254	4781	1	0.832
4957	394	1	0.861
39	3214	0	0.000606
1125	7895	1	0.941
5209	2811	1	0.972
7704	4519	1	0.864
5599	6314	0	0.000142
3232	7945	1	0.991
2642	9794	0	0.000123
7698	965	0	0.000501
5496	3905	1	0.964
3812	9237	1	0.849
6777	5860	1	0.938
3681	5148	1	0.97
6849	9194	1	0.976
5560	3902	1	0.947
2118	7175	1	0.826
4231	6543	1	0.902
6968	6260	1	0.905
6333	1473	1	0.996
4096	468	1	0.87
535	672	1	0.904
4559	3073	1	0.849
8724	2540	1	0.981
3756	4701	1	0.879
1600	223	1	0.867
4439	1860	1	0.918
6615	7774	1	0.82
2819	296	1	0.939
1256	8270	1	0.822
5638	3453	1	0.953
2183	576	1	0.964
7917	3450	1	0.987
7218	7453	1	0.806
5761	9974	1	0.808
3248	2056	1	0.966
8169	5663	1	0.863
2860	6607	1	0.911
2585	4254	1	0.956
6637	7813	1	0.966
5725	7368	1	0.983
1786	397	0	0.000559
5814	54	0	0.000455
1801	2947	0	0.00054
7221	2023	1	0.989
8859	9531	1	0.918
9676	8620	1	0.989
8663	1672	0	0.000396
3202	9727	0	8.89e-05
433	6522	1	0.991
1473	4020	1	0.863
7007	799	1	0.99
9042	279	1	0.976
4136	1069	1	0.876
3170	2814	0	8.22e-05
9713	1119	1	0.872
2019	534	1	0.939
4575	7150	1	0.952
8360	9567	1	0.886
1953	7752	0	0.000382
6836	3052	1	0.936
2442	9390	1	0.826
7040	9494	0	0.00035
4740	5643	1	0.904
6687	9441	1	0.913
7624	7753	1	0.823
7637	5114	1	0.952
4359	335	1	0.899
697	1795	1	0.995
7427	8275	1	0.974
1231	3051	1	0.999
6281	6648	1	0.966
1528	1841	1	0.841
3711	3901	1	0.803
6319	3970	1	0.955
9363	5404	0	0.000638
539	3483	0	0.000526
2270	1789	1	0.854
9352	6409	1	0.928
9780	382	1	0.897
9436	8592	1	0.833
7206	7850	0	0.000511
4778	1015	1	0.977
3068	3508	1	0.875
5147	3598	1	0.915
4877	61	0	0.000556
1668	3746	1	0.872
4497	5367	1	0.875
8770	6814	1	0.998
6731	5875	1	0.962
2308	9391	1	0.978
8858	9677	0	0.000572
6792	9419	1	0.884
1849	2799	1	0.849
1038	744	1	0.854
9179	1608	1	0.921
4368	2689	1	0.922
3992	6149	1	0.859
841	4402	1	0.883
1721	7612	0	0.000104
1423	4026	1	0.918
6978	4159	1	0.816
8891	8456	1	0.829
5433	1319	1	0.962
5626	413	1	0.868
4851	2078	1	0.816
1463	6070	1	0.97
2057	2239	1	0.893
534	401	0	0.000212
4007	2545	1	0.821
7511	7195	1	0.843
8760	9585	0	0.000225
2937	9782	1	0.998
7581	3000	1	0.887
9485	5606	1	0.916
6013	1940	1	0.822
9557	4342	1	0.891
318	1658	1	0.846
860	1289	1	0.953
7622	3676	1	0.998
1055	3190	0	0.000501
4644	2965	1	0.873
9793	4596	0	0.000152
4532	2098	1	0.941
1445	363	1	0.894
7440	5624	1	0.812
3421	5220	1	0.989
835	1296	1	0.818
766	5082	1	0.944
7028	7841	1	0.878
992	6101	1	0.921
3854	6338	1	0.828
9024	8678	1	0.937
7461	9210	1	0.804
7467	6695	1	0.879
7103	3023	1	0.829
1378	1997	1	0.9
79	8898	1	0.813
8046	6217	1	0.913
2594	9490	1	0.845
2406	2048	0	0.00057
453	1117	1	0.811
229	274	1	0.869
2354	221	0	0.000436
6198	1830	1	0.868
9981	3190	1	0.994
4835	1262	1	0.954
3640	6078	1	0.936
2779	9173	1	0.973
6074	3545	1	0.9
3554	4420	1	0.849
3392	8643	1	0.871
6000	5917	1	0.879
9064	1719	1	0.819
8430	8686	1	0.923
3729	716	1	0.933
7674	4616	1	0.855
3878	9697	1	0.831
2946	7011	1	0.823
3362	2130	1	0.865
369	3058	0	0.000211
1510	5187	1	0.85
844	2928	1	0.915
7454	286	0	0.000522
4997	3317	1	0.822
7164	9441	0	0.000592
3696	150	1	0.94
2906	97	1	0.907
771	5621	1	0.861
907	2437	1	0.859
7267	1655	1	0.852
781	5643	1	0.862
8388	5647	1	0.801
2043	9038	1	0.852
9129	5341	1	0.911
9784	8864	1	0.957
813	9085	1	0.827
8590	2780	1	0.956
2834	5515	1	0.805
6339	2057	1	0.881
6513	6773	1	0.953
9534	2846	1	0.905
8543	79	1	0.849
4896	8413	0	0.000403
1152	8307	1	0.931
1599	4214	1	0.826
6544	6466	1	0.918
4456	4487	1	0.911
9043	2531	1	0.905
1271	1112	1	0.952
9532	3018	1	0.961
9993	1731	0	0.000243
687	646	1	0.81
5342	1410	1	0.891
1354	6957	1	0.896
4424	3883	1	0.921
1190	3437	1	0.936
3088	5161	1	0.855
5303	6895	1	0.875
3477	1248	1	0.86
5723	4096	1	0.903
7776	443	1	0.911
3059	3386	1	0.857
9280	924	1	0.865
9115	9518	1	0.828
3206	5696	0	0.000536
6252	7380	1	0.935
9911	1694	1	0.872
8888	4793	1	0.968
1056	6102	0	0.000297
3207	1347	1	0.946
9987	813	1	0.875
1236	6260	1	0.936
2802	4842	1	0.909
2873	3876	1	0.811
9148	4904	1	0.989
2708	1994	1	0.864
7455	995	1	0.967
8010	1398	1	0.905
5930	6753	1	0.932
8780	2298	1	0.929
8130	627	1	0.912
3597	129	1	0.846
7766	8269	1	0.916
2273	2500	1	0.815
8536	2048	0	0.000417
3063	3978	1	0.993
5845	2067	1	0.955
1745	2620	1	0.902
2414	4085	1	0.949
9002	5152	1	0.837
6653	7032	1	0.934
547	9622	1	0.965
5825	6479	1	0.978
2139	3874	1	0.915
9855	6884	1	0.824
9188	6543	1	0.841
7167	5270	1	0.813
6234	6367	1	0.877
566	2762	1	0.876
961	570	0	0.000247
6248	1812	1	0.874
509	4237	1	0.806
3615	8052	1	0.902
6975	7409	0	0.000524
7003	318	0	0.000163
1243	3789	1	0.957
8532	7096	1	0.929
6418	737	1	0.895
9010	1004	1	0.981
4596	9793	1	0.862
3463	1899	1	0.856
360	8058	1	0.954
8872	6284	0	0.000257
668	3311	1	0.931
2497	1503	1	0.815
2925	1139	0	0.000579
4269	27	0	0.0006
2482	5729	1	0.846
9085	6873	1	0.959
9298	2414	0	0.000348
2383	492	1	0.965
8270	5406	1	0.857
3287	5916	1	0.983
9499	5666	1	0.822
3974	7539	0	0.000445
9600	518	1	0.836
869	5284	1	0.896
74	9830	1	0.84
3230	6099	0	0.000129
2063	4101	1	0.804
155	1555	1	0.996
5604	9326	0	0.000184
4032	8434	1	0.931
4499	3209	1	0.995
8682	1283	0	0.00042
9009	3816	1	0.975
2786	3716	0	0.000376
7506	3583	1	0.871
9164	9484	1	0.815
9545	761	1	0.893
8688	809	1	0.949
9107	3439	1	0.925
3789	3100	0	0.000621
5820	5686	1	0.986
4207	2375	1	0.858
5005	1631	0	0.000197
3470	8229	1	0.883
9337	9274	1	0.896
6096	4681	1	0.845
7416	8740	1	0.808
1467	1919	1	0.866
8495	6677	1	0.995
153	1612	0	0.000376
7067	492	0	0.000356
5482	5424	1	0.879
7631	169	0	0.000139
9334	7573	1	0.99
6983	2317	1	0.891
617	9028	1	0.9
2106	9007	1	0.957
2837	6970	1	0.941
4528	7915	1	0.925
8935	9271	1	0.982
9106	520	1	0.906
3486	1532	1	0.834
2971	2088	1	0.877
4542	362	1	0.894
5559	560	1	0.814
5024	8457	1	0.854
3045	9944	1	0.896
7106	9986	1	0.929
2071	4873	1	0.85
4785	477	0	0.000276
5745	2948	1	0.953
7749	5355	0	0.000119
6726	7	1	0.999
5739	1647	1	0.947
9219	4347	1	0.974
4985	8827	1	0.956
9617	5456	1	0.987
2272	3628	1	0.976
8598	706	1	0.929
6801	361	1	0.875
1286	3656	1	0.83
7499	4338	1	0.87
9844	586	0	8.87e-05
9289	5676	1	0.804
1381	1246	1	0.833
5826	1873	1	0.829
7168	2813	1	0.861
1319	39	1	0.885
5033	583	1	0.844
1776	7193	1	0.916
1537	862	1	0.918
8416	2289	1	0.861
5321	2601	1	0.885
5258	4254	1	0.883
9239	9682	0	0.000631
4240	1785	1	0.947
6587	4745	1	0.826
1449	1357	1	0.853
8732	4308	1	0.861
8357	1619	1	0.947
5881	6353	1	0.813
9548	5773	1	0.865
4237	509	0	0.000376
8834	9631	0	0.00045
2378	3883	1	0.863
2373	5971	1	0.937
7848	3119	1	0.807
6469	4479	1	0.953
3169	8660	1	0.864
1669	7100	1	0.927
3764	3459	1	0.835
990	1237	1	0.896
7151	8541	1	0.853
3057	8175	0	0.000431
5282	7408	1	0.856
5374	8432	1	0.892
94	4842	1	0.92
4070	6779	1	0.985
3930	4104	1	0.955
2237	536	1	0.873
9118	4498	1	0.919
7029	3751	1	0.887
9294	7153	1	0.972
3732	1964	1	0.966
2890	5403	1	0.847
2377	1099	1	0.92
905	197	0	0.000589
9171	8275	1	0.874
2208	8475	1	0.842
7127	3764	1	0.951
3061	1283	0	0.000113
6103	3792	1	0.957
1029	5511	1	0.812
7625	5471	0	0.000493
9281	2482	1	0.864
3680	9649	0	0.000555
7386	9128	1	0.89
1130	3228	1	0.966
2991	5977	1	0.852
4967	3712	1	0.84
6099	1842	1	0.823
8296	9632	1	0.929
326	3482	0	0.000521
3329	2392	1	0.962
7255	1458	1	0.948
3242	8543	0	0.00058
663	8681	0	0.000375
2518	3870	1	0.998
4048	6255	1	0.834
6691	2635	1	0.872
7437	8591	1	0.945
4158	9125	1	0.88
2163	9542	1	0.809
8518	95	0	0.000259
2167	3102	0	0.000415
6655	232	1	0.906
979	3916	1	0.842
8556	5827	1	0.979
3004	2276	0	0.000128
8045	418	0	0.000253
7837	5963	1	0.97
1777	2282	1	0.987
7217	3991	1	0.864
671	705	0	0.000509
7452	4825	0	0.000253
1938	1387	1	0.987
7748	4608	1	0.996
455	1993	1	0.975
5938	8556	0	0.000171
6778	7660	0	0.000495
2374	2661	1	0.888
4336	4422	1	0.916
1699	781	1	0.953
5997	301	1	0.872
231	1526	1	0.927
5293	9089	1	0.885
7571	6987	0	0.000361
4970	344	1	0.943
6101	389	0	0.000332
3639	3559	0	0.000391
4210	9800	0	0.000527
4286	9132	1	0.916
7784	199	1	0.818
7602	4974	1	0.937
6834	3220	1	0.933
7857	5059	1	0.933
5004	3271	1	0.992
9438	470	1	0.846
9233	7314	1	0.872
1637	8562	0	0.000443
9849	2985	1	0.826
9665	7395	1	0.864
9100	6604	0	0.000401
9891	5814	0	0.000167
4865	5514	0	0.000434
23	28	1	0.884
3483	6564	1	0.856
5025	1047	1	0.87
60	1924	0	8.52e-05
4674	2493	1	0.944
3237	8506	1	0.995
3654	4779	1	0.805
4437	7905	1	0.911
859	8875	1	0.849
1713	3151	1	0.94
9795	5351	0	0.000526
9356	6985	1	0.972
6181	4061	1	0.991
1954	264	0	0.000586
4006	8731	1	0.979
593	3385	1	0.805
5627	4441	1	0.802
2863	6742	1	0.851
3642	1160	0	0.000619
8407	1529	1	0.889
9185	4967	1	0.905
4781	8437	1	0.996
4453	6314	1	0.828
9897	3935	1	0.904
6508	5723	1	0.959
6965	9394	1	0.92
1916	1566	1	0.81
6868	7791	1	0.841
306	5531	0	0.000351
24	289	1	0.845
8162	3232	1	0.933
9318	1961	1	0.992
5532	3690	1	0.854
114	339	1	0.932
1720	8025	1	0.96
2818	8321	1	0.871
897	2788	1	0.863
8769	1087	1	0.957
7711	3585	0	0.000561
7906	9387	0	0.000414
444	3807	1	0.808
3273	1018	1	0.992
8636	2774	1	0.944
6548	1997	1	0.951
2926	2163	1	0.944
6154	7159	1	0.885
7745	1069	1	0.889
2903	40	1	0.876
6448	9413	1	0.835
6765	900	1	0.962
7569	1693	1	0.815
2318	198	1	0.846
2343	4639	1	0.893
5337	7283	1	0.892
1394	3176	1	0.915
4073	2655	1	0.883
5646	9109	0	0.00027
8533	6537	1	0.914
4986	809	1	0.889
6864	7215	1	0.94
4112	3269	1	0.802
2220	3506	1	0.894
8029	270	0	0.000525
6961	3209	1	0.91
8848	7325	1	0.847
7583	9453	1	0.851
3689	650	1	0.876
5097	3087	0	0.000426
1628	6852	1	0.826
9890	5488	0	0.000144
4926	905	1	0.919
9513	6334	1	0.987
113	1848	1	0.91
7909	6835	1	0.952
4854	1160	1	0.927
8172	933	1	0.943
1909	1014	1	0.823
6001	1473	1	0.828
2688	430	1	0.814
7410	3542	1	0.961
1542	6814	0	0.000436
6259	4193	1	0.968
2657	1296	1	0.817
5476	6909	1	0.966
5999	933	1	0.829
7798	8158	1	0.915
3190	6682	1	0.807
466	6331	1	0.925
3100	4781	1	0.832
6855	9656	1	0.811
373	1276	0	0.000473
6830	1925	1	0.977
8482	6291	1	0.921
4517	7134	1	0.813
263	2394	1	0.864
8980	4927	1	0.847
8137	436	1	0.945
1267	1587	1	0.818
3338	2504	1	0.894
7148	1736	1	0.927
6577	343	1	0.858
4144	2038	1	0.925
1611	2763	1	0.83
5663	6001	1	0.885
2086	8539	1	0.853
2211	2965	1	0.858
546	968	1	0.919
6316	7769	1	0.891
7107	59	0	0.000375
2820	3425	1	0.833
3860	4636	1	0.965
9734	4240	0	0.000199
2976	2293	1	0.894
3155	5451	1	0.876
9711	6675	1	0.835
2598	4369	1	0.96
3282	2223	1	0.808
6042	8534	1	0.961
450	1971	1	0.994
8306	811	1	0.822
6138	2970	1	0.879
9395	2973	1	0.831
798	404	1	0.948
2448	1233	1	0.925
8618	6346	1	0.897
3249	2010	1	0.834
6475	7977	1	0.847
3186	7168	1	0.815
405	5958	1	0.974
3052	6687	1	0.866
3235	4068	1	0.813
4194	788	1	0.807
4172	6835	0	0.000239
5140	3166	1	0.953
4413	4335	1	0.801
7615	199	1	0.845
8721	616	1	0.985
6781	4570	0	0.000576
8316	8338	0	0.000396
3441	998	1	0.9
904	7324	1	0.863
686	1175	1	0.967
5311	4455	1	0.845
3965	5329	0	0.000428
4690	2080	1	0.826
2732	1086	1	0.983
4878	1387	1	0.945
86	2063	1	0.831
2423	4666	0	0.00035
2565	8966	1	0.874
2195	5243	1	0.958
7800	3328	1	0.889
1358	4273	1	0.926
2505	93	1	0.909
2028	8521	0	9.74e-05
8167	2698	1	0.827
8606	1272	1	0.809
7089	436	1	0.947
7298	4746	1	0.906
3622	8175	1	0.993
5715	1021	1	0.99
8613	1524	1	0.856
3589	7882	1	0.803
9970	2540	1	0.918
2151	3834	1	0.82
8231	6610	1	0.95
5518	6314	1	0.938
8053	3565	1	0.967
5117	9864	1	0.85
8595	7	1	0.924
9556	8777	0	0.000631
4468	3781	1	0.876
175	8104	1	0.949
6484	2918	1	0.991
2798	6812	1	0.984
3002	4850	1	0.893
6509	5950	1	0.826
9983	3023	0	0.000364
9631	1792	1	0.977
570	5979	1	0.911
8522	3245	1	0.973
1233	8950	1	0.811
8448	3097	0	0.000537
7054	2202	1	0.867
4556	4769	1	0.932
1709	968	1	0.977
3921	1028	1	0.814
940	3398	1	0.938
6928	4511	1	0.931
9471	7745	1	0.834
3802	3239	0	0.000413
1864	3458	0	0.000629
2651	2851	0	0.00044
390	5979	1	0.81
6876	5183	1	0.899
9921	2262	1	0.93
3613	6142	1	0.949
911	1492	1	0.96
6598	8248	1	0.922
5375	8108	1	0.891
7433	1579	1	0.823
1111	3505	0	0.000258
1643	5946	1	0.884
8559	904	1	0.98
497	183	1	0.999
5851	603	1	0.997
7593	1992	1	0.926
9013	8363	1	0.985
9474	376	1	0.929
2900	4189	1	0.846
6594	9052	1	0.859
8303	6639	1	0.882
9900	4925	0	0.000471
1970	5786	1	0.955
1579	1881	0	0.000403
9099	2229	1	0.94
1540	6024	1	0.913
9904	9813	1	0.853
2364	719	1	0.846
4429	4032	1	0.844
1705	6085	1	0.938
5131	7804	1	0.991
2685	7448	1	0.875
2074	4139	1	0.827
6415	4919	1	0.945
2280	6109	1	0.879
3693	1665	1	0.918
9703	8276	1	0.904
5159	9494	1	0.805
409	5326	1	0.906
4543	9136	1	0.825
2331	8670	1	0.829
6330	2418	0	0.000629
4895	6806	1	0.868
395	9224	1	0.885
288	7754	1	0.897
9020	1230	1	0.847
4259	6241	0	0.000308
3755	6085	1	0.833
2871	509	1	0.812
8550	1425	1	0.867
4174	6077	1	0.921
123	939	1	0.854
6693	7103	1	0.837
6057	1217	1	0.925
2048	3212	1	0.806
9067	2453	1	0.996
609	4044	1	0.91
2533	2804	1	0.814
797	7027	1	0.827
6951	9825	0	0.000492
7093	93	1	0.957
4808	9225	1	0.95
7958	3317	1	0.86
9483	1707	1	0.891
2296	9589	1	0.957
4469	629	0	0.000599
840	2863	1	0.876
2846	2723	1	0.988
5	4	1	0.896
2136	133	1	0.96
8735	6795	1	0.841
3779	8232	0	0.000354
3674	2655	1	0.897
6966	753	1	0.913
5636	7151	1	0.911
4326	2078	1	0.9
4481	1962	1	0.822
8839	839	1	0.984
2541	5711	1	0.927
4714	3009	1	0.814
6678	2046	1	0.89
4201	5809	1	0.817
9080	7567	1	0.934
3518	4025	1	0.886
4787	2093	1	0.803
3086	1763	1	0.85
7286	9285	1	0.874
6741	1605	1	0.881
6323	8910	1	0.948
3036	8010	1	0.803
2842	2715	1	0.805
8982	6935	1	0.986
3281	8432	1	0.973
1659	2261	1	0.865
3387	205	1	0.816
637	5107	1	0.841
557	2834	1	0.815
3505	6506	0	0.000337
62	176	1	0.838
293	1692	1	0.886
3461	8133	1	0.978
2785	699	1	0.81
2415	6192	0	0.000488
1792	6284	1	0.819
5582	4171	0	0.000426
523	6091	1	0.826
8284	6374	1	0.838
9359	6282	1	0.953
8875	7425	1	0.856
4779	7429	0	0.000338
7105	7189	0	0.000365
1131	7199	0	0.000614
4568	9351	1	0.955
2551	6683	1	0.821
2627	9107	0	0.000548
3379	6009	1	0.812
8437	406	1	0.912
6769	2927	1	0.9
7924	7653	1	0.998
4222	3225	0	0.000358
6846	1208	1	0.974
349	849	1	0.982
9008	1273	1	0.929
9510	2282	1	0.914
5091	4236	0	0.000298
6707	1356	0	0.000618
9039	571	1	0.863
1229	9059	1	0.812
8784	1348	1	0.813
7025	3636	1	0.98
2989	1466	0	0.000213
6497	2216	0	0.000496
1858	3815	1	0.967
9244	2532	1	0.891
7491	1196	1	0.91
7152	9983	1	0.917
6804	1071	0	0.000334
5662	4186	1	0.9
4098	2067	1	0.878
8806	9617	1	0.921
2910	7789	0	0.000586
9822	2194	1	0.85
966	7113	1	0.991
4837	1564	1	0.883
7863	4485	0	0.000527
9249	807	1	0.819
9458	4355	1	0.831
5592	4523	1	0.872
9202	7425	1	0.852
1362	431	1	0.837
4380	4005	1	0.977
1402	1526	1	0.961
9322	1846	1	0.842
4514	687	0	0.000225
3893	9085	1	0.834
881	1955	1	0.91
8961	8735	1	0.841
57	72	1	0.876
1014	1218	1	0.807
3355	3483	1	0.94
9252	3441	1	0.934
1135	8497	1	0.948
7534	8796	0	0.000453
7466	2603	1	0.903
8785	7169	1	0.832
1289	9836	1	0.998
5474	1	1	0.851
3533	9676	1	0.869
621	116	1	0.86
2026	2804	1	0.901
965	1592	1	0.883
6286	2356	1	0.919
9005	8171	1	0.915
9425	7090	1	0.829
6196	2124	1	0.859
5891	1656	1	0.921
6962	3007	0	0.000326
3750	5852	1	0.971
2660	2616	0	8.67e-05
8987	222	1	0.82
3668	425	1	0.967
9255	5822	1	0.928
9381	8550	0	0.000207
9671	3551	1	0.823
1486	8549	1	0.85
1612	9429	1	0.83
2003	3521	1	0.952
2135	6087	0	0.000497
2984	2981	0	0.000544
5680	2913	1	0.872
184	855	1	0.848
8012	7311	1	0.902
4079	3441	1	0.935
4051	8467	1	0.96
1064	9744	1	0.956
5835	1480	1	0.998
693	1409	1	0.94
434	3675	1	0.956
7242	5823	1	0.801
6948	1883	1	0.851
5146	5677	1	0.928
5752	6407	1	0.841
1714	1464	1	0.984
4629	2336	1	0.929
1012	1233	1	0.934
3279	1661	1	0.893
922	4703	1	0.834
427	10	1	0.843
5264	6868	1	0.849
6841	990	0	0.00031
3500	8324	1	0.814
688	279	1	0.993
3904	470	1	0.913
4554	190	1	0.826
7946	447	0	0.000586
3962	7826	1	0.994
7484	7068	0	0.000247
1741	256	1	0.9
8339	6607	1	0.975
2528	2548	0	0.000176
8799	3259	1	0.816
6870	4875	1	0.98
2992	67	1	0.885
2514	6058	1	0.846
8362	3213	1	0.901
8977	5619	1	0.961
6371	9484	1	0.937
9661	9736	1	0.943
5971	5721	1	0.942
6992	3994	0	0.0002
785	1317	1	0.853
4834	5122	1	0.8
1541	2513	0	0.000546
6445	9087	1	0.92
7228	5273	1	0.828
4388	428	0	0.000211
9829	106	0	0.000566
5071	1747	1	0.982
1328	5221	1	0.876
8952	8846	1	0.98
1404	1090	1	0.858
4330	848	1	0.913
9374	1172	1	0.836
3794	5450	1	0.846
8677	93	1	0.944
10	3873	1	0.965
5610	360	1	0.915
7830	623	1	0.959
9537	5217	0	0.000413
7121	1262	1	0.946
7833	4762	1	0.826
7462	6434	0	0.000455
1896	6713	1	0.883
8028	4819	1	0.871
1964	3033	1	0.809
9228	1610	1	0.891
6496	3573	1	0.874
185	8917	1	0.982
1585	121	1	0.88
1147	9904	1	0.937
4841	9295	1	0.995
4553	5130	1	0.902
8033	3888	1	0.913
9753	3553	0	0.000357
9493	5124	1	0.887
4212	4699	1	0.802
5281	7950	1	0.823
5106	7371	1	0.992
7695	1496	0	0.000192
1806	1928	0	0.000411
3198	1694	1	0.878
2099	4734	1	0.816
6720	1767	1	0.858
4581	5082	1	0.993
6205	2565	0	0.000583
8523	7153	0	0.000116
6912	997	1	0.974
4921	4278	0	0.000121
2452	5219	1	0.976
6738	769	0	0.000309
4842	79	1	0.844
5346	7983	1	0.894
7400	725	1	0.954
3074	8563	1	0.975
8268	2864	0	0.00035
4801	6926	1	0.972
6058	8996	1	0.821
1129	3290	1	0.825
9685	6019	1	0.92
742	5820	1	0.872
3986	5685	1	0.957
858	8276	0	0.000182
3147	3999	0	0.00055
2875	511	1	0.989
6899	4320	1	0.855
6283	11	1	0.901
4391	6722	1	0.952
6519	3809	1	0.917
9775	5994	1	0.815
138	474	1	0.865
914	1845	1	0.87
5335	2809	1	0.833
6009	5889	1	0.972
8816	172	1	0.901
317	9741	1	0.923
7980	982	1	0.958
5542	4754	1	0.998
9346	3097	1	0.88
6946	189	1	0.958
5018	6004	1	0.849
7146	437	0	0.000155
3310	2463	1	0.829
5368	8271	0	0.000108
7559	372	1	0.859
4520	7924	1	0.966
4179	5812	1	0.99
5903	5431	1	0.906
9384	8278	1	0.82
5291	2893	1	0.9
8020	5224	1	0.946
4283	7328	1	0.956
7322	8700	1	0.825
2297	9836	1	0.946
8119	6239	1	0.836
3699	2755	1	0.965
1291	7293	1	0.954
9299	8010	1	0.939
2756	2972	0	0.000126
761	708	1	0.884
8091	5686	1	0.898
1101	5644	0	0.000431
4107	1970	1	0.859
7560	3083	1	0.982
1825	6179	1	0.93
2608	3445	1	0.954
9669	2708	1	0.832
6094	9317	1	0.876
6296	2459	1	0.821
1148	3517	1	0.807
4390	9836	1	0.997
5272	7388	1	0.916
9291	2012	1	0.834
3569	8399	1	0.839
2918	19	1	0.819
1095	9505	0	0.000527
6522	6781	1	0.894
3342	8899	1	0.99
5649	1405	1	0.827
2007	1050	0	0.000447
2435	181	0	0.000416
5499	1038	0	0.00048
4652	1789	1	0.828
4377	4000	1	0.84
7154	4867	1	0.88
2880	4089	1	0.878
9781	7679	1	0.969
452	7849	1	0.954
5306	4524	1	0.897
4904	5187	1	0.862
8229	4454	1	0.987
820	4943	0	0.000214
3993	7379	1	0.91
988	4573	1	0.896
3408	9680	1	0.817
3574	9926	1	0.972
4228	1638	1	0.874
6212	3033	1	0.87
7260	8097	1	0.883
7526	3647	1	0.802
532	2286	1	0.922
2554	9685	1	0.806
7199	2279	1	0.93
2945	2630	1	1
3297	6948	1	0.959
596	3417	1	0.937
9184	9156	1	0.837
2609	7857	0	0.000173
8571	1525	1	0.981
3019	3542	1	0.841
1160	1208	1	0.889
3940	5552	1	0.925
7345	25	1	0.988
7083	2197	1	0.98
9833	2786	1	0.851
7786	3207	1	0.843
7219	2452	1	0.821
6050	568	1	0.931
2788	1767	1	1
1072	866	1	0.947
9955	1320	1	0.821
4416	6546	0	0.000369
9709	1030	1	0.819
6539	921	0	0.000562
8273	7201	1	0.99
3274	2160	1	0.82
8946	2166	1	0.971
8428	8165	1	0.843
2894	8851	1	0.814
61	2398	1	0.822
1349	2382	1	0.855
708	1282	1	0.984
3165	4331	0	0.000355
6553	7811	1	0.938
8225	4370	1	0.956
286	313	1	0.832
9576	722	1	0.99
5434	3232	0	0.000366
6721	8292	1	0.803
8002	9469	0	0.000268
3565	1985	1	0.845
3621	7440	1	0.813
9924	758	1	0.859
2403	7856	1	0.943
3255	7904	1	0.935
3635	3780	1	0.891
7780	7451	1	0.913
4871	8499	1	0.837
8389	335	1	0.893
9303	4869	1	0.908
3301	1236	1	0.857
5029	4455	1	0.896
8000	5282	0	0.000467
7781	3104	1	0.825
4702	8518	1	0.857
3021	6878	1	0.99
2444	5674	1	0.847
8955	3316	1	0.982
7104	2458	1	0.955
7712	470	0	0.000477
8117	7436	1	0.816
6809	1667	1	0.802
5341	6995	1	0.817
273	1995	1	0.862
4501	3173	1	0.983
4551	1139	1	0.929
1132	1397	1	0.877
5719	1175	1	0.907
885	7572	1	0.937
3162	4993	1	0.924
9674	2462	1	0.82
5600	3948	1	0.871
339	9718	1	0.99
876	1196	0	0.000161
8061	3243	1	0.818
9681	804	1	0.888
2334	8201	1	0.864
9758	6368	1	0.895
3099	5500	1	0.888
8630	4842	0	0.000291
5008	364	1	0.863
4182	4967	1	0.841
9913	536	1	0.813
1035	5970	1	0.922
1841	7227	1	0.979
501	3313	1	0.95
5233	1515	1	0.985
3823	4935	1	0.903
474	5501	1	0.947
9416	8586	0	0.000156
5141	399	1	0.882
8373	442	1	0.87
5733	5933	0	0.000273
6900	6308	1	0.828
8902	2909	1	0.839
4185	6383	1	0.812
5338	2407	1	0.875
1554	9151	1	0.979
4229	85	1	0.996
2699	5767	0	0.000109
3666	8406	1	0.888
6623	3200	1	0.963
5069	1708	1	0.877
7207	5980	1	0.886
5927	270	1	0.993
9857	8735	1	0.815
6425	8673	1	0.979
6566	977	1	0.845
8670	566	1	0.83
4142	545	1	0.852
5172	2570	1	0.887
2109	9792	1	0.981
7495	4252	1	0.931
8208	1072	1	0.857
9175	9062	1	0.93
1748	4549	1	0.939
7378	7345	0	0.000365
4914	2565	1	0.858
1251	6589	0	9.6e-05
8818	470	1	0.849
5528	2121	1	0.811
2548	6427	0	0.000131
4648	9949	1	0.802
2259	634	1	0.971
8152	6154	1	0.903
9998	3650	0	0.000245
6780	6958	0	0.000291
1992	7444	1	0.863
6220	3394	1	0.921
3214	8997	1	0.984
883	7415	0	0.000491
2471	9432	1	0.823
5830	334	1	0.986
9812	9820	0	0.00015
3108	5307	1	0.962
1142	466	1	0.989
6739	4301	0	0.000602
6934	7819	1	0.993
3718	5844	0	0.000212
7579	4460	1	0.952
4509	842	1	0.811
4786	361	0	0.000476
6387	9684	1	0.923
5863	3886	1	0.832
8653	549	1	0.953
8694	1552	1	0.928
4850	1644	1	0.931
5073	2217	1	0.811
1606	4940	1	0.962
5644	3762	1	0.906
6743	3463	1	0.969
873	8843	1	0.951
1875	970	1	0.862
920	5062	1	0.905
7925	2334	1	0.844
6742	8304	1	0.992
6831	2055	1	0.816
4463	2530	1	0.887
702	2879	1	0.993
1317	744	1	0.952
3126	1008	1	0.906
1307	9656	1	0.902
3888	3020	1	0.987
9418	3653	1	0.885
6020	4548	1	0.832
6107	9389	1	0.861
9135	2711	1	0.934
1543	7948	1	0.971
7812	9955	1	0.893
9926	7740	1	0.826
7397	5451	1	0.898
3213	1184	1	0.859
9639	205	0	0.000565
7919	2885	1	0.83
3101	6406	1	0.968
7444	1850	1	0.88
6467	2786	1	0.891
7772	80	1	0.926
9090	3943	1	0.876
8489	5845	1	0.869
8294	2550	1	0.955
5875	5083	1	0.837
9956	1395	1	0.821
5787	2550	0	0.000264
3131	3942	0	0.00026
7075	3839	1	0.815
88	7236	1	0.833
8974	12	1	0.983
7160	5092	1	0.841
2382	1131	1	0.992
1006	2323	1	0.803
8625	8658	1	0.866
3945	7735	1	0.989
5530	3503	1	0.93
4405	6430	1	0.984
2436	3407	1	0.999
8003	5575	1	0.952
4030	7389	0	0.000591
6757	4939	1	0.915
1578	399	1	0.876
6216	2582	1	0.815
5142	9640	1	0.931
278	1923	1	0.894
3769	6096	1	0.886
8148	9802	1	0.952
8954	6894	1	0.917
955	9111	1	0.978
5817	60	1	0.936
8328	7902	1	0.992
2037	4850	1	0.84
3366	811	1	0.986
8500	2100	1	0.906
3067	7299	1	0.917
5304	9697	1	0.841
6367	3383	1	0.864
1703	1085	1	0.906
9343	8640	1	0.981
4984	1775	1	0.988
9935	8755	1	0.906
827	5645	1	0.975
3260	7682	1	0.848
9889	6092	1	0.993
4810	9513	1	0.906
6512	3674	1	0.847
6837	3356	1	0.908
8310	9809	1	0.868
2051	143	1	0.839
6070	8924	1	0.865
9526	8846	1	0.86
3212	1202	1	0.828
3997	1160	1	0.85
8580	9873	1	0.952
2839	6109	1	0.917
751	1162	1	0.931
5431	8615	1	0.95
2122	5353	0	0.000145
5163	1917	1	0.88
3535	456	1	0.829
1220	4682	1	0.914
1521	8505	1	0.888
3552	9639	1	0.968
8159	1108	1	0.824
195	1594	1	0.899
7236	1198	1	0.842
8110	759	1	0.928
6838	9041	1	0.853
2304	5544	1	0.894
4507	5539	1	0.96
7391	7076	1	0.889
101	280	1	0.871
653	764	1	0.939
9181	6738	0	0.000521
7296	212	1	0.994
8610	7269	1	0.928
9762	7851	1	0.864
9511	4277	1	0.854
4880	2322	1	0.929
173	2948	1	0.922
984	4086	1	0.807
6576	6635	1	0.829
7392	5332	1	0.868
7405	5097	1	0.815
7626	2445	1	0.826
4169	2674	1	0.898
5243	7078	1	0.983
475	1123	1	0.824
8183	9680	1	0.847
3595	5428	1	0.945
7650	2108	1	0.982
1819	3478	1	0.999
1128	5476	1	0.836
4829	3069	1	0.915
7697	1154	1	0.971
2022	568	1	0.944
4015	3302	1	0.946
9128	837	1	0.928
5136	4335	1	0.939
2012	7221	1	0.91
1529	2167	1	0.932
6964	15	0	0.000257
3626	164	1	0.868
767	9947	1	0.973
1143	6365	1	0.985
298	3675	1	0.801
9378	916	1	0.897
3594	8150	1	0.871
3695	7019	1	0.892
7680	1470	1	0.851
2935	6671	1	0.898
3624	576	0	0.000522
5962	2970	0	0.000187
3070	5929	0	0.000214
9766	424	1	0.989
124	8249	1	0.893
9340	9568	1	0.862
1	3082	1	0.93
8370	2920	1	0.851
706	4703	1	0.837
315	980	1	0.818
6985	1970	1	0.919
9224	9338	1	0.901
4164	5419	1	0.93
7031	4118	1	0.909
3361	367	1	0.906
9225	9254	1	0.936
8553	5293	1	0.972
6414	6746	1	0.811
9323	5228	1	0.875
9971	2422	0	9.46e-05
7436	1059	0	0.000347
7328	7249	1	0.982
8809	1957	1	0.823
9643	5919	1	0.828
6949	4102	1	0.827
6134	3795	1	0.973
1028	679	1	0.942
3113	1101	1	0.999
9400	7983	1	0.965
2952	7860	1	0.929
8538	5448	1	0.822
4594	4454	0	0.000392
2320	6288	1	0.905
7878	4938	1	0.968
9084	5808	1	0.962
4331	1160	1	0.806
825	6400	1	0.876
5429	7764	1	0.844
2899	1813	1	0.965
8757	5678	1	0.83
3743	1465	0	0.000476
8019	1810	0	0.000136
7494	884	1	0.805
4978	2647	1	0.839
9496	4518	1	0.807
4982	7717	0	0.000238
8616	5336	1	0.839
1843	189	1	0.951
3900	7887	1	0.925
8890	2499	1	0.818
4577	9308	1	0.958
1102	4162	0	8.52e-05
2221	7279	1	0.857
2390	1077	1	0.954
2692	9190	1	0.841
2126	5430	1	0.96
5060	3751	1	0.936
9733	5072	1	0.954
5492	3768	1	0.928
4742	1767	1	0.964
8253	3235	1	0.931
4065	3295	1	0.995
5994	77	1	0.947
575	8422	1	0.928
8487	954	1	0.997
1696	2005	1	0.858
7646	1696	1	0.976
2893	1472	0	0.000297
7061	1722	1	0.914
5538	7206	1	0.953
5802	2459	1	0.815
4476	803	1	0.944
1078	6865	1	0.998
3161	6925	1	0.848
9915	7670	1	0.878
9434	6865	1	0.896
5932	6488	1	0.817
6688	9256	1	0.894
8483	5476	1	0.862
8429	6476	1	0.882
6666	2287	1	0.849
9848	591	1	0.992
5225	6082	1	0.817
6709	7620	1	0.802
1676	420	1	0.813
6024	3893	1	0.86
9146	890	0	0.000598
5179	4564	0	0.000635
2127	8986	1	0.897
5350	6224	1	0.857
1879	6941	0	9.11e-05
4762	6008	1	0.907
1357	5107	0	0.000517
5445	1385	1	0.849
3154	7237	1	0.853
6209	8728	1	0.894
3648	5703	1	0.897
5709	6476	1	0.803
2278	7173	1	0.837
210	626	1	0.917
7109	4086	1	0.935
9304	7933	1	0.856
236	789	0	0.000285
5732	2211	1	0.918
6358	5221	1	0.95
1282	4716	1	0.862
5330	3600	1	0.96
6018	2861	1	0.86
9575	9525	1	0.832
7514	6358	1	0.981
899	1555	1	0.86
4262	4616	1	0.99
8578	2143	1	0.827
690	5510	1	0.819
4020	5787	0	0.000274
732	500	1	0.817
5516	9178	1	0.817
9977	4842	1	0.906
1417	109	1	0.872
7740	204	1	0.921
5332	3628	1	0.919
2166	4762	1	0.934
7471	457	1	0.82
3217	6393	1	0.918
5588	4077	1	0.961
9968	1093	1	0.839
8425	3072	1	0.967
567	3971	0	0.000262
3673	9805	1	0.902
5101	4326	1	0.997
5467	8715	1	0.998
1900	6010	1	0.805
6534	2685	1	0.975
6173	627	0	0.000386
9362	1702	1	0.879
5063	4786	1	0.898
5526	3628	1	0.956
7710	3228	1	0.888
999	398	1	0.953
7204	2047	1	0.814
5939	9831	1	0.967
458	2871	1	0.982
590	3816	1	0.877
2790	1329	0	0.000471
4459	9638	0	0.00019
6921	103	1	0.902
1110	2280	1	0.904
6430	31	0	0.000242
9006	2672	1	1
2115	2566	0	0.000508
5657	3139	1	0.928
5871	6736	1	0.821
6066	5482	1	0.992
8250	5181	1	0.992
1431	9833	1	0.871
7357	7999	1	0.906
5639	8000	1	0.949
9596	5831	0	0.000365
3430	907	1	0.956
9235	7420	1	0.933
9361	5386	1	0.988
1400	5445	1	0.814
5473	1509	1	0.95
8315	3264	1	0.843
7673	5221	1	0.966
9003	2951	1	0.988
8821	4178	1	0.85
387	2039	1	0.983
4635	4995	1	0.973
9751	246	1	0.937
9673	7969	1	0.933
1262	4835	1	0.994
7432	2923	1	0.986
6799	9659	1	0.913
6341	1856	1	0.844
8264	4669	1	0.978
974	2406	1	0.845
3348	461	1	0.824
5707	1600	1	0.904
3446	8880	1	0.892
4227	5829	0	0.000125
7763	2162	1	0.849
9216	9392	1	0.855
7475	7362	1	0.882
8243	686	1	0.965
9273	858	1	0.907
2990	4167	1	0.834
9268	2584	1	0.884
5850	3187	1	0.845
6895	3217	1	0.87
1830	9020	1	0.904
3881	3241	1	0.87
5044	6820	1	0.907
3684	296	1	0.944
6516	2915	1	0.943
6474	3900	1	0.871
9646	6473	0	0.000469
6429	5532	1	0.832
9658	2010	0	0.000395
460	8708	1	0.803
8338	5525	1	0.849
1508	3711	1	0.829
7774	3736	1	0.896
9001	9169	1	0.832
6854	33	0	0.000478
1121	1134	1	0.939
2112	9645	0	0.000427
8558	8466	0	0.000143
4124	762	1	0.95
7323	7752	1	0.961
2580	2551	1	0.949
5620	2665	1	0.99
2238	1188	1	0.951
9355	2034	1	0.875
9803	128	1	0.983
6169	8438	1	0.888
3870	1255	1	0.928
594	6599	1	0.837
5623	6192	1	0.8
8474	731	1	0.931
1608	3397	1	0.847
6375	1292	1	0.832
3571	2068	1	0.823
7694	431	1	0.846
7965	8268	1	0.824
9760	3948	1	0.87
5109	8588	1	0.919
4334	8480	0	0.000574
1851	1503	0	0.000567
9846	8351	1	0.8
5736	52	0	0.000392
8325	8516	1	0.99
4450	5232	0	0.00041
1175	386	0	0.000592
4600	255	1	0.871
2404	9805	0	0.00036
1203	9971	1	0.813
2421	1190	1	0.8
5404	2820	1	0.846
5356	5471	0	0.000522
8412	588	1	0.81
8432	2	1	0.827
9415	4893	1	0.909
4166	8201	1	0.807
3848	8550	0	0.000359
5539	1483	1	0.995
5747	2674	0	0.000326
5102	5743	1	0.951
335	342	0	0.000145
2604	3796	1	0.92
99	7542	1	0.824
2522	2566	1	0.847
330	8901	1	0.823
602	446	1	0.983
5984	9684	1	0.803
7872	3175	1	0.918
5833	4002	1	0.898
9750	5538	1	0.908
4706	1047	0	0.000303
8035	7089	0	0.000581
341	8821	1	0.904
3537	1282	1	0.838
2495	3629	1	0.925
1290	5756	1	0.889
2951	1018	1	0.933
1535	6526	1	0.891
4943	9791	1	0.908
1898	4933	1	0.979
4342	5947	1	0.975
7070	9882	0	0.000612
9077	5558	1	0.96
4168	1264	0	0.000403
8419	2623	1	0.986
6826	7071	1	0.887
1961	2414	0	0.000599
1386	1267	1	0.831
5082	6944	0	0.000579
2994	3948	1	0.989
1106	758	1	0.967
5770	686	1	0.871
5506	9364	1	0.802
4435	35	1	0.953
9125	3474	1	0.814
3868	7385	1	0.946
7538	2836	1	0.969
3087	464	1	0.932
6270	7838	0	0.000121
4204	6595	1	0.851
9509	4048	1	0.812
8090	7075	1	0.969
9104	5526	1	0.895
481	154	1	0.823
6046	7292	1	0.953
853	61	1	0.893
823	9578	0	0.000623
8017	2613	0	0.000176
4292	3978	1	0.908
8564	2146	1	0.931
7277	285	1	0.812
3617	228	1	0.845
1001	5920	1	0.858
71	3900	1	0.806
7661	370	1	0.905
5781	9207	0	0.000429
5343	3145	1	0.828
9131	2523	1	0.816
2162	897	1	0.82
3311	2575	1	0.833
9774	6969	1	0.878
8374	8851	0	0.00031
4685	4274	1	0.825
9689	4842	1	0.843
842	8132	0	9.66e-05
8147	9639	1	0.817
9097	149	1	0.924
2870	4103	1	0.848
6166	7011	0	0.000624
6902	9836	1	0.931
1396	2506	1	0.821
5260	4444	1	0.925
6673	7428	1	0.879
2740	683	1	0.807
603	8855	1	0.992
8434	3922	1	0.998
8692	8800	0	0.000318
3079	6543	0	0.000407
3064	9597	1	0.858
9559	604	1	0.814
4999	5714	1	0.98
6669	5287	1	0.881
2244	6349	1	0.957
5197	224	1	0.942
6996	2773	1	0.851
9858	1917	1	0.94
9823	49	1	0.903
3005	5970	0	0.000616
3710	4387	1	0.827
1140	6665	1	0.927
7102	3959	1	0.954
7862	1996	0	0.00039
1681	2497	1	0.971
7195	2032	1	0.905
3000	9975	1	0.886
5935	2209	0	0.00058
7810	1445	0	0.000578
1504	1125	1	0.941
4620	2960	1	0.903
2233	9693	1	0.947
9451	391	1	0.951
7320	7123	1	0.97
4411	4060	0	0.000623
1555	1607	1	0.88
7191	3618	0	0.000236
4143	6704	0	0.000598
3850	3761	1	0.824
260	5240	1	0.891
3961	3886	1	0.987
6923	5214	1	0.961
1596	2129	1	0.998
401	4609	1	0.923
9620	3109	1	0.945
1425	3073	1	0.942
4910	3986	1	0.973
7644	72	0	0.000503
5593	6753	1	0.974
5791	5811	1	0.878
8661	1543	1	0.91
2299	3819	1	0.827
6786	1631	1	0.822
7513	2311	1	0.821
4394	2057	1	0.886
2682	2331	1	0.969
9	7599	1	0.92
7310	9576	1	0.807
2826	1994	1	0.83
7867	3064	1	0.829
6079	484	1	0.948
7409	6005	1	0.959
7382	9454	1	0.938
1758	4893	1	0.873
8293	2116	1	0.961
4333	1280	1	0.916
9191	7486	1	0.962
7479	8764	1	0.807
9684	3682	1	0.954
7065	3816	1	0.943
2948	9515	1	0.815
6883	2205	1	0.862
296	245	1	0.919
1673	4725	1	0.859
4626	5056	1	0.989
6067	6992	1	0.966
7969	3862	0	0.000236
7827	8000	1	0.997
6511	9862	1	0.88
9651	7319	1	0.917
7947	5274	1	0.932
6867	8850	1	0.973
4379	5280	1	0.933
9375	5419	0	0.000329
1447	2554	1	0.849
8267	4283	1	0.91
299	992	0	0.000194
6086	216	1	0.93
6157	5598	1	0.925
7717	3840	1	0.815
8814	412	1	0.913
9672	5626	1	0.982
3294	224	1	0.889
5158	4369	1	0.962
7084	3726	1	0.843
7487	487	0	0.000582
2313	3463	1	0.987
3780	2637	1	0.987
8849	5878	0	0.000589
208	1353	1	0.878
8346	9137	1	0.936
1765	6039	1	0.846
294	904	1	0.959
5274	6441	1	0.842
7818	8252	1	0.84
8513	6423	1	0.966
4738	4444	1	0.875
441	401	1	0.922
1485	9744	1	0.84
6877	4770	1	0.825
221	6044	1	0.959
3788	6677	1	0.911
9274	4903	1	0.92
48	50	0	0.000373
1075	9540	1	0.905
6348	5167	1	0.93
8426	3322	1	0.97
6784	4656	1	0.953
5078	41	1	0.877
681	9622	0	0.000568
9033	4021	0	0.000549
9168	8749	1	0.884
3053	9837	1	0.885
2408	5432	1	0.86
611	6690	0	0.000178
98	7362	1	0.962
4922	565	1	0.838
321	7400	1	0.84
4493	4104	1	1
7082	1981	0	0.000247
4686	91	0	0.000136
290	4295	1	0.847
6191	1402	1	0.834
8157	2954	1	0.908
1294	769	1	0.81
2480	1405	1	0.982
2626	8653	1	0.841
8098	3684	1	0.816
3652	159	1	0.868
7886	4324	0	0.000496
2290	3385	1	0.943
3299	3659	1	0.823
5064	1031	1	0.991
8142	4478	0	0.000424
2294	1281	1	0.826
7488	313	1	0.824
2787	5669	1	0.91
2766	5523	0	0.000563
7651	3173	1	0.944
7613	9107	1	0.936
4249	5013	1	0.884
6866	6299	1	0.973
2301	1437	1	0.806
224	1881	1	0.982
1178	7083	1	0.867
2072	1503	1	0.988
9063	2335	1	0.834
3261	3910	1	0.983
5201	7552	1	0.839
3244	1665	1	0.905
235	5139	1	0.906
6952	6949	0	0.000562
4506	6342	0	0.000334
9739	7372	1	0.941
4974	6408	1	0.864
7778	2461	0	0.00021
6395	90	1	0.831
164	3361	1	0.843
8440	2127	1	0.818
8705	2382	1	0.844
5300	8830	0	0.000596
3418	8750	1	0.836
9412	3454	1	0.889
338	7240	1	0.95
6243	9450	1	0.932
4950	4166	0	0.000276
9049	765	1	0.816
5001	2093	1	0.988
7050	314	1	0.802
962	3954	1	0.909
6245	1012	1	0.823
4980	4852	1	0.992
5800	3342	1	0.892
1780	4039	1	0.813
8856	8884	1	0.897
3830	3098	1	0.822
1145	1307	1	0.809
4392	2307	1	0.961
8144	7052	1	0.887
1649	5556	1	0.995
9407	6307	1	0.823
1082	9549	1	0.804
2710	2475	1	0.873
9664	2421	1	0.91
8560	3463	1	0.836
361	3508	1	0.953
8555	817	1	0.806
9914	1251	1	0.857
814	5619	1	0.891
6798	2684	1	0.974
568	3223	0	0.000149
7156	2515	1	0.875
5098	5385	1	0.946
1412	2734	1	0.896
6063	2574	1	0.837
6858	5145	1	0.96
994	6093	1	0.837
5048	6450	1	0.913
1586	4959	1	0.839
4965	7585	1	0.934
683	1297	1	0.937
7934	4289	0	0.000421
7893	1329	1	0.899
6078	536	1	0.878
7985	6932	1	0.879
4003	8663	1	0.852
8438	3384	1	0.812
972	79	0	0.000171
5081	1656	1	0.829
2625	1838	1	0.85
5815	4231	1	0.986
9288	9047	1	0.989
9590	1050	1	0.841
8657	61	1	0.848
3127	5297	1	0.893
8365	4042	1	0.983
1993	7058	1	0.935
8473	3243	1	0.848
7198	5337	1	0.928
7039	8035	1	0.992
5883	3409	1	0.802
6115	8010	1	0.933
6517	7136	1	0.891
7884	4563	1	0.877
1482	5259	1	0.838
5775	4975	0	0.000484
6800	3394	1	0.95
6140	1151	1	0.902
7933	3504	1	0.83
4823	791	0	0.0003
6676	6149	1	0.995
7055	6451	1	0.979
2725	1100	1	0.938
6082	7916	1	0.87
9618	3743	1	0.974
6263	7381	0	0.000301
8669	7583	1	0.94
2706	8587	1	0.854
6278	113	1	0.858
641	6785	1	0.915
9612	902	1	0.946
7866	6807	1	0.869
5859	8554	1	0.832
3995	2437	1	0.924
6538	3575	1	0.82
4545	7950	1	0.971
5067	2724	1	0.992
4843	8969	1	0.933
2829	6704	0	0.000219
3222	6942	1	0.898
4819	8419	1	0.839
4125	608	1	0.895
8766	3748	1	0.901
1034	4005	1	0.883
7196	1176	1	0.968
5377	470	1	0.853
2319	4258	1	0.848
2901	896	1	0.991
6313	1376	1	0.854
5803	4655	1	0.918
3885	444	0	0.000218
2931	502	1	0.884
7181	2273	1	0.829
1461	1713	1	0.965
8916	5658	1	0.934
7021	4213	1	0.967
4139	7102	1	0.95
2432	785	1	0.951
3376	4264	1	0.984
3142	528	1	0.826
8245	2976	0	0.000404
4137	5517	1	0.806
9880	9939	1	0.943
1833	8693	1	0.931
8143	5002	1	0.925
6803	2410	0	0.000625
5704	1903	1	0.868
3081	6341	1	0.985
4558	1853	0	0.000139
2049	1319	1	0.933
7183	2839	1	0.994
7493	1423	1	0.958
2396	6096	1	0.844
4153	3384	1	0.86
1409	356	1	0.93
3322	6410	1	0.809
2805	1531	1	0.93
2021	5596	1	0.865
9373	2090	1	0.929
8569	7945	1	0.994
3381	6979	1	0.923
7663	6369	1	0.881
5155	5415	1	0.87
6458	9494	0	0.000185
7725	5986	1	0.851
3873	186	1	0.993
8364	3358	1	0.853
2907	8725	1	0.891
3787	4473	1	0.852
8698	4997	1	0.85
5208	7371	1	0.81
4287	5976	1	0.846
6150	9019	1	0.857
997	4903	0	0.000249
9533	3447	0	0.000286
2458	7104	1	0.997
2420	5567	0	0.000113
5058	7469	1	0.879
6238	7169	1	0.904
1197	9713	1	0.849
5038	7594	0	0.000114
4081	9387	1	0.809
1088	3152	1	0.87
2816	8964	1	0.922
2705	6730	1	0.919
7686	6612	1	0.842
7916	9202	1	0.959
3417	3950	1	0.918
921	45	1	0.872
2359	8643	1	0.881
5675	7134	0	0.000207
1838	6254	1	0.819
212	2573	1	0.887
4069	3022	1	0.906
6247	2178	1	0.854
4407	8675	1	0.905
582	5322	1	0.989
3041	1089	1	0.992
2154	1627	1	0.805
7823	6833	1	0.805
6412	1816	1	0.823
9878	6964	1	0.847
5687	18	1	0.82
9543	60	1	0.937
9551	6067	1	0.819
4264	6274	1	0.849
5551	3690	1	0.833
1517	2701	1	0.807
487	4925	1	0.978
5919	517	1	0.979
5983	3991	1	0.92
1490	666	0	0.000374
9477	1774	1	0.986
4639	29	0	0.000116
1617	1972	0	0.000437
6376	9575	1	0.922
8704	5222	0	0.00036
4734	225	1	0.84
2105	9740	1	0.908
6636	3707	1	0.945
6236	9948	1	0.827
711	1531	1	0.992
6751	3790	1	0.89
1093	7562	0	0.000327
5614	1724	1	0.826
4647	4412	0	0.000345
1651	1393	1	0.904
