5000	25000
1	0	0	0.000652
2	0	1	0.856
3	1	1	0.864
4	0	1	0.9
5	2	1	0.826
6	4	1	0.991
7	3	0	0.00126
8	3	1	0.918
9	4	0	0.000961
10	9	1	0.862
11	3	1	0.824
12	1	0	0.000964
13	4	1	0.966
14	11	1	0.908
15	2	1	0.828
16	13	1	0.897
17	13	1	0.991
18	4	1	0.86
19	11	1	0.83
20	3	1	0.881
21	20	0	0.000936
22	3	1	0.999
23	2	1	0.902
24	8	1	0.803
25	20	1	0.958
26	4	1	0.856
27	22	1	0.861
28	27	1	0.999
29	8	1	0.908
30	21	1	0.884
31	14	1	0.922
32	27	1	0.826
33	14	0	0.00108
34	13	1	0.912
35	28	1	0.964
36	3	1	0.864
37	9	1	0.824
38	36	0	0.000333
39	21	1	0.92
40	6	1	0.968
41	38	1	0.951
42	2	0	0.000244
43	9	1	0.896
44	21	1	0.881
45	21	0	0.000223
46	7	1	0.992
47	33	1	0.85
48	34	1	0.95
49	13	1	0.944
50	20	1	0.898
51	18	1	0.9
52	51	1	0.949
53	9	1	0.855
54	44	1	0.816
55	36	1	0.902
56	27	1	0.916
57	26	1	0.816
58	53	1	0.925
59	28	1	0.913
60	42	1	0.803
61	32	1	0.982
62	2	1	0.938
63	12	1	0.918
64	60	1	0.908
65	10	0	0.00059
66	7	1	0.926
67	46	1	0.844
68	25	1	0.836
69	54	0	0.000496
70	63	1	0.95
71	57	1	0.911
72	8	0	0.000671
73	43	0	0.000984
74	55	1	0.915
75	36	1	0.984
76	36	1	0.97
77	34	1	0.96
78	0	1	0.91
79	36	1	0.88
80	72	1	0.949
81	36	1	0.937
82	77	1	0.98
83	37	1	0.841
84	1	1	0.915
85	74	1	0.853
86	0	1	0.854
87	64	1	0.928
88	16	1	0.832
89	3	1	0.923
90	66	1	0.881
91	0	1	0.911
92	68	1	0.857
93	54	1	0.999
94	68	1	0.916
95	69	1	0.983
96	37	1	0.818
97	77	1	0.904
98	44	0	0.000789
99	61	1	0.85
100	4	1	0.989
101	76	0	0.000803
102	101	1	0.827
103	31	1	0.904
104	83	1	0.929
105	23	1	0.858
106	1	0	0.00108
107	12	1	0.834
108	53	1	0.802
109	10	1	0.924
110	24	1	0.885
111	28	1	0.889
112	91	1	0.871
113	6	0	0.000315
114	107	1	0.955
115	84	1	0.862
116	61	1	0.943
117	72	1	0.987
118	72	1	0.824
119	72	1	0.896
120	14	1	0.818
121	17	1	0.97
122	110	1	0.899
123	119	1	0.919
124	47	1	0.854
125	7	1	0.957
126	28	1	0.959
127	52	0	0.000981
128	95	1	0.998
129	100	1	0.929
130	7	1	0.808
131	23	0	0.000389
132	93	1	0.8
133	68	0	0.000834
134	43	1	0.821
135	21	0	0.000262
136	65	1	0.895
137	73	0	0.000742
138	55	1	0.95
139	74	1	0.896
140	122	0	0.000203
141	96	1	0.88
142	99	1	0.947
143	3	0	0.000804
144	99	1	0.976
145	89	1	0.903
146	28	1	0.953
147	126	1	0.863
148	115	1	0.894
149	55	1	0.932
150	92	1	0.838
151	13	1	0.932
152	20	1	0.9
153	88	0	0.00119
154	32	1	0.851
155	56	1	0.957
156	147	0	0.000801
157	77	0	0.00037
158	77	1	0.91
159	42	1	0.944
160	109	1	0.991
161	95	1	0.889
162	124	1	0.826
163	37	1	0.894
164	23	1	0.991
165	111	0	0.000637
166	71	1	0.814
167	151	1	0.938
168	93	1	0.88
169	39	1	0.955
170	100	1	0.826
171	72	1	0.819
172	80	1	0.833
173	106	1	0.97
174	105	1	0.871
175	170	1	0.865
176	58	1	0.963
177	128	0	0.000313
178	32	1	0.958
179	144	1	0.995
180	21	1	0.868
181	137	1	0.944
182	14	1	0.816
183	159	1	0.897
184	173	0	0.000902
185	130	0	0.000409
186	85	1	0.872
187	22	1	0.968
188	163	1	0.848
189	32	0	0.000803
190	41	1	0.866
191	38	1	0.852
192	81	0	0.000668
193	148	1	0.807
194	102	1	0.994
195	35	1	0.993
196	7	1	0.914
197	109	1	0.856
198	100	1	0.831
199	37	1	0.997
200	126	0	0.000499
201	132	0	0.001
202	189	1	0.938
203	197	1	0.831
204	162	1	0.981
205	10	1	0.994
206	62	1	0.881
207	133	1	0.801
208	44	1	0.902
209	56	0	0.000621
210	121	1	0.935
211	112	1	0.948
212	205	0	0.0011
213	147	1	0.801
214	37	1	0.95
215	110	1	0.945
216	10	1	0.814
217	163	0	0.00126
218	111	0	0.000872
219	115	1	0.996
220	201	0	0.000624
221	174	0	0.000576
222	212	1	0.927
223	216	1	0.804
224	26	1	0.883
225	46	1	0.916
226	62	1	0.879
227	161	0	0.00083
228	111	0	0.000437
229	1	1	0.808
230	194	1	0.929
231	57	1	0.894
232	68	1	0.956
233	105	1	0.965
234	164	1	0.923
235	189	1	0.819
236	106	1	0.857
237	177	1	0.892
238	140	1	0.917
239	215	1	0.929
240	217	1	0.83
241	208	1	0.903
242	229	0	0.000579
243	165	1	0.9
244	228	0	0.000363
245	216	1	0.878
246	224	1	0.857
247	202	1	0.954
248	28	1	0.917
249	14	1	0.973
250	97	1	0.912
251	94	1	0.98
252	146	1	0.959
253	195	1	0.801
254	89	1	0.875
255	37	1	0.893
256	128	1	0.918
257	126	1	0.878
258	60	1	0.856
259	243	0	0.000486
260	27	1	0.954
261	239	1	0.907
262	2	1	0.851
263	42	0	0.000269
264	216	1	0.825
265	257	1	0.829
266	155	1	0.814
267	258	1	0.987
268	124	1	0.987
269	232	0	0.00122
270	60	1	0.936
271	161	1	0.976
272	223	0	0.000183
273	9	1	0.946
274	81	1	0.871
275	231	1	0.964
276	57	1	0.995
277	37	1	0.869
278	161	0	0.00117
279	15	1	0.891
280	196	0	0.000784
281	81	1	0.817
282	102	1	0.983
283	195	1	0.846
284	273	1	0.949
285	184	1	0.973
286	184	1	0.814
287	146	1	0.842
288	226	1	0.817
289	202	0	0.000478
290	163	0	0.000914
291	279	1	0.934
292	250	0	0.000909
293	254	1	0.878
294	72	1	0.889
295	213	1	0.811
296	222	1	0.965
297	259	1	0.998
298	242	1	0.843
299	254	1	0.895
300	116	1	0.886
301	260	1	0.801
302	294	1	0.844
303	255	1	0.975
304	251	1	0.931
305	245	1	0.897
306	287	1	0.842
307	57	1	0.971
308	12	1	0.913
309	43	1	0.856
310	204	1	0.971
311	255	0	0.000627
312	209	0	0.000195
313	312	1	0.942
314	49	1	0.933
315	257	0	0.000464
316	136	1	0.956
317	214	1	0.966
318	52	1	0.869
319	31	1	0.981
320	144	1	0.844
321	192	0	0.00109
322	98	1	0.842
323	298	1	0.948
324	44	1	0.902
325	295	1	0.923
326	91	1	0.934
327	292	1	0.888
328	108	1	0.888
329	19	1	0.967
330	256	1	0.898
331	241	1	0.944
332	247	1	0.876
333	271	1	0.864
334	24	1	0.981
335	195	1	0.961
336	200	1	0.816
337	246	1	0.867
338	157	0	0.000494
339	174	0	0.000529
340	52	1	0.953
341	312	1	0.812
342	134	1	0.943
343	258	1	0.967
344	250	1	0.82
345	84	1	0.82
346	122	1	0.993
347	89	1	0.827
348	62	1	0.958
349	148	0	0.000992
350	80	1	0.801
351	104	1	0.878
352	64	0	0.000905
353	148	1	0.979
354	173	1	0.93
355	12	1	0.829
356	94	1	0.992
357	105	1	0.927
358	276	1	0.918
359	60	1	0.958
360	85	1	0.982
361	169	1	0.943
362	27	1	0.908
363	140	1	0.964
364	287	1	0.87
365	267	1	0.818
366	212	1	0.852
367	214	1	0.846
368	211	1	0.828
369	35	1	0.826
370	284	1	0.869
371	63	1	0.85
372	161	1	0.834
373	369	1	0.973
374	133	0	0.000302
375	294	1	0.865
376	353	1	0.818
377	45	1	0.958
378	68	0	0.000782
379	23	0	0.000882
380	138	1	0.968
381	168	1	0.909
382	76	0	0.000594
383	114	1	0.899
384	355	1	0.981
385	117	1	0.811
386	23	1	0.805
387	33	1	0.807
388	226	1	0.894
389	182	0	0.000957
390	164	0	0.000421
391	96	1	0.901
392	62	0	0.000587
393	95	1	0.816
394	262	1	0.821
395	320	1	0.839
396	134	1	0.885
397	300	1	0.883
398	66	1	0.833
399	120	1	0.883
400	15	1	0.903
401	339	1	0.841
402	316	1	0.965
403	48	1	0.978
404	398	1	0.931
405	298	1	0.916
406	183	1	0.849
407	34	1	0.863
408	311	0	0.00111
409	204	1	0.937
410	47	1	0.958
411	400	1	0.818
412	234	1	0.91
413	63	1	0.861
414	286	1	0.955
415	340	1	0.873
416	321	1	0.859
417	304	1	0.849
418	316	1	0.845
419	272	1	0.954
420	65	0	0.000186
421	129	0	0.000329
422	362	1	0.989
423	67	1	0.935
424	30	1	0.928
425	27	1	0.883
426	262	0	0.000371
427	29	1	0.851
428	196	1	0.82
429	68	0	0.000762
430	172	1	0.984
431	14	1	0.815
432	226	0	0.000227
433	283	1	0.908
434	237	1	0.951
435	263	1	0.849
436	277	1	0.854
437	358	0	0.000571
438	233	1	0.884
439	124	1	0.948
440	408	1	0.998
441	68	1	0.948
442	427	1	0.883
443	324	1	0.939
444	150	1	0.872
445	406	1	0.967
446	301	1	0.926
447	301	1	0.864
448	119	0	0.000809
449	37	1	0.947
450	99	1	0.803
451	60	1	0.87
452	53	1	0.806
453	25	0	0.000718
454	436	1	0.805
455	399	1	0.932
456	268	1	0.96
457	166	1	0.853
458	275	1	0.829
459	126	1	0.81
460	338	1	0.901
461	4	1	0.917
462	132	1	0.918
463	445	1	0.934
464	229	1	0.848
465	422	0	0.000676
466	259	1	0.918
467	125	0	0.00116
468	260	1	0.802
469	177	1	0.93
470	317	1	0.856
471	159	1	0.969
472	47	1	0.949
473	316	1	0.875
474	300	1	0.832
475	305	0	0.00083
476	434	1	0.814
477	182	1	0.937
478	48	1	0.822
479	299	1	0.817
480	346	1	0.913
481	23	1	0.942
482	273	1	0.879
483	327	1	0.912
484	154	1	0.902
485	128	1	0.957
486	266	1	0.901
487	167	1	0.96
488	475	0	0.000345
489	401	1	0.924
490	102	1	0.844
491	407	1	0.819
492	40	0	0.000631
493	140	1	0.83
494	161	1	0.908
495	229	1	0.87
496	455	1	0.981
497	283	0	0.00053
498	473	1	0.956
499	214	1	0.942
500	137	1	0.912
501	447	1	0.852
502	156	1	0.925
503	131	0	0.000431
504	502	0	0.000907
505	178	1	0.824
506	78	1	0.866
507	266	1	0.925
508	208	1	0.908
509	297	1	0.95
510	73	1	0.912
511	493	0	0.000405
512	172	1	0.826
513	364	1	0.83
514	396	1	0.888
515	129	0	0.000383
516	300	1	0.852
517	145	1	0.968
518	33	1	0.875
519	462	1	0.948
520	304	0	0.000917
521	308	1	0.972
522	376	1	0.912
523	271	1	0.936
524	277	1	0.95
525	21	0	0.000984
526	305	1	0.968
527	234	1	0.846
528	96	1	0.857
529	454	1	0.881
530	464	1	0.881
531	77	1	0.967
532	428	0	0.00113
533	293	1	0.957
534	447	1	0.911
535	403	1	0.91
536	110	1	0.926
537	462	1	0.99
538	71	1	0.822
539	519	1	0.921
540	313	1	0.982
541	331	1	0.956
542	518	1	0.848
543	421	1	0.804
544	448	1	0.892
545	331	1	0.982
546	408	0	0.000898
547	236	1	0.921
548	236	1	0.823
549	8	1	0.906
550	230	1	0.806
551	536	1	0.801
552	449	1	0.956
553	485	1	0.998
554	245	1	0.977
555	93	1	0.884
556	553	1	0.979
557	357	1	0.818
558	419	1	0.919
559	522	1	0.821
560	450	1	0.862
561	502	1	0.937
562	206	1	0.991
563	333	1	0.858
564	22	1	0.949
565	73	1	0.937
566	376	1	0.96
567	130	0	0.000891
568	39	1	0.95
569	193	1	0.823
570	396	1	0.879
571	311	1	0.897
572	477	1	0.968
573	242	1	0.829
574	559	1	0.831
575	268	1	0.859
576	144	1	0.925
577	49	1	0.952
578	205	1	0.934
579	181	1	0.835
580	198	1	0.986
581	63	1	0.975
582	382	1	0.831
583	248	1	0.832
584	528	1	0.819
585	494	1	0.952
586	287	0	0.000629
587	36	0	0.00116
588	441	1	0.908
589	574	1	0.901
590	333	1	0.871
591	229	1	0.866
592	13	1	0.939
593	406	1	0.869
594	494	1	0.915
595	250	1	0.856
596	12	0	0.000503
597	135	1	0.817
598	55	1	0.892
599	189	1	0.895
600	27	1	0.826
601	385	1	0.923
602	212	1	0.97
603	448	1	0.916
604	568	1	0.825
605	107	1	0.916
606	495	1	0.855
607	567	1	0.812
608	568	1	0.898
609	186	0	0.000685
610	150	1	0.88
611	463	1	0.894
612	498	1	0.835
613	86	1	0.868
614	416	0	0.000416
615	331	1	0.835
616	344	1	0.902
617	556	1	0.863
618	201	1	0.895
619	342	0	0.00066
620	186	1	0.836
621	400	1	0.845
622	279	1	0.852
623	344	1	0.98
624	477	1	0.86
625	111	1	0.896
626	298	0	0.000231
627	438	0	0.000532
628	529	1	0.877
629	389	1	0.833
630	221	1	0.951
631	317	1	0.875
632	29	0	0.000904
633	485	1	0.885
634	500	1	0.843
635	264	1	0.998
636	17	1	0.981
637	347	1	0.826
638	476	0	0.000496
639	495	1	0.831
640	94	1	0.88
641	343	1	0.98
642	282	1	0.953
643	199	1	0.814
644	632	1	0.903
645	565	1	0.886
646	420	1	0.992
647	199	1	0.857
648	489	1	0.862
649	607	1	0.872
650	321	1	0.928
651	76	1	0.975
652	223	0	0.000865
653	232	1	0.945
654	602	1	0.945
655	101	1	0.93
656	342	1	0.976
657	299	1	0.813
658	43	1	0.807
659	223	1	0.902
660	514	1	0.879
661	172	1	0.884
662	547	1	0.989
663	386	1	0.997
664	90	1	0.827
665	605	1	0.834
666	531	1	0.891
667	370	1	0.81
668	424	1	0.817
669	534	0	0.00101
670	301	1	0.936
671	291	1	0.943
672	326	1	0.918
673	588	1	0.81
674	117	1	0.878
675	275	1	0.876
676	351	1	0.9
677	13	1	0.968
678	592	1	0.965
679	124	1	0.855
680	560	0	0.000383
681	138	1	0.94
682	588	1	0.991
683	642	1	0.973
684	545	1	0.887
685	141	1	0.874
686	293	1	0.981
687	524	1	0.928
688	554	1	0.965
689	301	1	0.988
690	192	1	0.848
691	131	1	0.99
692	275	1	0.863
693	505	1	0.896
694	516	0	0.0009
695	445	1	0.827
696	510	1	1
697	42	1	0.862
698	374	1	0.812
699	36	1	0.857
700	392	1	0.813
701	640	1	0.895
702	270	1	0.966
703	160	1	0.802
704	699	1	0.882
705	226	1	0.919
706	620	1	0.855
707	97	1	0.879
708	178	1	0.95
709	319	1	0.871
710	328	1	0.822
711	508	1	0.848
712	590	1	0.928
713	320	0	0.000807
714	27	1	0.887
715	270	1	0.874
716	48	1	0.837
717	476	1	0.957
718	295	1	0.938
719	100	1	0.975
720	569	1	0.953
721	562	1	0.939
722	94	1	0.897
723	231	1	0.947
724	170	1	0.869
725	307	0	0.000632
726	404	1	0.891
727	615	1	0.96
728	72	1	0.897
729	545	1	0.891
730	110	1	0.986
731	534	1	0.872
732	506	1	0.937
733	482	1	0.906
734	492	0	0.00123
735	525	0	0.000458
736	191	1	0.813
737	585	1	0.904
738	379	1	0.988
739	663	1	0.837
740	270	1	0.896
741	24	1	0.854
742	732	0	0.00045
743	528	1	0.897
744	125	1	0.892
745	539	1	0.829
746	507	0	0.000449
747	81	1	0.963
748	217	0	0.000927
749	41	1	0.964
750	576	1	0.887
751	642	1	0.995
752	60	1	0.94
753	504	1	0.92
754	89	1	0.82
755	269	1	0.959
756	710	1	0.889
757	5	1	0.933
758	618	1	0.81
759	532	1	0.914
760	748	1	0.921
761	258	1	0.889
762	576	1	0.997
763	378	0	0.000178
764	579	1	0.94
765	419	1	0.875
766	278	0	0.00101
767	518	1	0.872
768	368	1	0.996
769	332	1	0.987
770	622	1	0.929
771	652	1	0.823
772	458	1	0.843
773	64	1	0.888
774	8	1	0.867
775	9	1	0.899
776	670	0	0.00106
777	637	1	0.977
778	624	0	0.000947
779	604	1	0.852
780	139	1	0.91
781	357	1	0.936
782	512	1	0.955
783	425	0	0.00107
784	157	1	0.985
785	416	1	0.891
786	582	1	0.94
787	312	1	0.997
788	302	1	0.961
789	478	0	0.00046
790	110	1	0.995
791	141	1	0.964
792	356	1	0.917
793	91	1	0.805
794	151	1	0.947
795	586	1	0.915
796	577	0	0.000639
797	328	0	0.00112
798	423	1	0.994
799	19	0	0.000898
800	628	1	0.965
801	650	1	0.936
802	339	1	0.818
803	724	0	0.00109
804	527	1	0.875
805	732	1	0.864
806	585	1	0.839
807	379	1	0.822
808	267	1	0.96
809	329	1	0.966
810	476	0	0.00115
811	772	0	0.000644
812	412	1	0.863
813	625	1	0.949
814	75	0	0.000182
815	490	1	0.981
816	79	1	0.805
817	355	1	0.947
818	369	0	0.000299
819	247	1	0.827
820	433	1	0.892
821	440	1	0.839
822	331	1	0.995
823	25	1	0.849
824	19	1	0.901
825	260	1	0.894
826	86	1	0.872
827	651	1	0.882
828	312	1	0.915
829	407	1	0.961
830	555	1	0.813
831	198	1	0.914
832	21	1	0.835
833	0	1	0.997
834	196	1	0.849
835	372	1	0.802
836	42	1	0.82
837	403	1	0.878
838	104	1	0.896
839	310	1	0.942
840	787	1	0.881
841	788	1	0.916
842	415	1	0.94
843	150	1	0.854
844	610	1	0.837
845	162	1	0.913
846	263	1	0.872
847	95	1	0.975
848	778	1	0.859
849	161	1	0.838
850	245	1	0.804
851	307	1	0.882
852	237	0	0.00115
853	85	1	0.849
854	730	1	0.974
855	596	1	0.91
856	718	1	0.889
857	770	0	0.000308
858	321	1	0.987
859	179	1	0.918
860	402	1	0.99
861	741	1	0.998
862	829	1	0.906
863	765	1	0.81
864	432	1	0.909
865	483	1	0.831
866	615	1	0.912
867	395	0	0.00127
868	656	1	0.831
869	265	1	0.835
870	294	1	0.87
871	305	0	0.000205
872	545	1	0.894
873	36	1	0.826
874	283	1	0.957
875	730	1	0.855
876	13	1	0.922
877	346	1	0.815
878	391	1	0.997
879	30	1	0.882
880	792	1	0.81
881	74	1	0.974
882	44	1	0.982
883	242	0	0.000215
884	833	1	0.956
885	325	1	0.989
886	222	1	0.907
887	736	1	0.844
888	280	1	0.888
889	273	0	0.000279
890	5	1	0.922
891	324	1	0.944
892	883	1	0.817
893	82	1	0.948
894	375	1	0.991
895	528	1	0.922
896	282	1	0.949
897	786	1	0.814
898	712	1	0.931
899	146	1	0.972
900	204	1	0.893
901	27	1	0.812
902	727	1	0.871
903	754	1	0.908
904	350	1	0.95
905	65	1	0.958
906	468	1	0.91
907	728	1	0.964
908	183	1	0.99
909	472	1	1
910	799	1	0.943
911	340	1	0.859
912	794	1	0.947
913	245	1	0.953
914	898	1	0.877
915	195	1	0.995
916	539	1	0.852
917	635	1	0.807
918	157	1	0.848
919	336	1	0.941
920	726	1	0.835
921	627	1	0.843
922	746	1	0.846
923	768	1	0.985
924	896	1	0.844
925	513	1	0.927
926	743	1	0.817
927	431	0	0.000209
928	145	0	0.000246
929	235	1	0.895
930	448	0	0.00112
931	35	1	0.85
932	644	1	0.935
933	532	0	0.000169
934	107	1	0.903
935	261	1	0.803
936	918	1	0.885
937	599	0	0.000678
938	461	1	0.84
939	559	1	0.901
940	603	1	0.993
941	166	1	0.808
942	623	1	0.965
943	239	0	0.000616
944	583	1	0.838
945	770	0	0.000301
946	630	1	0.818
947	772	1	0.863
948	120	1	0.936
949	842	1	0.904
950	69	1	0.835
951	327	1	0.995
952	428	1	0.822
953	426	1	0.842
954	718	1	0.87
955	791	1	0.98
956	870	1	0.998
957	219	1	0.827
958	738	1	0.991
959	635	1	0.93
960	721	1	0.917
961	296	1	0.916
962	647	0	0.000735
963	323	1	0.954
964	919	1	0.85
965	679	0	0.00033
966	546	1	0.848
967	236	1	0.865
968	86	1	0.85
969	31	1	0.999
970	892	0	0.000378
971	56	1	0.893
972	693	1	0.902
973	82	0	0.000747
974	359	1	0.929
975	890	1	0.962
976	526	1	0.968
977	703	1	0.853
978	822	1	0.938
979	201	0	0.000416
980	713	1	0.985
981	400	1	0.952
982	915	1	0.872
983	865	0	0.00103
984	828	1	0.838
985	27	1	0.823
986	93	1	0.835
987	970	0	0.000607
988	362	1	0.952
989	818	1	0.847
990	777	1	0.886
991	659	1	0.969
992	916	1	0.861
993	877	1	0.883
994	231	1	0.832
995	785	1	0.926
996	123	1	0.86
997	491	0	0.000974
998	662	1	0.841
999	538	1	0.953
1000	620	1	0.81
1001	925	1	0.835
1002	595	1	0.985
1003	894	1	0.867
1004	439	1	0.849
1005	334	1	0.851
1006	335	1	0.855
1007	682	1	0.859
1008	810	1	0.812
1009	976	1	0.868
1010	488	1	0.85
1011	820	1	0.809
1012	861	1	0.93
1013	498	1	0.99
1014	345	1	0.878
1015	937	1	0.897
1016	614	1	0.938
1017	267	0	0.00111
1018	455	1	0.943
1019	711	1	0.844
1020	649	1	0.909
1021	434	1	0.931
1022	270	1	0.978
1023	87	1	0.968
1024	781	1	0.898
1025	916	1	0.948
1026	32	1	0.915
1027	466	0	0.000412
1028	345	1	0.866
1029	228	1	0.96
1030	274	1	0.955
1031	821	1	0.832
1032	963	1	0.93
1033	733	1	0.925
1034	707	1	0.914
1035	57	1	0.834
1036	608	1	0.988
1037	462	1	0.859
1038	612	1	0.829
1039	698	1	0.838
1040	582	1	0.949
1041	23	1	0.939
1042	230	1	0.902
1043	231	1	0.998
1044	166	1	0.934
1045	343	1	0.979
1046	556	1	0.815
1047	399	0	0.000509
1048	318	1	0.925
1049	62	1	0.914
1050	303	1	0.939
1051	760	1	0.884
1052	853	1	0.808
1053	566	1	0.889
1054	270	1	0.87
1055	862	1	0.986
1056	358	1	0.989
1057	632	1	0.962
1058	68	1	0.808
1059	393	1	0.954
1060	88	1	0.827
1061	536	0	0.00118
1062	209	0	0.00116
1063	921	0	0.000821
1064	298	1	0.885
1065	97	0	0.000675
1066	1028	1	0.806
1067	604	1	0.986
1068	971	1	0.979
1069	163	1	0.966
1070	644	1	0.843
1071	710	1	0.873
1072	132	1	0.933
1073	484	1	0.932
1074	22	1	0.941
1075	983	1	0.959
1076	358	1	0.923
1077	425	1	0.951
1078	42	1	0.912
1079	86	1	0.848
1080	916	1	0.949
1081	297	1	0.873
1082	332	1	0.893
1083	287	1	0.885
1084	302	1	0.921
1085	172	1	0.911
1086	280	1	0.896
1087	747	0	0.00115
1088	1005	1	0.844
1089	918	0	0.00127
1090	331	1	0.996
1091	425	1	0.802
1092	1031	1	0.994
1093	658	1	0.928
1094	1017	1	0.9
1095	835	1	0.879
1096	286	0	0.000643
1097	891	1	0.944
1098	1027	1	0.887
1099	510	1	0.865
1100	974	1	0.918
1101	577	1	0.835
1102	500	1	0.937
1103	867	1	0.969
1104	397	0	0.000256
1105	604	1	0.978
1106	296	1	0.913
1107	355	1	0.947
1108	72	1	0.981
1109	1044	1	0.888
1110	46	0	0.00104
1111	108	1	0.831
1112	879	1	0.89
1113	1072	1	0.972
1114	813	1	0.867
1115	677	1	0.803
1116	718	1	0.974
1117	897	1	0.906
1118	965	1	0.959
1119	970	1	0.825
1120	884	1	0.873
1121	993	1	0.869
1122	41	1	0.993
1123	15	1	0.817
1124	441	1	0.852
1125	109	1	0.907
1126	68	1	0.845
1127	975	1	0.907
1128	731	1	0.974
1129	494	0	0.000881
1130	868	1	0.937
1131	1066	1	0.945
1132	847	1	0.936
1133	538	1	0.922
1134	574	1	0.961
1135	243	1	0.953
1136	269	1	0.897
1137	581	0	0.000635
1138	284	0	0.000694
1139	377	1	0.825
1140	932	1	0.829
1141	950	1	0.857
1142	155	1	0.897
1143	616	1	0.975
1144	1013	0	0.000529
1145	480	1	0.868
1146	685	1	0.882
1147	623	1	0.855
1148	825	1	0.926
1149	582	1	0.849
1150	1087	1	0.814
1151	74	1	0.804
1152	252	1	0.909
1153	49	1	0.845
1154	164	0	0.000386
1155	215	0	0.000505
1156	1033	1	1
1157	219	1	0.925
1158	179	1	0.895
1159	695	1	0.927
1160	207	1	0.974
1161	63	1	0.856
1162	734	1	0.927
1163	548	1	0.907
1164	1022	1	0.952
1165	1153	1	0.855
1166	506	1	0.803
1167	255	1	0.835
1168	404	0	0.00079
1169	1108	1	0.853
1170	983	1	0.991
1171	677	1	0.918
1172	710	1	0.843
1173	1090	1	0.849
1174	116	1	0.979
1175	104	0	0.000426
1176	450	1	0.809
1177	425	0	0.00113
1178	950	1	0.855
1179	1024	1	0.826
1180	537	1	0.854
1181	696	1	0.892
1182	153	1	0.871
1183	456	1	0.815
1184	725	1	0.878
1185	1005	1	0.852
1186	379	0	0.000302
1187	631	1	0.994
1188	163	0	0.000706
1189	195	1	0.99
1190	197	1	0.962
1191	973	1	0.805
1192	404	1	0.925
1193	631	1	0.992
1194	429	0	0.000603
1195	1139	1	0.911
1196	248	1	0.995
1197	876	1	0.832
1198	298	1	0.913
1199	1042	1	0.811
1200	118	1	0.8
1201	1038	1	0.918
1202	990	1	0.896
1203	405	1	0.972
1204	1098	1	0.854
1205	1017	1	0.857
1206	1009	1	0.942
1207	499	0	0.000411
1208	731	1	0.929
1209	346	1	0.93
1210	1112	1	0.976
1211	861	1	0.862
1212	165	0	0.000958
1213	994	1	0.934
1214	428	1	0.839
1215	479	1	0.808
1216	389	1	0.945
1217	12	1	0.877
1218	708	1	0.91
1219	33	0	0.000495
1220	842	1	0.929
1221	642	0	0.000439
1222	1161	1	0.802
1223	1119	1	0.908
1224	1189	1	0.855
1225	808	1	0.941
1226	164	0	0.0003
1227	635	1	0.9
1228	199	1	0.963
1229	159	1	0.821
1230	1106	1	0.959
1231	671	1	0.975
1232	861	1	0.958
1233	445	1	0.902
1234	24	1	0.83
1235	872	1	0.93
1236	1166	0	0.000799
1237	1184	1	0.961
1238	993	1	0.994
1239	653	0	0.000451
1240	1064	1	0.908
1241	874	1	0.976
1242	828	1	0.865
1243	560	1	0.838
1244	205	1	0.881
1245	319	1	0.956
1246	1112	0	0.000586
1247	812	1	0.832
1248	680	1	0.893
1249	542	1	0.936
1250	1030	1	0.963
1251	565	1	0.871
1252	1244	0	0.00056
1253	848	1	0.918
1254	51	1	0.941
1255	842	1	0.856
1256	723	0	0.000838
1257	728	1	0.938
1258	136	1	0.854
1259	1125	1	0.858
1260	75	1	0.805
1261	504	1	0.888
1262	1172	1	0.868
1263	1107	1	0.943
1264	1218	1	0.978
1265	688	1	0.84
1266	100	1	0.863
1267	1243	0	0.000831
1268	439	1	0.919
1269	401	1	0.858
1270	1053	0	0.00104
1271	711	1	0.845
1272	1226	1	0.932
1273	1023	1	0.916
1274	106	0	0.000218
1275	771	1	0.843
1276	674	1	0.919
1277	1105	1	0.937
1278	1199	1	0.831
1279	721	1	0.884
1280	560	1	0.811
1281	1274	1	0.906
1282	222	1	0.865
1283	103	1	0.993
1284	792	1	0.96
1285	960	1	0.852
1286	972	0	0.00126
1287	1151	1	0.907
1288	161	1	0.995
1289	1185	1	0.954
1290	866	1	0.967
1291	635	1	0.833
1292	944	1	0.864
1293	1276	1	0.972
1294	380	1	0.984
1295	627	1	0.815
1296	796	0	0.000274
1297	473	1	0.898
1298	884	1	0.955
1299	1297	0	0.000776
1300	472	1	0.877
1301	644	1	0.881
1302	1276	1	0.906
1303	368	1	0.894
1304	980	1	0.943
1305	16	1	0.998
1306	356	1	0.956
1307	1292	1	0.855
1308	485	0	0.000844
1309	291	1	0.943
1310	1046	1	0.93
1311	1231	1	0.802
1312	642	1	0.993
1313	1099	0	0.0012
1314	1039	1	0.978
1315	996	1	0.966
1316	1307	0	0.000751
1317	1235	0	0.000998
1318	1144	1	0.936
1319	44	1	0.914
1320	845	1	0.884
1321	491	1	0.823
1322	927	1	0.835
1323	854	1	0.979
1324	508	1	0.898
1325	1281	1	0.913
1326	921	1	0.841
1327	974	1	0.864
1328	230	1	0.811
1329	462	1	0.977
1330	151	1	0.856
1331	13	0	0.000218
1332	221	0	0.000586
1333	1218	1	0.836
1334	859	1	0.855
1335	1236	1	0.835
1336	1118	1	0.883
1337	1273	1	0.938
1338	704	1	0.823
1339	54	1	0.954
1340	705	1	0.93
1341	295	1	0.853
1342	614	1	0.894
1343	118	1	0.924
1344	1044	1	0.904
1345	45	1	0.827
1346	270	0	0.00118
1347	1346	1	0.937
1348	994	1	0.944
1349	849	1	0.811
1350	702	1	0.952
1351	633	1	0.876
1352	790	1	0.907
1353	523	1	0.863
1354	1126	1	0.89
1355	177	0	0.000613
1356	1065	1	0.87
1357	300	1	0.932
1358	1319	1	0.994
1359	436	1	0.999
1360	525	0	0.000974
1361	1345	1	0.817
1362	1345	0	0.000194
1363	479	0	0.000504
1364	69	1	0.873
1365	1148	1	0.867
1366	828	1	0.841
1367	881	1	0.945
1368	664	1	0.945
1369	1194	1	0.865
1370	421	1	0.982
1371	782	1	0.893
1372	1087	1	0.874
1373	74	1	0.826
1374	1266	0	0.00117
1375	187	0	0.000175
1376	866	1	0.878
1377	597	1	0.984
1378	106	1	0.964
1379	359	1	0.879
1380	584	1	0.968
1381	1235	1	0.939
1382	896	1	0.915
1383	1024	1	0.856
1384	550	1	0.863
1385	471	1	0.995
1386	891	1	0.893
1387	551	1	0.874
1388	927	1	0.843
1389	110	1	0.962
1390	519	1	0.991
1391	811	1	0.82
1392	38	1	0.836
1393	211	0	0.00118
1394	192	0	0.000997
1395	834	1	0.909
1396	1009	1	0.91
1397	184	1	0.891
1398	1088	1	0.94
1399	570	1	0.968
1400	1180	1	0.943
1401	978	1	0.82
1402	692	1	0.869
1403	972	1	0.919
1404	648	1	0.807
1405	219	1	0.927
1406	804	0	0.000845
1407	1020	1	0.883
1408	668	1	0.866
1409	1007	1	0.922
1410	297	1	0.99
1411	154	0	0.000266
1412	606	1	0.826
1413	878	1	0.814
1414	266	1	0.931
1415	1320	1	0.937
1416	589	1	0.876
1417	27	1	0.841
1418	528	1	0.939
1419	1418	1	0.805
1420	1005	1	0.938
1421	690	1	0.846
1422	836	0	0.000923
1423	623	1	0.856
1424	130	1	0.883
1425	1286	1	0.932
1426	1108	0	0.00115
1427	805	1	0.944
1428	752	1	0.899
1429	1344	1	0.898
1430	1371	1	0.892
1431	527	1	0.918
1432	1356	1	0.935
1433	1399	0	0.00125
1434	234	1	0.869
1435	118	0	0.00106
1436	897	0	0.00112
1437	51	1	0.965
1438	181	1	0.856
1439	585	0	0.000364
1440	1113	0	0.000205
1441	154	1	0.958
1442	1340	1	0.91
1443	1415	0	0.000615
1444	1188	1	0.933
1445	1397	1	0.9
1446	577	1	0.905
1447	714	1	0.917
1448	944	1	0.93
1449	628	1	0.918
1450	1253	1	0.989
1451	1014	1	0.912
1452	577	0	0.000998
1453	926	1	0.868
1454	1294	1	0.961
1455	344	1	0.951
1456	1246	1	0.873
1457	964	0	0.00106
1458	1178	1	0.887
1459	1408	1	0.965
1460	509	1	0.969
1461	945	1	0.834
1462	1275	1	0.972
1463	770	1	0.828
1464	863	1	0.937
1465	665	1	0.813
1466	1285	1	0.974
1467	930	1	0.91
1468	1343	1	0.826
1469	946	1	0.983
1470	655	1	0.987
1471	318	1	0.907
1472	410	1	0.905
1473	404	1	0.841
1474	295	1	0.939
1475	1195	1	0.842
1476	468	1	0.989
1477	1064	1	0.989
1478	1253	1	0.873
1479	718	1	0.985
1480	763	1	0.944
1481	738	0	0.000268
1482	1270	0	0.00109
1483	735	1	0.862
1484	1313	1	0.832
1485	323	0	0.00123
1486	1406	1	0.962
1487	882	0	0.00126
1488	431	1	0.964
1489	1265	1	0.977
1490	457	1	0.841
1491	841	1	0.98
1492	127	0	0.000833
1493	527	1	0.867
1494	1353	1	0.983
1495	1118	1	0.902
1496	343	1	0.903
1497	454	1	0.991
1498	1020	1	0.877
1499	1177	1	0.801
1500	1064	0	0.00018
1501	257	1	0.948
1502	1468	0	0.000473
1503	262	1	0.935
1504	151	1	0.918
1505	1420	1	0.939
1506	652	1	0.802
1507	1490	0	0.00081
1508	476	1	0.981
1509	379	1	0.812
1510	572	1	0.849
1511	518	1	0.806
1512	1018	1	0.833
1513	935	1	0.906
1514	1068	1	0.874
1515	985	1	0.891
1516	53	1	0.814
1517	904	0	0.00086
1518	787	1	0.808
1519	893	1	0.817
1520	920	0	0.00112
1521	793	1	0.915
1522	1198	0	0.00124
1523	655	1	0.823
1524	1322	1	0.835
1525	686	1	0.963
1526	1015	1	0.909
1527	991	1	0.895
1528	592	1	0.844
1529	581	1	0.805
1530	409	1	0.934
1531	75	1	0.906
1532	1505	0	0.000213
1533	304	1	0.869
1534	3	1	0.895
1535	533	0	0.000687
1536	1365	0	0.00122
1537	393	0	0.00105
1538	1443	1	0.824
1539	408	1	0.874
1540	745	1	0.972
1541	435	1	0.961
1542	1349	1	0.967
1543	199	1	0.952
1544	1268	1	0.837
1545	995	1	0.923
1546	155	1	0.993
1547	1049	0	0.000576
1548	1143	1	0.991
1549	1019	0	0.00119
1550	396	1	0.908
1551	944	1	0.902
1552	1316	1	0.918
1553	986	0	0.000524
1554	152	1	0.929
1555	824	1	0.932
1556	914	1	0.96
1557	460	1	0.942
1558	969	0	0.000312
1559	1244	1	0.932
1560	1458	1	0.833
1561	1124	1	0.937
1562	1177	0	0.000279
1563	689	1	0.874
1564	606	0	0.000311
1565	1348	0	0.0005
1566	810	1	0.965
1567	1343	1	0.99
1568	727	0	0.000761
1569	608	1	0.914
1570	1331	1	0.983
1571	1486	1	0.858
1572	1054	1	0.981
1573	642	1	0.893
1574	361	1	0.835
1575	486	1	0.803
1576	1087	1	0.883
1577	194	1	0.812
1578	1278	1	0.851
1579	1532	1	0.929
1580	1304	0	0.00027
1581	225	1	0.851
1582	93	1	0.935
1583	298	1	0.94
1584	1368	1	0.938
1585	1558	1	0.988
1586	794	0	0.00108
1587	916	1	0.82
1588	600	1	0.831
1589	1387	1	0.921
1590	382	1	0.866
1591	675	0	0.00111
1592	436	1	0.99
1593	715	1	0.907
1594	354	1	0.825
1595	1135	1	0.938
1596	1559	1	0.89
1597	467	1	0.973
1598	504	1	0.96
1599	1411	1	0.936
1600	438	1	0.825
1601	1240	1	0.939
1602	348	0	0.000749
1603	331	1	0.801
1604	609	0	0.00049
1605	756	1	0.862
1606	454	1	0.946
1607	1170	1	0.991
1608	1513	1	0.842
1609	620	0	0.000976
1610	1072	1	0.813
1611	1014	1	0.921
1612	1413	1	0.855
1613	652	1	0.994
1614	1151	1	0.912
1615	1498	1	0.983
1616	1057	1	0.935
1617	897	1	0.912
1618	493	1	0.823
1619	522	1	0.878
1620	1514	1	0.912
1621	249	1	0.902
1622	846	1	0.991
1623	572	1	0.923
1624	1531	1	0.984
1625	1386	0	0.00109
1626	1561	1	0.979
1627	195	1	0.981
1628	1575	1	0.918
1629	1294	1	0.964
1630	1443	0	0.00107
1631	821	1	0.888
1632	1360	1	0.834
1633	907	1	0.857
1634	961	1	0.96
1635	825	1	0.861
1636	901	1	0.886
1637	1497	0	0.000604
1638	985	1	0.898
1639	1634	1	0.834
1640	1382	1	0.919
1641	484	1	0.988
1642	1136	1	0.885
1643	472	0	0.00111
1644	961	1	0.829
1645	240	1	0.805
1646	17	1	0.963
1647	1602	1	0.932
1648	1242	0	0.000943
1649	1156	0	0.00082
1650	1363	1	0.986
1651	1232	0	0.000676
1652	911	1	0.836
1653	1174	1	0.873
1654	1318	1	0.801
1655	558	1	0.942
1656	1427	1	0.82
1657	885	1	0.995
1658	137	1	0.927
1659	1177	1	0.873
1660	150	1	0.825
1661	357	1	0.964
1662	321	1	0.911
1663	106	0	0.00117
1664	1087	1	0.803
1665	665	1	0.891
1666	1085	1	0.882
1667	364	1	0.977
1668	825	1	0.873
1669	578	1	0.83
1670	1204	0	0.000527
1671	623	1	0.984
1672	587	0	0.00102
1673	140	1	0.945
1674	693	1	0.895
1675	340	0	0.000314
1676	1059	1	0.928
1677	1294	1	0.995
1678	2	1	0.875
1679	1171	1	0.911
1680	726	1	0.824
1681	1279	1	0.826
1682	941	1	0.836
1683	502	0	0.000335
1684	1258	1	0.868
1685	27	1	0.974
1686	1132	1	0.853
1687	1398	1	0.984
1688	1041	1	0.953
1689	298	1	0.804
1690	16	1	0.912
1691	656	0	0.00118
1692	397	1	0.895
1693	204	0	0.00124
1694	1633	1	0.875
1695	118	1	0.828
1696	182	1	0.979
1697	99	1	0.912
1698	136	1	0.982
1699	1496	1	0.886
1700	1109	1	0.828
1701	1594	0	0.000393
1702	1365	1	0.915
1703	1251	1	0.814
1704	576	1	0.924
1705	81	1	0.884
1706	137	1	0.9
1707	187	1	0.885
1708	59	1	0.954
1709	1285	1	0.857
1710	1613	1	0.931
1711	1584	1	0.857
1712	1148	1	0.985
1713	1505	1	0.903
1714	1623	1	0.884
1715	73	0	0.00034
1716	906	1	0.828
1717	704	1	0.809
1718	79	1	0.981
1719	1033	0	0.00115
1720	48	1	0.976
1721	540	1	0.826
1722	1204	1	0.836
1723	406	1	0.848
1724	41	1	0.918
1725	440	1	0.942
1726	797	1	0.938
1727	489	0	0.000344
1728	413	1	0.821
1729	289	1	0.982
1730	18	1	0.909
1731	1502	1	0.884
1732	995	1	0.974
1733	1326	0	0.000474
1734	186	1	0.812
1735	824	0	0.000679
1736	442	1	0.917
1737	1401	1	0.856
1738	691	1	0.891
1739	498	1	0.977
1740	299	1	0.82
1741	1707	1	0.927
1742	1328	1	0.856
1743	876	1	0.89
1744	514	1	0.933
1745	1603	1	0.971
1746	1655	0	0.000524
1747	1626	1	0.907
1748	1322	1	0.952
1749	783	1	0.975
1750	587	1	0.978
1751	160	1	0.807
1752	1689	1	0.974
1753	1393	1	0.846
1754	740	1	0.923
1755	663	1	0.855
1756	941	1	0.871
1757	339	1	0.981
1758	1053	1	0.807
1759	1342	1	0.817
1760	9	1	0.887
1761	935	1	0.819
1762	1078	1	0.938
1763	772	1	0.934
1764	651	1	0.817
1765	504	1	0.832
1766	1335	1	0.99
1767	1277	1	0.947
1768	541	1	0.876
1769	1625	1	0.853
1770	358	1	0.868
1771	1091	1	0.88
1772	1401	1	0.938
1773	355	1	0.958
1774	1739	1	0.99
1775	70	0	0.000321
1776	1739	1	0.891
1777	1385	1	0.944
1778	1655	1	0.955
1779	1531	1	0.913
1780	308	1	0.926
1781	535	1	0.847
1782	1235	1	0.91
1783	1512	1	0.98
1784	864	1	0.95
1785	1434	1	0.85
1786	489	1	0.865
1787	431	1	0.847
1788	739	1	0.896
1789	930	1	0.898
1790	1281	1	0.879
1791	785	0	0.000261
1792	410	1	0.855
1793	1313	0	0.000871
1794	1145	0	0.000914
1795	1710	1	0.911
1796	1369	1	0.969
1797	548	1	0.838
1798	287	1	0.868
1799	689	1	0.916
1800	122	1	0.93
1801	1326	1	0.911
1802	965	1	0.947
1803	1040	1	0.866
1804	1751	0	0.000594
1805	675	1	0.979
1806	1591	1	0.884
1807	1291	1	0.962
1808	79	1	0.996
1809	735	0	0.00109
1810	563	1	0.877
1811	795	1	0.915
1812	1590	0	0.000224
1813	1729	1	0.933
1814	408	1	0.981
1815	1607	1	0.874
1816	1476	1	0.915
1817	837	0	0.000416
1818	185	1	0.929
1819	943	0	0.000741
1820	689	1	0.863
1821	376	1	0.839
1822	1730	1	0.846
1823	923	1	0.963
1824	49	1	0.807
1825	1187	1	0.921
1826	1825	1	0.825
1827	308	0	0.000387
1828	1190	1	0.975
1829	1111	1	0.861
1830	658	1	0.923
1831	1273	1	0.806
1832	324	1	0.864
1833	887	1	0.805
1834	420	0	0.00103
1835	18	1	0.896
1836	1148	1	0.974
1837	1276	1	0.958
1838	150	1	0.844
1839	654	1	0.803
1840	508	1	0.923
1841	1309	1	0.902
1842	132	1	0.949
1843	1065	1	0.966
1844	84	1	0.853
1845	1279	0	0.000815
1846	1231	1	0.986
1847	1642	1	0.842
1848	618	1	0.992
1849	1794	1	0.942
1850	730	1	0.997
1851	1545	0	0.00112
1852	335	1	0.91
1853	1024	0	0.00104
1854	663	1	0.894
1855	830	1	0.93
1856	1067	1	0.842
1857	448	1	0.978
1858	483	1	0.889
1859	296	1	0.886
1860	369	1	0.966
1861	1572	1	0.867
1862	343	1	0.901
1863	1450	1	0.998
1864	1289	0	0.00036
1865	687	1	0.831
1866	1753	1	0.963
1867	673	1	0.867
1868	1112	1	0.881
1869	558	1	0.854
1870	874	0	0.00071
1871	621	1	0.898
1872	1291	1	0.947
1873	1339	0	0.00112
1874	195	0	0.000222
1875	1656	1	0.882
1876	1418	1	0.906
1877	1494	1	0.958
1878	1842	1	0.829
1879	248	1	0.83
1880	555	1	0.802
1881	481	1	0.934
1882	1805	0	0.000389
1883	708	1	0.821
1884	970	1	0.821
1885	1744	1	0.956
1886	1843	1	0.869
1887	879	0	0.00117
1888	1278	1	0.866
1889	1219	0	0.000938
1890	1171	0	0.00109
1891	1370	0	0.000777
1892	747	1	0.905
1893	796	1	0.98
1894	609	1	0.967
1895	1857	1	0.957
1896	446	1	0.86
1897	1337	1	0.83
1898	145	1	0.844
1899	653	1	0.912
1900	341	1	0.999
1901	1648	1	0.967
1902	1316	1	0.804
1903	579	0	0.000606
1904	1335	1	0.845
1905	211	1	0.94
1906	608	1	0.889
1907	348	1	0.832
1908	1066	1	0.94
1909	1868	1	0.936
1910	1857	1	0.916
1911	1323	1	0.839
1912	861	1	0.971
1913	1327	1	0.941
1914	1471	0	0.000196
1915	37	1	0.909
1916	1177	0	0.00096
1917	1824	1	0.994
1918	182	1	0.946
1919	127	1	0.979
1920	713	1	0.805
1921	1163	1	0.967
1922	1367	1	0.951
1923	653	1	0.877
1924	229	1	0.968
1925	664	1	0.961
1926	1471	1	0.896
1927	1052	0	0.000862
1928	5	1	0.901
1929	1315	1	0.942
1930	1541	1	0.881
1931	1344	1	0.827
1932	1384	1	0.908
1933	1049	1	0.977
1934	312	1	0.91
1935	18	1	0.861
1936	1524	0	0.000577
1937	283	1	0.831
1938	615	1	0.821
1939	123	0	0.00119
1940	278	0	0.000278
1941	826	1	0.845
1942	412	1	0.81
1943	1098	1	0.894
1944	346	1	0.806
1945	50	1	0.842
1946	1547	1	0.91
1947	1394	1	0.871
1948	1574	0	0.000746
1949	1575	1	0.885
1950	292	1	0.981
1951	814	1	0.937
1952	471	1	0.824
1953	816	1	0.986
1954	643	1	0.854
1955	1372	1	0.986
1956	1165	1	0.957
1957	1919	0	0.000891
1958	107	1	0.973
1959	293	1	0.811
1960	1327	1	0.955
1961	377	1	0.82
1962	255	1	0.965
1963	893	1	0.878
1964	69	1	0.888
1965	457	1	0.811
1966	1650	1	0.912
1967	687	0	0.00119
1968	318	0	0.000458
1969	638	1	0.99
1970	37	1	0.804
1971	1633	1	0.888
1972	1859	1	0.998
1973	1076	1	0.827
1974	975	0	0.000223
1975	705	1	0.97
1976	629	1	0.836
1977	1074	1	0.93
1978	120	0	0.00104
1979	1025	1	0.904
1980	1817	1	0.901
1981	684	1	0.839
1982	1197	1	0.977
1983	1089	1	0.925
1984	719	1	0.983
1985	1685	0	0.000486
1986	1471	1	0.991
1987	162	1	0.962
1988	647	1	0.837
1989	232	1	0.993
1990	884	0	0.000927
1991	961	1	0.944
1992	1192	0	0.000951
1993	1333	1	0.834
1994	50	1	0.932
1995	1637	1	0.857
1996	1432	1	0.998
1997	1646	1	0.824
1998	922	1	0.985
1999	871	1	0.9
2000	452	1	0.87
2001	254	1	0.859
2002	1376	0	0.000657
2003	1646	1	0.86
2004	1051	1	0.892
2005	1631	1	0.947
2006	80	1	0.911
2007	224	1	0.921
2008	1737	1	0.934
2009	1436	1	0.909
2010	1591	1	0.863
2011	1835	1	0.958
2012	433	0	0.00119
2013	1037	1	0.926
2014	676	1	0.915
2015	214	1	0.984
2016	676	1	0.86
2017	180	1	0.882
2018	775	0	0.000327
2019	131	1	0.887
2020	447	0	0.00125
2021	1471	1	0.805
2022	394	1	0.962
2023	1802	1	0.911
2024	1649	1	0.886
2025	1776	1	0.975
2026	902	0	0.000994
2027	1863	1	0.974
2028	1578	0	0.00062
2029	937	1	0.824
2030	1114	1	0.963
2031	1667	1	0.92
2032	668	1	0.845
2033	1795	1	0.991
2034	1237	1	0.903
2035	1637	1	0.84
2036	916	1	0.861
2037	1790	1	0.807
2038	1852	1	0.946
2039	57	1	0.892
2040	1433	1	0.824
2041	15	0	0.00121
2042	144	1	1
2043	1663	1	0.846
2044	696	0	0.0011
2045	505	0	0.000285
2046	1677	1	0.98
2047	1140	1	0.871
2048	1582	1	0.913
2049	65	1	0.994
2050	1215	1	0.858
2051	1457	0	0.000807
2052	1351	1	0.869
2053	1255	1	0.852
2054	965	1	0.931
2055	64	1	0.8
2056	1782	1	0.898
2057	1939	1	0.895
2058	807	1	0.922
2059	99	1	0.885
2060	187	1	0.953
2061	1100	1	0.991
2062	1849	1	0.924
2063	1952	1	0.958
2064	1228	1	0.815
2065	1873	1	0.91
2066	443	1	0.959
2067	1719	1	0.815
2068	662	1	0.931
2069	1959	1	0.815
2070	1948	1	0.809
2071	1296	1	0.912
2072	1592	0	0.000548
2073	2063	1	0.874
2074	1922	1	0.914
2075	116	0	0.000974
2076	555	1	0.818
2077	413	1	0.857
2078	1465	1	0.973
2079	1842	1	0.975
2080	192	1	0.805
2081	1006	1	0.975
2082	400	1	0.953
2083	1607	1	0.822
2084	608	1	0.904
2085	1985	1	0.924
2086	1954	1	0.862
2087	876	1	0.999
2088	2073	1	0.92
2089	1996	1	0.985
2090	1514	0	0.000311
2091	1915	1	0.887
2092	81	1	0.871
2093	936	1	0.985
2094	2062	1	0.983
2095	971	1	0.968
2096	728	1	0.807
2097	1408	0	0.000791
2098	1870	1	0.964
2099	151	1	0.877
2100	1076	1	0.871
2101	1636	1	0.983
2102	230	1	0.897
2103	1415	1	0.816
2104	407	1	0.912
2105	907	1	0.94
2106	1109	0	0.000713
2107	990	1	0.843
2108	1518	1	0.867
2109	467	1	0.894
2110	1027	1	0.85
2111	925	1	0.991
2112	300	1	0.838
2113	1236	1	0.898
2114	1278	1	0.827
2115	875	1	0.85
2116	725	1	0.931
2117	1262	1	0.887
2118	178	1	0.87
2119	706	1	0.892
2120	1630	1	0.979
2121	1888	0	0.000534
2122	880	1	0.813
2123	72	0	0.00123
2124	417	1	0.972
2125	1720	1	0.809
2126	2038	1	0.891
2127	662	0	0.000818
2128	2126	1	0.936
2129	1783	1	0.814
2130	762	1	0.829
2131	1410	1	0.835
2132	104	1	0.88
2133	631	1	0.923
2134	405	0	0.0012
2135	1012	1	0.908
2136	2054	1	0.933
2137	445	1	0.983
2138	1584	1	0.93
2139	762	1	0.812
2140	364	0	0.000806
2141	1744	1	0.924
2142	1527	0	0.000668
2143	1901	1	0.908
2144	26	1	0.991
2145	756	1	0.923
2146	1925	1	0.932
2147	1609	1	0.948
2148	1821	1	0.923
2149	581	1	0.862
2150	448	0	0.00023
2151	1427	1	0.933
2152	181	0	0.00126
2153	2138	1	0.963
2154	1568	1	0.961
2155	2067	1	0.834
2156	1664	1	0.978
2157	154	0	0.000287
2158	1955	0	0.00125
2159	761	1	0.807
2160	1093	1	0.98
2161	2000	1	0.922
2162	2147	1	0.835
2163	1200	1	0.865
2164	2054	1	0.988
2165	526	1	0.895
2166	424	1	0.845
2167	2064	0	0.000794
2168	1085	1	0.826
2169	124	1	0.832
2170	1346	1	0.958
2171	820	1	0.949
2172	432	1	0.816
2173	1876	1	0.853
2174	1664	1	0.961
2175	885	1	0.934
2176	936	1	0.978
2177	475	1	0.861
2178	1907	1	0.994
2179	1032	1	0.867
2180	837	1	0.897
2181	1737	1	0.91
2182	2159	1	0.816
2183	477	1	0.922
2184	2107	1	0.922
2185	718	1	0.987
2186	1156	0	0.00122
2187	1689	0	0.0008
2188	302	1	0.803
2189	1536	1	0.82
2190	1458	1	0.867
2191	1001	0	0.001
2192	2087	0	0.000772
2193	193	1	0.856
2194	969	1	0.897
2195	2103	1	0.885
2196	686	1	0.891
2197	1016	1	0.916
2198	668	1	0.855
2199	1574	1	0.953
2200	570	0	0.000509
2201	1501	1	0.992
2202	1312	1	0.878
2203	1196	1	0.847
2204	1868	0	0.000983
2205	490	1	0.836
2206	2019	1	0.956
2207	1072	0	0.00028
2208	393	1	0.999
2209	2018	1	0.95
2210	2064	1	0.911
2211	1936	1	0.81
2212	1094	1	0.906
2213	1715	1	0.807
2214	394	1	0.819
2215	1352	1	0.816
2216	1624	1	0.885
2217	1601	1	0.975
2218	942	1	0.924
2219	278	1	0.875
2220	883	1	0.922
2221	903	0	0.000269
2222	1790	1	0.963
2223	487	0	0.000712
2224	1429	0	0.00107
2225	2068	1	0.932
2226	32	1	0.829
2227	737	1	0.948
2228	547	1	0.857
2229	1663	1	0.998
2230	267	1	0.921
2231	723	1	0.869
2232	2048	1	0.989
2233	2153	1	0.946
2234	1462	0	0.000221
2235	1442	1	0.86
2236	101	1	0.843
2237	933	1	0.825
2238	829	1	0.88
2239	2024	1	0.931
2240	1919	1	0.956
2241	994	1	0.979
2242	231	1	0.87
2243	747	1	0.85
2244	437	0	0.000977
2245	1831	1	0.809
2246	1977	1	0.914
2247	472	1	0.83
2248	1328	1	0.844
2249	1262	1	0.975
2250	1222	1	0.916
2251	2163	1	0.925
2252	249	1	0.829
2253	2072	1	0.814
2254	109	0	0.000854
2255	1604	1	0.866
2256	1813	1	0.817
2257	200	1	0.952
2258	779	1	0.824
2259	112	1	0.839
2260	1245	1	0.952
2261	11	1	0.907
2262	1135	0	0.000725
2263	1357	1	0.882
2264	964	1	0.928
2265	1450	1	0.973
2266	2090	1	0.898
2267	1163	0	0.00126
2268	1916	1	0.914
2269	438	1	0.858
2270	1035	1	0.98
2271	456	1	0.984
2272	1093	1	0.912
2273	928	1	0.88
2274	1386	1	0.918
2275	1296	1	0.904
2276	20	1	0.881
2277	130	1	0.97
2278	687	1	0.822
2279	537	1	0.879
2280	1704	1	0.82
2281	481	1	0.91
2282	1303	1	0.897
2283	513	0	0.000491
2284	1654	1	0.818
2285	375	0	0.000446
2286	1962	1	0.842
2287	459	1	0.913
2288	1793	1	0.85
2289	171	1	0.949
2290	820	0	0.000491
2291	1656	1	0.858
2292	609	1	0.937
2293	552	1	0.822
2294	757	0	0.000951
2295	410	1	0.855
2296	1161	1	0.977
2297	1685	1	0.994
2298	845	1	0.9
2299	190	1	0.931
2300	1383	0	0.000666
2301	797	1	0.98
2302	868	1	0.949
2303	481	1	0.981
2304	1561	1	0.964
2305	2176	1	0.867
2306	1082	1	0.877
2307	1595	1	0.845
2308	425	1	0.837
2309	2305	0	0.000524
2310	1140	1	0.876
2311	1263	0	0.00111
2312	257	1	0.928
2313	1087	1	0.821
2314	1870	1	1
2315	1938	1	0.928
2316	228	1	0.905
2317	1969	1	0.881
2318	1443	1	0.833
2319	1729	0	0.00119
2320	1282	0	0.000898
2321	1741	1	0.946
2322	2041	1	0.957
2323	1082	1	0.828
2324	295	1	0.91
2325	1012	0	0.000884
2326	1300	1	0.807
2327	440	0	0.000295
2328	2119	0	0.000914
2329	1852	1	0.801
2330	437	1	0.812
2331	1622	1	0.961
2332	1920	0	0.000387
2333	300	1	0.879
2334	1905	0	0.000454
2335	2237	1	0.814
2336	390	1	0.945
2337	770	1	0.895
2338	2199	1	0.825
2339	375	1	0.826
2340	52	1	0.843
2341	458	0	0.000947
2342	8	0	0.00101
2343	206	1	0.926
2344	727	1	0.802
2345	902	1	0.817
2346	264	0	0.00117
2347	1736	1	0.819
2348	875	1	0.883
2349	1210	1	0.851
2350	1360	1	0.821
2351	78	1	0.889
2352	156	1	0.977
2353	1509	1	0.955
2354	492	1	0.863
2355	466	1	0.962
2356	1499	1	0.821
2357	2082	1	0.942
2358	2222	1	0.989
2359	436	0	0.000669
2360	2227	1	0.817
2361	316	1	0.822
2362	1595	1	0.978
2363	638	0	0.00126
2364	1030	1	0.84
2365	2016	1	0.983
2366	698	1	0.844
2367	1620	1	0.94
2368	502	1	0.857
2369	170	1	0.849
2370	0	1	0.942
2371	108	1	0.973
2372	438	0	0.000181
2373	1759	1	0.807
2374	505	1	0.991
2375	1821	1	0.976
2376	1044	0	0.00115
2377	116	1	0.893
2378	397	0	0.00083
2379	1106	1	0.957
2380	2102	1	0.995
2381	405	0	0.000172
2382	970	1	0.946
2383	967	1	0.862
2384	2123	1	0.929
2385	1298	1	0.954
2386	252	1	0.888
2387	1381	1	0.876
2388	30	1	0.961
2389	634	1	0.861
2390	46	1	0.895
2391	1714	1	0.857
2392	1569	1	0.928
2393	849	0	0.000328
2394	273	1	0.807
2395	89	0	0.00127
2396	249	1	0.843
2397	2109	1	0.995
2398	525	1	0.818
2399	1317	1	0.926
2400	2397	1	0.879
2401	1790	0	0.000811
2402	2143	0	0.0011
2403	1446	1	0.805
2404	1670	1	0.872
2405	1344	1	0.969
2406	1832	0	0.000838
2407	568	1	0.82
2408	1307	1	0.986
2409	2241	1	0.993
2410	903	1	0.954
2411	453	1	0.894
2412	351	1	0.897
2413	948	1	0.883
2414	215	1	0.979
2415	122	1	0.921
2416	1992	1	0.808
2417	284	1	0.93
2418	1037	1	0.82
2419	151	1	0.974
2420	1643	1	1
2421	736	1	0.828
2422	1515	1	0.867
2423	292	1	0.96
2424	210	1	0.977
2425	247	1	0.921
2426	1722	1	0.925
2427	981	1	0.832
2428	369	1	0.884
2429	2157	1	0.847
2430	207	1	0.966
2431	1927	1	0.969
2432	1451	1	0.976
2433	2327	1	0.859
2434	225	1	0.976
2435	607	1	0.808
2436	1692	1	0.959
2437	419	0	0.000761
2438	323	1	0.835
2439	1380	0	0.000493
2440	2153	1	0.91
2441	1766	1	0.939
2442	1617	1	0.992
2443	1800	1	0.824
2444	24	1	0.833
2445	1153	1	0.916
2446	943	1	0.835
2447	2142	1	0.9
2448	1821	1	0.975
2449	2049	1	0.986
2450	1047	0	0.000466
2451	40	0	0.000628
2452	787	1	0.856
2453	498	1	0.96
2454	1087	1	0.992
2455	894	1	0.996
2456	996	1	0.974
2457	211	1	0.833
2458	827	1	0.911
2459	1784	0	0.0011
2460	9	0	0.000765
2461	1852	1	0.806
2462	298	1	0.823
2463	1527	1	0.978
2464	1430	1	0.98
2465	1000	0	0.000255
2466	1042	1	0.97
2467	2187	1	0.809
2468	1341	0	0.000251
2469	821	1	0.864
2470	550	1	0.89
2471	1413	1	0.932
2472	1750	1	0.915
2473	947	1	0.979
2474	1855	1	0.992
2475	648	1	0.963
2476	117	1	0.818
2477	2342	0	0.000205
2478	2111	0	0.000262
2479	416	1	0.901
2480	113	1	0.803
2481	2187	1	0.822
2482	558	1	0.863
2483	1255	0	0.000954
2484	1425	1	0.859
2485	2267	1	0.943
2486	2268	1	0.838
2487	2009	1	0.864
2488	1587	0	0.000642
2489	1237	1	0.864
2490	1528	1	0.966
2491	1484	1	0.999
2492	1085	0	0.000756
2493	1602	0	0.000198
2494	699	1	0.826
2495	947	1	0.991
2496	422	1	0.911
2497	82	1	0.911
2498	1969	0	0.0012
2499	1405	1	0.841
2500	2299	0	0.00128
2501	1166	1	0.958
2502	505	1	0.907
2503	1024	1	0.96
2504	2320	1	0.854
2505	1669	1	0.995
2506	850	0	0.000411
2507	551	1	0.971
2508	86	1	0.864
2509	70	1	0.819
2510	2453	1	0.999
2511	1971	1	0.968
2512	237	1	0.92
2513	2380	1	0.994
2514	1884	1	0.951
2515	2025	1	0.935
2516	832	1	0.831
2517	2061	1	0.972
2518	1162	0	0.000473
2519	141	1	0.92
2520	2385	1	0.981
2521	770	0	0.000299
2522	1787	1	0.881
2523	608	1	0.925
2524	1322	1	0.811
2525	1710	1	0.901
2526	261	1	0.864
2527	750	1	0.943
2528	1978	1	0.883
2529	2478	1	0.833
2530	286	0	0.000467
2531	1296	1	0.905
2532	2093	1	0.905
2533	2342	1	0.871
2534	194	1	0.903
2535	518	1	0.939
2536	323	1	0.888
2537	973	1	0.834
2538	1637	1	0.931
2539	1204	1	0.816
2540	1941	1	0.845
2541	1272	0	0.000199
2542	1514	1	0.972
2543	533	1	0.839
2544	2052	0	0.000337
2545	1216	1	0.903
2546	690	1	0.979
2547	2254	1	0.941
2548	1247	1	0.958
2549	50	1	0.99
2550	2461	1	0.806
2551	2081	1	0.991
2552	84	1	0.84
2553	1198	1	0.921
2554	215	1	0.973
2555	1402	1	0.848
2556	190	1	0.875
2557	779	1	0.921
2558	501	1	0.804
2559	1836	1	0.877
2560	72	1	0.942
2561	298	1	0.991
2562	923	1	0.998
2563	1667	1	0.825
2564	846	1	0.972
2565	2450	0	0.00064
2566	1593	1	0.902
2567	1209	1	0.862
2568	2325	1	0.962
2569	1511	0	0.000528
2570	434	1	0.868
2571	2291	1	0.906
2572	585	1	0.908
2573	1902	1	0.82
2574	2305	1	0.897
2575	632	1	0.928
2576	2225	1	0.975
2577	2466	0	0.00101
2578	1373	1	0.829
2579	40	1	0.848
2580	1933	1	0.86
2581	1048	1	0.879
2582	2433	1	1
2583	150	1	0.912
2584	518	1	0.818
2585	45	0	0.000666
2586	1851	1	0.848
2587	1237	0	0.000624
2588	1530	1	0.898
2589	2168	1	0.85
2590	2019	1	0.851
2591	306	1	0.939
2592	118	0	0.000661
2593	2439	1	0.942
2594	2132	1	0.923
2595	2505	1	0.848
2596	2096	1	0.934
2597	2155	1	0.949
2598	906	1	0.975
2599	319	1	0.972
2600	289	1	0.842
2601	276	0	0.00033
2602	1795	1	0.891
2603	2465	0	0.00116
2604	2048	1	0.807
2605	109	1	0.897
2606	1103	1	0.979
2607	2069	1	0.847
2608	1595	1	0.98
2609	1025	0	0.00038
2610	460	1	0.815
2611	231	1	0.933
2612	1655	1	0.908
2613	112	1	0.85
2614	109	1	0.813
2615	2594	1	0.872
2616	1087	1	0.865
2617	2347	1	0.914
2618	2379	1	0.952
2619	686	1	0.94
2620	810	1	0.916
2621	2097	1	0.935
2622	1577	1	0.914
2623	414	1	0.859
2624	593	1	0.866
2625	602	1	0.801
2626	1382	1	0.85
2627	1555	1	0.849
2628	425	1	0.925
2629	146	1	0.807
2630	1887	1	0.888
2631	2350	0	0.000399
2632	558	1	0.959
2633	298	1	0.992
2634	1218	1	0.83
2635	2389	1	0.83
2636	2477	1	0.994
2637	1137	1	0.935
2638	1133	1	0.98
2639	793	1	0.934
2640	2531	1	0.84
2641	1935	0	0.000764
2642	711	1	0.973
2643	119	1	0.979
2644	472	1	0.803
2645	837	1	0.897
2646	1038	1	0.925
2647	1715	1	0.823
2648	1393	1	0.832
2649	1554	1	0.856
2650	933	1	0.963
2651	42	1	0.819
2652	698	1	0.831
2653	2623	1	0.836
2654	878	0	0.000695
2655	517	1	0.895
2656	167	1	0.874
2657	910	1	0.995
2658	2233	1	0.84
2659	655	1	0.999
2660	498	1	0.882
2661	1684	1	0.848
2662	40	1	0.816
2663	1126	0	0.000859
2664	2360	1	0.864
2665	4	1	0.92
2666	442	1	0.957
2667	831	1	0.83
2668	1235	0	0.000886
2669	392	1	0.908
2670	1917	0	0.000887
2671	2363	0	0.000902
2672	1126	0	0.000213
2673	2483	1	0.841
2674	520	1	0.864
2675	935	1	0.961
2676	2133	1	0.941
2677	90	1	0.956
2678	237	1	0.995
2679	1734	1	0.961
2680	1235	1	0.898
2681	2047	1	0.992
2682	2303	1	0.941
2683	1809	1	0.854
2684	608	0	0.000366
2685	382	1	0.997
2686	661	1	0.841
2687	1851	1	0.913
2688	1647	1	0.869
2689	277	1	0.911
2690	454	0	0.000552
2691	1569	1	0.902
2692	2083	1	0.839
2693	1724	1	0.851
2694	2307	1	0.813
2695	1968	1	0.838
2696	2452	1	0.963
2697	1102	0	0.000544
2698	2564	1	0.961
2699	195	1	0.873
2700	358	0	0.00111
2701	1421	1	0.863
2702	683	1	0.808
2703	540	1	0.895
2704	2355	1	0.845
2705	1085	1	0.865
2706	2446	1	0.804
2707	1537	1	0.899
2708	907	1	0.999
2709	302	1	0.963
2710	1200	1	0.937
2711	1439	0	0.000714
2712	1298	1	0.941
2713	529	1	0.89
2714	285	1	0.83
2715	1263	1	0.921
2716	1807	1	0.904
2717	1705	1	0.887
2718	1535	1	0.934
2719	1671	1	0.85
2720	2132	1	0.881
2721	373	0	0.000858
2722	763	1	0.94
2723	375	0	0.000528
2724	41	1	0.816
2725	937	1	0.958
2726	2101	1	0.9
2727	694	0	0.00048
2728	98	1	0.895
2729	2527	0	0.000483
2730	1298	1	0.827
2731	1166	1	0.895
2732	619	1	0.949
2733	740	1	0.807
2734	2243	0	0.000923
2735	246	1	0.972
2736	1263	1	0.93
2737	935	1	0.906
2738	603	1	0.869
2739	2511	1	0.8
2740	1743	1	0.81
2741	2044	0	0.000758
2742	571	0	0.000926
2743	1598	1	0.917
2744	2237	1	0.936
2745	81	1	0.802
2746	2673	1	0.803
2747	309	1	0.802
2748	1069	1	0.909
2749	1815	1	0.857
2750	1159	1	0.964
2751	41	1	0.929
2752	2214	1	0.956
2753	2041	1	0.913
2754	292	1	0.841
2755	613	1	0.935
2756	1498	1	0.936
2757	290	1	0.988
2758	528	1	0.988
2759	2101	1	0.934
2760	2525	0	0.000234
2761	2236	1	0.819
2762	2437	1	0.896
2763	1487	1	0.822
2764	404	1	0.929
2765	500	1	0.837
2766	786	1	0.889
2767	1809	0	0.00071
2768	2480	1	0.852
2769	2367	1	0.944
2770	1307	1	0.88
2771	956	1	0.818
2772	1837	1	0.954
2773	272	1	0.873
2774	2721	1	0.9
2775	1969	1	0.86
2776	111	1	0.894
2777	2687	1	0.822
2778	2378	1	0.937
2779	806	1	0.908
2780	1376	1	0.915
2781	308	1	0.983
2782	264	1	0.987
2783	2267	1	0.899
2784	2419	1	0.864
2785	1472	1	0.884
2786	2138	1	0.807
2787	559	0	0.000422
2788	145	1	0.842
2789	2275	1	0.93
2790	1311	1	0.854
2791	242	1	0.834
2792	1043	1	0.983
2793	86	1	0.992
2794	2382	1	0.86
2795	1944	0	0.000946
2796	1727	1	0.847
2797	1972	1	0.813
2798	513	1	0.99
2799	726	0	0.00127
2800	510	1	0.918
2801	1286	1	0.82
2802	2743	1	0.801
2803	730	1	0.805
2804	2225	1	0.808
2805	1665	1	0.815
2806	1056	1	0.938
2807	2245	0	0.000599
2808	2335	1	0.989
2809	671	1	0.993
2810	1387	1	0.933
2811	491	1	0.848
2812	1210	1	0.836
2813	2429	1	0.931
2814	1501	1	0.951
2815	502	1	0.886
2816	137	1	0.889
2817	2654	0	0.00017
2818	157	1	0.817
2819	1335	1	0.848
2820	2364	0	0.000983
2821	2032	1	0.841
2822	2185	1	0.834
2823	79	1	0.829
2824	280	1	0.851
2825	637	1	0.997
2826	1610	1	0.851
2827	2232	1	0.875
2828	1283	1	0.927
2829	82	1	0.805
2830	739	1	0.894
2831	1361	1	0.874
2832	2546	1	0.891
2833	2631	1	0.853
2834	227	1	0.822
2835	272	1	0.842
2836	973	1	0.919
2837	1029	1	0.957
2838	2544	1	0.87
2839	2121	0	0.000918
2840	610	1	0.883
2841	2685	1	0.869
2842	1909	0	0.000897
2843	2599	1	0.935
2844	2088	0	0.00028
2845	1543	1	0.892
2846	2081	1	0.839
2847	2824	1	0.82
2848	1149	1	0.956
2849	436	1	0.986
2850	94	0	0.0011
2851	163	1	0.96
2852	1092	1	0.936
2853	954	1	0.983
2854	171	1	0.829
2855	140	1	0.945
2856	2526	1	0.881
2857	1903	1	0.943
2858	2563	1	0.998
2859	2531	1	0.964
2860	713	1	0.876
2861	938	1	0.84
2862	1921	1	0.91
2863	290	0	0.00104
2864	2351	1	0.984
2865	2064	1	0.912
2866	2050	0	0.00127
2867	2342	1	0.859
2868	1895	1	0.87
2869	502	0	0.000479
2870	537	1	0.891
2871	1817	1	0.969
2872	1249	1	0.964
2873	1287	1	0.8
2874	1819	1	0.925
2875	417	1	0.895
2876	1713	1	0.918
2877	329	1	0.814
2878	236	1	0.957
2879	1301	1	0.949
2880	2620	1	0.979
2881	1971	1	0.834
2882	1048	1	0.911
2883	1163	1	0.896
2884	616	1	0.992
2885	2861	1	0.873
2886	2088	1	0.935
2887	1143	1	0.865
2888	1637	0	0.00037
2889	2014	0	0.000963
2890	1959	1	0.835
2891	511	1	0.956
2892	797	1	0.941
2893	1781	1	0.968
2894	357	1	0.959
2895	2882	1	0.962
2896	626	1	0.886
2897	478	1	0.883
2898	1835	0	0.00109
2899	1012	1	0.816
2900	96	1	0.931
2901	462	1	0.958
2902	574	1	0.845
2903	1189	0	0.00105
2904	679	1	0.814
2905	1901	1	0.983
2906	2809	0	0.000617
2907	76	1	0.988
2908	1443	1	0.921
2909	632	1	0.91
2910	74	1	0.994
2911	2224	1	0.816
2912	1787	1	0.886
2913	2461	1	0.981
2914	157	1	0.826
2915	2695	1	0.838
2916	425	1	0.841
2917	450	1	0.885
2918	440	1	0.991
2919	1341	1	0.87
2920	2890	1	0.893
2921	1729	1	0.803
2922	738	1	0.996
2923	834	1	0.852
2924	1839	1	0.883
2925	2563	1	0.932
2926	1527	1	0.895
2927	2479	1	0.815
2928	1720	0	0.000946
2929	2515	1	0.995
2930	120	1	0.815
2931	1345	0	0.000871
2932	2064	1	0.854
2933	2803	1	0.987
2934	140	1	0.972
2935	2799	1	0.815
2936	290	1	0.821
2937	1500	1	0.811
2938	1735	1	0.857
2939	1916	1	0.988
2940	509	1	0.975
2941	973	1	0.985
2942	1351	1	0.994
2943	1764	1	0.918
2944	1003	1	0.93
2945	812	1	0.887
2946	997	1	0.802
2947	1599	1	0.825
2948	1656	1	0.986
2949	2398	1	0.872
2950	2578	1	0.857
2951	1363	0	0.00102
2952	894	1	0.896
2953	2094	1	0.984
2954	1734	0	0.000554
2955	2105	0	0.000323
2956	2637	1	0.913
2957	2588	1	0.978
2958	414	0	0.000715
2959	1280	1	0.973
2960	674	1	0.821
2961	1833	1	0.874
2962	2676	1	0.93
2963	2295	0	0.000261
2964	391	1	0.907
2965	131	1	0.987
2966	648	1	0.801
2967	2156	1	0.811
2968	1210	1	0.895
2969	2502	0	0.00125
2970	1810	1	0.998
2971	476	1	0.815
2972	635	1	0.988
2973	1034	1	0.927
2974	2171	1	0.934
2975	97	1	0.819
2976	183	1	0.803
2977	2715	1	0.902
2978	517	0	0.0005
2979	973	1	0.873
2980	2654	1	0.916
2981	2099	1	0.875
2982	2529	1	0.844
2983	1116	1	0.975
2984	599	1	0.893
2985	1514	1	0.912
2986	762	1	0.842
2987	194	1	0.973
2988	2605	1	0.928
2989	100	1	0.974
2990	2605	0	0.000455
2991	744	1	0.932
2992	1555	1	0.885
2993	481	1	0.942
2994	1000	1	0.904
2995	2771	1	0.897
2996	130	1	0.923
2997	2667	1	0.977
2998	1806	1	0.841
2999	1483	1	0.965
3000	855	1	0.917
3001	2213	1	0.986
3002	585	1	0.847
3003	1039	1	0.881
3004	2331	1	0.916
3005	2086	1	0.887
3006	2795	1	0.895
3007	793	1	0.994
3008	1596	1	0.845
3009	1662	1	0.959
3010	1429	1	0.984
3011	2978	1	0.942
3012	2165	1	0.95
3013	2790	0	0.00109
3014	2476	1	0.824
3015	1144	1	0.992
3016	842	1	0.886
3017	357	1	0.899
3018	2820	1	0.942
3019	352	1	0.814
3020	1822	1	0.806
3021	2427	1	0.886
3022	203	1	0.907
3023	1994	1	0.905
3024	1211	1	0.81
3025	2711	1	0.961
3026	1081	1	0.929
3027	1069	1	0.924
3028	113	1	0.934
3029	1201	1	0.942
3030	475	0	0.000344
3031	2331	1	0.883
3032	2704	1	0.824
3033	245	0	0.000341
3034	98	1	0.954
3035	2731	1	0.892
3036	103	1	0.94
3037	997	1	0.974
3038	661	1	0.87
3039	14	1	0.876
3040	2786	1	0.912
3041	1628	0	0.000886
3042	2983	1	0.867
3043	335	0	0.000587
3044	1943	1	0.871
3045	1747	1	0.841
3046	2300	1	0.929
3047	2860	1	0.936
3048	1204	1	0.81
3049	314	1	0.916
3050	1951	1	0.825
3051	2315	1	0.867
3052	2384	1	0.911
3053	2276	1	0.877
3054	11	1	0.93
3055	2990	1	0.882
3056	2205	1	0.991
3057	71	1	0.915
3058	1265	1	0.948
3059	2080	1	0.93
3060	2770	1	0.852
3061	2348	0	0.000934
3062	366	1	0.863
3063	2891	0	0.00097
3064	1313	1	0.951
3065	466	1	0.968
3066	3050	0	0.000926
3067	1099	0	0.00114
3068	1627	1	0.91
3069	1587	0	0.00107
3070	1594	1	0.95
3071	1477	0	0.000812
3072	1074	0	0.000185
3073	670	1	0.867
3074	66	1	0.98
3075	2907	1	0.998
3076	2651	1	0.898
3077	1356	1	0.843
3078	2818	0	0.000403
3079	2423	0	0.00052
3080	3054	1	0.917
3081	1648	1	0.871
3082	1816	1	0.822
3083	3066	1	0.97
3084	1824	1	0.924
3085	316	1	0.831
3086	235	1	0.917
3087	1304	1	0.899
3088	1731	1	0.9
3089	1485	1	0.996
3090	2425	1	0.934
3091	131	0	0.00112
3092	908	1	0.844
3093	1941	1	0.93
3094	1295	1	0.876
3095	2279	1	0.825
3096	388	1	0.822
3097	659	1	0.989
3098	840	1	0.84
3099	1299	1	0.845
3100	1669	1	0.999
3101	3047	1	0.815
3102	2310	1	0.822
3103	1155	1	0.968
3104	966	1	0.844
3105	2163	0	0.00122
3106	382	1	0.997
3107	47	1	0.865
3108	2292	1	0.838
3109	3085	1	0.856
3110	939	1	0.984
3111	1287	1	0.923
3112	1392	1	0.928
3113	1912	1	0.992
3114	1061	1	0.973
3115	3012	1	0.97
3116	1215	1	0.933
3117	2831	1	0.983
3118	2336	0	0.000222
3119	2429	0	0.000739
3120	637	1	0.882
3121	1236	1	0.836
3122	1638	1	0.891
3123	1944	1	0.962
3124	1319	1	0.814
3125	489	0	0.00025
3126	871	1	0.816
3127	2459	1	0.8
3128	3013	0	0.000797
3129	1656	1	0.868
3130	3040	1	0.951
3131	2664	1	0.956
3132	2805	1	0.906
3133	1506	1	0.847
3134	3073	1	0.825
3135	1934	1	0.923
3136	2888	1	0.981
3137	1184	1	0.876
3138	529	1	0.943
3139	1721	1	0.926
3140	1459	1	0.939
3141	1790	1	0.96
3142	2292	1	0.932
3143	2452	1	0.887
3144	611	1	0.906
3145	51	0	0.000962
3146	832	1	0.947
3147	2037	1	0.997
3148	1939	1	0.816
3149	2532	1	0.891
3150	9	1	0.943
3151	969	1	0.835
3152	2475	0	0.000974
3153	2396	0	0.00079
3154	376	1	0.897
3155	1016	1	0.948
3156	2370	1	0.805
3157	82	1	0.813
3158	2602	1	0.913
3159	1045	1	0.839
3160	729	1	0.916
3161	2306	1	0.949
3162	853	1	0.98
3163	580	1	0.825
3164	1283	1	0.914
3165	525	1	0.998
3166	3082	1	0.929
3167	2260	1	0.92
3168	2560	1	0.84
3169	614	1	0.911
3170	3012	1	0.938
3171	2870	1	0.843
3172	757	1	0.998
3173	91	0	0.000498
3174	1221	0	0.000232
3175	1643	1	0.986
3176	2267	1	0.894
3177	1150	1	0.992
3178	508	0	0.000403
3179	1180	1	0.881
3180	2201	1	0.836
3181	1679	1	0.916
3182	678	1	0.881
3183	2308	1	0.978
3184	1556	1	0.88
3185	1388	1	0.906
3186	784	1	0.832
3187	1536	1	0.994
3188	2148	1	0.896
3189	1235	1	0.963
3190	1056	1	0.806
3191	2026	1	0.978
3192	3133	1	0.99
3193	187	1	0.863
3194	2021	1	0.868
3195	213	1	0.954
3196	2618	1	0.948
3197	1577	1	0.897
3198	206	1	0.859
3199	1333	1	0.879
3200	1911	0	0.000541
3201	1985	1	0.866
3202	1118	0	0.00106
3203	2754	1	0.829
3204	866	0	0.00105
3205	2163	1	0.939
3206	39	1	0.841
3207	168	1	0.898
3208	2738	1	0.988
3209	3076	1	0.864
3210	127	1	0.97
3211	1789	1	0.945
3212	1235	1	0.993
3213	2020	0	0.000566
3214	2129	1	0.988
3215	2269	1	0.977
3216	2129	1	0.943
3217	2966	1	0.95
3218	2711	1	0.891
3219	303	1	0.835
3220	1762	1	0.942
3221	200	1	0.927
3222	1605	1	0.957
3223	2302	0	0.000507
3224	941	1	0.975
3225	2737	1	0.851
3226	1650	1	0.876
3227	1410	1	0.935
3228	3049	1	0.853
3229	110	0	0.00047
3230	317	0	0.000492
3231	2185	1	0.989
3232	1694	1	0.81
3233	1381	1	0.9
3234	2206	0	0.000369
3235	1786	0	0.000428
3236	852	0	0.000172
3237	301	0	0.00101
3238	2355	1	0.985
3239	1286	1	0.977
3240	2864	1	0.94
3241	2087	1	0.874
3242	2788	1	0.953
3243	2672	1	0.908
3244	490	1	0.987
3245	1219	1	0.846
3246	2344	1	0.831
3247	1755	1	0.978
3248	2057	1	0.902
3249	2652	1	0.868
3250	1763	1	0.811
3251	3223	1	0.814
3252	2854	1	0.877
3253	737	1	0.844
3254	2621	1	0.814
3255	1228	1	0.893
3256	777	1	0.84
3257	1865	1	0.875
3258	1022	1	0.822
3259	1793	1	0.911
3260	1337	1	0.86
3261	1468	1	0.97
3262	2349	1	0.862
3263	1113	1	0.863
3264	2311	1	0.9
3265	2355	1	0.992
3266	521	0	0.00127
3267	1723	0	0.000962
3268	1244	1	0.911
3269	2716	1	0.954
3270	686	1	0.974
3271	1817	1	0.988
3272	2880	1	0.979
3273	2751	1	0.928
3274	2456	1	0.894
3275	579	1	0.91
3276	908	1	0.874
3277	76	0	0.000806
3278	971	0	0.000367
3279	3211	1	0.87
3280	281	0	0.000867
3281	1629	1	0.917
3282	312	1	0.964
3283	1925	1	0.861
3284	1228	1	0.889
3285	399	1	0.997
3286	787	0	0.00119
3287	195	1	0.839
3288	1743	1	0.971
3289	2774	1	0.911
3290	2602	1	0.987
3291	775	1	0.93
3292	595	1	0.825
3293	812	1	0.957
3294	3029	1	0.868
3295	277	1	0.863
3296	461	1	0.999
3297	1408	1	0.9
3298	897	1	0.874
3299	992	1	0.958
3300	3068	1	0.844
3301	2510	1	0.881
3302	1733	1	0.845
3303	1674	1	0.851
3304	329	1	0.991
3305	2207	1	0.837
3306	1869	0	0.000416
3307	351	1	0.899
3308	1396	1	0.862
3309	2229	1	0.881
3310	2756	1	0.84
3311	2154	0	0.00124
3312	143	1	0.98
3313	1668	1	0.926
3314	344	1	0.821
3315	2070	1	0.907
3316	2419	1	0.968
3317	446	1	0.899
3318	3190	1	0.907
3319	2439	0	0.000313
3320	188	1	0.907
3321	2200	1	0.996
3322	1872	1	0.918
3323	1432	1	0.927
3324	1789	1	0.865
3325	2764	1	0.828
3326	3266	1	0.91
3327	396	1	0.815
3328	499	1	0.973
3329	2379	1	0.839
3330	1481	1	0.938
3331	1543	1	0.883
3332	2378	1	0.812
3333	3143	1	0.834
3334	3064	1	0.833
3335	837	0	0.00125
3336	1653	1	0.808
3337	78	1	0.961
3338	1342	1	0.913
3339	590	1	0.872
3340	1292	1	0.836
3341	672	1	0.887
3342	2235	1	0.81
3343	198	0	0.00046
3344	2505	1	0.951
3345	686	0	0.000665
3346	101	1	0.858
3347	796	0	0.000862
3348	2997	1	0.85
3349	1523	1	0.886
3350	3274	1	0.939
3351	2035	1	0.884
3352	2581	1	0.977
3353	1958	1	0.904
3354	3267	0	0.000245
3355	2806	1	0.833
3356	1531	1	0.908
3357	858	1	0.938
3358	1580	1	0.999
3359	450	0	0.000928
3360	3057	1	0.885
3361	1123	1	0.955
3362	24	0	0.000747
3363	1970	1	0.952
3364	1410	0	0.000496
3365	145	1	0.841
3366	870	1	0.907
3367	30	1	0.933
3368	237	1	0.864
3369	671	1	0.9
3370	1305	1	0.953
3371	2082	1	0.963
3372	28	1	0.999
3373	1611	1	0.904
3374	2007	1	0.992
3375	1510	1	0.922
3376	1324	1	0.871
3377	584	1	0.934
3378	181	1	0.909
3379	1922	1	0.961
3380	174	1	0.958
3381	736	1	0.907
3382	2820	1	0.952
3383	2666	1	0.995
3384	3060	1	0.982
3385	1649	0	0.00093
3386	1432	1	0.807
3387	624	1	0.844
3388	816	0	0.00093
3389	732	1	0.95
3390	1057	1	0.936
3391	922	1	0.915
3392	2450	0	0.000545
3393	2868	1	0.841
3394	2403	1	0.835
3395	3228	1	0.901
3396	3336	1	0.948
3397	1898	1	0.988
3398	989	1	0.801
3399	2243	0	0.000296
3400	221	1	0.9
3401	1436	1	0.93
3402	1461	1	0.851
3403	3049	0	0.000743
3404	3145	1	0.829
3405	2622	1	0.935
3406	1043	1	0.828
3407	313	0	0.000973
3408	630	1	0.86
3409	8	1	0.816
3410	3388	1	0.955
3411	154	1	0.956
3412	2093	1	0.809
3413	748	1	0.855
3414	238	1	0.953
3415	16	0	0.000648
3416	2373	1	0.86
3417	2992	1	0.941
3418	2110	1	0.927
3419	1065	0	0.000254
3420	299	1	0.917
3421	848	1	0.832
3422	1391	1	0.908
3423	3144	1	0.858
3424	55	1	0.863
3425	1730	1	0.877
3426	3322	0	0.000374
3427	1211	0	0.00082
3428	2226	1	0.978
3429	3180	1	0.919
3430	1711	0	0.00108
3431	2279	1	1
3432	2871	1	0.943
3433	3245	1	0.929
3434	1291	1	0.98
3435	353	1	0.905
3436	853	1	0.971
3437	1375	1	0.829
3438	1169	0	0.000858
3439	56	0	0.000337
3440	2444	1	0.847
3441	3316	1	0.996
3442	2524	1	0.886
3443	3137	1	0.924
3444	3156	1	0.902
3445	2582	0	0.00104
3446	1613	1	0.821
3447	2242	1	0.941
3448	792	1	0.9
3449	3423	1	0.891
3450	1094	0	0.000548
3451	3261	1	0.924
3452	2757	0	0.00128
3453	985	1	0.858
3454	2153	1	0.956
3455	1234	1	0.931
3456	3239	1	0.999
3457	1722	1	0.807
3458	2951	1	0.927
3459	2373	1	0.927
3460	2125	1	0.877
3461	476	1	0.962
3462	640	1	0.825
3463	1259	1	0.973
3464	2701	1	0.886
3465	243	1	0.92
3466	2643	1	0.882
3467	1243	1	0.917
3468	2420	1	0.972
3469	2528	1	0.951
3470	2895	1	0.872
3471	3007	0	0.000375
3472	1295	1	0.959
3473	2674	1	0.903
3474	230	1	0.802
3475	2462	1	0.973
3476	2511	1	0.948
3477	3237	1	0.872
3478	2526	1	0.943
3479	494	1	0.94
3480	552	1	0.861
3481	2365	1	0.914
3482	3067	1	0.821
3483	561	1	0.893
3484	3067	1	0.84
3485	2346	0	0.00116
3486	1718	0	0.000312
3487	2922	1	0.866
3488	3199	1	0.952
3489	1976	1	0.806
3490	3074	1	0.914
3491	144	1	0.963
3492	133	1	0.845
3493	942	0	0.000897
3494	527	1	0.927
3495	660	0	0.000758
3496	1782	1	0.846
3497	1752	1	0.875
3498	154	1	0.942
3499	2664	1	0.829
3500	785	1	0.99
3501	2874	1	0.946
3502	1437	1	0.817
3503	2601	1	0.851
3504	1061	1	0.996
3505	887	1	0.894
3506	376	1	0.823
3507	2014	1	0.976
3508	2476	1	0.974
3509	2474	1	0.938
3510	2056	1	0.855
3511	2496	1	0.984
3512	740	1	0.854
3513	1790	1	0.967
3514	85	1	0.944
3515	1563	0	0.00102
3516	3001	1	0.82
3517	2118	1	0.932
3518	3194	0	0.0009
3519	346	1	0.986
3520	1685	0	0.000994
3521	1198	1	0.884
3522	649	1	0.991
3523	724	1	0.995
3524	1639	1	0.931
3525	2366	1	0.805
3526	1407	1	0.986
3527	1709	1	0.911
3528	9	1	0.858
3529	3202	1	0.875
3530	2752	1	0.939
3531	2592	0	0.000696
3532	1664	1	0.818
3533	2392	1	0.833
3534	2717	1	0.828
3535	2144	1	0.884
3536	3201	1	0.975
3537	3000	1	0.887
3538	889	0	0.000725
3539	609	1	0.942
3540	814	1	0.909
3541	3150	1	0.849
3542	2466	1	0.808
3543	1643	1	0.966
3544	1198	1	0.92
3545	2273	1	0.832
3546	1410	1	0.837
3547	977	0	0.000701
3548	390	1	0.853
3549	329	1	0.96
3550	1978	1	0.937
3551	1813	1	0.845
3552	460	1	0.977
3553	2395	1	0.832
3554	852	0	0.000455
3555	1885	1	0.846
3556	1374	1	0.832
3557	653	0	0.000675
3558	1641	1	0.962
3559	2536	1	0.848
3560	1365	1	0.992
3561	621	1	0.968
3562	652	0	0.000526
3563	2655	0	0.000674
3564	883	1	0.948
3565	2773	1	0.849
3566	3489	1	0.815
3567	2846	1	0.811
3568	607	0	0.000519
3569	1405	1	0.87
3570	1074	1	0.869
3571	1302	1	0.999
3572	3423	1	0.97
3573	1804	1	0.98
3574	1307	1	0.945
3575	2931	1	0.903
3576	1046	1	0.834
3577	531	1	0.934
3578	3129	0	0.00119
3579	1907	0	0.00121
3580	3532	1	0.94
3581	1115	0	0.00126
3582	2523	1	0.811
3583	1633	1	0.944
3584	1656	0	0.000355
3585	1483	1	0.899
3586	122	1	0.95
3587	246	1	0.801
3588	664	1	0.817
3589	156	1	0.881
3590	496	1	0.817
3591	2352	1	0.953
3592	35	1	0.972
3593	1548	1	0.959
3594	337	1	0.892
3595	2637	1	0.826
3596	774	1	0.849
3597	3224	1	0.927
3598	1724	1	0.861
3599	1958	1	0.928
3600	1880	0	0.000582
3601	2754	1	0.896
3602	292	0	0.000717
3603	267	1	0.919
3604	3256	1	0.881
3605	255	0	0.000359
3606	1879	1	0.872
3607	795	1	0.885
3608	123	1	0.912
3609	1417	1	0.976
3610	2547	1	0.954
3611	737	0	0.00115
3612	1353	1	0.825
3613	2046	1	0.895
3614	1768	1	0.884
3615	1677	1	0.865
3616	26	1	0.934
3617	3017	1	0.866
3618	3226	1	0.812
3619	2066	1	0.96
3620	2648	1	0.953
3621	2554	0	0.00115
3622	895	1	0.968
3623	2449	0	0.000603
3624	3336	0	0.000733
3625	2783	0	0.000594
3626	946	1	0.807
3627	390	1	0.817
3628	648	0	0.000908
3629	1445	0	0.000908
3630	486	1	0.924
3631	2052	1	0.923
3632	3026	1	0.929
3633	354	1	0.981
3634	2982	1	0.932
3635	1156	1	0.858
3636	2554	1	0.844
3637	430	1	0.812
3638	1636	1	0.934
3639	9	0	0.000485
3640	2665	1	0.883
3641	2442	1	0.973
3642	654	1	0.872
3643	747	0	0.000253
3644	2836	1	0.836
3645	1241	1	0.878
3646	1536	1	0.813
3647	2485	1	0.812
3648	2946	1	0.846
3649	1058	1	0.835
3650	2857	1	0.861
3651	3613	1	0.876
3652	3196	1	0.893
3653	422	1	0.907
3654	390	1	0.938
3655	1752	1	0.973
3656	159	0	0.00104
3657	72	1	0.87
3658	3399	1	0.944
3659	774	0	0.000545
3660	3157	1	0.969
3661	1072	1	0.975
3662	3151	1	0.961
3663	2109	1	0.87
3664	2793	1	0.955
3665	613	0	0.000331
3666	2422	1	0.878
3667	1534	1	0.966
3668	2776	1	0.93
3669	825	1	0.888
3670	2748	1	0.895
3671	2904	0	0.00066
3672	3280	1	0.842
3673	1492	1	0.853
3674	2223	0	0.000714
3675	1202	0	0.000938
3676	1713	1	0.852
3677	2914	1	0.815
3678	2010	1	0.818
3679	433	1	0.893
3680	2391	1	0.898
3681	487	1	0.873
3682	2354	1	0.823
3683	568	1	0.974
3684	1803	0	0.000794
3685	729	1	0.982
3686	2673	1	0.862
3687	1261	1	0.892
3688	2533	1	0.823
3689	3171	0	0.000565
3690	71	1	0.902
3691	1392	1	0.844
3692	974	1	0.969
3693	326	0	0.000562
3694	63	0	0.000456
3695	2893	1	0.884
3696	2452	0	0.000196
3697	1726	1	0.942
3698	1305	1	0.954
3699	769	1	0.848
3700	111	0	0.000243
3701	1281	0	0.001
3702	1385	0	0.000985
3703	945	1	0.889
3704	3168	1	0.924
3705	1164	1	0.954
3706	2448	1	0.855
3707	3322	1	0.922
3708	1579	1	0.859
3709	3185	1	0.94
3710	2728	1	0.871
3711	2895	1	0.965
3712	2803	0	0.00111
3713	990	1	0.844
3714	2042	0	0.000538
3715	1717	1	0.894
3716	1100	1	0.818
3717	2122	0	0.000834
3718	3444	1	0.998
3719	2544	1	0.985
3720	3184	1	0.812
3721	3087	0	0.000882
3722	2406	1	0.889
3723	1874	0	0.000893
3724	2160	1	0.993
3725	1633	1	0.865
3726	1862	1	0.994
3727	2938	1	0.983
3728	625	1	0.862
3729	2104	1	0.819
3730	245	1	0.948
3731	1997	1	0.992
3732	2050	1	0.899
3733	494	1	0.984
3734	293	1	0.904
3735	1969	1	0.913
3736	3333	0	0.00091
3737	701	1	0.996
3738	2379	1	0.822
3739	2446	1	0.951
3740	3077	1	0.841
3741	3066	1	0.976
3742	3637	1	0.921
3743	3056	1	0.93
3744	3499	1	0.851
3745	2647	1	0.945
3746	1871	1	0.961
3747	1213	1	0.853
3748	1292	1	0.912
3749	1954	0	0.000635
3750	307	1	0.97
3751	3273	1	0.947
3752	1295	1	0.873
3753	3487	0	0.000235
3754	2115	1	0.916
3755	1335	1	0.955
3756	745	0	0.000578
3757	2424	1	0.896
3758	1737	1	0.96
3759	271	0	0.000422
3760	705	1	0.935
3761	2858	1	0.953
3762	178	1	0.921
3763	2183	1	0.984
3764	1104	1	0.822
3765	500	1	0.973
3766	1897	1	0.867
3767	1864	1	0.988
3768	3717	1	0.817
3769	1647	1	0.889
3770	932	1	0.842
3771	1219	1	0.997
3772	3372	1	0.968
3773	3222	1	0.863
3774	448	1	0.811
3775	1048	1	0.887
3776	1423	1	0.825
3777	2932	1	0.924
3778	1538	1	0.998
3779	106	1	0.944
3780	3115	0	0.00115
3781	3188	1	0.854
3782	580	1	0.997
3783	3396	1	0.944
3784	2148	1	0.98
3785	876	1	0.888
3786	94	1	0.858
3787	557	1	0.84
3788	3412	1	0.839
3789	1297	1	0.852
3790	1250	1	0.827
3791	2796	1	0.912
3792	1264	1	0.94
3793	674	1	0.943
3794	2536	1	0.963
3795	2997	0	0.000944
3796	3492	1	0.848
3797	1010	1	0.828
3798	711	1	0.812
3799	2366	1	0.871
3800	3398	1	0.843
3801	94	1	0.809
3802	1008	0	0.00127
3803	1899	1	0.861
3804	3699	1	0.992
3805	1714	1	0.934
3806	2756	1	0.971
3807	1569	0	0.0011
3808	1372	1	0.876
3809	1474	1	0.877
3810	635	1	0.847
3811	3692	1	0.875
3812	3611	1	0.854
3813	2991	0	0.00122
3814	183	1	0.878
3815	881	1	0.93
3816	2127	0	0.00124
3817	3682	1	0.917
3818	2620	1	0.909
3819	1277	1	0.815
3820	230	0	0.000435
3821	3731	1	0.802
3822	810	1	0.844
3823	373	1	0.901
3824	378	1	0.903
3825	895	1	0.886
3826	1066	1	0.962
3827	3084	1	0.81
3828	178	1	0.982
3829	2276	0	0.00064
3830	1587	1	0.898
3831	1144	1	0.932
3832	2225	1	0.922
3833	2772	1	0.82
3834	44	1	0.962
3835	2027	0	0.00087
3836	1070	1	0.991
3837	2184	1	0.847
3838	2981	1	0.912
3839	2807	1	0.846
3840	832	1	0.946
3841	1511	1	0.901
3842	2184	1	0.832
3843	887	0	0.000684
3844	2308	1	0.884
3845	253	1	0.889
3846	49	1	0.846
3847	3571	1	0.894
3848	1	1	0.986
3849	2594	1	0.875
3850	1346	1	0.826
3851	664	1	0.966
3852	2596	1	0.983
3853	866	1	0.906
3854	476	1	0.992
3855	2478	1	0.965
3856	764	0	0.000354
3857	1465	1	0.826
3858	3069	1	0.831
3859	226	1	0.823
3860	2996	1	0.873
3861	341	1	0.895
3862	510	1	0.958
3863	507	1	0.867
3864	2827	1	0.846
3865	1912	1	0.841
3866	3060	1	0.834
3867	2160	1	0.908
3868	3518	0	0.000929
3869	2656	1	0.9
3870	1089	1	0.823
3871	972	1	0.873
3872	3043	1	0.932
3873	1277	0	0.00104
3874	863	1	0.864
3875	201	1	0.826
3876	2321	1	0.975
3877	3425	1	0.801
3878	794	1	0.889
3879	2060	1	0.854
3880	2340	1	0.945
3881	350	1	0.901
3882	2529	0	0.000809
3883	3824	1	0.812
3884	521	1	0.881
3885	3849	0	0.000814
3886	103	0	0.000311
3887	3822	1	0.921
3888	663	1	0.893
3889	224	1	0.92
3890	3329	1	0.818
3891	3655	1	0.874
3892	304	1	0.947
3893	2992	1	0.961
3894	2418	1	0.874
3895	1216	1	0.827
3896	1357	0	0.000421
3897	1968	1	0.882
3898	2419	1	0.802
3899	2417	1	0.806
3900	2913	0	0.000875
3901	3637	1	0.972
3902	3709	1	0.837
3903	1080	1	0.901
3904	671	1	0.918
3905	3040	0	0.000491
3906	3794	0	0.00122
3907	1999	1	0.979
3908	1640	1	0.923
3909	107	1	0.911
3910	3172	1	0.846
3911	1283	1	0.876
3912	776	1	0.843
3913	1009	1	0.98
3914	1431	1	0.908
3915	974	1	0.925
3916	2350	0	0.000995
3917	2103	0	0.000246
3918	2096	1	0.905
3919	3358	1	0.823
3920	1796	1	0.929
3921	1481	0	0.000278
3922	726	0	0.00106
3923	200	1	0.866
3924	3347	1	0.881
3925	448	1	0.81
3926	660	1	0.9
3927	409	1	0.925
3928	3799	1	0.861
3929	778	1	0.87
3930	3521	1	0.969
3931	32	1	0.919
3932	2089	1	0.831
3933	2222	1	0.871
3934	1585	1	0.937
3935	2186	1	0.943
3936	2359	1	0.915
3937	1517	1	0.839
3938	613	0	0.000409
3939	1302	1	0.973
3940	1431	1	0.908
3941	3526	0	0.000307
3942	1013	1	0.834
3943	1731	1	0.921
3944	1544	0	0.000316
3945	2131	1	0.831
3946	776	1	0.81
3947	3546	0	0.00117
3948	2295	1	0.9
3949	2056	1	0.972
3950	151	1	0.931
3951	2082	1	0.95
3952	2834	0	0.00124
3953	1784	1	0.876
3954	1993	0	0.00108
3955	2661	0	0.000791
3956	1497	0	0.000646
3957	1770	1	0.825
3958	3318	1	0.904
3959	3239	1	0.984
3960	2890	1	0.935
3961	3157	1	0.868
3962	1481	0	0.000382
3963	3278	1	0.912
3964	2955	1	0.857
3965	1254	0	0.000765
3966	752	1	0.959
3967	766	1	0.931
3968	2134	1	0.889
3969	1196	1	0.901
3970	2830	1	0.914
3971	3050	1	0.911
3972	3130	1	0.908
3973	1520	1	0.863
3974	1548	1	0.944
3975	1465	0	0.000404
3976	1216	0	0.000596
3977	3000	0	0.000375
3978	1271	0	0.0005
3979	3847	1	0.967
3980	72	0	0.000822
3981	3149	1	0.994
3982	3485	1	0.975
3983	1392	1	0.966
3984	527	1	0.933
3985	1490	1	0.906
3986	2139	1	0.859
3987	1603	1	0.993
3988	9	1	0.892
3989	2464	1	0.873
3990	678	1	0.886
3991	1273	1	0.937
3992	1512	1	0.859
3993	2106	1	0.831
3994	1139	1	0.958
3995	791	0	0.00052
3996	883	0	0.000249
3997	3726	1	0.949
3998	1690	1	0.995
3999	1483	0	0.000215
4000	1789	1	0.842
4001	3319	1	0.853
4002	2175	1	0.826
4003	1234	1	0.846
4004	151	1	0.845
4005	1692	1	0.913
4006	3964	0	0.000714
4007	2530	0	0.000584
4008	2344	1	0.824
4009	320	1	0.948
4010	1427	1	0.992
4011	3785	1	0.863
4012	172	1	0.89
4013	3231	1	0.99
4014	3496	1	0.983
4015	1497	1	0.89
4016	3983	1	0.989
4017	703	0	0.000467
4018	3897	1	0.849
4019	85	1	0.986
4020	1214	1	0.869
4021	734	1	0.935
4022	3993	1	0.968
4023	2734	1	0.982
4024	3865	0	0.000675
4025	3015	1	0.906
4026	859	0	0.000426
4027	2059	1	0.972
4028	1164	1	0.928
4029	2614	1	0.903
4030	3680	1	0.841
4031	3845	1	0.853
4032	3983	1	0.801
4033	44	1	0.839
4034	1946	0	0.000544
4035	869	1	0.958
4036	3148	1	0.909
4037	268	1	0.917
4038	3884	1	0.84
4039	3487	1	0.91
4040	3035	1	0.94
4041	3414	1	0.949
4042	2934	0	0.00116
4043	2184	0	0.00125
4044	3567	1	0.872
4045	3571	1	0.964
4046	831	1	0.91
4047	2703	1	0.883
4048	771	1	0.89
4049	3583	1	0.932
4050	954	1	0.923
4051	209	1	0.844
4052	2712	1	0.877
4053	2954	1	0.808
4054	3050	1	0.97
4055	3417	1	0.95
4056	850	1	0.856
4057	2612	1	0.827
4058	1904	1	0.955
4059	571	0	0.000226
4060	2376	1	0.859
4061	368	1	0.969
4062	234	1	0.93
4063	450	0	0.000187
4064	1418	1	0.837
4065	2049	1	0.96
4066	736	1	0.959
4067	2549	0	0.00107
4068	2019	1	0.9
4069	4010	1	0.938
4070	2937	1	0.976
4071	3195	1	0.942
4072	787	1	0.977
4073	3763	1	0.882
4074	1251	1	0.843
4075	1147	1	0.97
4076	3777	1	0.801
4077	2872	1	0.912
4078	4004	1	0.849
4079	2315	1	0.91
4080	3148	1	0.811
4081	1835	1	0.875
4082	81	1	0.842
4083	4039	1	0.84
4084	705	1	0.962
4085	3439	1	0.836
4086	1299	0	0.00038
4087	492	1	0.85
4088	1615	1	0.977
4089	1427	1	0.841
4090	1324	1	0.838
4091	1950	1	0.861
4092	2511	1	0.912
4093	3558	0	0.00104
4094	703	1	0.817
4095	430	1	0.819
4096	625	1	0.856
4097	1545	1	0.897
4098	3904	0	0.000926
4099	2008	0	0.00105
4100	2935	1	0.972
4101	3754	0	0.000523
4102	1335	1	0.858
4103	4040	1	0.82
4104	1599	1	0.846
4105	2250	1	0.823
4106	1342	1	0.894
4107	350	1	0.964
4108	920	1	0.954
4109	987	1	0.924
4110	1174	1	0.827
4111	4051	1	0.85
4112	2160	1	0.959
4113	1880	0	0.00119
4114	2746	1	0.914
4115	2126	1	0.89
4116	1	1	0.991
4117	1024	1	0.845
4118	1896	1	0.909
4119	824	1	0.972
4120	2389	1	0.916
4121	1208	1	0.892
4122	489	1	0.964
4123	470	1	0.917
4124	845	1	0.989
4125	1030	1	0.841
4126	2955	1	0.803
4127	638	0	0.00103
4128	3434	1	0.849
4129	3674	1	0.866
4130	1226	1	0.822
4131	2312	1	0.817
4132	3005	1	0.823
4133	3204	1	0.91
4134	185	1	0.984
4135	1643	0	0.000641
4136	758	1	0.811
4137	3151	0	0.00106
4138	1121	1	0.832
4139	4099	0	0.000836
4140	3273	1	0.925
4141	797	1	0.93
4142	3309	1	0.958
4143	3488	1	0.836
4144	3864	1	0.951
4145	2202	1	0.913
4146	2485	1	0.948
4147	3608	1	0.934
4148	2244	1	0.832
4149	3309	1	0.896
4150	354	1	0.89
4151	2792	1	1
4152	2663	0	0.00124
4153	354	1	0.925
4154	491	1	0.961
4155	3804	1	0.917
4156	2109	0	0.000473
4157	2921	0	0.000827
4158	3420	1	0.991
4159	581	1	0.841
4160	1714	1	0.915
4161	1288	1	0.941
4162	307	1	0.919
4163	1698	1	0.8
4164	1512	1	0.879
4165	2724	1	0.926
4166	121	1	0.926
4167	581	1	0.925
4168	2772	1	0.874
4169	833	1	0.976
4170	2234	0	0.000297
4171	2513	0	0.00097
4172	426	1	0.928
4173	1075	1	0.846
4174	241	1	0.889
4175	1312	1	0.838
4176	2264	1	0.969
4177	2474	0	0.000838
4178	144	1	0.803
4179	776	1	0.955
4180	793	1	0.88
4181	1666	1	0.87
4182	1880	1	0.831
4183	1078	1	0.877
4184	673	1	0.855
4185	2875	1	0.963
4186	301	1	0.882
4187	2816	1	0.971
4188	2732	0	0.000993
4189	511	1	0.804
4190	1046	1	0.868
4191	262	0	0.000951
4192	1028	1	0.859
4193	1614	1	0.966
4194	4088	1	0.874
4195	2135	0	0.000379
4196	3807	1	0.921
4197	3373	1	0.811
4198	3465	1	0.915
4199	3822	1	0.996
4200	1785	1	0.827
4201	761	1	0.913
4202	2354	1	0.903
4203	3026	1	0.861
4204	512	1	0.869
4205	3254	1	0.977
4206	3829	1	0.936
4207	2439	1	0.805
4208	2565	1	0.801
4209	3260	1	0.874
4210	637	0	0.000361
4211	440	1	0.999
4212	1653	1	0.863
4213	2230	1	0.8
4214	1044	1	0.939
4215	2595	1	0.946
4216	3311	1	0.878
4217	3192	1	0.882
4218	1195	0	0.000459
4219	2786	1	0.817
4220	73	1	0.876
4221	147	1	0.875
4222	4202	0	0.000617
4223	224	1	0.826
4224	3809	0	0.00098
4225	2046	1	0.994
4226	1836	1	0.906
4227	3059	1	0.92
4228	48	1	0.816
4229	645	1	0.893
4230	3100	1	0.989
4231	4004	1	0.979
4232	145	1	0.82
4233	1775	1	0.86
4234	1493	1	0.801
4235	435	1	0.931
4236	926	1	0.968
4237	3125	1	0.976
4238	3257	0	0.000677
4239	2188	1	0.968
4240	201	1	0.869
4241	1841	1	0.962
4242	2498	1	0.934
4243	2237	1	0.971
4244	1375	1	0.887
4245	3428	1	0.848
4246	1626	0	0.00121
4247	752	1	0.971
4248	2011	1	0.973
4249	1531	1	0.877
4250	3069	0	0.000805
4251	2324	0	0.00023
4252	3090	1	0.914
4253	2057	0	0.000315
4254	2105	1	0.835
4255	3160	1	0.88
4256	629	1	0.91
4257	2663	1	0.959
4258	1394	1	0.938
4259	3088	1	0.832
4260	1494	1	0.857
4261	1436	0	0.000647
4262	796	1	0.811
4263	2193	1	0.846
4264	902	1	0.815
4265	781	1	0.873
4266	3495	1	0.953
4267	2075	1	0.939
4268	1194	1	0.844
4269	1429	0	0.000666
4270	2849	0	0.00123
4271	611	1	0.864
4272	2205	0	0.00111
4273	1332	1	0.832
4274	2082	0	0.000237
4275	170	1	0.982
4276	780	1	0.943
4277	2373	1	0.941
4278	2431	1	0.895
4279	1161	1	0.825
4280	1486	1	0.896
4281	3697	1	0.859
4282	2519	0	0.000202
4283	2895	1	0.884
4284	4076	0	0.000741
4285	4161	1	0.816
4286	576	1	0.977
4287	1676	0	0.00116
4288	1277	1	0.964
4289	2755	1	0.943
4290	866	1	0.988
4291	2468	1	0.865
4292	2025	1	0.975
4293	3284	1	0.892
4294	3157	1	0.903
4295	1512	1	0.934
4296	2116	1	0.828
4297	344	1	0.976
4298	1963	1	0.942
4299	86	1	0.915
4300	1654	1	0.854
4301	3425	1	0.907
4302	1699	1	0.949
4303	108	1	0.933
4304	4154	1	0.997
4305	1660	1	0.934
4306	2172	1	0.859
4307	4072	1	0.962
4308	2310	0	0.00124
4309	1222	1	0.894
4310	1163	1	0.859
4311	2922	1	0.969
4312	171	1	0.968
4313	2620	1	0.817
4314	1913	1	0.887
4315	2174	0	0.000468
4316	2346	1	0.851
4317	2400	1	0.82
4318	3334	1	0.883
4319	2535	1	0.971
4320	291	1	0.809
4321	913	1	0.94
4322	641	0	0.00057
4323	4062	0	0.000924
4324	3639	0	0.000591
4325	4071	1	0.865
4326	4268	1	0.926
4327	1946	0	0.0004
4328	1066	1	0.976
4329	4327	1	0.91
4330	3691	1	0.917
4331	3518	1	0.836
4332	574	1	0.923
4333	1733	1	0.803
4334	1457	1	0.806
4335	2567	1	0.931
4336	2220	0	0.00026
4337	4263	1	0.839
4338	1936	1	0.814
4339	2168	1	0.812
4340	693	0	0.00114
4341	1790	1	0.827
4342	341	1	0.906
4343	53	1	0.88
4344	2267	1	0.974
4345	2302	0	0.000726
4346	3475	1	0.918
4347	2366	1	0.865
4348	1041	0	0.000551
4349	3853	0	0.00115
4350	381	1	0.981
4351	242	0	0.000172
4352	4335	1	0.952
4353	971	1	0.888
4354	2155	0	0.000233
4355	3281	1	0.935
4356	204	0	0.0009
4357	2499	0	0.000672
4358	3067	1	0.956
4359	3895	1	0.83
4360	1967	0	0.000712
4361	17	1	0.832
4362	687	1	0.975
4363	2334	0	0.000618
4364	3859	1	0.85
4365	1108	1	0.818
4366	4190	1	0.956
4367	712	0	0.000215
4368	2624	0	0.000561
4369	3392	1	0.959
4370	2122	1	0.985
4371	2614	1	0.852
4372	1435	0	0.00112
4373	1241	1	0.903
4374	2573	1	0.909
4375	3328	1	0.875
4376	3719	1	0.972
4377	183	1	0.971
4378	1451	1	0.955
4379	3205	1	0.932
4380	1018	0	0.000253
4381	343	1	0.883
4382	3085	1	0.91
4383	4031	1	0.934
4384	1253	1	0.847
4385	2105	1	0.897
4386	391	1	0.966
4387	187	1	0.833
4388	3327	1	0.926
4389	3750	1	0.987
4390	641	1	0.923
4391	3885	1	0.808
4392	1336	1	0.826
4393	784	1	0.852
4394	3980	0	0.00112
4395	4253	1	0.986
4396	2263	1	0.926
4397	3162	1	0.833
4398	984	1	0.954
4399	3347	1	0.976
4400	1069	1	0.809
4401	3665	1	0.89
4402	3501	1	0.841
4403	2909	1	0.933
4404	1294	1	0.984
4405	726	1	0.831
4406	1133	1	0.961
4407	727	1	0.9
4408	1173	0	0.00042
4409	3903	1	0.831
4410	1015	1	0.927
4411	4146	1	0.827
4412	4149	1	0.805
4413	679	1	0.855
4414	2758	1	0.823
4415	515	1	0.825
4416	201	1	0.909
4417	684	1	0.948
4418	1271	1	0.844
4419	3778	1	0.812
4420	3436	1	0.905
4421	3129	1	0.922
4422	520	1	0.81
4423	2782	1	0.897
4424	2794	1	0.818
4425	1408	1	0.831
4426	1609	1	0.918
4427	2046	1	0.864
4428	852	0	0.000941
4429	4178	1	0.842
4430	2110	1	0.985
4431	4059	1	0.954
4432	4033	1	0.823
4433	890	1	0.841
4434	4221	1	0.836
4435	3297	1	1
4436	2246	1	0.904
4437	3241	1	0.977
4438	2965	1	0.812
4439	1170	1	0.895
4440	1337	1	0.998
4441	3326	1	0.942
4442	1484	1	0.98
4443	1589	1	0.929
4444	15	1	0.889
4445	2801	1	0.979
4446	3509	1	0.976
4447	3784	1	0.968
4448	1763	1	0.957
4449	124	1	0.983
4450	723	1	0.911
4451	1272	1	0.983
4452	1907	1	0.91
4453	4037	1	0.835
4454	2719	0	0.00107
4455	1802	1	0.865
4456	3521	1	0.878
4457	510	1	0.93
4458	1819	1	0.881
4459	1049	0	0.000838
4460	3084	1	0.823
4461	651	0	0.00124
4462	2515	1	0.956
4463	222	1	0.849
4464	1610	0	0.00111
4465	921	1	0.936
4466	2796	1	0.989
4467	96	1	0.986
4468	1925	1	0.876
4469	164	1	0.975
4470	4099	1	0.91
4471	861	1	0.908
4472	2112	1	0.841
4473	1916	1	0.822
4474	38	1	0.837
4475	643	1	0.802
4476	4176	1	0.841
4477	3240	1	0.913
4478	447	1	0.898
4479	3463	1	0.925
4480	2573	1	0.974
4481	3706	1	0.928
4482	1260	1	0.967
4483	3483	0	0.000532
4484	53	0	0.00127
4485	2693	1	0.868
4486	3120	1	0.971
4487	3475	1	0.964
4488	2394	1	0.952
4489	1394	1	0.84
4490	2127	1	0.986
4491	3674	1	0.873
4492	1370	1	0.954
4493	2977	1	0.844
4494	2917	1	0.901
4495	4065	1	0.971
4496	1000	1	0.953
4497	2622	1	0.973
4498	3557	1	0.985
4499	2890	1	0.828
4500	3944	1	0.963
4501	4297	1	0.956
4502	2594	1	0.839
4503	10	1	0.829
4504	4048	1	0.881
4505	4343	1	0.932
4506	3402	1	0.99
4507	3053	1	0.815
4508	498	1	0.905
4509	1605	1	0.999
4510	1466	1	0.814
4511	1073	1	0.879
4512	1965	0	0.000869
4513	2613	1	0.855
4514	4202	1	0.928
4515	1888	1	0.885
4516	19	1	0.849
4517	2786	1	0.842
4518	3202	1	0.873
4519	4	1	0.878
4520	1576	1	0.924
4521	1738	0	0.000692
4522	469	1	0.942
4523	1636	0	0.000388
4524	3155	0	0.00102
4525	2432	1	0.96
4526	2204	1	0.966
4527	3527	1	0.821
4528	532	0	0.00112
4529	3029	1	0.983
4530	7	1	0.911
4531	2195	0	0.000714
4532	3270	0	0.000449
4533	236	1	1
4534	183	1	0.916
4535	3601	0	0.00122
4536	1695	0	0.000633
4537	1981	1	0.829
4538	3146	0	0.000784
4539	1878	0	0.000549
4540	2147	1	0.883
4541	1075	1	0.829
4542	124	1	0.892
4543	3608	1	0.812
4544	158	1	0.906
4545	2861	1	0.813
4546	2457	1	0.942
4547	4087	1	0.867
4548	3244	1	0.976
4549	2633	1	0.928
4550	1750	1	0.953
4551	2872	1	0.804
4552	2535	1	0.998
4553	133	1	0.886
4554	4264	1	0.988
4555	1092	1	0.888
4556	1212	1	0.94
4557	2662	1	0.879
4558	4485	1	0.926
4559	853	0	0.00107
4560	470	1	0.951
4561	3767	1	0.848
4562	2477	1	0.921
4563	775	1	0.832
4564	4080	1	0.814
4565	600	1	0.841
4566	3258	1	0.871
4567	2947	1	0.986
4568	827	1	0.968
4569	1890	0	0.00067
4570	2274	1	0.858
4571	1070	1	0.932
4572	1652	1	0.824
4573	1451	0	0.00102
4574	2293	0	0.000692
4575	1942	1	0.809
4576	2485	1	0.934
4577	1912	0	0.000277
4578	3465	1	0.83
4579	603	1	0.918
4580	361	1	0.85
4581	1508	0	0.000734
4582	2767	0	0.00097
4583	4309	1	0.979
4584	3732	1	0.95
4585	3376	1	0.822
4586	1771	1	0.912
4587	2484	1	0.816
4588	1372	0	0.000977
4589	4578	1	0.982
4590	1700	1	0.873
4591	2066	1	0.805
4592	941	1	0.873
4593	3247	0	0.000833
4594	778	1	0.927
4595	2115	0	0.000281
4596	3107	1	0.898
4597	4578	1	0.918
4598	509	1	0.893
4599	1061	1	0.905
4600	958	0	0.00111
4601	382	0	0.0011
4602	213	1	0.924
4603	2022	1	0.806
4604	4597	0	0.000207
4605	1270	1	0.985
4606	3235	1	0.827
4607	315	0	0.000674
4608	2559	0	0.000453
4609	2944	1	0.919
4610	1457	1	0.861
4611	1444	1	0.819
4612	2144	0	0.0011
4613	1965	1	0.818
4614	3925	1	0.806
4615	1609	0	0.00106
4616	2918	1	0.861
4617	2113	1	0.825
4618	729	0	0.000584
4619	3855	1	0.846
4620	1247	1	0.912
4621	87	1	0.869
4622	406	1	0.858
4623	2693	1	0.91
4624	1704	0	0.00101
4625	1662	1	0.874
4626	25	1	0.892
4627	3985	1	0.925
4628	2020	1	0.899
4629	3575	1	0.822
4630	775	1	0.861
4631	2753	1	0.829
4632	1610	1	0.862
4633	1773	1	0.813
4634	540	1	0.953
4635	3371	1	0.944
4636	2944	1	0.975
4637	876	1	0.819
4638	3803	1	0.971
4639	1825	1	0.899
4640	2710	1	0.967
4641	566	0	0.000887
4642	2281	1	0.964
4643	4315	1	0.828
4644	81	1	0.838
4645	2459	1	0.913
4646	1282	0	0.0012
4647	775	1	0.947
4648	1582	1	0.9
4649	891	1	0.997
4650	3559	0	0.000494
4651	119	1	0.928
4652	1906	1	0.81
4653	2088	1	0.908
4654	3796	1	0.826
4655	1914	1	0.957
4656	1341	1	0.985
4657	4581	1	0.927
4658	4208	1	0.955
4659	1930	1	0.817
4660	2813	1	0.92
4661	1583	0	0.00115
4662	4299	1	0.89
4663	2771	1	0.821
4664	4148	1	0.896
4665	1493	1	0.964
4666	3850	1	0.872
4667	760	1	0.935
4668	1996	0	0.00084
4669	4414	1	0.976
4670	2237	1	0.95
4671	3868	1	0.971
4672	1302	1	0.857
4673	1635	1	0.804
4674	3395	1	0.892
4675	2081	1	0.927
4676	2679	1	0.987
4677	2601	1	0.976
4678	629	1	0.864
4679	3988	1	0.806
4680	2359	1	0.829
4681	3546	1	0.885
4682	459	1	0.983
4683	592	1	0.987
4684	3650	1	0.942
4685	854	1	0.807
4686	3426	1	0.937
4687	1265	0	0.00122
4688	843	1	0.953
4689	4354	1	0.922
4690	2557	1	0.838
4691	514	1	0.834
4692	3596	1	0.987
4693	3032	1	0.801
4694	783	1	0.957
4695	1728	1	0.965
4696	4669	0	0.000879
4697	4250	1	0.994
4698	4486	1	0.871
4699	3442	1	0.942
4700	2747	0	0.000604
4701	2034	1	0.847
4702	4699	1	0.92
4703	4132	1	0.935
4704	927	1	0.902
4705	392	1	0.836
4706	2875	1	0.803
4707	396	1	0.945
4708	2120	1	0.997
4709	4396	1	0.931
4710	3219	1	0.874
4711	1752	1	0.914
4712	2332	1	0.884
4713	4674	1	0.931
4714	2768	1	0.961
4715	1254	1	0.888
4716	3508	0	0.000209
4717	1663	1	0.963
4718	247	1	0.909
4719	3218	1	0.825
4720	3379	1	0.859
4721	2895	1	0.829
4722	1353	1	0.977
4723	3279	1	0.936
4724	3139	0	0.00109
4725	116	0	0.0011
4726	3101	1	0.804
4727	1337	1	0.937
4728	1911	1	0.949
4729	2028	0	0.000882
4730	2296	1	0.865
4731	4454	1	0.836
4732	3561	1	0.991
4733	4028	0	0.000477
4734	327	1	0.92
4735	590	1	0.886
4736	1177	1	0.838
4737	2344	0	0.00087
4738	1334	1	0.974
4739	699	1	0.948
4740	4575	1	0.948
4741	824	1	0.948
4742	387	1	0.873
4743	2637	1	0.964
4744	1283	1	0.851
4745	2733	1	0.982
4746	2448	0	0.000814
4747	293	1	0.871
4748	4396	1	0.888
4749	3013	1	0.802
4750	144	1	0.845
4751	2281	1	0.836
4752	1966	1	0.822
4753	4255	1	0.976
4754	4176	1	0.975
4755	3861	1	0.918
4756	3640	1	0.806
4757	680	1	0.905
4758	4160	1	0.975
4759	3382	1	0.922
4760	4447	1	0.807
4761	2865	1	0.953
4762	4267	1	0.996
4763	2605	1	0.947
4764	3711	1	0.81
4765	4571	1	0.961
4766	402	1	0.938
4767	557	1	0.898
4768	640	1	0.863
4769	1619	1	0.944
4770	506	1	0.958
4771	1633	1	0.928
4772	3890	1	0.968
4773	3472	0	0.000532
4774	469	1	0.98
4775	3663	1	0.846
4776	2381	1	0.81
4777	1397	0	0.001
4778	793	1	0.831
4779	2885	1	0.941
4780	2102	1	0.846
4781	4502	1	0.864
4782	1502	1	0.847
4783	3882	1	0.843
4784	4306	1	0.925
4785	134	1	0.84
4786	3492	1	0.898
4787	3051	1	0.976
4788	1979	1	0.868
4789	2084	1	0.999
4790	1756	1	0.939
4791	1765	1	0.909
4792	3355	1	0.815
4793	546	1	0.974
4794	2908	1	0.8
4795	3172	1	0.913
4796	667	1	0.931
4797	4496	1	0.98
4798	4243	1	0.973
4799	29	1	0.913
4800	1874	1	0.977
4801	1547	0	0.00112
4802	2679	0	0.000785
4803	3804	1	0.925
4804	1055	1	0.873
4805	2750	1	0.918
4806	4127	1	0.837
4807	82	1	0.813
4808	3371	1	0.836
4809	570	0	0.000298
4810	2608	1	0.954
4811	3542	1	0.819
4812	3589	1	0.852
4813	4375	1	0.817
4814	3251	1	0.814
4815	266	1	0.901
4816	852	1	0.842
4817	392	1	0.939
4818	1482	1	0.946
4819	2744	1	0.839
4820	1605	1	0.885
4821	1541	1	0.954
4822	1008	1	0.872
4823	1014	1	0.923
4824	597	1	0.968
4825	3944	1	0.848
4826	4485	1	0.809
4827	1401	1	0.82
4828	1428	0	0.000695
4829	82	1	0.94
4830	795	1	0.858
4831	1461	1	0.908
4832	3916	1	0.887
4833	452	1	0.805
4834	4763	1	0.849
4835	281	1	0.944
4836	1321	1	0.976
4837	3083	1	0.883
4838	1604	1	0.986
4839	3723	1	0.857
4840	2031	1	0.85
4841	3645	1	0.803
4842	1434	1	0.967
4843	4826	1	0.87
4844	172	1	0.925
4845	544	1	0.928
4846	4084	1	0.887
4847	3524	1	0.939
4848	2613	1	0.807
4849	1982	1	0.891
4850	2885	1	0.973
4851	3309	1	0.905
4852	1585	1	0.965
4853	1601	1	0.98
4854	3963	1	0.952
4855	1192	1	0.833
4856	4415	1	0.971
4857	4828	1	0.995
4858	3370	1	0.84
4859	3612	1	0.847
4860	2823	1	0.888
4861	1201	1	0.951
4862	712	0	0.000626
4863	3250	1	0.891
4864	1048	1	0.892
4865	1731	1	0.975
4866	2412	1	0.821
4867	4569	1	0.839
4868	2505	1	0.802
4869	3721	1	0.997
4870	1058	1	0.864
4871	4855	1	0.976
4872	3123	1	0.818
4873	3525	1	0.835
4874	1451	1	0.843
4875	1279	1	0.968
4876	3559	1	0.937
4877	501	1	0.891
4878	1365	1	0.84
4879	3812	1	0.929
4880	3611	1	0.878
4881	1885	1	0.899
4882	1459	1	0.904
4883	3582	0	0.000845
4884	103	1	0.994
4885	4238	1	0.82
4886	1955	1	0.933
4887	4142	0	0.00121
4888	3756	1	0.833
4889	4512	1	0.872
4890	2782	1	0.929
4891	3282	1	0.986
4892	2565	1	0.893
4893	2345	0	0.000184
4894	797	1	0.906
4895	2876	1	0.814
4896	460	1	0.829
4897	689	1	0.877
4898	584	1	0.915
4899	2458	1	0.993
4900	2524	1	0.847
4901	3034	1	0.975
4902	2988	1	0.929
4903	127	1	0.947
4904	2175	0	0.00034
4905	3726	1	0.832
4906	283	1	0.911
4907	845	1	0.887
4908	752	0	0.00119
4909	404	1	0.946
4910	3833	1	0.805
4911	4274	1	0.898
4912	1212	1	0.817
4913	3076	0	0.00108
4914	2974	1	0.918
4915	1623	1	0.963
4916	992	1	0.963
4917	2731	1	0.928
4918	3276	1	0.817
4919	2747	1	0.804
4920	4385	0	0.000474
4921	3238	1	0.88
4922	210	0	0.000688
4923	4473	1	0.886
4924	3304	1	0.921
4925	1930	0	0.000188
4926	3965	1	0.876
4927	2444	1	0.949
4928	2585	1	0.841
4929	2662	0	0.000193
4930	770	1	0.863
4931	496	1	0.882
4932	470	1	0.923
4933	1343	1	0.962
4934	172	1	0.892
4935	1600	1	0.879
4936	3335	0	0.000519
4937	4137	1	0.823
4938	3862	1	0.844
4939	3605	1	0.968
4940	4636	1	0.833
4941	930	1	0.961
4942	1212	1	0.819
4943	4514	1	0.974
4944	3866	1	0.831
4945	1330	1	0.962
4946	799	1	0.82
4947	529	1	0.874
4948	1275	1	0.876
4949	851	1	0.888
4950	1058	1	0.985
4951	3227	1	0.877
4952	1139	0	0.000366
4953	1898	1	0.926
4954	4687	1	0.956
4955	3663	1	0.893
4956	1097	1	0.833
4957	3860	1	0.912
4958	4503	1	0.942
4959	1487	1	0.858
4960	840	1	0.845
4961	1838	1	0.93
4962	3694	1	0.858
4963	4218	1	0.831
4964	4585	1	0.987
4965	1422	1	0.835
4966	1301	0	0.00109
4967	4420	1	0.889
4968	1422	1	0.827
4969	1579	1	0.838
4970	367	1	0.834
4971	4302	1	0.873
4972	4930	1	0.811
4973	672	1	0.952
4974	923	1	0.813
4975	1875	0	0.000768
4976	1967	1	0.967
4977	612	1	0.949
4978	4035	1	0.956
4979	1245	1	0.823
4980	156	1	0.963
4981	2388	1	0.941
4982	3350	1	0.872
4983	452	1	0.906
4984	2780	1	0.835
4985	208	1	0.956
4986	809	0	0.000466
4987	166	0	0.000424
4988	4552	1	0.961
4989	3608	1	0.851
4990	1032	1	0.835
4991	3708	1	0.963
4992	1067	1	0.954
4993	2734	1	0.99
4994	801	1	0.807
4995	1392	1	0.919
4996	406	1	0.962
4997	3869	1	0.919
4998	603	1	0.953
4999	287	1	0.91
2629	1965	1	0.938
3237	2771	1	0.895
2691	3041	1	0.866
1139	1102	1	0.836
2837	604	1	0.808
2795	4559	1	0.9
3670	2470	1	0.977
3439	2462	1	0.92
3370	519	1	0.81
4840	2753	0	0.00101
3189	2322	1	0.863
4187	1736	1	0.939
2684	3306	1	0.848
1765	119	1	0.867
1128	441	1	0.874
988	4313	1	0.814
752	4289	1	0.803
4466	1907	1	0.928
3652	814	1	0.974
3467	3725	1	0.83
1729	2489	1	0.882
1900	2748	1	0.966
2801	4998	1	0.846
1405	4168	1	0.898
207	2667	1	0.836
1721	1194	1	0.958
1690	2355	1	0.99
151	4890	1	0.899
225	2459	1	0.823
522	579	1	0.808
188	4370	1	0.985
102	3708	1	0.958
2528	3728	1	0.88
3664	983	1	0.942
2263	4100	0	0.00121
1122	1857	0	0.000482
367	2378	1	0.809
3555	3424	1	0.971
2500	3048	1	0.923
2090	54	1	0.849
2813	3322	1	0.904
2359	2515	1	0.988
243	2710	1	0.83
1864	1721	1	0.978
1545	2519	1	0.826
3037	4286	0	0.00106
4143	627	0	0.000521
1618	4932	0	0.000661
4814	2679	0	0.00114
3096	3564	1	0.966
2413	832	1	0.915
2227	4061	1	0.977
828	174	1	0.983
3274	1777	1	0.803
1836	1287	1	0.936
4148	1741	1	0.939
3887	4328	0	0.00049
4007	1546	0	0.000172
1824	203	1	0.949
4935	753	1	0.961
582	3247	0	0.00114
4663	4535	1	0.985
3037	1738	1	0.933
108	2449	1	0.929
2191	4877	0	0.000546
2710	900	0	0.00102
3330	1474	1	0.925
2793	4987	1	0.91
135	4424	1	0.974
2384	294	0	0.00127
2824	4924	1	0.958
2916	3952	1	0.82
2090	4595	1	0.82
284	2155	0	0.000172
1610	2117	0	0.00123
3407	203	1	0.989
3475	1879	1	0.835
3812	1099	0	0.000968
951	4154	0	0.000699
3969	2077	1	0.93
1338	4905	1	0.81
2318	3257	1	0.904
4772	3265	1	0.812
19	4311	1	0.845
692	3604	1	0.869
908	2217	1	0.83
2028	3884	0	0.00108
1140	3160	1	0.997
2018	4677	1	0.983
651	4772	1	0.925
3709	1990	1	0.889
418	3421	1	0.833
960	1516	1	0.843
2762	1318	0	0.0002
1217	4403	1	0.801
308	4204	1	0.982
415	3052	0	0.000508
4720	3798	1	0.841
1944	2150	1	0.999
2362	1209	1	0.925
3778	2577	1	0.961
748	191	1	0.868
1847	1881	1	0.91
1713	1288	1	0.921
1079	1007	0	0.000658
726	836	1	0.936
997	4636	1	0.976
439	4925	1	0.933
2438	4945	1	0.94
4365	456	1	0.87
2054	1945	1	0.906
2736	1298	1	0.892
4036	4294	0	0.000563
368	4247	1	0.926
1101	3933	1	0.916
797	4670	1	0.812
3861	3786	1	0.89
481	2367	1	0.993
2312	4856	1	0.824
4214	178	1	0.999
2495	2200	1	0.81
2339	3225	1	0.957
2929	4125	1	0.824
2523	90	0	0.000277
4780	3844	1	0.905
1907	4596	1	0.838
4524	3771	1	0.902
2056	3959	1	0.85
1829	1332	0	0.000802
4781	305	1	0.829
4911	3047	1	0.846
949	3654	1	0.827
1579	3506	1	0.858
659	1224	1	0.947
216	1427	1	0.816
2775	1644	1	0.807
3643	1133	1	0.988
4698	1873	1	0.908
229	22	1	0.95
275	3970	1	0.995
3544	4316	1	0.953
1173	2150	1	0.842
2490	1824	1	0.937
3313	3206	1	0.971
3109	2398	1	0.862
4665	167	1	0.984
2404	1948	1	0.828
3110	938	1	0.814
1280	1618	0	0.000206
1536	3145	1	0.907
1741	2657	1	0.953
2351	2193	1	0.817
4234	3314	1	0.84
4520	3524	1	0.914
259	2449	1	0.897
3089	4138	1	0.936
3821	3035	1	0.945
966	1619	1	0.864
2529	930	1	0.813
1969	3194	1	0.96
4720	87	1	0.856
4602	2647	1	0.885
1983	2693	1	0.933
3699	3700	1	0.989
4971	4599	1	0.831
4718	4794	0	0.000469
2214	4778	1	0.865
4408	770	1	0.856
3481	4846	1	0.899
3693	830	1	0.82
399	913	1	0.885
266	1772	1	0.823
1229	84	1	0.871
3352	627	1	0.977
3115	569	1	0.928
1852	2440	1	0.881
655	1497	1	0.865
4733	971	1	0.916
200	4495	0	0.00089
514	2227	1	0.881
2719	2560	0	0.00114
3285	286	0	0.000362
567	1493	1	0.897
3766	3533	1	0.899
4925	2466	1	0.938
2789	673	0	0.000457
4783	502	1	0.991
2007	2694	1	0.937
3646	3950	1	0.979
7	2816	1	0.927
4565	504	1	0.891
3224	3498	1	0.901
262	4757	1	0.806
4911	3672	0	0.0007
3184	2954	1	0.805
1775	4149	1	0.848
2636	1561	0	0.00101
2702	2358	1	0.956
3406	3196	1	0.864
4505	2389	1	0.9
469	1985	1	0.83
3958	444	1	0.819
2886	4724	0	0.000678
4839	3105	1	0.857
1393	2024	1	0.996
569	3846	1	0.895
3513	3837	0	0.00118
3410	685	1	0.882
308	4893	1	0.885
3313	4878	1	0.839
1112	2174	0	0.000571
1382	957	1	0.815
1268	2223	1	0.807
3794	981	1	0.806
1121	4980	1	0.992
4273	2225	1	0.957
4444	3092	1	0.868
15	675	1	0.999
4229	4569	0	0.000952
3018	2072	1	0.892
4572	3867	0	0.000622
2329	1625	1	0.897
4453	4273	1	0.882
1900	4467	1	0.924
2008	3032	0	0.000474
1428	1582	1	0.87
887	1107	1	0.925
4333	1449	1	0.9
2494	4842	1	0.812
3695	2947	1	0.882
1473	3615	1	0.927
2734	2242	1	0.853
3020	2118	1	0.994
2098	4631	0	0.000709
1296	1450	1	0.936
381	1217	1	0.842
4683	347	1	0.841
663	857	1	0.951
4042	3240	1	0.972
4831	1116	1	0.864
4843	3910	0	0.000279
4076	4865	1	0.832
4120	400	0	0.000952
209	1183	1	0.877
3118	3670	0	0.00121
3718	3747	1	0.962
1763	3205	1	0.902
367	1984	0	0.00112
1416	4024	1	1
3953	3774	1	0.936
2296	4565	1	0.858
3043	1642	1	0.947
2369	4876	1	0.901
2949	4786	1	0.984
1276	2276	1	0.904
2775	3390	1	0.922
1158	4112	1	0.839
1026	1049	1	0.933
958	681	1	0.988
3103	3457	1	0.971
1041	1776	1	0.803
3374	4925	1	0.864
2934	1572	0	0.00106
1457	4980	1	0.876
4822	3278	1	0.888
4176	464	1	0.935
1563	4830	1	0.963
468	1678	1	0.918
3920	489	1	0.889
899	2578	1	0.894
2071	1123	1	0.816
450	471	0	0.000413
4020	4932	1	0.845
4248	4667	0	0.000403
3063	1649	1	0.882
2399	4626	0	0.000976
915	4347	1	0.885
4210	2842	1	0.918
1966	4714	1	0.986
3304	1913	1	0.835
1652	2896	1	0.854
4872	4927	0	0.000516
974	778	1	0.855
58	4782	1	0.864
4832	1239	1	0.958
1403	3156	1	0.887
2552	1203	1	0.809
4356	4278	1	0.824
3927	4714	1	0.839
1788	519	1	0.846
4565	2489	1	0.944
1718	285	1	0.949
1741	2514	1	0.877
2170	4511	1	0.887
1253	4285	1	0.997
2429	3589	1	0.861
4205	4992	1	0.806
4674	4149	0	0.00114
4158	2759	1	0.901
2949	891	0	0.000468
505	1537	1	0.957
1456	708	1	0.895
3597	4312	1	0.964
4933	2260	1	0.935
1305	179	1	0.9
373	4713	1	0.826
1935	4683	1	0.919
975	1300	1	0.83
1425	3867	1	0.994
4610	1489	0	0.000716
4512	181	1	0.845
1439	1370	1	0.915
2815	4641	1	0.837
2395	3309	1	0.827
2251	912	1	0.931
4042	1766	1	0.936
1285	1003	1	0.931
4539	2087	1	0.817
2363	2513	1	0.934
3439	912	1	0.881
4096	4223	1	0.991
1644	1405	1	0.96
1093	994	1	0.95
4873	1162	1	0.868
689	2525	0	0.000579
2014	2835	1	0.848
3671	3649	1	0.941
3687	3233	0	0.000294
2856	2028	1	0.904
1057	3522	1	0.872
2210	1541	0	0.000712
4477	2211	1	0.8
4005	2592	1	0.973
2059	1215	0	0.00047
1664	2232	0	0.000707
2812	3395	1	0.9
3078	4090	1	0.943
4520	4999	1	0.921
3538	4217	1	0.946
4198	4479	1	0.846
2612	2327	1	0.952
2420	2846	1	0.937
3384	258	1	0.833
248	4221	0	0.000237
289	2776	1	0.823
657	1075	1	0.802
3373	3980	1	0.901
4694	3886	1	0.948
573	3122	1	0.838
3888	4726	1	0.961
563	834	1	0.978
4894	3056	1	0.855
3296	2815	1	0.821
842	4376	0	0.000219
1563	4722	0	0.000501
1402	1638	0	0.000874
506	3683	1	0.913
2329	381	1	0.901
194	4043	0	0.000806
1185	360	1	0.874
1085	1343	1	0.873
1804	4663	1	0.967
4540	1914	1	0.838
4881	2781	1	0.895
3389	902	0	0.000792
2318	129	1	0.839
2991	1737	1	0.83
4350	3975	1	0.883
766	2076	1	0.841
4675	70	1	0.823
738	132	1	0.987
986	3343	1	0.925
324	4401	1	0.993
2043	1503	1	0.931
60	3571	1	0.992
2315	2495	1	0.829
1251	3018	1	0.861
3459	368	1	0.987
4681	1936	1	0.902
4563	4508	1	0.986
2087	2704	1	0.95
1933	2321	1	0.853
1845	1214	0	0.000505
740	3378	1	0.978
3208	3603	1	0.822
286	3068	1	0.899
2882	3503	1	0.989
3685	1237	1	0.904
4855	3845	1	0.809
3270	4177	1	0.904
925	4884	1	0.99
3346	3368	1	0.934
520	3561	1	0.983
2954	611	1	0.911
1752	4238	1	0.815
4112	1657	1	0.941
2910	3566	0	0.00109
1236	2915	1	0.909
2872	3720	1	0.9
3579	1421	1	0.801
2632	4105	1	0.994
1418	815	1	1
4569	283	1	0.82
1690	4879	1	0.943
725	4782	1	0.85
1305	2183	1	0.84
2108	312	1	0.95
3279	449	1	0.953
1870	3005	1	0.952
3993	3078	1	0.887
1723	4067	0	0.000835
3945	3543	1	0.919
24	295	1	0.839
2639	852	1	0.935
1880	1993	1	0.942
3330	3287	1	0.825
4165	2892	1	0.927
4004	3109	1	0.892
497	3456	1	0.811
1146	3514	1	0.965
3663	3488	1	0.874
316	512	0	0.000695
882	695	0	0.000318
2599	1041	0	0.000901
2719	3515	1	0.916
2698	1347	1	0.995
3266	950	1	0.878
3388	1031	1	0.982
1700	4956	1	0.894
666	486	0	0.000181
2184	2273	1	0.827
3991	2529	1	0.83
3842	4470	1	0.867
3446	3264	1	0.89
1236	265	1	0.807
124	1707	1	0.943
1245	3182	1	0.975
2739	3505	0	0.000532
4185	1691	1	0.916
860	602	1	0.949
1065	3883	1	0.842
621	1026	1	0.978
4956	1144	1	0.931
1772	4001	1	0.942
3775	491	1	0.921
2738	4994	1	0.885
1317	532	1	0.802
2302	743	1	0.818
3001	672	1	0.974
156	2821	1	0.931
325	3849	1	0.841
2458	3365	0	0.000302
1552	2134	1	0.902
91	1137	0	0.000745
1368	3253	1	0.963
375	115	1	0.985
863	4092	1	0.886
4088	4995	1	0.883
2743	1134	1	0.851
1331	673	1	0.853
150	3460	1	0.838
4445	730	1	0.914
4950	483	1	0.969
613	2229	1	0.968
2717	3844	1	0.907
869	4128	1	0.991
4637	4376	1	0.877
765	2538	1	0.831
1900	205	1	0.952
2045	288	0	0.000915
935	1328	1	0.954
1686	910	1	0.838
1264	608	1	0.998
3308	4373	0	0.00087
3044	3607	1	0.854
75	509	1	0.903
4676	2896	1	0.908
3342	2672	1	0.825
4751	2519	1	0.887
4427	1764	1	0.948
3581	592	1	0.982
926	3597	0	0.000682
4874	2902	1	0.809
4171	592	1	0.935
3329	3264	1	0.965
3285	4934	1	0.868
3208	2862	1	0.882
2594	72	1	0.994
524	1173	1	0.922
4155	2390	1	0.963
2215	206	1	0.813
3453	2721	1	0.948
2258	4637	1	0.919
3553	1768	1	0.856
4270	3162	1	0.928
776	2260	1	0.946
4251	1515	1	0.893
2343	4379	0	0.000817
3857	1077	1	0.818
1892	1163	1	0.832
125	140	1	0.801
1580	2874	1	0.808
4142	2519	0	0.000663
3489	2569	1	0.901
1628	4894	1	0.948
2493	2088	1	0.933
987	1327	1	0.951
2005	1790	1	0.848
339	22	1	0.933
1617	2677	0	0.00122
3832	688	0	0.00118
4435	1050	1	0.912
4308	3773	1	0.872
2246	2153	1	0.991
1746	1385	1	0.991
2201	3931	1	0.965
3681	2244	1	0.801
3028	3593	1	0.897
4604	4979	1	0.909
3486	1022	1	0.861
2764	3802	1	0.879
3088	2984	1	0.94
4609	494	1	0.879
762	3550	1	0.938
4218	3782	1	0.97
4383	4175	0	0.00101
225	652	1	0.885
4037	2593	1	0.968
3166	1012	1	0.923
2549	3944	1	0.986
1765	3072	0	0.000738
1301	3864	0	0.000255
113	2885	1	0.821
2353	4852	1	0.917
4162	185	1	0.851
49	2009	1	0.911
3171	3066	1	0.905
4676	1793	1	0.97
1317	3010	1	0.986
3184	3053	1	0.875
860	3985	1	0.924
1804	1646	1	0.982
3002	2567	1	0.91
676	1763	1	0.976
3810	1888	1	0.91
2026	900	1	0.86
3459	2493	1	0.953
3433	3788	1	0.821
1045	4225	1	0.899
2922	3985	1	0.89
3592	63	1	0.922
4890	3266	1	0.897
2854	3105	0	0.0012
1876	597	1	0.86
4091	1702	1	0.977
3714	865	1	0.984
1397	239	0	0.00108
4480	4025	1	0.916
3113	2089	0	0.00116
1583	1133	1	0.976
4700	1039	1	0.909
1132	493	0	0.000194
296	3503	1	0.914
1731	1938	1	0.907
1524	9	1	0.877
1455	4586	0	0.00116
277	3377	1	0.908
3366	1125	1	0.962
281	1948	1	0.985
4230	3063	1	0.844
4970	3642	1	0.812
1520	2918	1	0.935
660	325	0	0.00124
4413	1283	1	0.989
4391	3141	1	0.84
753	2171	1	0.912
300	4095	1	0.954
4293	2446	1	0.926
3697	831	1	0.909
2599	2197	1	0.877
4375	1590	0	0.000218
3246	4702	1	0.838
542	2840	1	0.896
4142	1181	1	0.841
4254	898	0	0.00122
3735	2627	1	0.919
2150	4394	1	0.961
4968	3421	1	0.937
2165	3424	1	0.989
1414	1280	1	0.913
4986	1673	1	0.981
3660	1426	1	0.889
3528	4847	1	0.808
4501	1217	1	0.977
3198	3590	1	0.954
2174	2171	1	0.818
4429	712	1	0.966
4039	3336	1	0.981
688	2191	1	0.941
3459	2306	1	0.964
702	301	1	0.883
3885	4653	1	0.983
3380	2957	1	0.994
630	4988	1	0.962
2759	2642	1	0.967
2643	3432	0	0.000958
3598	3713	1	0.859
3539	4727	1	0.869
4320	515	1	0.885
2588	1783	1	0.958
443	4228	1	0.844
4049	1555	0	0.000381
503	487	1	0.839
2580	3495	1	0.98
2572	2269	1	0.85
4531	2251	1	0.809
4892	3278	0	0.00122
2197	4871	1	0.843
422	858	1	0.965
4596	2038	0	0.000483
2304	4104	1	0.846
1178	4817	1	0.929
2090	4573	1	0.975
2074	3434	1	0.984
2285	2835	0	0.00115
256	2994	1	0.946
2464	1145	0	0.00128
421	4911	1	0.905
2789	4752	1	0.925
582	2083	1	0.865
1030	3830	1	0.953
3989	4591	1	0.88
941	2949	1	0.856
4761	4451	1	0.865
601	3468	1	0.918
1022	2028	1	0.82
4268	1380	1	0.829
3965	576	1	0.812
1370	4058	1	0.835
3304	4086	1	0.856
2567	967	0	0.000877
1679	605	1	0.899
3307	651	0	0.000776
4679	1234	1	0.955
4768	398	1	0.838
3379	466	1	0.874
202	4729	1	0.906
3478	3297	1	0.992
1623	240	0	0.000219
3126	2152	1	0.989
990	57	1	0.982
4426	339	1	0.869
167	3679	1	0.973
18	3686	1	0.822
732	1016	1	0.923
29	2965	1	0.906
4532	1095	1	0.828
2449	4240	1	0.979
515	875	1	0.805
1325	1434	1	0.837
2375	434	1	0.806
1752	2583	1	0.989
3679	1513	1	0.859
4429	2175	1	0.897
2256	3528	1	0.847
2457	2312	0	0.000506
683	1343	0	0.00018
2357	103	1	0.896
1727	2102	0	0.00081
732	3145	1	0.917
879	2188	1	0.944
1060	1072	1	0.918
265	417	1	0.964
1624	3098	1	0.92
1998	2918	1	0.873
2383	2755	1	0.899
3208	1411	1	0.93
1300	4217	1	0.999
1893	3505	1	0.985
1347	4114	1	0.984
3773	4671	1	0.967
238	2060	1	0.948
1616	1475	1	0.939
1048	4752	1	0.894
3084	4056	1	0.976
3025	1026	1	0.963
723	2991	1	0.973
4256	1659	1	0.893
732	3394	1	0.881
4534	2661	1	0.948
4391	4751	1	0.863
851	1343	1	0.912
4400	4539	1	0.866
3785	1513	1	0.954
3670	3739	1	0.921
1013	4126	0	0.000644
1846	2949	1	0.832
2750	744	1	0.858
1089	1398	1	0.976
2578	4835	1	0.903
395	319	1	0.982
2583	2790	0	0.000668
749	4076	0	0.000244
3364	3636	1	0.938
2846	42	1	0.863
2927	1795	1	0.905
2173	2418	1	0.823
696	2853	1	0.895
280	370	1	0.925
3692	3379	1	0.812
4288	4197	1	0.881
1034	3252	1	0.98
4322	170	1	0.976
1315	2926	1	0.837
2753	4389	0	0.000483
1488	3673	1	0.811
3339	3279	1	0.941
4496	4370	0	0.00047
47	4212	0	0.000479
788	2771	1	0.899
3036	3042	1	0.989
2790	368	1	0.917
2360	4472	1	0.813
292	185	0	0.000901
132	1107	0	0.00036
802	465	1	0.86
1761	4092	1	0.894
4388	1364	1	0.804
2298	3339	1	0.936
2311	392	1	0.808
4356	4602	1	0.918
1531	3495	1	0.877
4117	3326	1	0.862
783	2462	1	0.889
422	715	1	0.802
409	3052	1	0.807
1239	3678	1	0.867
3408	1925	1	0.864
1725	4030	1	0.996
22	3818	1	0.92
2473	1368	0	0.000162
673	1802	1	0.957
1298	4911	1	0.93
1902	969	1	0.946
4456	2641	1	0.882
1111	1092	1	0.949
4698	3981	0	0.00114
4607	1119	1	0.819
2166	829	0	0.00021
2921	3412	1	0.826
2965	648	1	0.96
4730	3529	1	0.911
552	601	1	0.99
3304	1669	1	0.954
1066	193	1	0.808
436	2817	1	0.93
1432	824	1	0.839
2035	1036	1	0.986
4482	2391	1	0.926
18	3339	1	0.927
3975	2590	1	0.85
4481	1511	1	0.82
3689	1337	1	0.904
1003	4430	1	0.959
3796	2182	1	0.831
4617	2754	1	0.882
2797	1094	1	0.995
3740	1892	1	0.893
3285	2619	1	0.892
2355	4994	1	0.844
2541	2851	1	0.936
4572	3144	1	0.857
3865	3457	1	0.803
918	4937	0	0.0012
1596	1264	1	0.983
4678	1806	1	0.852
4273	1562	1	0.8
3391	292	1	0.857
3464	3246	1	0.996
4465	2251	1	0.879
239	1242	1	0.801
3115	2064	1	0.846
1257	2811	1	0.837
3887	1053	1	0.958
334	1804	1	0.802
4793	2302	0	0.000182
4788	1768	0	0.000318
1063	810	0	0.000908
3436	3438	1	0.975
4875	101	1	0.885
1055	3323	1	0.972
2331	2650	1	0.988
2052	3051	1	0.849
1522	352	1	0.89
4099	1982	1	0.946
473	2030	1	0.899
984	3389	1	0.89
4618	4227	1	0.91
3073	715	1	0.877
3634	25	1	0.897
1010	4792	1	0.971
1890	3892	0	0.00117
2631	2853	1	0.944
3515	4971	1	0.931
515	2348	1	0.949
2288	2612	1	0.866
2325	2554	0	0.000334
3661	1306	1	0.944
1227	3979	1	0.948
697	4020	1	0.967
3395	2809	1	0.943
3235	2131	1	0.949
2904	1356	0	0.000526
2375	3017	0	0.000826
2846	4996	1	0.944
4070	4216	1	0.946
1775	644	1	0.978
3978	2817	1	0.874
2236	2588	1	0.968
1719	2565	1	0.985
1292	3067	1	0.936
3417	2774	1	0.899
1589	4963	1	0.943
1894	4931	1	0.87
552	1904	1	0.828
4090	4268	0	0.000751
1674	920	1	0.856
867	3975	1	0.829
2790	304	1	0.855
448	901	1	0.965
3530	933	1	0.812
1345	2437	1	0.854
4518	3506	1	0.958
652	3749	1	0.805
1768	3128	1	0.842
2077	595	0	0.000229
1544	4891	1	0.834
267	4701	1	0.97
3219	2342	1	0.972
636	3845	0	0.000728
524	3913	1	0.962
1134	2269	0	0.0005
1550	3045	1	0.865
283	1026	1	0.907
3102	3248	1	0.872
4993	4104	1	0.903
2894	3856	1	0.913
1452	258	1	0.924
109	3892	1	0.919
4360	3617	1	0.817
4528	1960	1	0.939
704	1507	1	0.931
1880	1468	1	0.83
2753	4142	1	0.889
4108	2543	1	0.904
2453	2221	1	0.845
4032	2321	1	0.999
4422	1811	1	0.998
2947	2173	1	0.95
529	2673	1	0.976
4320	2231	1	0.961
951	3896	1	0.941
1113	3221	1	0.876
1869	3944	1	0.998
2851	3145	1	0.976
1176	2411	1	0.921
1651	2152	1	0.959
1797	159	0	0.000508
218	4670	0	0.000978
2962	4179	1	0.902
2126	3291	1	0.889
3862	3705	1	0.87
3506	2817	1	0.998
2898	4807	1	0.837
2434	1148	1	0.954
3258	2554	1	0.862
1546	3890	1	0.838
4503	2003	1	0.882
4798	1035	1	0.903
622	62	1	0.981
1750	3240	1	0.913
3613	2124	1	0.843
1846	1737	1	0.928
2376	2958	1	0.903
239	2552	1	0.985
1005	3758	1	0.905
3959	1178	1	0.819
4821	770	1	0.801
1123	1112	1	0.852
4607	1228	1	0.975
4224	4942	1	0.922
2900	2485	1	0.81
2371	4301	0	0.001
280	466	0	0.000296
4795	3068	1	0.976
1109	834	0	0.000778
4407	2129	1	0.961
2274	1464	1	0.849
4955	3475	1	0.875
3473	2962	1	0.987
3744	506	1	0.903
3329	4575	1	0.969
4880	2981	1	0.997
1040	3773	1	0.978
4158	3413	1	0.871
4765	631	1	0.965
1482	2941	1	0.944
1751	3979	1	0.885
2004	1045	1	0.941
1671	3643	1	0.874
2476	3770	1	0.803
1172	3508	1	0.875
1165	2288	1	0.888
1763	791	1	0.966
36	2855	1	0.828
2175	559	1	0.881
267	2583	1	0.99
2955	1186	1	0.965
2023	1819	1	0.925
3890	33	1	0.914
190	499	1	0.907
4522	3294	1	0.91
4978	4277	1	0.852
2295	3124	1	0.935
1036	4894	1	0.991
3327	2655	1	0.932
2341	1601	1	0.943
4401	4671	1	0.928
762	4754	1	0.883
3730	3459	1	0.859
2391	4752	1	0.875
2581	1948	1	0.891
1890	3412	1	0.912
300	3301	1	0.937
1492	4431	1	0.945
2288	3484	1	0.97
960	4912	1	0.877
3170	4008	1	0.884
2101	558	1	0.874
4599	2267	1	0.879
2091	3878	1	0.908
3654	3825	1	0.943
4656	613	0	0.000241
2194	89	1	0.883
3771	793	1	0.935
4512	258	1	0.969
4172	3210	1	0.819
3102	1360	0	0.00021
161	698	1	0.956
2032	4599	1	0.973
1970	3750	0	0.000692
289	596	1	0.851
2311	1018	1	0.977
3825	4023	1	0.808
3824	195	1	0.998
2863	2428	1	0.949
335	4432	1	0.806
3030	934	1	0.807
3337	1054	1	0.846
1643	2367	1	0.969
3464	36	1	0.848
3889	3041	1	0.805
4083	1004	1	0.917
4808	1961	1	0.943
781	102	1	0.84
2585	4216	1	0.826
2663	786	1	0.985
2399	2082	1	0.822
4309	3010	1	0.893
543	3186	0	0.000895
167	1650	1	0.906
441	522	1	0.949
704	4454	1	0.972
3346	3040	1	0.869
4930	4351	1	0.913
3126	4166	1	0.837
2596	4768	1	0.883
3288	4148	1	0.917
3607	1549	1	0.845
4309	229	1	0.808
3159	3149	1	0.889
3546	4087	0	0.000579
720	4150	1	0.872
2434	839	1	0.946
3883	4785	1	0.925
1892	1544	1	0.971
481	325	1	0.955
2547	1102	1	0.837
3901	2824	1	0.992
3153	3357	1	0.941
1913	638	1	0.962
3568	1086	1	0.842
1640	1518	1	0.845
1468	4597	1	0.844
210	4306	1	0.932
4922	362	0	0.00082
1039	1703	1	0.964
4476	735	1	0.972
4178	1559	1	0.834
4948	1290	0	0.00027
4935	1467	1	0.925
2212	1172	0	0.000618
287	4287	0	0.000999
490	1338	0	0.000361
781	2451	0	0.000828
2408	4014	0	0.000802
445	4225	0	0.000369
3123	2262	1	0.849
3811	2771	1	0.888
1574	753	1	0.829
2112	516	1	0.891
2087	3589	1	0.97
2114	797	1	0.819
2924	419	1	0.876
95	1911	1	0.815
4560	4948	1	0.924
881	515	1	0.847
4640	3621	0	0.000485
3523	1158	1	0.841
2704	2155	0	0.000268
4275	4888	1	0.899
3839	3930	0	0.000329
3877	210	1	0.888
2717	3794	1	0.963
1260	1277	1	0.98
3731	4865	1	0.971
1331	4085	1	0.861
100	3427	1	0.904
603	196	1	0.828
4188	3136	1	0.805
2657	4618	1	0.922
2213	1063	1	0.914
4138	277	1	0.937
262	1745	1	0.985
1453	3995	0	0.000404
2715	4808	1	0.875
4707	2257	1	0.938
3184	1901	1	0.93
419	3013	1	0.883
1777	4919	1	0.989
2935	104	1	0.884
1484	4497	1	0.881
3542	452	1	0.991
4594	4367	0	0.000331
949	2072	1	0.879
723	3803	1	0.869
645	3949	1	0.961
2690	732	1	0.94
4629	4846	0	0.000905
2663	1425	1	0.959
1611	184	1	0.829
2363	3991	1	0.923
3816	199	0	0.000695
2277	2673	1	0.84
4805	4811	1	0.923
2394	539	1	0.917
2221	3921	1	0.974
4744	3436	1	0.865
1510	385	1	0.809
2703	1946	1	0.862
2892	2220	1	0.935
1959	2702	1	0.952
208	4216	1	0.939
2624	3455	1	0.976
2949	1416	0	0.000368
2650	4578	1	0.954
1185	4385	1	0.87
2772	1316	1	0.89
3632	2755	1	0.9
1031	574	0	0.00114
989	4360	1	0.85
3395	2750	1	0.932
442	3166	1	0.815
1518	1456	1	0.883
4580	1091	1	0.952
3192	195	1	0.82
1597	111	1	0.92
1841	654	1	0.823
3602	1334	1	0.986
4932	3906	1	0.889
3497	1839	1	0.811
445	1924	1	0.946
64	1798	1	0.89
1942	731	1	0.969
2245	3855	1	0.826
1506	832	1	0.932
3377	4867	1	0.988
4532	4600	0	0.000906
4309	3749	1	0.966
307	2784	1	0.954
975	4915	1	0.979
578	1285	1	0.874
2692	153	1	0.824
2309	2910	0	0.00112
3951	1756	1	0.979
1810	4415	1	0.91
2920	4237	1	0.845
543	1905	1	0.843
3445	1529	1	0.867
2993	217	1	0.945
2642	4760	1	0.833
2271	1813	1	0.802
2457	4325	1	0.805
1720	3170	1	0.906
3441	4579	1	0.913
759	2240	0	0.00126
4081	3854	1	0.897
3051	27	1	0.979
596	392	1	0.953
2939	1787	1	0.901
1246	3986	1	0.896
3707	251	1	0.964
3720	3910	0	0.00117
4635	919	0	0.000378
3618	1282	1	0.825
3472	3380	1	0.951
4490	4262	1	0.937
1184	1202	1	0.857
4258	1034	1	0.906
107	2838	1	0.803
1970	2976	1	0.814
162	3072	1	0.896
1629	2531	1	0.962
2480	3816	1	0.985
4682	4403	1	0.828
4395	4216	1	0.968
2710	1822	1	0.97
4551	2599	1	0.975
1716	3089	1	0.868
3756	454	0	0.000743
24	1645	1	0.955
4544	368	0	0.00121
2641	2165	1	0.95
201	4905	1	0.969
3320	3389	1	0.895
2873	4302	0	0.00023
1586	767	1	0.819
257	3255	1	0.847
3828	99	1	0.832
4467	1920	1	0.984
850	2721	1	0.832
3528	4389	1	0.878
2574	4228	0	0.000228
687	1772	1	0.885
1597	3531	1	0.927
1150	1198	1	0.996
1384	3354	1	0.893
4745	2321	1	0.872
2018	2806	1	0.808
2161	95	1	0.985
2102	2548	1	0.899
352	2002	1	0.985
2166	1262	1	0.84
4187	2262	1	0.871
4882	4397	1	0.997
3749	4872	1	0.811
4188	4883	1	0.994
4654	269	0	0.000454
2719	2930	1	0.822
1986	1300	1	0.917
711	238	1	0.882
541	1758	1	0.94
1138	4947	1	0.963
3244	902	1	0.99
1548	4653	0	0.000925
2477	3935	1	0.976
4913	2843	1	0.901
468	3288	0	0.00114
3115	3572	1	0.94
1235	4684	1	0.836
1150	3488	1	0.963
1226	4397	1	0.882
3359	3930	1	0.832
2237	699	1	0.927
666	961	1	0.842
2672	372	1	0.995
2892	864	1	0.862
4663	440	1	0.96
603	3087	1	0.801
4838	1246	1	0.871
929	93	1	0.974
774	174	1	0.921
261	67	1	0.983
4927	1364	1	0.863
92	3894	1	0.905
4210	3760	1	0.998
2496	651	1	0.864
2661	2905	1	0.931
4033	641	1	0.876
2842	1988	1	0.961
4778	567	1	0.941
4786	4333	1	0.827
1078	1284	1	0.841
4890	156	1	0.827
870	4080	0	0.000273
2753	1766	1	0.998
4534	3669	1	0.85
1995	3631	0	0.000451
2627	2962	1	0.872
3140	2054	1	0.974
3718	202	1	0.966
255	831	0	0.0011
1328	3650	1	0.856
1852	2521	1	0.989
676	72	1	0.925
1427	1270	1	0.804
4593	1045	1	0.94
3212	4025	1	0.868
1793	1313	0	0.000767
4510	2465	1	0.992
928	1253	1	0.825
2101	163	1	0.977
514	154	1	0.853
4383	4632	1	0.863
896	4616	1	0.864
3635	4792	0	0.001
1766	3772	1	0.881
1942	1564	1	0.831
2275	4632	1	0.874
4409	3383	1	0.978
2953	854	1	0.828
3853	3421	1	0.862
2142	3574	0	0.000491
2410	4811	1	0.908
2469	310	0	0.000224
952	3207	1	0.817
1500	1897	1	0.961
2304	4378	0	0.000179
1464	3946	1	0.802
2531	824	0	0.000748
3764	1687	0	0.000277
4700	1296	1	0.872
3613	2967	1	0.811
3165	21	1	0.851
4571	595	1	0.916
3257	2011	1	0.857
4505	1381	0	0.001
3776	934	1	0.917
3617	741	1	0.953
138	2650	1	0.936
2632	3836	1	0.931
2075	4046	1	0.999
2633	2378	1	0.927
3981	203	1	0.98
1444	1726	1	0.808
1898	463	1	0.979
2814	754	1	0.924
1477	3885	1	0.912
3975	3218	1	0.908
4156	4604	1	0.9
4305	4964	0	0.000906
1773	22	1	0.961
2866	3148	1	0.841
2963	4961	1	0.936
3265	2926	1	0.837
4736	4128	1	0.816
2022	4532	1	0.881
1133	325	1	0.989
3074	4170	1	0.852
1542	2543	1	0.991
1335	1613	0	0.000794
1761	272	1	0.903
419	161	1	0.915
4105	919	1	0.818
2602	708	1	0.919
3022	680	1	0.829
1265	2908	1	0.825
3437	665	0	0.000354
292	2602	1	0.865
1960	131	1	0.84
748	4985	0	0.000571
3628	2332	1	0.854
728	2190	1	0.931
4788	3462	0	0.000976
4349	1085	0	0.000328
4371	4921	1	0.951
397	1672	1	0.873
4663	419	1	0.888
3958	3764	1	0.922
3296	222	1	0.946
350	1755	1	0.996
4077	2356	1	0.838
1893	4810	1	0.871
3300	2637	1	0.808
1878	4714	1	0.81
4968	1404	1	0.938
1890	4483	1	0.934
3823	946	1	0.901
16	4408	1	0.819
4479	2338	1	0.951
4348	2697	1	0.959
3343	3366	1	0.837
4460	2624	1	0.905
4337	1813	1	0.94
2777	681	1	0.985
2629	314	1	0.944
2661	2158	1	0.863
57	2682	1	0.831
3387	4435	1	0.986
4461	701	1	0.808
609	1938	1	0.952
4178	4752	1	0.887
4340	491	1	0.804
826	277	1	0.974
2427	2528	1	0.848
2241	3121	1	0.976
4540	3402	1	0.855
4308	4089	1	0.948
3370	399	1	0.9
1907	168	1	0.867
4627	2910	1	0.873
3166	826	1	0.835
3316	3080	1	0.948
3152	4805	0	0.00126
4535	961	1	0.996
2629	3109	0	0.000475
2296	3262	1	0.9
3107	795	1	0.906
4674	2283	1	0.942
3562	2880	1	0.997
1429	1900	1	0.872
95	3911	1	0.961
1729	1594	1	0.877
3682	4644	0	0.000654
4613	4565	0	0.000252
3569	694	1	0.998
4726	3803	1	0.845
2611	2741	1	0.917
502	1241	1	0.896
1314	4029	1	0.992
4626	1534	1	0.887
404	2061	1	0.916
4071	836	1	0.967
4154	88	1	0.941
1198	793	1	0.82
3761	840	1	0.975
2163	2747	1	0.915
4513	3583	1	0.978
744	4973	1	0.94
506	2102	0	0.000484
1985	4073	1	0.823
4056	3714	1	0.855
3742	3068	1	0.84
1373	880	0	0.00127
3483	2992	1	0.89
1100	2898	1	0.933
3484	4869	1	0.823
1267	3679	1	0.969
2138	2164	1	0.8
3288	2616	1	0.906
1894	1594	1	0.877
1060	4938	0	0.000821
49	3356	1	0.951
63	2417	1	0.872
667	4042	1	0.904
220	1070	1	0.954
780	3044	0	0.00122
2261	14	1	0.949
1890	2760	1	0.96
4853	4632	0	0.000248
1430	2194	1	0.814
4554	73	1	0.975
2427	4115	1	0.911
3499	1575	1	0.98
4182	4600	1	0.804
4577	1536	1	0.986
4178	1102	1	0.982
1322	2827	1	0.955
2477	758	1	0.924
4325	3080	1	0.95
4707	4570	1	0.949
3901	2177	1	0.914
3203	3323	1	0.952
1902	1293	0	0.000788
1360	1013	1	0.922
2939	4501	1	0.862
3410	2877	1	0.919
2788	4220	0	0.000181
4999	4114	1	0.811
3308	2981	1	0.912
2043	2299	1	0.823
1713	1656	1	0.806
2888	2665	1	0.977
3284	629	1	0.884
419	3708	1	0.978
4746	323	0	0.000419
2591	1284	0	0.000262
646	4311	1	0.806
1829	3838	1	0.897
1139	2304	0	0.000295
2269	119	1	0.871
2610	3416	1	0.992
4233	4043	1	0.843
3248	3973	1	0.895
3417	2143	1	0.966
2949	4511	1	0.995
3699	2508	1	0.856
4370	1131	1	0.874
758	1620	1	0.901
3080	401	1	0.861
2468	4215	1	0.895
178	1908	1	0.978
4783	1079	1	0.893
4485	119	1	0.811
2617	1482	1	0.894
3815	1332	0	0.000745
3049	3332	1	0.903
1779	3897	1	0.985
4029	2091	1	0.84
1771	1859	1	0.809
321	1582	1	0.861
1347	2693	1	0.963
3436	2707	1	0.994
2036	2693	1	0.927
937	1945	0	0.00109
1309	2392	0	0.000783
3294	4193	0	0.00108
907	4144	1	0.808
4317	3068	1	0.883
53	4464	1	0.911
4946	1243	1	0.836
3203	2049	1	0.921
1592	1008	1	0.876
4434	3553	1	0.95
2071	786	1	0.996
1906	523	1	0.83
942	3647	1	0.919
3073	1234	1	0.892
1011	754	0	0.00101
2888	3820	1	0.887
606	555	1	0.954
1199	2341	1	0.87
898	328	1	0.957
2499	1708	1	0.927
1691	3621	1	0.889
1381	2420	1	0.82
2801	4858	1	0.997
607	2667	1	0.974
3378	724	1	0.837
2110	1757	1	0.912
1835	2343	1	0.941
4524	895	1	0.828
1091	2846	1	0.837
1853	1119	1	0.886
262	181	1	0.888
3654	2320	1	0.975
975	3500	1	0.8
1892	1919	1	0.968
1007	727	1	0.945
3585	2652	1	0.841
2290	4292	1	0.839
4946	448	1	0.831
303	3609	1	0.938
4279	3616	1	0.968
3699	655	1	0.809
4073	3570	1	0.97
2992	1973	1	0.835
2860	1067	1	0.96
1019	2784	1	0.898
372	4012	1	0.966
3909	628	1	0.948
1927	4586	1	0.935
1635	3238	0	0.000632
1804	4857	0	0.000449
458	3496	1	0.961
2488	644	0	0.00108
4727	4435	1	0.916
1644	2869	1	0.889
3906	4544	0	0.000631
2907	1270	1	0.829
2467	3827	1	0.824
1195	193	1	0.805
4173	4801	1	0.861
853	4776	0	0.000922
1900	4124	1	0.891
4828	1656	1	0.925
3533	3159	1	0.933
2337	3634	0	0.000313
1256	1702	1	0.95
4271	496	1	0.828
3511	2536	1	0.809
283	752	1	0.857
2266	802	1	0.871
4671	1204	1	0.898
3590	3139	1	0.829
1717	4024	1	0.97
2869	41	0	0.0009
4800	1598	0	0.000477
3839	1754	1	0.889
2533	280	1	0.903
3588	4392	1	0.805
126	747	1	0.934
2898	839	0	0.000855
3977	827	0	0.000503
2792	1434	0	0.000306
4669	2344	1	0.842
897	975	1	0.877
1022	2201	1	0.865
218	4313	1	0.949
4149	2547	1	0.966
528	1543	1	0.845
2871	4995	1	0.918
1305	3511	1	0.868
395	1348	1	0.867
1588	263	1	0.823
4091	2473	1	0.889
4784	1266	1	0.828
3339	4758	1	0.845
1607	3738	1	0.87
2454	759	0	0.000523
3875	4681	1	0.911
4231	4479	1	0.871
2497	3757	1	0.933
3142	4553	1	0.933
897	146	1	0.891
2488	4142	1	0.849
1739	219	1	0.953
2230	1491	1	0.848
2254	18	1	0.805
4758	4282	1	0.808
375	3334	1	0.941
2593	1315	0	0.000859
3949	946	1	0.981
1137	3837	0	0.000711
4993	324	1	0.934
2286	4316	1	0.896
1495	1712	1	0.843
758	1584	1	0.951
1849	1571	1	0.869
1302	2616	1	0.868
106	3003	1	0.944
675	4694	1	0.867
2859	1349	1	0.986
4852	2784	1	0.862
4694	3335	0	0.000636
4505	464	1	0.999
167	3861	1	0.933
1259	1299	1	0.852
4857	3760	0	0.00124
3851	2462	0	0.000293
3542	778	0	0.00111
4244	2448	1	0.804
3275	3559	0	0.000411
378	929	1	0.996
1548	4556	1	0.877
1200	4572	1	0.981
3159	3953	1	0.997
3841	1779	0	0.000974
1456	2963	1	0.967
3639	1953	1	0.926
668	2124	1	0.958
808	548	1	0.872
2481	2565	1	0.911
4628	3880	1	0.818
1843	2386	1	0.851
298	3445	1	0.833
3586	2484	1	0.99
4178	4741	1	0.961
4259	949	1	0.959
4657	921	0	0.00112
1144	2687	0	0.000483
2171	3941	0	0.000419
2602	4266	0	0.00112
2699	4362	1	0.923
1500	2326	1	0.887
2729	2829	0	0.001
760	3224	1	0.976
1591	313	1	0.818
420	563	0	0.000764
875	2494	1	0.895
1869	2629	1	0.958
792	1569	1	0.816
2216	3643	1	0.942
4087	226	1	0.944
3143	187	1	0.86
1175	943	0	0.00117
119	1085	1	0.882
4254	4830	1	0.92
533	1134	1	0.811
4379	869	1	0.964
778	4025	1	0.813
4819	4947	1	0.87
770	2867	1	0.954
745	2524	1	0.964
4369	4015	1	0.889
3547	446	1	0.818
1480	3237	1	0.837
1475	3438	0	0.00124
2239	4683	1	0.855
4615	714	0	0.000262
1678	1348	0	0.000989
4579	575	0	0.00114
1857	2399	1	0.882
1276	4105	1	0.985
4358	3330	0	0.000683
3054	2681	1	0.926
4556	4482	0	0.000945
3214	2353	1	0.934
4970	667	1	0.957
2567	2388	1	0.866
1170	157	1	0.93
305	1575	1	0.86
1189	3328	0	0.000877
4233	649	0	0.00076
1864	589	1	0.856
3170	995	1	0.821
1288	2724	1	0.84
3651	1409	1	0.887
1993	1614	1	0.855
2211	2111	1	0.984
4002	2140	1	0.964
3525	4695	1	0.943
1964	2914	1	0.97
1370	1139	1	0.974
4809	367	1	0.833
179	3068	1	0.848
1521	1211	1	0.856
2407	2067	1	0.855
4397	846	0	0.000694
580	2712	1	0.812
887	1939	1	0.919
4035	1752	1	0.842
226	2906	1	0.842
1200	3670	1	0.889
4733	2700	1	0.981
1273	221	0	0.000926
233	4706	1	0.89
191	1129	1	0.94
1086	542	1	0.898
4840	3387	1	0.854
642	1098	1	0.93
995	1508	0	0.000682
1220	874	1	0.979
2648	2076	0	0.000774
3879	2723	1	0.968
2583	1132	1	0.872
4305	4901	1	0.867
688	4442	1	0.847
1096	4939	1	0.807
1336	3849	1	0.819
4083	3374	1	0.92
960	1533	1	0.956
3488	3608	1	0.914
701	451	1	0.995
1551	2038	1	0.905
2198	4681	1	0.873
2620	4619	1	0.906
3661	3029	1	0.832
1836	1544	1	0.915
3048	3063	0	0.000298
2235	1641	1	0.888
3619	4367	1	0.978
394	690	1	0.805
1268	3819	1	0.942
1488	1793	1	0.968
1908	2263	1	0.955
2114	1660	1	0.876
356	4970	1	0.91
1558	315	1	0.997
930	2784	1	0.871
3124	4587	1	0.921
4263	3057	1	0.863
637	54	1	0.93
108	3220	1	0.906
4436	747	1	0.858
1780	4995	1	0.801
364	1795	1	0.82
2125	3580	0	0.000601
4721	477	1	0.843
1974	4416	1	0.914
1632	294	1	0.88
2065	4416	1	0.944
2274	415	1	0.97
110	3804	0	0.000257
4268	2047	0	0.00127
4782	4750	1	0.98
2831	3960	1	0.999
1827	1084	1	0.808
1890	801	0	0.000399
2702	1683	1	0.979
1381	1578	1	0.862
1119	1741	0	0.000787
4252	591	1	1
4797	3645	0	0.000928
1602	2481	1	0.807
3335	4593	0	0.000538
3926	1440	1	0.996
4369	544	1	0.935
3915	2405	1	0.835
3233	3827	1	0.85
2560	1324	1	0.853
1442	3416	1	0.969
1827	4959	0	0.000279
1411	980	1	0.864
955	2679	1	0.902
3008	2031	1	0.929
3378	903	0	0.000175
2601	2787	0	0.000252
365	1326	0	0.00119
4272	2904	1	0.936
905	3496	1	0.801
4779	3703	1	0.976
3919	1164	1	0.875
4346	3506	0	0.000843
4739	2395	1	0.971
3217	2519	1	0.873
3377	1991	1	0.886
1619	4211	0	0.00123
3458	3914	1	0.821
2349	4038	1	0.936
4852	3549	1	0.815
3766	4233	1	0.811
474	4887	1	0.923
2631	1900	1	0.828
584	3714	1	0.898
3053	4548	1	0.965
1629	3751	1	0.873
4237	1111	1	0.809
2029	3482	1	0.985
2503	4345	1	0.964
2177	3212	1	0.985
2126	4571	1	0.917
2015	1033	0	0.000698
1699	1093	1	0.862
1832	3764	1	0.84
3586	2735	0	0.000809
1414	4488	1	0.902
4495	3659	1	0.848
3791	4064	0	0.00102
1739	3164	1	0.84
4858	3026	1	0.994
2150	598	1	0.982
1596	2189	1	0.971
3041	1156	1	0.963
2441	3495	1	0.865
2826	979	1	0.813
2451	3173	1	0.932
1930	690	1	0.927
993	2129	0	0.0012
3919	4956	1	0.9
2402	4287	1	0.954
1367	4057	1	0.864
3925	1171	1	0.96
857	4586	1	0.87
440	1230	1	0.949
536	4786	1	0.993
3980	1762	1	0.852
650	2439	1	0.835
4444	4552	1	0.888
1938	1155	1	0.813
524	3412	1	0.96
3561	3363	1	0.873
1472	3015	1	0.899
2675	4988	1	0.924
4141	3627	1	0.849
4630	1072	1	0.846
1571	2402	1	0.95
204	2356	1	0.813
1579	2605	1	0.984
2926	592	1	0.964
3870	582	1	0.851
1159	2196	1	0.814
3839	3559	0	0.00104
4671	4992	1	0.918
1848	3096	1	0.918
2136	3051	1	0.978
168	4545	1	0.921
4529	2293	1	0.869
1640	2135	1	0.976
2653	4417	1	0.959
900	2479	1	0.974
355	3694	1	0.893
2003	2337	1	0.854
4740	790	1	0.952
1856	897	1	0.977
3126	4939	1	0.956
638	3163	1	0.888
3244	346	1	0.973
1438	857	1	0.812
2251	2028	1	0.978
4515	570	1	0.822
1401	3173	1	0.91
3047	3367	1	0.866
1179	3763	1	0.86
3409	4751	0	0.00109
1540	651	1	0.819
876	3966	1	0.8
4987	3551	1	0.935
4219	4820	1	0.884
258	1011	1	0.883
2628	2648	1	0.924
1676	102	0	0.000724
179	3814	1	0.972
361	177	1	0.931
2270	679	1	0.89
334	3437	1	0.826
3452	1843	1	0.919
4005	3990	0	0.000364
3351	4330	1	0.854
2239	1712	1	0.916
4165	520	1	0.974
1613	2891	1	0.893
2742	16	1	0.824
2944	3200	1	0.927
3567	4895	1	0.948
2230	184	1	0.85
1253	4879	1	0.904
2045	1101	1	0.843
346	180	1	0.988
3381	4308	1	0.894
2007	1879	0	0.000326
928	430	1	0.952
4523	219	0	0.000447
2177	2290	1	0.832
4709	824	1	0.925
705	3506	1	0.93
2297	3594	1	0.839
4817	2670	1	0.933
1893	4972	0	0.000733
2114	2407	1	0.847
3806	273	1	0.932
2206	1803	1	0.823
549	4911	1	0.96
4135	4616	0	0.0011
1008	2854	1	0.946
542	3623	1	0.902
4370	3733	1	0.851
280	1081	1	0.97
1303	2805	1	0.844
149	2751	1	0.902
4578	633	1	0.971
1363	1232	1	0.962
3593	1642	1	0.944
3180	4343	0	0.000955
506	404	1	0.96
680	2810	1	0.949
4016	2421	0	0.000179
4371	3830	1	0.929
3852	2360	1	0.985
794	2102	1	0.861
3479	1036	1	0.912
4837	3663	1	0.947
4251	2655	1	0.89
3430	1936	1	0.946
1020	513	1	0.808
3321	4341	1	0.98
3908	333	1	0.99
1719	4273	1	0.801
794	518	1	0.916
2539	400	0	0.000469
4659	4585	1	0.878
2515	1267	1	0.93
2073	4121	1	0.923
2574	501	1	0.989
3082	717	0	0.000842
2645	4117	0	0.000748
4096	872	1	0.926
2304	4327	1	0.892
4072	144	1	0.982
3123	4571	1	0.975
2880	1984	1	0.97
2294	236	1	0.828
2589	2650	0	0.000721
4799	2474	0	0.0006
1524	2967	1	0.995
3486	1441	0	0.000649
4452	3476	1	0.963
4746	1824	1	0.905
1869	1077	1	0.895
2292	2894	1	0.886
135	3997	1	0.925
3071	4706	1	0.934
2244	1496	1	0.946
524	1284	1	0.951
4009	3671	1	0.96
3160	2727	1	0.828
4425	3109	1	0.878
386	2814	1	0.846
2803	918	1	0.929
3866	3711	1	0.96
4263	4726	1	0.882
13	2451	1	0.994
3219	2999	1	0.867
1755	1489	1	0.816
282	4821	0	0.000647
2915	3898	1	0.918
4051	1403	1	0.908
2611	270	0	0.00111
1520	2193	0	0.000414
1103	665	1	0.972
1257	3968	1	0.946
3122	1236	1	0.88
708	1646	1	0.989
116	4090	1	0.827
2801	1682	1	0.933
2017	1835	1	0.96
3649	2270	1	0.805
1029	3096	1	0.944
2432	180	1	0.851
4940	2748	1	0.984
3618	2669	1	0.939
3857	854	1	0.952
4509	3776	1	0.82
965	3724	1	0.845
2118	672	1	0.851
3256	1600	1	0.839
4123	391	1	0.845
2342	2152	1	0.994
3603	1696	1	0.892
4580	384	1	0.8
439	3941	1	0.893
1630	2322	1	0.851
1725	3606	1	0.838
2953	3466	1	0.899
4903	3953	1	0.962
3204	3517	1	0.892
1800	361	1	0.855
1312	1506	0	0.000672
1141	3459	1	0.874
445	1587	1	0.85
2469	1001	1	0.991
1626	450	1	0.971
3762	2540	1	0.825
757	3700	0	0.00108
1336	4753	1	0.922
2588	3083	0	0.00063
2701	169	1	0.965
4059	4593	1	0.825
3503	2206	0	0.000879
2659	3651	0	0.000325
1929	1207	1	0.815
3065	1064	1	0.984
1338	4833	1	0.82
4198	1403	1	0.827
933	3115	1	0.823
646	2030	1	0.805
4758	4403	1	0.865
597	4037	1	0.979
4224	3091	1	0.865
7	1705	0	0.00076
2547	2468	1	0.96
2781	2241	1	0.828
3388	2196	1	0.977
4695	3284	1	0.956
200	2216	1	0.809
246	2188	1	0.948
2257	1652	1	0.824
3433	3384	1	0.989
2163	1497	1	0.813
1465	4454	1	0.898
909	1124	1	0.835
4285	4116	1	0.896
1529	872	1	0.982
4068	4478	1	0.996
2845	490	1	0.975
3183	2209	1	0.897
1316	2482	1	0.861
2544	4260	1	0.811
878	2869	1	0.931
963	3543	1	0.861
3899	4274	1	0.939
1158	2910	0	0.00102
632	4046	1	0.99
2797	3487	1	0.932
3904	3709	1	0.815
2443	1890	1	0.972
903	4724	1	0.907
1175	1291	1	0.986
2221	4802	1	0.976
1481	189	1	0.978
3184	569	1	0.885
1566	1138	1	0.96
2249	3154	1	0.854
1447	3117	1	0.96
3618	3723	1	0.849
2635	822	0	0.000751
3613	2582	1	0.882
112	4431	1	0.837
3590	955	1	0.891
2639	1052	1	0.95
3311	4773	0	0.000788
366	2514	1	0.921
4770	3092	0	0.001
879	1114	1	0.878
4968	242	1	0.927
3646	3730	0	0.00106
3267	827	1	0.965
444	1060	1	0.869
1804	4872	1	0.922
170	3139	1	0.969
206	1002	1	0.91
995	2900	1	0.918
341	2176	1	0.85
4471	4537	0	0.00111
126	3978	1	0.966
4785	4771	1	0.821
3060	3336	1	0.815
4193	3179	1	0.873
441	223	1	0.809
3307	577	0	0.000606
2946	3469	1	0.973
3016	2635	1	0.848
239	594	1	0.821
2115	3291	1	0.855
3897	199	1	0.972
3917	2515	1	0.993
4315	1622	1	0.812
4366	3492	1	0.805
2665	4538	1	0.824
3136	1235	1	0.816
1892	1322	1	0.823
2476	2618	0	0.000365
4821	4460	1	0.999
227	3173	1	0.897
2435	4784	1	0.99
231	2212	1	0.914
4892	4055	1	0.906
45	3353	1	0.905
2236	2486	1	1
2474	3391	1	0.932
290	1682	0	0.000231
4789	2584	1	0.852
584	1439	1	0.998
2558	4336	1	0.807
1679	2774	1	0.874
2639	432	1	0.827
1356	4473	1	0.847
1594	209	1	0.962
3234	4949	1	0.817
4035	1847	1	0.893
2432	2267	1	0.922
680	2607	1	0.999
4856	4972	1	0.886
159	1234	1	0.963
507	324	1	0.95
3740	3328	1	0.938
57	3091	1	0.885
3902	3769	1	0.83
3952	735	0	0.000717
618	3857	1	0.916
1126	2734	1	0.89
1733	4692	1	0.884
3642	855	1	0.814
2119	300	1	0.859
4391	1091	1	0.828
442	2519	1	0.908
2892	1215	0	0.000623
1570	2109	1	0.855
3275	3513	0	0.000423
163	4118	1	0.939
2441	3202	1	0.92
4597	3099	1	0.917
3564	1993	1	0.817
1259	3687	1	0.839
3380	199	1	0.862
945	2652	1	0.923
3876	626	1	0.96
1726	951	1	0.866
4260	3684	0	0.000232
4460	2508	1	0.805
1895	2751	1	0.859
1642	3530	1	0.906
2308	2999	1	0.983
308	4847	1	0.969
1859	2376	1	0.843
1974	2316	0	0.000615
1022	2932	1	0.873
4500	2512	1	0.946
1547	1443	1	0.98
3939	3177	1	1
3039	1477	1	0.921
1680	2181	1	0.972
1010	867	1	0.807
1353	2716	1	0.925
1223	4506	1	0.909
4222	1098	0	0.000336
4298	2716	1	0.951
991	4778	1	0.823
704	1322	1	0.896
2496	4247	1	0.899
2693	1796	1	0.996
3057	1971	1	0.816
1785	680	1	0.922
147	792	1	0.97
4344	3208	1	0.884
3765	3378	1	0.968
671	529	1	0.891
390	2865	1	0.968
926	1098	1	0.982
4722	4108	1	0.956
577	2689	1	0.938
2449	3190	1	0.957
4102	1536	1	0.926
4596	2097	1	0.896
2332	4186	1	0.928
1231	3335	1	0.982
3303	663	1	0.972
1949	4572	1	0.939
1827	3041	1	0.865
3667	3771	1	0.843
585	3702	1	0.921
2961	1500	1	0.886
790	2498	1	0.933
2787	2877	1	0.901
1935	129	1	0.851
1575	1351	1	0.814
2741	4623	1	0.815
4484	473	1	0.862
807	183	1	0.882
4363	2130	1	0.881
2306	1912	1	0.909
4839	1941	1	0.833
374	4054	1	0.999
2459	4568	1	0.884
4808	2170	1	0.987
707	4350	1	0.914
3482	1751	0	0.000809
3558	2401	1	0.878
1806	3595	1	0.961
2683	4059	1	0.879
1886	2029	1	0.91
3476	1343	0	0.0012
3478	221	1	0.944
1444	2710	1	0.886
4930	3495	1	0.823
4271	237	1	0.986
2912	4525	1	0.94
3492	1012	1	0.998
2757	715	1	0.866
4184	1532	0	0.000363
4612	512	1	0.877
4618	1327	1	0.991
4669	3001	1	0.921
2440	1102	0	0.000308
2492	4984	1	0.971
4064	4704	1	0.901
3805	2889	1	0.872
39	3106	1	0.944
1780	2706	1	0.811
2276	745	1	0.861
3343	3261	1	0.978
2406	4404	1	0.854
3237	2478	1	0.886
3814	2592	0	0.000531
335	2892	0	0.00124
3091	2907	1	0.954
625	1819	1	0.958
1270	4275	1	0.93
1242	1094	1	0.922
643	1746	1	0.89
2918	1942	1	0.945
3310	3580	0	0.00102
3247	754	1	0.979
2	736	1	0.969
3836	3496	1	0.912
4589	1513	1	0.83
4287	2272	0	0.00109
1358	3865	1	0.855
593	4291	1	0.978
3106	15	1	0.959
452	3831	1	0.892
3265	1974	1	0.98
3660	614	1	0.98
3470	2196	1	0.944
143	3261	1	0.893
3800	3748	0	0.000194
3034	619	0	0.000189
410	3215	1	0.893
3507	3474	1	0.981
1982	4345	1	0.895
3190	2870	1	0.926
3644	4338	1	0.956
3052	1270	1	0.851
702	3552	1	0.951
113	369	1	0.884
4377	2981	1	0.919
2562	2715	0	0.000345
628	2772	1	0.972
3633	3155	1	0.962
4385	909	1	0.92
2294	2602	1	0.929
2282	996	1	0.986
1808	2392	1	0.898
3003	3036	1	0.898
1753	4690	1	0.986
4894	2577	1	0.923
4921	1380	1	0.989
2230	4668	1	0.938
2855	1907	1	0.85
2391	2020	1	0.886
93	4647	0	0.000596
3189	3785	1	0.833
4595	3782	1	0.902
666	3187	1	0.849
60	3990	1	0.93
469	4071	1	0.983
4457	4317	0	0.00114
2882	3611	1	0.868
4342	4611	1	0.928
1213	1159	1	0.924
3312	1795	1	0.876
3666	796	1	0.932
1586	2962	1	0.991
3637	2011	1	0.954
3202	2280	1	0.886
3391	3410	1	0.851
4558	2814	1	0.918
4213	1462	1	0.842
4352	986	1	0.917
2244	542	1	0.964
2673	1775	1	0.959
2647	1345	1	0.897
4667	211	1	0.836
4168	1450	1	0.808
695	4525	1	0.811
3573	4701	0	0.000804
323	2523	1	0.826
4736	1680	1	0.849
1611	4996	1	0.83
3514	2810	1	0.955
2421	4185	1	0.841
4280	2596	1	0.922
460	2035	1	0.921
4702	1712	1	0.983
4945	2592	1	0.904
3148	4371	1	0.931
63	1629	1	0.971
2508	4808	1	0.926
167	4075	1	0.997
2137	3144	1	0.832
4439	1608	1	0.861
3998	4388	1	0.935
4894	1106	1	0.863
224	3876	1	0.893
3524	2528	1	0.804
3413	774	1	0.821
4240	2895	0	0.000249
4759	2330	1	0.859
4231	2513	1	0.803
1302	720	1	0.933
3119	1234	1	0.837
1255	3742	1	0.98
4146	4733	1	0.983
744	1682	0	0.000201
1799	1390	0	0.000595
2192	3612	1	0.87
3398	358	1	0.964
2364	1931	1	0.936
755	1526	1	0.909
4722	2306	1	0.829
2275	1908	1	0.956
277	1065	1	0.806
792	2653	0	0.000342
1121	2643	1	0.977
2310	985	1	0.954
4488	4699	1	0.98
4038	1403	1	0.869
1135	449	1	0.929
2665	3696	1	0.895
2123	747	1	0.981
3804	1402	1	0.849
4362	197	1	0.826
652	592	1	0.908
127	1144	1	0.873
2462	3272	1	0.912
2904	1398	1	0.932
3706	944	1	0.969
309	2160	1	0.972
4563	2982	1	0.969
2141	1871	0	0.00105
4904	329	1	0.883
2765	4841	1	0.834
2505	2190	1	0.994
1612	4577	1	0.929
1691	2070	0	0.00047
4164	4130	1	0.831
74	4272	0	0.000629
1992	3574	1	0.955
4216	2983	1	0.963
619	816	1	0.944
1244	2179	1	0.917
687	3522	0	0.000883
3452	3439	1	0.949
4591	2440	1	0.837
4362	4527	1	0.828
4598	2727	1	0.837
3088	3670	1	0.978
1162	1660	1	0.887
4629	1873	0	0.00108
4608	3893	1	0.912
247	3596	1	0.863
2931	1960	0	0.000927
3307	427	1	0.902
4697	3154	1	0.933
1743	3894	1	0.945
2511	3103	1	0.879
2995	3690	0	0.000367
4536	1928	1	0.856
2123	3381	1	0.802
1902	1290	1	0.895
4902	2932	1	0.996
4576	2564	1	0.904
704	4315	0	0.000224
2951	1306	1	0.938
473	680	1	0.864
4996	855	1	0.919
3762	4588	1	0.974
1016	4784	1	0.983
1710	2316	0	0.000567
4336	1034	1	0.884
1585	2124	1	0.959
1230	2820	1	0.884
2423	4831	1	0.972
1643	868	1	0.873
1365	2731	1	0.808
3512	2786	1	0.973
1558	3416	1	0.845
398	2760	1	0.968
2149	4923	1	0.87
754	3324	1	0.819
357	1117	1	0.914
846	3871	1	0.953
1144	3073	1	0.849
1723	3573	0	0.00118
1099	926	1	0.839
4585	4008	0	0.000971
3938	2144	1	0.838
3247	1828	1	0.903
2970	3499	1	0.861
3701	1719	1	0.867
4716	1414	1	0.968
2342	4337	1	0.879
1854	507	1	0.935
1247	939	1	0.992
4116	553	0	0.000415
1332	3239	0	0.000963
3140	3022	1	0.88
4332	2016	1	0.854
4828	733	1	0.969
3823	4072	1	0.915
1845	4794	1	0.848
2434	1054	1	0.832
4602	3454	1	0.931
439	714	1	0.883
3306	414	1	0.887
4382	3614	1	0.918
294	1401	0	0.000548
2216	880	1	0.844
2895	675	0	0.000634
2727	2502	0	0.000487
2818	3077	1	0.908
3467	3197	1	0.81
2379	3304	1	0.805
341	3194	0	0.000328
3330	4299	0	0.000692
2955	2797	1	0.951
3495	3413	1	0.905
1506	2101	1	0.819
3809	3943	1	0.848
292	4587	1	0.817
4039	3723	0	0.000391
93	2153	1	0.993
2173	3162	1	0.953
686	1549	1	0.995
2025	4718	1	0.861
509	2473	1	0.854
1310	2773	1	0.879
4194	11	0	0.000689
2394	279	1	0.801
4521	785	1	0.921
2140	4938	1	0.919
2849	4311	1	0.882
10	4827	0	0.000598
1348	1835	1	0.901
964	2911	1	0.923
744	784	1	0.929
141	4879	0	0.000814
4118	4181	1	0.933
1267	4926	1	0.819
4978	226	1	0.801
2878	2369	0	0.00127
2596	4661	1	0.817
4065	2499	1	0.899
3182	869	0	0.000197
3696	15	1	0.991
154	4614	0	0.000233
2742	2745	1	0.978
1158	3716	1	0.912
914	4095	0	0.000569
1033	3223	1	0.875
3091	2405	1	0.816
1970	1592	1	0.837
584	1231	1	0.96
4127	2675	1	0.851
3198	1607	1	0.805
175	4971	0	0.00119
4796	83	1	0.853
2886	3592	1	0.856
1175	4706	1	0.968
946	3472	1	0.806
2715	3087	1	0.821
1726	1944	0	0.00066
4752	483	1	0.806
3812	4961	1	0.994
4804	3690	1	0.984
1254	1211	1	0.807
1942	3624	1	0.816
1905	2384	1	0.807
4338	4815	1	0.942
491	117	1	0.809
2812	2765	1	0.891
711	4606	1	0.874
679	1042	1	0.834
4703	2352	1	0.972
1949	4079	1	0.883
2857	1513	1	0.963
2544	2577	1	0.831
3018	4890	1	0.954
1287	1557	1	0.986
4171	3663	1	0.941
2473	1683	1	0.818
2879	3356	1	0.872
2453	1595	1	1
1315	33	1	0.977
1467	4750	0	0.00126
1050	4494	1	0.843
3716	3880	1	0.811
2680	2391	1	0.947
4507	973	1	0.809
1734	827	1	0.97
1538	4905	0	0.000415
2988	3657	1	0.895
1122	18	1	0.818
415	4867	1	0.968
2343	1241	1	0.931
3774	758	1	0.88
2939	2672	1	0.932
3945	1179	0	0.00101
3850	757	1	0.818
1499	4376	1	0.859
3726	2892	1	0.847
1480	3801	1	0.844
3653	4280	1	0.916
3525	4321	1	0.833
4756	2539	0	0.001
2479	3040	1	0.888
4932	3377	0	0.000829
2720	4645	1	0.824
35	3989	1	0.962
3756	4380	1	0.912
3414	1210	1	0.899
3538	265	0	0.000329
4948	1726	1	0.99
1637	1726	1	0.974
48	3487	1	0.848
2825	2304	0	0.000857
710	4940	1	0.843
4912	3295	1	0.899
3397	4416	1	0.946
1315	1703	1	0.948
2757	925	1	0.919
2038	1042	1	0.957
3796	4189	1	0.991
337	3920	1	0.911
1230	933	1	0.905
1433	3650	1	0.832
420	3060	1	0.912
1934	1720	1	0.931
3097	4621	0	0.000874
4970	1958	1	0.913
3801	165	1	0.923
4521	1202	1	0.943
1538	2986	1	0.849
3128	1976	1	0.89
852	919	1	0.836
508	3787	1	0.915
3014	3468	1	0.939
2308	132	0	0.000697
1174	1962	1	0.921
4808	558	1	0.93
4352	3124	1	0.86
269	445	1	0.936
4536	4516	1	0.996
997	3270	0	0.00113
4817	871	1	0.872
580	3039	1	0.877
4195	3796	1	0.995
4978	1174	1	0.845
862	4799	1	0.96
766	736	1	0.987
2924	1217	1	0.807
1576	1910	1	0.812
608	1614	1	0.87
3482	2112	0	0.000651
3649	1658	1	0.922
4046	3583	1	0.817
4487	2608	1	0.999
2617	2884	1	0.963
4245	4472	1	0.873
4477	864	1	0.962
3731	1726	1	0.963
2979	4507	1	0.892
2700	4146	1	0.899
848	974	0	0.000307
4327	4378	1	0.802
1798	352	1	0.869
4692	247	1	0.802
685	3388	0	0.00055
1200	2251	1	0.833
4677	2806	0	0.000763
1873	4416	1	0.858
4601	76	1	0.839
3241	2192	1	0.967
3480	1904	0	0.000407
1169	3436	1	0.979
3317	301	1	0.942
3661	2951	1	0.883
4450	1256	1	0.971
2971	638	1	0.953
3031	3004	0	0.000498
3444	202	1	0.976
2045	2502	1	0.87
4003	24	1	0.952
2590	4350	0	0.000975
264	1227	1	0.973
2242	4993	1	0.921
3190	2806	1	0.826
1853	1179	1	0.945
3183	2999	0	0.000513
873	699	0	0.000522
3664	4987	1	0.952
4953	145	1	0.934
767	2962	1	0.844
2541	1226	1	0.962
326	112	0	0.000881
442	3307	1	0.938
1157	957	1	0.962
4485	2036	1	0.859
3495	3356	1	0.953
4049	2627	1	0.948
1174	4212	1	0.933
3238	466	1	0.959
4240	4416	1	0.843
3888	1854	1	0.918
820	753	1	0.817
1685	985	1	0.986
1783	3214	1	0.871
2600	202	1	0.97
1894	496	0	0.00068
4371	4080	0	0.000739
4111	209	1	0.849
835	4532	0	0.000721
3477	1480	1	0.979
347	3120	0	0.00111
3826	4328	1	0.891
1917	3084	1	0.959
290	2428	1	0.977
3206	21	1	0.958
4199	810	1	0.894
625	218	1	0.958
957	1157	0	0.000858
1693	310	1	0.873
1067	568	1	0.861
3243	3342	1	0.926
3469	3648	0	0.000742
4501	1787	1	0.848
2668	872	1	0.866
4476	525	1	0.817
570	1550	1	0.927
2370	3444	1	0.936
3372	126	1	0.811
2626	957	0	0.000324
3852	2227	1	0.816
3449	3144	1	0.983
4626	823	1	0.806
3776	623	1	0.968
4580	355	1	0.941
3638	901	1	0.967
1288	4285	1	0.889
2182	3492	1	0.937
3601	961	1	0.858
3435	148	0	0.000795
1481	202	1	0.871
2620	22	1	0.851
2391	1235	1	0.881
33	182	1	0.955
3986	1112	1	0.925
1423	1671	1	0.927
759	1317	1	0.984
3085	4004	1	0.8
4325	2312	1	0.829
192	3059	1	0.867
4904	19	1	0.841
630	3478	1	0.831
927	2827	1	0.955
2813	3589	0	0.000211
3710	98	1	0.874
2304	1626	1	0.919
3434	1807	1	0.884
3245	3771	1	0.859
1102	634	1	0.895
1460	4598	0	0.000517
2733	270	1	0.951
3911	2161	1	0.831
3412	687	0	0.000852
4269	2224	1	0.86
716	4228	1	0.82
2002	866	1	0.911
1228	2865	1	0.902
165	4912	0	0.000935
4829	893	1	0.977
1331	4	0	0.0012
2256	3551	1	0.862
521	4890	1	0.822
346	1145	1	0.96
1121	3089	1	0.808
1732	3170	1	0.834
943	215	1	0.85
4874	4378	1	0.944
4436	126	1	0.898
3490	4170	1	0.939
2712	3039	0	0.000666
568	3106	1	0.856
4122	3125	1	0.922
657	4541	1	0.925
10	212	1	0.804
142	1697	1	0.968
2197	4855	0	0.00116
4898	1380	1	0.952
1743	2087	0	0.00128
1652	1200	0	0.000199
2189	1559	1	0.999
761	2182	1	0.844
1838	3460	1	0.947
169	21	1	0.814
1623	477	1	0.803
4183	1284	1	0.867
125	130	0	0.000442
3467	4946	1	0.843
439	2466	1	0.904
3078	157	1	0.96
3793	117	1	0.999
1953	79	1	0.837
283	3456	1	0.856
1947	4258	1	0.974
1040	4671	0	0.000216
92	843	0	0.00107
1927	4278	1	0.807
4648	2048	1	0.989
565	4554	1	0.952
348	226	0	0.000232
1437	52	1	0.95
1213	3718	1	0.901
3903	916	1	0.871
2005	821	1	0.928
503	1960	1	0.826
1612	1536	1	0.999
1212	1548	1	0.947
273	3538	1	0.816
1275	4213	1	0.892
3192	915	1	0.924
1712	1118	0	0.00115
672	2213	1	0.999
1976	1768	1	0.852
3488	1198	1	0.894
80	4107	1	0.925
4125	1250	0	0.00104
4057	2327	1	0.969
986	3261	1	0.87
945	4779	1	0.801
1599	980	1	0.83
3436	1475	1	0.959
222	3618	1	0.904
4610	4980	1	0.881
250	1455	1	0.914
1876	2947	0	0.000951
1703	1314	1	0.868
4822	810	0	0.000315
4246	450	1	0.856
3456	1332	1	0.881
204	2026	0	0.0012
2073	2493	1	0.81
798	67	0	0.00109
1820	1563	1	0.979
2698	2693	0	0.000877
2410	4805	1	0.854
2963	1838	1	0.976
4561	1864	1	0.817
3917	1267	1	0.905
3810	2121	1	0.806
3111	1557	1	0.952
1393	1866	1	0.883
1455	857	1	0.973
2257	1200	1	0.943
580	638	1	0.851
4230	1669	1	0.911
3463	3687	1	1
2384	1401	0	0.000862
3522	632	1	0.866
4437	2192	1	0.802
4133	3517	1	0.85
8	2152	1	0.93
4000	930	1	0.865
2523	963	1	0.998
3678	4832	0	0.000883
827	2679	1	0.803
1209	1595	1	0.822
2681	11	1	0.951
3293	1247	1	0.997
3993	1109	1	0.923
4575	3890	1	0.864
2164	1584	1	0.857
1090	4408	1	0.848
2809	226	1	0.911
924	4616	1	0.826
2135	3796	1	0.967
4420	1169	1	0.947
1905	421	0	0.00125
3247	3324	0	0.00119
588	68	1	0.918
71	999	0	0.000705
4418	3978	1	0.829
789	2897	0	0.000347
4919	3274	1	0.85
1985	985	1	0.89
4192	1066	1	0.842
2294	106	0	0.000216
543	421	1	0.827
3365	4232	1	0.991
949	390	1	0.839
2550	2913	0	0.00111
3417	1901	0	0.000237
2218	623	0	0.000455
515	875	1	0.934
1943	780	1	0.998
1112	2968	1	0.987
2912	695	0	0.000379
2028	202	1	0.809
3580	1720	1	0.816
3020	178	1	0.948
2010	675	1	0.921
4936	837	1	0.916
817	1773	1	0.859
3975	381	1	0.828
3027	2748	0	0.00106
3351	1036	1	0.823
2282	1315	1	0.917
742	3145	1	0.832
2583	4711	1	0.927
3735	3194	1	0.949
1972	2955	1	0.83
745	4888	1	0.913
3423	4572	1	0.862
4387	22	1	0.944
1667	2925	0	0.00124
1724	1983	1	0.864
3874	4092	1	0.87
547	4533	1	0.974
2124	2582	1	0.882
1139	45	1	0.906
3529	2280	1	0.922
2586	1545	0	0.000368
426	1503	1	0.842
3759	523	1	0.877
1776	4348	1	0.986
2764	506	1	0.843
1341	4215	1	0.806
4215	4291	1	0.813
4632	2826	1	0.997
3702	471	1	0.999
4908	4247	1	0.947
4806	638	0	0.000594
4577	1413	0	0.00109
3445	626	1	0.887
3657	117	1	0.983
4924	1913	1	0.889
3915	359	1	0.918
482	1033	1	0.936
3922	920	1	0.833
0	4299	1	0.821
445	2046	1	0.833
2603	4510	1	0.961
4027	99	1	0.97
4492	1439	1	0.854
3892	251	1	0.947
2914	1170	1	0.843
741	3017	0	0.000527
2976	3814	1	0.894
4322	2369	1	0.828
4538	2888	1	0.894
2955	907	1	0.862
3358	2874	1	0.986
3582	4188	1	0.953
430	145	1	0.873
752	4247	1	0.932
2270	3671	1	0.848
998	2127	1	0.922
4271	3368	1	0.912
3371	919	1	0.916
1398	3671	1	0.888
52	3880	0	0.000744
2887	1548	1	0.848
474	4095	1	0.861
3055	2605	1	0.975
2082	1317	0	0.000272
3323	2754	0	0.00113
1043	2212	1	0.864
2808	2237	1	0.963
603	1304	1	0.984
452	2161	0	0.00127
2491	4442	0	0.00022
2076	3620	1	0.929
2874	2023	1	0.86
2683	571	1	0.954
4711	4238	1	0.863
2152	3	1	0.985
3507	676	1	0.923
2847	280	1	0.825
3632	613	1	0.846
856	1116	1	0.991
4121	2063	1	0.896
4810	4487	1	0.931
3374	439	1	0.981
3995	141	1	0.842
251	722	0	0.000224
339	828	1	0.858
4135	2420	1	0.964
3737	4461	1	0.921
3749	3010	1	0.942
1542	4108	1	0.976
4638	1899	1	0.814
2980	878	1	0.918
1353	3759	1	0.996
4772	3329	0	0.000513
578	1709	1	0.897
1125	2254	1	0.959
463	3144	1	0.916
333	4735	0	0.00102
4323	234	1	0.882
1367	74	1	0.883
2713	628	0	0.000498
2614	3148	1	0.886
2168	1666	0	0.00075
4146	971	1	0.886
1933	4032	1	0.828
2349	1403	1	0.925
4174	208	1	0.914
3577	77	1	0.971
4754	464	1	0.87
2013	2418	0	0.00115
2457	2312	1	0.977
4664	2244	1	0.817
200	3643	0	0.000454
57	725	1	0.872
1672	1750	1	0.842
2755	3026	1	0.986
127	3831	1	0.96
265	3122	0	0.000233
2889	676	1	0.846
3166	861	1	0.996
679	2466	1	0.933
2785	3015	1	0.942
371	70	1	0.926
686	4532	0	0.000423
2116	57	1	0.811
4951	1410	1	0.882
3270	686	1	0.826
4266	292	1	0.86
1588	27	1	0.991
810	1138	1	0.894
1774	498	1	1
3165	20	1	0.845
2402	1849	1	0.818
1951	3652	1	0.974
1688	23	1	0.949
3214	1509	0	0.00121
2686	3038	1	0.872
2352	4132	0	0.000383
83	9	1	0.976
4564	3148	1	0.832
4738	3602	0	0.000936
4383	1610	0	0.00114
975	3298	1	0.814
604	2557	0	0.000385
4257	4152	1	0.845
903	4805	1	0.809
3887	3826	1	0.933
4287	4999	1	0.884
2474	29	0	0.000518
628	529	1	0.81
4389	307	1	0.918
2162	4540	1	0.847
1921	548	1	0.855
362	425	0	0.00122
4328	1053	1	0.938
2656	151	1	0.887
4033	335	1	0.922
1084	3041	1	0.811
3649	2270	1	0.838
4922	422	1	0.98
4746	2438	1	0.985
1830	43	1	0.977
1909	1112	1	0.824
1407	649	1	0.902
128	847	0	0.000257
3780	569	1	0.967
1110	67	1	0.962
549	3409	1	0.968
3119	159	1	0.893
2319	289	0	0.000893
3523	4112	1	0.807
3846	3115	1	0.919
988	425	1	0.911
30	1887	1	0.986
4643	1622	1	0.923
3427	4	1	0.97
3524	308	1	0.895
3952	227	1	0.826
1472	2295	1	0.995
3240	4550	1	0.824
3037	691	1	0.853
4362	109	1	0.939
1788	3370	1	0.867
4762	2075	1	0.9
2420	2081	1	0.889
2060	2723	1	0.833
1913	2971	1	0.922
2545	3895	1	0.899
1533	4912	1	0.859
3178	1840	1	0.853
478	4228	1	0.82
130	2673	1	0.969
3901	280	1	0.976
1881	1642	1	0.926
3376	4659	0	0.000921
2181	2991	1	0.938
107	665	0	0.000222
1893	4930	1	0.936
1397	3629	1	0.805
1309	4241	1	0.968
3163	2971	1	0.957
1866	211	0	0.000606
1550	514	1	0.906
4745	270	0	0.00112
500	181	0	0.00126
790	1969	1	0.977
4413	1042	1	0.982
1511	2584	1	0.975
4190	3492	1	0.935
3588	90	1	0.911
356	3642	1	0.902
1181	2044	1	0.896
1057	644	1	0.825
4773	3380	1	0.942
4903	52	1	0.99
4432	195	1	0.865
261	594	1	0.925
1252	3268	1	0.971
4511	4808	1	0.884
3230	214	1	0.997
2295	3215	1	0.978
1514	758	1	0.925
2580	2321	1	0.996
4808	3699	1	0.809
587	3240	1	0.82
391	2869	1	0.857
258	1045	1	0.862
3300	4795	1	0.937
1515	3666	1	0.925
3697	198	1	0.984
4587	3586	1	0.844
1013	2955	1	0.904
2705	2492	1	0.82
2463	991	1	0.837
2113	2754	1	0.945
2289	4312	1	0.82
1629	3273	1	0.87
2582	668	0	0.000988
4388	396	1	0.915
74	2205	1	0.82
2068	2804	1	0.875
220	3875	1	0.888
4759	437	0	0.000714
3331	199	0	0.000304
2074	3379	1	0.83
2178	4596	1	0.836
1490	860	1	0.909
2649	152	1	0.816
2226	4245	0	0.000164
1963	4829	1	0.89
4804	71	1	0.802
1541	4235	0	0.00104
939	2175	1	0.923
1584	2164	1	0.967
1260	3873	0	0.000699
4540	2147	1	0.937
1289	1721	1	0.973
2532	3412	1	0.951
2090	93	1	0.858
4542	1707	1	0.888
893	4298	1	0.909
4639	1187	1	0.912
608	4193	0	0.000419
1464	4570	1	0.822
4185	736	1	0.989
3590	2679	1	0.9
2554	2414	0	0.00113
1402	3699	0	0.000509
4835	2950	1	0.822
9	4796	0	0.000744
3269	1807	1	0.854
2105	898	0	0.000248
1300	890	1	0.988
2098	2753	1	0.842
4198	4578	1	0.864
701	60	0	0.000885
4731	1465	0	0.000457
921	810	1	0.977
2296	2349	1	0.872
4554	645	1	0.837
2797	2212	1	0.923
2571	1656	1	0.815
4901	1660	1	0.921
4661	1133	1	0.854
1710	2891	0	0.00126
4460	4808	1	0.861
4539	3589	1	0.931
2551	2420	1	0.935
2621	4205	0	0.00091
522	588	1	0.995
3212	3015	1	0.813
4040	2731	0	0.000449
466	4921	1	0.807
3395	2765	1	0.882
2336	3670	1	0.826
3949	3959	1	0.811
2609	916	1	0.898
4410	937	1	0.844
728	2811	1	0.808
1854	663	1	0.947
787	3761	0	0.000198
300	4887	0	0.000283
880	3448	1	0.876
1432	2754	1	0.874
4787	2136	1	0.837
255	199	1	0.872
4497	1577	1	0.908
4481	2448	1	0.803
2845	528	1	0.845
2734	2672	1	0.879
971	4411	1	0.893
2719	1563	1	0.911
3621	3258	1	0.922
2061	3716	0	0.000763
3542	2577	1	0.852
3518	4671	1	0.927
980	154	1	0.808
1988	199	1	0.939
1416	1717	1	0.804
3727	1735	1	0.862
4105	852	1	0.98
1592	2359	1	0.95
2149	4473	1	0.97
2117	4632	1	0.863
2848	582	1	0.843
3312	2927	1	0.857
3863	324	1	0.905
1290	3204	1	0.894
4406	538	1	0.852
4841	1241	0	0.000189
4721	2183	1	0.925
4303	53	1	0.879
4474	41	1	0.938
331	1758	1	0.947
3878	2102	1	0.893
1926	318	0	0.000893
4588	1087	1	0.818
4186	260	1	0.86
2409	994	0	0.000631
2361	402	1	0.908
3719	1499	0	0.000472
1602	2688	1	0.934
1362	2647	1	0.893
4180	3771	1	0.814
4409	2666	1	0.825
3344	2190	1	0.936
1901	3720	1	0.994
1386	415	1	0.863
2970	4415	1	0.887
1618	3906	1	0.918
2522	2912	1	0.815
963	2536	1	0.825
2369	170	1	0.977
2440	2233	0	0.00123
1240	3065	0	0.000307
4320	723	0	0.00107
552	4529	1	0.879
662	2127	1	0.837
407	862	1	0.977
1258	316	1	0.822
2654	1413	1	0.946
632	1616	1	0.957
498	1038	1	0.818
4034	2703	1	0.977
1380	3714	1	0.898
3766	649	1	0.924
3969	595	1	0.831
4850	2861	1	0.928
2118	2213	1	0.901
3540	3652	1	0.92
3670	4259	1	0.843
2208	95	1	0.976
4782	1731	0	0.000759
695	1924	1	0.831
4311	738	1	0.858
1727	3791	1	0.989
4871	2197	1	0.995
4930	4856	0	0.000225
2137	4225	1	0.992
1417	901	1	0.865
1180	4193	1	0.875
2500	3063	1	0.823
3357	422	1	0.821
3239	1425	1	0.975
2856	261	1	0.922
2521	857	1	0.919
1022	1441	1	0.923
2234	3490	1	0.8
4373	3645	1	0.907
2774	850	1	0.913
2019	3503	1	0.847
4749	419	1	0.859
2246	126	1	0.874
3324	1011	1	0.822
3065	298	1	0.917
2658	2440	0	0.000866
3867	3724	1	0.94
1958	2838	0	0.0009
4756	1204	1	0.809
582	754	1	0.942
1377	4037	1	0.866
589	3767	1	0.986
268	597	0	0.000714
375	219	1	0.984
1020	3522	1	0.833
4302	1287	1	0.887
4138	2643	1	0.827
247	1082	1	0.849
1430	782	0	0.000781
2417	1161	1	0.839
1444	900	1	0.887
4330	1036	1	0.903
4988	221	1	0.986
682	1079	1	0.825
520	1811	0	0.000378
2680	4482	1	0.87
2194	782	1	0.972
3221	2257	1	0.949
4236	743	1	0.899
3159	2392	1	0.923
698	3525	1	0.811
1143	1212	1	0.967
3912	670	1	0.821
3373	72	1	0.882
836	60	1	0.96
629	3489	1	0.892
768	4061	1	0.817
355	384	0	0.000432
2227	3852	1	0.862
4045	1302	1	0.986
974	4618	1	0.922
2466	2270	1	0.989
3246	1712	1	0.99
1489	3247	1	0.931
1653	1174	1	0.829
1598	1874	1	0.871
955	1734	1	0.961
1997	3821	1	0.969
4529	3294	1	0.931
1327	4924	1	0.975
382	39	1	0.958
4499	1959	1	0.8
4268	2439	1	0.879
4416	220	1	0.821
2738	2862	0	0.000511
1387	4963	1	0.823
1622	4315	1	0.874
3353	3599	0	0.000813
2723	187	0	0.000627
135	20	1	0.839
2470	3118	1	0.917
3701	2067	1	0.948
3127	4568	1	0.815
4408	2337	1	0.895
4102	4577	1	0.985
3103	1971	1	0.973
4766	316	1	0.895
3095	537	1	0.969
495	1412	1	0.806
763	68	1	0.843
4646	222	1	0.825
2077	63	1	0.956
1709	960	1	0.879
2396	3357	0	0.000501
3623	4240	1	0.953
2607	3022	1	0.911
4695	413	1	0.869
3368	101	1	0.826
3288	3894	1	0.961
4780	2308	1	0.931
1219	3433	1	0.99
3216	993	1	0.868
457	1044	1	0.819
3237	4663	1	0.907
3724	1118	1	1
2213	3341	1	0.943
1962	4316	1	0.861
564	1773	1	0.925
3848	106	1	0.927
3671	2904	0	0.00122
2777	1144	1	0.971
760	2004	1	0.916
1674	505	1	0.938
4145	1312	1	0.913
1952	2073	1	0.968
4445	1286	1	0.911
341	936	1	0.813
305	976	1	0.999
3002	1209	1	0.949
3123	4187	1	0.883
3965	1267	1	0.911
2169	439	1	0.862
2986	3550	1	0.994
2382	1884	1	0.825
4952	45	1	0.902
2938	1735	1	0.818
2793	983	1	0.938
2635	978	0	0.00124
1122	51	1	0.821
4672	1276	0	0.00112
1862	4381	1	0.84
4725	61	1	0.991
2675	4806	1	0.934
1249	3720	0	0.00071
4824	135	0	0.00124
4599	3114	1	0.97
493	4189	1	0.82
2222	2702	1	0.906
1829	2981	1	0.9
2253	3018	1	0.973
2280	576	0	0.0011
3035	1166	1	0.891
2362	346	1	0.931
902	204	1	0.823
4994	2704	0	0.000805
3384	1011	1	0.865
1613	223	1	0.843
2870	1180	1	0.969
1203	2134	1	0.948
2711	1026	1	0.963
2353	379	0	0.000644
1052	852	0	0.000909
3315	1691	1	0.984
561	1683	1	0.859
4739	89	1	0.886
3679	1243	1	0.801
1717	699	1	0.998
1977	22	1	0.858
1273	3689	1	0.916
3157	4036	1	0.915
4430	1757	1	0.898
2561	242	1	0.876
199	1954	1	0.983
4353	4733	1	0.87
50	4067	0	0.00102
1753	211	1	0.905
3026	613	1	0.944
3172	4843	1	0.834
2667	133	1	0.832
4047	540	0	0.000332
4044	2846	0	0.000554
1261	1598	1	1
3132	1665	1	0.801
122	2735	0	0.000316
1554	2649	1	0.891
1182	2692	0	0.000206
1413	2980	0	0.00116
4795	3910	1	0.922
2	766	1	0.942
3681	2223	1	0.952
2386	1886	1	0.853
3310	1498	1	0.857
316	498	1	0.855
3306	1077	1	0.885
388	1848	0	0.000836
378	3883	1	0.962
1690	13	1	0.931
2596	2227	1	0.854
29	3307	1	0.976
2022	690	1	0.833
1324	116	1	0.986
1614	3294	1	0.87
3966	4247	1	0.94
2865	4451	0	0.00111
4235	2210	1	0.865
450	1626	1	0.847
2966	2965	1	0.826
1183	56	1	0.987
2404	2070	1	0.9
323	2523	0	0.000423
1266	2435	1	0.831
1170	1608	1	0.862
2657	799	1	0.936
3482	160	1	0.868
1002	250	1	0.971
4381	641	1	0.824
1395	2923	1	0.955
3699	2659	1	0.905
59	2499	1	0.932
2638	4406	1	0.898
1206	976	1	0.893
2960	3793	1	0.827
3578	4421	1	0.97
1351	486	1	0.88
3654	949	0	0.000945
4949	2206	1	0.917
2922	4627	0	0.000297
317	2015	1	0.95
4500	2549	0	0.000342
413	595	1	0.986
4676	827	1	0.808
3668	111	1	0.867
3411	980	1	0.837
576	4754	1	0.974
4483	4569	1	0.899
735	2767	1	0.841
4210	2825	1	0.872
1751	3482	1	0.955
2575	2909	1	0.985
991	3097	1	0.912
1053	3826	1	0.94
1187	317	1	0.802
1918	1696	1	0.908
4709	1555	1	0.843
4448	676	1	0.82
3393	1895	0	0.000195
1073	2949	1	0.897
2469	1693	1	0.94
2934	3240	1	0.918
4193	568	1	0.835
4477	2111	1	0.951
3242	145	1	0.825
436	2689	1	0.882
1512	2588	0	0.000945
1463	857	1	0.957
794	2962	0	0.00128
379	1509	0	0.00105
4909	1473	1	0.829
1050	2917	1	0.944
4314	638	1	0.809
3	8	1	0.988
144	4286	1	0.962
3137	1202	1	0.948
2771	1804	1	0.991
4326	1194	1	0.811
1419	4064	1	0.918
3857	1848	1	0.912
2762	1144	1	0.814
972	846	1	0.99
2818	918	1	0.911
351	4866	1	0.999
2048	4648	0	0.000258
4108	533	1	0.904
2464	480	1	0.933
4887	300	1	0.92
1148	225	0	0.000956
4423	264	1	0.936
782	969	1	0.855
460	3416	0	0.000999
1547	2908	1	0.875
3688	2342	1	0.969
2301	4670	1	0.994
3410	2787	1	0.941
2274	3052	1	0.828
4372	118	1	0.816
167	2656	1	0.989
1537	693	0	0.000312
756	328	1	0.827
2173	4270	1	0.938
376	3435	1	0.883
3203	1055	1	0.951
4670	4141	1	0.991
661	3038	1	0.822
77	3577	1	0.83
675	2010	1	0.938
2360	4245	1	0.889
2677	2523	1	0.833
115	2285	1	0.802
1016	2599	1	0.822
2036	992	1	0.861
1721	3767	0	0.00111
2259	211	1	0.899
3899	2082	1	0.899
3987	1745	1	0.93
3363	1592	1	0.903
4889	258	0	0.000349
2397	3663	1	0.822
26	100	1	0.938
822	1401	1	0.868
1465	4454	1	0.848
299	1215	1	0.817
3263	1072	0	0.000323
3769	2688	1	0.973
1037	2901	1	0.892
4456	1935	1	0.918
4164	1783	0	0.00028
1026	1547	1	0.848
4101	2115	1	0.995
885	4429	1	0.986
2951	3661	1	0.909
2526	261	1	0.83
2486	2761	1	0.837
1401	227	1	0.895
1563	1799	1	1
4010	2151	1	0.986
2634	708	1	0.916
2838	4970	1	0.864
2531	1349	1	0.801
1434	527	1	0.843
1621	14	1	0.992
3093	4839	1	0.916
1635	4921	1	0.946
660	1744	0	0.000745
1314	1039	1	0.92
2720	2459	1	0.872
1484	2491	0	0.000798
3997	4424	1	0.987
4270	3162	1	0.834
1944	4187	1	0.99
900	1693	0	0.000414
3138	628	1	0.976
2107	57	1	0.985
4300	2284	1	0.98
1100	3716	1	0.882
329	4516	1	0.913
4357	1405	1	0.807
3964	2105	1	0.982
2724	2892	1	0.895
4007	286	1	0.874
1559	1536	1	0.835
2782	264	1	0.969
3953	127	1	0.839
1979	3462	1	0.807
2601	3410	1	0.857
2581	4864	1	0.83
2303	325	1	0.905
2064	3846	1	0.971
2507	536	1	0.869
839	204	1	0.946
3562	1613	1	0.93
3534	1705	1	0.963
2210	435	1	0.951
3653	3357	1	0.872
1738	131	1	0.871
4552	630	1	0.817
960	1285	1	0.805
4142	2229	1	0.973
3728	2427	1	0.801
2927	1795	1	0.89
2072	390	1	0.972
2298	590	1	0.89
3174	642	1	0.988
584	1311	0	0.00037
4148	2321	1	0.973
1610	4632	1	0.924
1812	4375	1	0.948
4478	501	1	0.811
4690	604	1	0.809
802	422	1	0.883
3784	4760	1	0.86
1156	4792	1	0.907
1340	4084	1	0.894
2714	1718	1	0.954
257	2246	1	0.973
505	2969	1	0.949
468	2	1	0.856
2593	268	1	0.821
3107	124	1	0.955
1752	3891	1	0.85
3016	1220	1	0.928
277	3883	1	0.804
4514	2354	1	0.831
1453	141	1	0.872
2363	4171	1	0.814
638	3304	1	0.84
3569	4168	0	0.000771
3777	1022	1	0.911
4732	520	1	0.94
102	2236	1	0.812
4872	4857	1	0.862
2281	325	1	0.956
1956	1153	1	0.935
3170	2125	1	0.874
2840	3623	0	0.000999
1764	4461	1	0.902
2691	1628	1	0.822
86	4808	1	0.837
4071	4522	1	0.853
919	3371	1	0.847
1379	974	1	0.917
4820	3222	0	0.000697
21	1345	0	0.000976
2882	2601	1	0.873
4786	1449	1	0.89
1955	1087	1	0.986
1451	2902	1	0.843
710	2212	1	0.935
2038	230	1	0.84
2931	45	1	0.855
1600	2372	1	0.988
1615	1020	1	0.9
1356	3740	1	0.845
2891	4189	1	0.942
1473	2764	1	0.87
3858	1587	1	0.924
56	4353	1	0.99
4023	2242	1	0.844
1928	2	1	0.801
380	55	0	0.000998
2553	793	1	0.851
432	852	1	0.844
4295	4164	1	0.81
4015	3956	1	0.835
3639	273	1	0.927
732	984	1	0.889
4208	2450	1	0.89
2267	2883	1	0.954
575	456	1	0.892
1867	588	0	0.00027
2842	637	1	0.886
2235	3558	1	0.921
235	1481	0	0.000715
2619	4934	1	0.91
1301	4144	1	0.983
558	2612	1	0.997
1138	2417	1	0.827
2300	1024	1	0.887
2660	473	1	0.832
3460	2963	1	0.807
4154	1726	0	0.000193
3823	4307	1	0.896
489	3791	1	0.972
3996	242	1	0.858
3060	65	1	0.898
2447	1527	1	0.875
3620	2076	1	0.975
2483	3742	1	0.979
3835	1863	1	0.885
4092	935	1	0.948
328	2114	1	0.864
3125	489	1	0.885
4838	2255	1	0.946
883	3096	0	0.000563
4671	324	1	0.912
1671	747	0	0.00083
3579	2855	1	0.843
590	845	1	0.82
2446	3670	1	0.969
1708	1405	0	0.00111
4595	580	1	0.83
3946	670	1	0.982
639	1412	1	0.899
1617	1117	1	0.827
976	871	0	0.00105
1082	1912	1	0.809
2721	985	1	0.999
2811	3968	1	0.93
161	2393	1	0.868
2297	337	1	0.965
3496	1070	1	0.902
4204	172	1	0.917
3267	1384	1	0.96
1185	85	1	0.801
2071	4700	1	0.99
912	2462	1	0.955
4683	129	1	0.843
792	1373	1	0.963
4162	4134	1	0.827
4289	3966	0	0.00104
4401	891	1	0.805
4779	1461	0	0.00104
4462	2929	1	0.938
1045	3335	1	0.823
4239	246	1	0.928
1791	4521	1	0.918
2172	2639	1	0.887
2678	177	1	0.811
857	181	1	0.962
3537	855	1	0.884
2968	1909	0	0.000204
2387	2420	1	0.95
4219	3040	1	0.897
4384	1450	1	0.947
1360	3916	1	0.848
3143	787	1	0.954
2165	1935	0	0.000914
1332	1425	1	0.928
4063	1176	1	0.959
1186	2797	1	0.92
4439	1170	1	0.94
381	4545	1	0.896
279	4488	0	0.000734
595	2077	1	0.866
1822	178	1	0.903
2573	1293	0	0.000898
2769	1620	0	0.00069
3743	2205	1	0.997
4434	248	0	0.0008
2252	2396	0	0.000479
4570	3946	1	0.905
2456	1315	0	0.00127
1643	2302	1	0.933
1008	2072	1	0.931
1627	3300	0	0.000424
4629	3481	1	0.906
3075	76	1	0.814
3409	2519	1	0.898
4332	2365	1	0.802
2209	2999	1	0.802
1800	169	1	0.967
2946	3037	1	0.884
860	2625	1	0.952
757	4666	1	0.992
1017	3450	1	0.883
4006	2955	1	0.989
1230	2364	1	0.896
2568	1012	1	0.952
1342	1016	1	0.998
3004	2650	1	0.804
3951	400	1	0.891
96	1900	0	0.00112
3332	2633	1	0.941
3117	714	1	0.945
1843	2029	1	0.876
4679	3455	1	0.982
1700	1044	1	0.898
530	229	1	0.855
2669	222	1	0.85
4211	2327	1	0.822
2157	514	1	0.98
2732	816	1	0.949
2592	72	1	0.94
4568	3127	0	0.000554
176	4782	1	0.973
3837	581	0	0.000701
3438	3436	1	0.8
3873	1105	1	0.818
1991	4932	1	0.837
4458	625	1	0.943
1886	1843	1	0.86
2679	3267	1	0.943
2039	2107	1	0.895
3870	1040	1	0.857
1346	2698	1	0.967
555	3693	1	0.812
3397	463	1	0.983
118	3476	1	0.953
1549	3044	1	0.833
172	3285	1	0.826
626	224	1	0.828
4173	1547	0	0.000875
3062	212	1	0.885
31	2599	1	0.8
4403	381	1	0.935
4802	1734	1	0.836
4976	4360	1	0.942
4604	3099	1	0.839
4299	4808	1	0.965
1488	1313	1	0.814
4171	2671	1	0.912
111	3372	1	0.822
1466	578	1	0.952
2716	1963	1	0.851
2858	2925	1	0.923
2315	609	1	0.857
1628	1036	1	0.884
3880	1100	1	0.885
3836	4105	1	0.926
1903	181	1	0.866
3954	3564	1	0.919
1049	2580	1	0.801
1243	3679	1	0.978
3663	3475	0	0.000974
3798	1019	1	0.86
4852	329	1	0.886
3650	1235	0	0.000474
4839	2854	1	0.993
4179	2676	0	0.00117
2293	3480	1	0.977
942	1423	1	0.848
1467	753	1	0.915
2599	1342	1	0.919
3205	2251	1	0.965
3503	2882	1	0.879
3298	975	0	0.000998
3275	3839	1	0.871
3343	1468	1	0.84
178	3020	1	0.87
3194	2317	1	0.83
1361	3117	1	0.942
2056	3959	1	0.862
3258	3636	1	0.935
2807	1754	1	0.804
3733	2122	1	0.843
1832	4401	1	0.839
2825	54	1	0.969
3609	3219	0	0.000566
60	3847	1	0.915
1263	1018	0	0.000439
3923	3643	1	0.883
2350	1632	1	0.908
3118	390	1	0.882
2136	2052	1	0.829
4109	1327	1	0.895
2083	3738	1	0.885
2718	533	1	0.824
4449	1707	1	0.959
1771	857	1	0.949
2863	290	1	0.882
469	4325	1	0.857
2877	4852	1	0.87
1370	1195	1	0.98
4140	2751	1	0.879
2752	933	0	0.000441
4705	4817	0	0.000894
3642	667	1	0.818
55	79	1	0.862
1950	250	1	0.87
535	2893	1	0.98
1496	1862	0	0.000312
3389	732	1	0.848
3150	3988	1	0.941
1269	339	1	0.871
4128	1291	1	0.922
2348	2494	1	0.964
2959	560	1	0.989
3977	3537	1	0.856
1404	2966	0	0.000435
1789	1011	1	0.871
814	3652	1	0.93
3608	1939	1	0.881
1715	3341	1	0.928
2535	767	1	0.829
3169	1016	1	0.956
554	850	1	0.885
866	352	1	0.867
1162	150	1	0.813
4652	608	1	0.876
116	2333	0	0.000622
4036	82	1	0.94
3294	3029	1	0.876
3088	4865	1	0.842
1773	2620	1	0.989
4446	2474	1	0.954
3614	3128	1	0.93
1974	228	0	0.000631
1321	997	1	0.925
2735	140	1	0.811
3592	28	1	0.855
996	1315	1	0.819
3516	2213	1	0.884
3585	2999	1	0.979
3325	506	1	0.812
2400	4457	1	0.915
818	1860	1	0.998
422	3511	1	0.959
3042	1116	0	0.000177
4182	555	0	0.000359
2272	2160	1	0.946
2897	789	1	0.823
3077	157	0	0.000494
3421	866	1	0.896
3252	3105	1	0.89
3611	1048	0	0.00071
2186	1033	1	0.992
3962	202	1	0.833
4080	3366	1	0.945
2472	1672	1	0.948
917	1227	1	0.953
2954	4271	1	0.894
1931	1429	1	0.895
4465	4531	1	0.801
1811	4732	1	0.975
2996	125	1	0.977
3025	32	0	0.000524
1336	2594	1	0.858
1468	3476	1	0.98
1150	3939	1	0.86
1902	4374	1	0.899
2454	1150	1	0.903
4883	3582	1	0.862
467	3531	1	0.864
4657	810	1	0.804
3980	4197	1	0.966
2201	3486	1	0.908
3181	2774	1	0.95
4669	3246	1	0.813
2549	1869	1	0.813
1948	2404	1	0.938
1222	4583	1	0.854
1524	2156	1	0.989
4260	1803	1	0.828
1337	221	1	0.992
2276	4888	1	0.876
876	4247	1	0.979
4030	2391	1	0.871
2094	854	1	0.866
1726	327	1	0.801
4821	4235	1	0.956
1382	957	1	0.834
3992	4164	1	0.854
4276	1943	1	0.885
1085	1765	1	0.909
2496	3307	1	0.998
2333	4887	1	0.958
4914	2171	0	0.000209
1975	1340	1	0.946
3249	945	1	0.929
1581	46	1	0.871
538	166	1	0.882
1601	1199	1	0.943
3854	638	1	0.88
3877	4306	1	0.965
2787	2882	1	0.929
3533	3159	1	0.882
2823	1953	1	0.946
4350	3975	1	0.866
1793	3673	1	0.968
3538	869	1	0.811
3531	111	1	0.885
2390	3804	0	0.000716
186	4802	1	0.932
3772	111	0	0.00045
62	2580	1	0.964
2754	824	0	0.00112
494	2572	1	0.852
3729	407	1	0.922
3149	3533	1	0.955
353	349	1	0.973
4815	1936	1	0.964
27	4565	1	0.902
1440	3221	1	0.888
4689	2155	1	0.85
3889	1628	1	0.985
3556	1266	1	0.975
3019	1798	1	0.821
4637	779	1	0.874
2798	1020	1	0.816
3390	1969	0	0.000631
4037	597	1	0.942
1821	3154	1	0.945
106	354	1	0.867
4380	2311	1	0.9
3646	151	1	0.933
1634	3524	1	0.873
1845	2908	1	0.83
3135	312	1	0.959
2628	1393	1	0.804
3771	1889	1	0.914
4202	3682	0	0.00105
901	1685	0	0.00113
4463	3296	1	0.823
3105	3205	1	0.956
1639	4847	1	0.969
1135	552	1	0.905
451	42	1	0.91
594	2526	1	0.919
1477	3849	0	0.000325
3792	1596	1	0.954
747	1664	1	0.926
2385	2736	1	0.81
1059	2208	0	0.000775
3626	630	0	0.000774
4849	1197	1	0.814
3420	3413	1	0.853
296	2019	1	0.847
1042	2466	1	0.841
786	1149	1	0.998
3457	4024	1	0.89
1510	477	0	0.00058
2932	3777	1	0.937
3355	1056	1	0.934
4941	4000	1	0.952
297	2940	1	0.966
3385	2024	1	0.904
1938	215	1	0.952
51	2851	1	0.945
427	351	1	0.971
119	1939	1	0.811
2313	2454	1	0.986
4533	106	1	0.948
37	367	0	0.00065
150	4688	1	0.995
4305	3034	1	0.817
4139	1982	1	0.863
2558	2220	1	0.83
4966	4144	1	0.869
160	2112	1	0.854
1546	56	1	0.93
1891	1139	1	0.982
1197	1982	1	0.95
1201	498	1	0.805
2992	561	1	0.98
2322	3785	1	0.809
249	11	1	0.944
4509	3222	1	0.976
3779	1	0	0.0011
909	1185	0	0.000869
4359	2545	0	0.00116
1521	3024	1	0.995
2662	2451	1	0.856
4134	185	1	0.874
4127	476	1	0.848
3273	149	1	0.953
550	3670	1	0.81
2540	4839	1	0.996
4482	75	1	0.889
4517	3512	1	0.87
1447	3117	1	0.845
4172	127	0	0.00107
4803	110	1	0.953
1961	4460	1	0.979
288	1101	1	0.961
3335	3247	1	0.828
4805	744	1	0.903
2332	713	1	0.892
395	2599	1	0.905
4206	2276	1	0.857
4339	2589	1	0.996
4013	2185	0	0.000523
2525	1820	1	0.899
3015	1235	1	0.941
3985	402	1	0.909
684	729	1	0.847
2033	2602	0	0.000276
3200	95	1	0.805
4586	2431	1	0.964
4223	625	1	0.827
4636	710	1	0.937
1426	72	1	0.907
711	2784	1	0.986
2494	2348	1	0.929
4249	3356	1	0.989
3655	4035	1	0.896
87	773	0	0.00101
4956	891	1	0.936
2730	2736	1	0.873
1762	108	1	0.979
502	561	1	0.974
3645	2765	1	0.929
1452	1101	1	0.98
3741	3171	1	0.857
601	3014	1	0.93
1158	2061	1	0.809
2577	439	1	0.987
3801	3786	0	0.000489
1178	3949	1	0.824
2937	2961	1	0.853
3960	3117	1	0.946
4029	1703	1	0.938
1782	3959	0	0.000689
2693	1346	1	0.974
1692	3990	1	0.874
3303	1854	1	0.845
3909	2772	1	0.81
3651	2582	0	0.000569
2395	754	1	0.949
3920	2693	1	0.818
4778	1198	0	0.000674
1136	4654	1	0.905
2854	1941	0	0.000968
2608	1893	1	0.928
2055	60	1	0.842
1196	583	0	0.000719
4641	502	1	0.841
984	902	1	0.855
1315	4037	0	0.000474
1844	115	1	0.971
4605	1427	0	0.000237
4290	1290	1	0.961
3426	3707	1	0.861
4360	3017	0	0.000258
345	1066	1	0.915
3511	3370	1	0.838
4942	3809	0	0.000242
553	633	1	0.805
783	675	1	0.889
4990	2179	1	0.899
1303	1315	1	0.812
182	3890	1	0.919
4834	2605	1	0.898
2311	4705	0	0.00099
3367	424	1	0.821
3442	4900	1	0.848
90	664	1	0.826
3615	4909	1	0.996
1006	2846	0	0.000708
103	319	1	0.955
3566	4627	1	0.872
4875	76	0	0.000375
4870	68	1	0.979
2855	79	1	0.949
620	609	1	0.808
3406	2618	0	0.00125
3101	3367	1	0.882
819	202	1	0.818
343	4225	0	0.00123
1366	312	1	0.986
4220	510	1	0.845
2017	2432	1	0.982
126	747	0	0.000297
4622	445	0	0.00109
1065	3740	1	0.95
4298	1807	1	0.832
402	4766	1	0.853
4083	2007	1	0.859
4896	338	1	0.866
366	1884	1	0.85
3675	3137	1	0.852
4159	2149	1	0.894
309	3867	1	0.872
2878	4322	1	0.855
646	1114	0	0.000888
4549	298	1	0.927
3738	582	1	0.889
1461	2885	1	0.913
4948	470	1	0.904
4364	226	1	0.874
1565	395	0	0.000285
3613	1409	1	0.963
2799	4100	1	0.8
208	21	1	0.848
2101	1869	1	0.844
4070	4395	1	0.917
1934	3170	1	0.957
2331	3031	1	0.968
3345	293	1	0.907
1842	4714	0	0.000527
3893	2559	1	0.853
3957	358	1	0.846
3598	990	1	0.933
4522	4529	0	0.000835
4356	1927	0	0.000603
2651	3209	1	0.933
4863	1763	0	0.000475
4621	991	1	0.964
1188	4118	1	0.841
2408	1292	1	0.926
4494	303	1	0.819
151	521	1	0.8
1684	316	1	0.887
1480	2722	1	0.913
146	364	0	0.000173
433	874	1	0.94
1217	4758	1	0.981
3799	3525	1	0.924
1305	422	0	0.000515
600	2296	1	0.809
614	1342	1	0.864
4856	257	1	0.86
3849	4392	1	0.836
2326	472	1	0.957
4126	2955	1	0.917
994	57	1	0.834
2418	4270	1	0.939
201	4416	1	0.999
3718	1213	1	0.961
1114	646	1	0.824
1767	1105	1	0.841
1670	3048	1	0.806
2644	2326	1	0.879
1644	1969	1	0.984
1666	2589	1	0.977
1164	3862	1	0.898
940	196	0	0.000474
4865	3943	1	0.837
4107	350	1	0.838
3071	3039	1	0.809
824	2992	1	0.985
2746	130	1	0.807
1597	3531	0	0.000908
40	781	1	0.994
2727	509	1	0.823
2671	2513	1	0.911
3908	271	1	0.811
961	3503	1	0.961
1095	2022	1	0.897
497	283	1	0.852
1528	4171	0	0.00088
3760	637	1	0.911
1828	197	1	0.812
4880	1829	0	0.00118
4530	66	1	0.985
1649	2891	1	0.849
2139	1246	0	0.000553
3563	4251	1	0.927
1259	1297	1	0.828
4617	3323	1	0.836
3415	1305	1	0.829
3680	1725	1	0.995
541	1758	1	0.844
2589	933	1	0.879
2933	3712	1	0.969
4862	4429	1	0.839
1035	2682	1	0.837
1741	799	1	0.867
2006	172	1	0.838
1128	1942	1	0.939
133	207	0	0.000208
4043	3842	1	0.904
1238	1121	0	0.00113
4467	37	1	0.892
4747	3734	1	0.998
2989	170	0	0.000626
3424	1885	1	0.913
3437	1465	1	0.817
1759	2599	0	0.000625
1399	396	1	0.871
259	108	1	0.806
1445	1397	1	0.825
70	371	1	0.805
3617	357	1	0.828
4062	1434	1	0.999
2403	577	1	0.833
1570	4156	1	0.994
3196	3406	1	0.992
205	1252	1	0.989
3806	1498	1	0.879
2617	616	1	0.913
2850	3801	1	0.993
2869	2980	1	0.844
284	4947	1	0.801
4877	1001	1	0.968
4918	908	1	0.988
2079	1878	1	0.968
3064	1793	0	0.000917
3439	1331	1	0.848
2249	1821	1	0.818
1736	2617	1	0.927
4741	2754	1	0.927
2868	1895	1	0.807
669	731	1	0.934
3595	3300	1	0.862
4213	1491	1	0.888
405	4776	0	0.0009
811	1763	1	0.954
4189	511	1	0.949
4761	2064	1	0.844
2789	1331	1	0.866
4431	127	1	0.972
3716	2061	1	0.849
1075	4541	1	0.944
2539	3640	1	0.923
1498	2756	1	0.925
65	646	1	0.946
3287	4358	1	0.995
3464	169	1	0.855
310	821	1	0.93
4334	4980	1	0.954
737	1368	0	0.000212
2052	3719	1	0.97
3559	3794	1	0.85
1083	4999	1	0.863
1283	3436	1	0.858
596	202	1	0.968
1134	119	1	0.9
4656	2468	1	0.984
1411	4344	1	0.81
3689	1831	1	0.813
2112	3067	1	0.96
324	3764	1	0.807
4258	1394	1	0.82
75	2727	0	0.000456
3176	4344	1	0.822
2595	2190	1	0.947
3881	904	1	0.803
3010	1235	0	0.000614
3551	3528	1	0.81
2238	2166	1	0.835
4940	2212	1	0.843
925	715	1	0.916
3876	1933	1	0.955
3223	4345	1	0.945
1583	3445	0	0.000688
2009	3401	1	0.983
953	262	1	0.939
359	2405	1	0.983
3319	1380	1	0.818
4581	476	1	0.978
2750	3228	1	0.834
431	182	1	0.905
3683	3106	1	0.905
1316	4168	1	0.829
4056	1380	1	0.943
4788	3614	1	0.818
113	2768	1	0.847
334	665	1	0.883
3182	4979	1	0.829
213	1474	0	0.000892
3994	377	1	0.807
1291	943	1	0.922
454	4888	1	0.862
1058	1658	1	0.821
1518	3761	1	0.999
619	4901	0	0.00123
226	1174	1	0.988
3597	171	1	0.951
800	529	1	0.821
867	4350	1	0.878
3865	1717	0	0.00112
4624	2280	1	0.979
3327	1364	0	0.00106
3161	3459	0	0.000402
938	939	1	0.997
849	271	1	0.836
3782	638	1	0.845
3191	900	1	0.844
2899	3492	1	0.858
3978	747	1	0.805
4259	2072	0	0.00114
4054	698	0	0.000454
286	4007	1	0.932
649	3522	1	0.869
964	3371	1	0.949
4059	3247	1	0.811
3296	4641	1	0.858
4163	136	1	0.836
926	743	1	0.911
1078	4183	1	0.824
4708	1630	1	0.828
3193	2060	1	0.838
1535	1134	1	0.983
2659	4808	1	0.884
4082	281	1	0.841
2988	2932	1	0.909
1852	1006	1	0.977
4989	4543	0	0.000817
3543	2131	1	0.89
514	1411	0	0.000628
2987	102	1	0.864
1748	1524	1	0.971
3115	3423	1	0.953
3292	413	1	0.851
1781	535	1	0.989
1005	3437	1	1
1031	2469	1	0.808
1248	3022	1	0.898
1068	2090	1	0.888
3955	2905	0	0.00116
784	1682	1	0.962
3366	870	1	0.98
4860	1953	1	0.95
4214	708	1	0.896
4736	2181	1	0.972
2584	518	1	0.956
4177	4532	1	0.863
4597	4979	1	0.929
4084	3760	0	0.000717
4893	1780	1	0.995
2478	3477	1	0.827
4470	2184	1	0.996
4857	3123	1	0.835
751	1573	1	0.901
393	693	1	0.902
4757	953	1	0.801
4734	951	1	0.93
3600	1468	1	0.89
285	1611	1	0.984
2394	3806	0	0.000473
4096	218	1	0.801
793	3471	0	0.000353
979	132	1	0.8
4212	116	1	0.808
2598	468	1	0.847
2328	300	1	0.876
2193	3973	0	0.000167
4165	304	1	0.983
656	619	1	0.945
4596	1907	1	0.901
332	2306	1	0.976
4846	3481	1	0.886
765	4749	1	0.922
3842	2184	1	0.802
1220	2635	1	0.94
2929	4462	1	0.887
4925	2577	0	0.00089
3063	3100	1	0.806
3416	4277	1	0.905
2424	3877	1	0.921
1660	3460	1	0.909
157	3077	1	0.85
320	4072	1	0.99
1036	4894	1	0.827
121	2424	1	0.831
2021	2317	1	0.92
3831	4833	1	0.812
1801	1733	1	0.979
1819	2023	1	0.866
4074	565	1	0.98
4630	3291	1	0.804
3281	3751	1	0.829
4370	1066	0	0.00124
2465	620	0	0.000318
4837	2397	0	0.000459
3745	4602	1	0.837
3098	3761	1	0.945
958	132	1	0.928
3202	1704	1	0.979
4124	4467	1	0.838
1920	2332	1	0.986
1707	4542	1	0.985
2790	3892	1	0.825
4634	1721	1	0.836
2739	1893	1	0.927
4250	3154	1	0.988
2389	500	1	0.894
2501	506	1	0.857
3692	2771	1	0.871
72	2384	0	0.00103
1374	1266	1	0.807
3329	3446	1	0.883
4136	1514	0	0.000778
3070	354	1	0.992
3468	385	1	0.889
3690	71	1	0.856
84	148	1	0.903
4438	29	1	0.877
3400	3478	1	0.9
1054	1148	1	0.914
311	2683	1	0.988
2471	878	1	0.828
1328	3820	1	0.909
3274	1385	1	0.899
3502	52	1	0.928
2859	824	1	0.974
1884	1741	1	0.989
3840	2413	1	0.863
1683	1368	1	0.938
2615	72	1	0.924
4001	1401	1	0.884
2167	1228	1	0.92
4774	1985	1	0.905
1538	4419	1	0.831
4867	4932	1	0.839
2231	291	1	0.821
4141	797	1	0.977
3231	2185	1	0.881
3268	1244	1	0.886
1265	4954	1	0.806
2514	2321	1	0.827
4022	3078	1	0.846
3278	810	1	0.933
3151	2194	1	0.86
722	304	1	0.912
2087	3589	1	0.939
1087	3177	1	0.997
2821	4599	1	0.828
2174	4643	1	0.986
1513	1170	1	0.914
417	1236	1	0.831
1957	2240	1	0.801
1093	4287	0	0.0011
1779	75	0	0.00043
2926	4772	1	0.929
2975	1065	1	0.901
3474	2038	1	0.874
2347	4187	1	0.881
136	2049	0	0.000177
2108	209	1	0.887
1501	2312	1	0.937
4453	1315	1	0.915
665	3132	1	0.837
3723	222	0	0.000348
4348	1776	1	0.897
4869	3067	1	0.986
1347	1346	1	0.805
797	864	1	0.816
3458	1306	1	0.977
2078	665	1	0.905
3185	1990	1	0.953
4945	72	1	0.817
4060	1044	1	0.808
3073	925	1	0.942
571	1809	1	0.983
2481	1689	1	0.86
1311	1380	1	0.976
4428	3236	0	0.00102
4195	3796	1	0.861
3120	3760	0	0.0012
4915	3500	1	0.866
1696	182	1	0.995
4663	2771	1	0.855
3271	837	0	0.00118
3277	4601	0	0.000451
666	77	1	0.964
4770	3683	1	0.995
1827	1628	1	0.801
4969	1532	1	0.993
3153	422	1	0.803
1179	2503	1	0.842
785	1202	1	0.926
4559	3162	0	0.000479
1859	2958	1	0.892
3781	2148	1	0.818
4085	2462	1	0.988
509	1683	1	0.863
3786	94	1	0.965
959	3810	1	0.954
3968	2811	1	0.882
2287	4682	0	0.000494
2401	1281	0	0.000799
4971	1699	1	0.839
2741	696	1	0.977
312	2176	0	0.00116
1282	2504	0	0.000183
2422	1515	1	0.993
4827	978	1	0.938
2091	794	1	0.952
3369	3904	1	0.904
1025	3462	1	0.944
4228	48	1	0.978
2815	1683	1	0.983
4349	3421	1	0.877
3640	4	1	0.99
4262	2127	1	0.894
3554	237	1	0.999
3473	2627	1	0.821
485	256	1	0.86
4399	796	1	0.825
183	379	0	0.000299
5	1300	1	0.869
2697	1139	1	0.829
2007	3475	1	0.923
4094	977	1	0.806
153	16	1	0.859
2640	824	1	0.902
1028	1066	1	0.988
2115	2090	0	0.000987
2817	1413	1	0.822
526	305	1	0.852
411	2082	1	0.844
3934	1558	1	0.839
1654	4300	1	0.926
46	196	0	0.00101
2024	2891	1	0.927
2606	867	1	0.927
2263	3896	1	0.891
4479	4004	1	0.916
2761	2268	1	0.977
4207	650	1	0.823
4764	3866	1	0.871
214	317	1	0.831
948	399	1	0.996
4653	1143	1	0.96
2703	1946	1	0.821
3379	2074	1	0.989
2177	1235	1	0.956
727	866	1	0.974
4763	4834	0	0.000554
4931	609	1	0.873
2020	301	1	0.982
4275	724	0	0.000931
556	3576	1	0.855
2920	3125	1	0.936
147	4436	0	0.000245
2610	4896	1	0.959
3453	1985	1	0.812
4510	2465	1	0.857
4318	3064	0	0.00104
3087	603	1	0.842
3207	1907	1	0.989
3656	42	0	0.000974
4557	40	1	0.895
282	4460	1	0.903
3341	3516	1	0.858
3007	2553	1	0.985
4840	3008	1	0.899
4513	4046	0	0.00105
3841	518	1	0.979
2049	3190	0	0.000576
1946	2908	0	0.00104
163	2726	1	0.821
1319	4587	1	0.861
1310	4190	1	0.914
905	4014	1	0.923
3633	1016	1	0.926
4294	82	1	0.845
978	822	1	0.828
281	1574	1	0.971
322	3034	1	0.801
537	4193	1	0.975
389	2545	1	0.878
3547	3317	1	0.991
642	2702	1	0.804
2428	1682	1	0.895
2984	1731	1	0.858
4407	1007	1	0.847
725	4389	1	0.954
2232	4648	1	0.915
4600	738	1	0.975
3677	1964	1	0.99
4558	386	1	0.847
3787	1324	1	0.823
4233	194	1	0.922
2623	3306	1	0.899
655	3651	1	0.82
2742	1690	1	0.937
1146	85	1	0.968
536	551	1	0.898
419	2762	1	0.919
910	799	1	0.862
4798	2682	1	0.808
2245	1754	1	0.867
6	100	1	0.906
4137	918	1	0.858
2240	127	0	0.00112
3262	1403	1	0.848
753	2974	1	0.972
3156	0	1	0.912
2487	49	1	0.924
2426	1204	1	0.898
805	1656	1	0.843
3266	4890	0	0.00112
4832	1360	1	0.882
1425	3239	1	0.983
3067	3484	1	0.872
3302	1801	1	0.927
4526	1868	0	0.000187
1823	4974	1	0.977
2451	677	1	0.997
1824	1917	0	0.000914
2753	725	1	0.883
3429	2201	0	0.000367
24	3437	1	0.828
365	1733	1	0.85
2000	452	1	0.916
4844	3285	1	0.944
2645	1024	1	0.924
2111	1936	1	0.984
461	4519	1	0.83
3028	2768	1	0.854
3403	3332	1	0.867
3052	72	1	0.88
3375	477	1	0.951
4424	135	1	0.828
3187	4102	1	0.844
3939	2616	1	0.843
149	74	1	0.903
2879	4144	0	0.000658
3394	577	1	0.923
3401	2487	1	0.924
4960	3761	1	0.958
3765	903	1	0.853
4160	3805	0	0.000401
94	133	1	0.901
3285	661	1	0.852
4713	3395	1	0.975
3134	670	1	0.856
968	2508	1	0.961
4678	3595	1	0.873
871	4166	1	0.856
2563	364	1	0.915
3102	4308	1	0.91
532	2240	1	0.995
4455	2023	1	0.825
3050	814	1	0.841
4419	2986	1	0.821
2104	829	1	0.9
1813	3551	1	0.866
4346	1879	0	0.000795
1846	4511	1	0.899
569	1556	1	0.82
1904	1370	1	0.873
3825	2242	1	0.987
2356	4356	1	0.886
4702	4488	1	0.83
1195	4492	1	0.983
1144	2687	1	0.81
2342	3688	1	0.939
4729	289	1	0.874
1415	845	1	0.905
1449	3138	1	0.935
3752	627	1	0.903
4132	2086	0	0.00109
2653	880	1	0.852
2477	1584	1	0.913
159	42	0	0.00103
4799	3307	0	0.000604
4106	614	1	0.832
4566	2554	1	0.97
2066	4367	1	0.892
4590	1109	1	0.855
1945	2549	1	0.907
2127	547	1	0.911
3933	2358	1	0.996
278	2076	1	0.826
4753	1118	0	0.000961
2871	2643	1	0.904
3970	739	1	0.842
2740	876	1	0.855
3832	1265	1	0.941
2480	2885	1	0.866
3513	2005	0	0.000414
4890	1251	1	0.806
401	3125	1	0.923
4234	567	1	0.943
2632	1869	1	0.957
3334	3064	1	0.906
1104	3958	1	0.915
3572	2064	1	0.892
1485	2536	1	0.888
3931	1022	1	0.856
4974	923	1	0.877
3875	3546	1	0.856
2579	492	1	0.864
2516	1506	1	0.96
4879	1099	0	0.00055
4777	239	1	0.953
1106	1036	1	0.846
3030	488	1	0.942
2997	133	0	0.000714
882	4525	1	0.885
438	1600	1	0.892
875	110	1	0.907
1153	1956	1	0.979
2557	4637	1	0.905
1739	4348	1	0.863
3175	2420	1	0.866
4792	2186	1	0.847
3054	2047	1	0.878
4283	2882	0	0.00087
462	958	0	0.000991
2357	4274	1	0.917
2991	4736	0	0.000315
2405	359	1	0.826
3328	4813	1	0.982
2510	2221	1	0.942
1333	3564	0	0.00127
4433	5	1	0.93
1101	577	0	0.0011
1364	3327	0	0.000544
4615	620	1	0.979
2141	621	1	0.977
546	1619	1	0.935
1508	638	1	0.916
4895	2846	1	0.907
4316	1198	1	0.973
2445	49	1	0.965
1446	2689	0	0.00128
3976	389	1	0.856
4026	1334	1	0.905
2053	842	1	0.802
4842	2792	1	0.942
4972	3505	1	0.955
3635	2186	1	0.883
4095	1556	1	0.902
4633	355	1	0.811
4170	3074	0	0.000331
4735	712	1	0.868
3180	2201	0	0.000292
2819	1236	1	0.822
2122	792	1	0.961
613	4401	0	0.000756
3195	4602	1	0.931
2199	4479	1	0.828
2318	515	1	0.963
3340	2408	0	0.00108
2398	4786	0	0.000991
193	1028	1	0.99
4830	3607	1	0.83
1609	4540	1	0.966
1624	880	1	0.967
4521	691	1	0.835
2381	4776	1	0.924
2886	2493	1	0.826
4117	1383	1	0.893
4081	1348	1	0.804
1742	3820	1	0.977
3320	4370	1	0.85
1381	2387	1	0.981
424	1887	1	0.835
2613	4046	1	0.899
3762	1372	1	0.805
2375	376	1	0.834
1858	4950	1	0.896
2509	371	1	0.874
2283	2798	0	0.000881
1302	569	1	0.835
2781	3524	1	0.874
4377	2099	1	0.856
3859	288	1	0.958
4613	600	0	0.000449
539	1080	1	0.936
2985	1068	1	0.937
420	3060	1	0.842
48	407	1	0.844
336	2216	1	0.936
1897	3689	0	0.000811
1198	4143	1	0.882
3282	1544	1	0.816
3637	2177	0	0.000206
2215	562	1	0.995
1483	2767	1	0.807
2556	2299	1	0.804
1698	4163	0	0.00115
4469	234	1	0.815
1111	4880	0	0.000838
2867	4821	1	0.986
4296	57	1	0.958
2327	1619	1	0.837
3419	97	0	0.0011
801	2760	1	0.969
2706	4995	1	0.934
47	3890	1	0.878
3586	140	0	0.000354
2948	3129	1	0.939
2534	102	1	0.928
4358	1481	1	0.935
1770	1056	0	0.000431
1074	1773	0	0.000555
4680	1592	0	0.00097
2121	3810	1	0.965
4224	3943	1	0.896
4488	1712	1	0.826
2046	2124	1	0.902
35	28	1	0.897
1755	3324	1	0.943
1807	3269	1	0.963
4958	2003	1	0.957
2312	1501	1	0.879
2431	4278	1	0.919
4722	332	0	0.000768
615	241	1	0.854
3337	270	1	0.916
4569	2760	0	0.000974
2170	270	1	0.985
4264	984	0	0.00113
4414	3246	1	0.846
3378	500	0	0.000333
4682	459	1	0.89
3794	3534	1	0.843
2536	2496	1	0.89
3475	2694	1	0.983
4628	52	1	0.872
2875	3071	1	0.978
3279	18	1	0.913
2339	2737	1	0.953
4544	77	1	0.991
3391	2602	1	0.803
2517	1158	1	0.838
1924	406	1	0.907
1874	283	0	0.00123
1482	1736	1	0.827
3717	792	0	0.00058
3744	404	1	0.994
681	4600	1	0.952
3307	4866	1	0.961
4929	40	1	0.994
4009	1398	1	0.976
1500	2961	1	0.924
1579	4969	1	0.817
2962	4179	1	0.976
68	1658	0	0.000825
840	3761	0	0.00121
3998	396	1	0.981
1569	3041	1	0.836
3672	281	1	0.829
936	1089	1	0.818
3286	4072	1	0.957
2430	1160	0	0.000946
1317	2177	1	0.896
2905	3720	1	0.822
4934	4844	1	0.946
3381	2384	1	0.886
421	3672	0	0.000518
1705	4530	1	0.929
3512	1754	1	0.909
2376	414	1	0.817
1757	1027	1	0.883
4826	4558	1	0.936
292	951	1	0.928
100	4	1	0.897
2981	183	1	0.916
4053	4271	1	0.842
1457	3371	1	0.943
3029	4193	1	0.985
3313	39	1	0.832
4668	267	1	0.962
4031	4175	1	0.855
2810	1589	1	0.818
2309	3566	1	0.972
3971	3066	1	0.912
3311	3380	1	0.882
3610	1102	1	0.928
1091	3141	0	0.00128
579	559	1	0.871
1831	1337	1	0.956
3295	524	1	0.947
1167	1962	1	0.941
4876	2536	1	0.918
1566	476	0	0.000304
3959	1178	1	0.807
1676	3708	1	0.946
506	568	1	0.928
2972	264	1	0.822
2423	1116	1	0.871
583	1448	1	0.851
3730	3950	1	0.938
816	342	1	0.951
2355	2738	1	0.903
2562	3087	0	0.000321
3648	2946	1	0.982
1041	1739	1	0.83
1435	4372	1	0.964
1937	752	0	0.000593
2145	328	1	0.851
1191	4507	1	0.962
1405	4168	1	1
2187	2565	0	0.000298
3631	1637	1	0.897
2676	2627	0	0.000761
2317	638	1	0.813
4524	3825	1	0.824
1863	1296	1	0.889
3283	3408	1	0.844
78	2864	1	0.861
1809	2683	1	0.992
2524	927	1	0.861
1069	4940	0	0.000845
527	164	1	0.949
2365	4332	1	0.892
2176	2093	1	0.936
4885	1752	1	0.832
3017	2894	0	0.00017
920	1542	0	0.00119
4582	1483	0	0.00059
1137	0	1	0.813
2665	3146	1	0.876
982	195	1	0.972
1792	1472	1	0.869
19	249	1	0.803
3461	717	1	0.819
2277	2996	1	0.959
4704	1388	1	0.993
2419	3080	1	0.948
4545	381	0	0.000365
611	496	1	0.845
3515	1563	0	0.000782
3356	1624	1	0.942
886	4463	0	0.0011
2901	1329	0	0.00125
2748	3088	1	0.808
1105	1277	1	0.851
1438	181	0	0.000713
769	4722	1	0.868
4337	2193	1	0.98
4504	771	1	0.991
18	2851	1	0.965
4441	4117	1	0.848
3079	292	1	0.871
3535	4612	1	0.976
4097	2519	1	0.875
1723	1924	1	0.982
4254	328	1	0.917
131	3037	1	0.928
1804	3437	1	0.985
1348	320	1	0.91
1746	199	1	0.823
1861	2934	1	0.992
2040	1399	1	0.822
931	195	1	0.915
2198	1936	1	0.909
2916	1091	1	0.897
2212	57	1	0.991
2432	695	0	0.000754
2329	3975	1	0.911
3682	4222	1	0.982
2766	2663	0	0.000766
4963	4443	1	0.817
1758	331	1	0.941
1729	4565	1	0.9
4607	1558	1	0.895
2547	4674	1	0.993
3967	736	1	0.876
2302	1982	1	0.975
697	2846	1	0.981
3929	4025	1	0.992
3032	1737	1	0.807
319	867	0	0.000252
2756	3310	0	0.000672
1998	1942	1	0.866
2407	1719	1	0.881
2625	654	0	0.000769
1454	380	1	0.801
3451	3343	0	0.000452
4104	324	1	0.969
3619	4594	1	0.826
2919	295	1	0.864
4005	118	1	0.838
188	4370	1	0.953
4567	1599	1	0.891
717	3166	0	0.00063
2921	2532	1	0.892
307	1970	0	0.00121
2594	72	1	0.923
559	441	1	0.858
3676	1288	1	0.989
2834	227	0	0.00127
3009	321	1	0.914
1730	2710	1	0.945
4553	2292	1	0.881
289	855	1	0.976
2247	47	1	0.903
859	3814	1	0.807
1147	1423	1	0.956
4046	4762	1	0.94
1345	1960	0	0.00076
1368	1711	1	0.851
4251	3666	1	0.913
862	4804	1	0.968
3284	389	1	0.826
1308	553	1	0.969
1536	4102	1	0.983
3550	762	0	0.00106
4229	4867	1	0.841
3973	4337	1	0.928
4342	1444	1	0.984
49	3115	1	0.923
1354	2734	1	0.92
43	396	1	0.836
1096	3605	1	0.893
2211	2111	1	0.903
3505	4972	0	0.000528
4927	4388	1	0.959
1719	2450	1	0.917
4750	2042	1	0.864
2829	893	0	0.00117
3742	430	1	0.967
3466	2871	0	0.000648
2844	2493	1	0.943
1173	4408	1	0.954
1470	101	1	0.86
483	292	1	0.948
2956	3595	1	0.936
3189	1630	1	0.888
4064	1727	1	0.933
687	4001	1	0.937
3576	1046	1	0.92
602	654	1	0.993
132	379	1	0.936
1582	4648	1	0.873
1682	4998	1	0.88
1427	4308	1	0.94
2835	223	0	0.000195
3141	2222	0	0.000766
545	1090	1	0.927
219	957	1	0.874
472	2247	1	0.867
3061	875	1	0.948
1558	1902	1	0.994
152	2276	0	0.000338
1424	125	0	0.000702
3658	2243	1	0.871
2224	964	1	0.839
3402	1223	1	0.865
3498	1411	1	0.923
3943	3088	1	0.951
377	3353	1	0.992
3629	1397	1	0.841
1966	167	1	0.999
3761	840	0	0.000246
3364	297	1	0.972
2542	2985	1	0.88
4042	4796	0	0.00041
363	122	1	0.959
1294	63	1	0.861
4280	1571	0	0.000438
2515	3917	1	0.826
2624	1961	0	0.00122
4487	1893	0	0.00105
995	4008	0	0.000703
2849	2817	1	0.809
1626	2304	1	0.858
4519	3427	1	0.812
3754	2115	1	0.982
796	1515	1	0.852
3548	949	1	0.893
164	412	1	0.868
3517	4133	1	0.853
1236	2241	1	0.874
2011	430	1	0.88
4376	2052	1	0.899
1239	1923	1	0.885
230	794	0	0.000221
4307	4072	1	0.913
1499	3719	1	0.805
4304	88	0	0.0012
2130	2139	1	0.943
2728	3710	0	0.000845
3326	4117	1	0.802
4543	3608	1	0.821
2639	4306	0	0.000458
773	60	1	0.816
174	233	1	0.949
3694	1107	1	0.842
2689	4138	1	0.927
4017	160	0	0.000641
1607	3738	1	0.893
3669	1148	1	0.85
4086	1297	1	0.823
3227	3364	1	0.872
1063	2118	1	0.946
1989	653	1	0.821
4090	4326	1	0.845
2892	2724	1	0.893
1225	267	0	0.000799
1322	2967	1	0.945
3224	1411	1	0.849
1587	3069	0	0.000735
3612	2716	1	0.948
2027	1296	1	0.929
3018	2072	1	0.995
2707	1169	1	0.957
4571	3291	0	0.00085
4324	1953	1	0.835
2479	3346	1	0.933
2928	3170	1	0.916
1967	989	1	0.988
3715	704	1	0.913
3796	2135	1	0.996
2482	4168	0	0.00118
3081	1901	1	0.832
1999	4817	1	0.956
1697	3828	1	0.931
1520	1542	1	0.923
2258	876	1	0.998
158	3906	1	0.851
4301	3877	1	0.925
897	3401	0	0.000444
746	324	1	0.885
1761	3874	1	0.87
854	2953	1	0.831
435	4821	1	0.956
39	21	0	0.00096
4369	1497	1	0.85
3905	3130	0	0.000569
4176	735	0	0.000693
1571	4287	1	0.988
4775	4837	0	0.00126
4075	1650	1	0.985
1516	452	1	0.997
1896	3317	1	0.886
2493	2306	1	0.884
2851	4	1	0.846
4744	3911	1	0.953
823	2399	1	0.917
1802	679	1	0.929
2495	2473	1	0.909
586	364	1	0.883
4392	664	1	0.818
922	1942	1	0.901
2903	1224	1	0.897
696	2741	0	0.000744
821	1693	1	0.969
3861	936	1	0.812
4742	33	1	0.95
3051	260	0	0.00126
3486	79	1	0.974
4365	1183	1	0.897
981	3021	0	0.00116
357	1617	1	0.987
2269	574	1	0.978
1285	3527	1	0.894
648	131	1	0.876
690	3579	1	0.933
1608	1170	1	0.933
2065	4240	0	0.001
3839	740	1	0.813
4935	2372	1	0.982
2185	954	1	0.855
3945	1410	1	0.964
2278	524	0	0.000626
1984	4809	1	0.893
2468	613	1	0.91
2214	690	1	0.954
4452	3579	1	0.95
3404	742	1	0.921
2254	4	1	0.876
383	107	1	0.961
2548	812	1	0.986
713	1304	0	0.000586
4443	1589	1	0.848
4647	132	1	0.927
4614	448	1	0.925
4032	1049	1	0.926
38	3691	1	0.857
932	1301	0	0.000558
2694	2462	1	0.895
842	390	1	0.829
858	2396	0	0.000222
148	115	1	0.933
1211	51	1	0.932
2804	662	0	0.000858
1625	2274	1	0.927
34	829	1	0.909
1778	2612	1	0.824
673	1532	1	0.865
3322	3426	0	0.000572
1714	2889	1	0.994
1564	1412	1	0.896
11	4311	1	0.838
4019	3514	1	0.939
3452	290	1	0.919
2437	21	1	0.933
4374	4480	1	0.862
2945	3293	1	0.942
1027	2110	1	0.818
1806	3300	0	0.001
2097	1459	1	0.909
4649	4956	1	0.886
2341	1278	1	0.902
4052	580	1	0.917
4345	868	1	0.864
275	1043	1	0.955
2674	4422	1	0.906
2192	4859	1	0.866
4390	4322	1	0.913
2338	3463	1	0.895
4293	4695	1	0.96
1641	2235	1	0.835
3775	2581	0	0.00123
3641	1617	1	0.802
1142	56	1	0.981
3961	4294	1	0.983
635	3810	0	0.000881
1251	4890	1	0.863
2093	524	1	0.804
2885	4545	1	0.994
2643	4995	1	0.848
2368	504	1	0.867
3700	2508	0	0.000694
3816	255	0	0.0011
2458	4676	1	0.801
3036	1039	1	0.976
2773	1046	1	0.98
3703	3249	0	0.00107
2722	378	1	0.959
4361	1646	1	0.948
2820	933	1	0.85
4912	243	1	0.951
2512	3554	1	0.883
4576	4146	1	0.813
17	2003	1	0.942
4535	2771	1	0.909
3999	3585	1	0.881
4058	421	1	0.823
2266	339	1	0.827
4861	3029	1	0.889
2612	440	1	0.959
3188	3781	1	0.937
1117	2442	0	0.000935
303	2917	1	0.801
2220	3564	1	0.907
844	2840	1	0.831
1471	2317	1	0.938
287	64	1	0.886
99	4725	1	0.877
1687	324	1	0.822
499	3740	1	0.965
2166	1887	1	0.929
143	11	1	0.868
4565	600	0	0.000868
4619	810	0	0.000243
4957	2996	0	0.00123
2344	866	0	0.000946
1015	599	1	0.972
1825	1187	1	0.879
3941	3374	1	0.872
2034	267	1	0.845
2196	2750	1	0.992
4853	1199	0	0.00104
1118	3246	1	0.984
3616	1161	1	0.847
1160	133	0	0.000365
2042	179	0	0.000521
4882	3140	1	0.925
4833	2000	1	0.894
2881	1633	1	0.974
4153	3070	1	0.977
4967	1169	0	0.00065
194	4233	1	0.99
2377	61	0	0.000892
1352	562	1	0.986
641	343	0	0.00116
1780	2643	1	0.868
4119	1432	1	0.922
3091	2116	1	0.994
2393	271	1	0.805
1021	2570	1	0.879
374	161	0	0.00111
3791	3125	1	0.818
3162	2173	1	0.868
4475	1746	1	0.931
1140	4308	1	0.883
654	2924	0	0.00118
228	1710	1	0.851
211	1866	1	0.952
2195	1415	1	0.821
4602	213	1	0.881
477	1510	1	0.86
3014	552	0	0.000885
3770	1301	1	0.807
508	1324	0	0.00118
3940	527	1	0.955
4983	3831	1	0.835
4405	1680	1	0.964
4055	2565	1	0.997
4241	1309	1	0.859
678	3581	1	0.972
1132	1752	1	0.896
234	1493	1	0.898
2450	4273	0	0.000746
3695	535	1	0.985
4716	2476	1	0.991
2633	242	1	0.882
4620	812	0	0.000574
4642	325	1	0.933
699	2395	0	0.0011
2449	2806	1	0.819
4674	2468	1	0.846
3001	3341	1	0.974
523	608	1	0.876
2802	1598	1	0.98
274	36	1	0.966
694	300	1	0.96
2533	2342	1	0.982
337	2735	1	0.967
3773	4089	1	0.946
2796	3791	1	0.845
1664	81	1	0.987
4797	4841	0	0.000564
1307	4014	1	0.86
3802	810	1	0.935
700	4817	1	0.885
1645	741	1	0.854
1949	1351	1	0.903
3560	1148	1	0.853
3204	4948	1	0.901
2529	3634	1	0.818
4103	2731	1	0.906
4534	1148	1	0.906
1286	1682	0	0.000672
3979	917	1	0.918
4800	504	1	0.879
4343	9	0	0.00111
2392	792	0	0.00056
4902	2605	1	0.94
525	45	0	0.000728
4884	1001	1	0.976
370	4970	1	0.956
3821	2731	1	0.857
597	2593	1	0.834
4608	2992	1	0.881
2636	4562	1	0.917
3348	3795	1	0.825
1492	112	1	0.967
2015	214	1	0.864
449	3480	1	0.865
2291	3584	1	0.948
3354	3267	1	0.968
542	1511	1	0.893
3479	1628	1	0.874
304	2875	1	0.816
4277	3416	1	0.903
2035	1557	0	0.000951
4933	1468	1	0.891
28	2499	1	0.948
1799	1820	1	0.8
2622	1484	1	0.869
2725	599	1	0.972
166	999	1	0.85
644	1301	1	0.913
4992	3254	1	0.822
1199	230	1	0.823
4811	452	1	0.885
4954	3832	1	0.81
1296	1908	1	0.861
4720	64	1	0.989
3361	2071	1	0.965
3527	1709	1	0.842
3377	4138	1	0.805
2795	346	1	0.816
241	508	0	0.00116
4415	881	1	0.838
2822	3231	1	0.892
1848	758	1	0.939
2791	3996	1	0.883
4161	4285	1	0.96
748	4158	1	0.828
3510	3959	1	0.899
3229	24	1	0.828
4447	2148	1	0.928
245	850	1	0.973
1060	3958	1	0.975
4375	499	1	0.881
4817	2669	1	0.929
3257	129	0	0.000609
3834	98	0	0.0003
3755	1904	1	0.855
2358	3141	1	0.815
1097	4649	1	0.941
3942	1360	1	0.892
3489	629	1	0.954
4039	222	0	0.000316
993	1238	1	0.873
834	4590	1	0.997
4379	3182	1	0.971
1055	2754	1	0.888
4459	62	1	0.909
1768	1758	1	0.809
2299	1503	1	0.845
2310	3248	1	0.986
1681	1845	0	0.00116
2637	3595	1	0.812
231	2741	1	0.883
1797	808	1	0.861
1326	3302	1	0.949
236	106	1	0.844
4091	1256	1	0.821
2801	744	1	0.846
1837	1302	0	0.000405
3686	529	1	0.98
212	2669	1	0.982
3491	179	1	0.808
652	2516	1	0.848
3530	2589	1	0.974
3318	1060	1	0.807
3528	3551	1	0.828
4291	1341	1	0.931
327	185	0	0.000587
1749	675	1	0.889
4686	3707	1	0.865
1079	682	0	0.000974
14	249	0	0.000905
4429	4735	1	0.932
4547	492	0	0.000379
2264	2224	1	0.828
4946	560	1	0.857
2467	2565	0	0.000874
141	1690	1	0.832
20	525	1	0.811
4417	729	1	0.801
1841	602	1	0.812
4728	3200	1	0.856
1177	2268	1	0.835
3990	3581	1	0.9
3253	664	0	0.0012
170	4971	1	0.802
4317	4457	1	0.941
2775	1405	1	0.923
3110	559	1	0.805
1318	1013	0	0.000207
4089	4605	0	0.000673
851	3234	1	0.813
4066	3381	1	0.927
3984	3494	0	0.000807
3932	1996	1	0.948
4261	897	1	0.82
528	199	1	0.973
954	718	1	0.872
229	464	1	0.855
1194	1380	1	0.826
3124	4587	1	0.989
2092	4644	1	0.89
1691	2070	0	0.000393
3824	378	0	0.000701
928	1478	1	0.991
4468	3408	1	0.908
2484	140	1	0.981
1638	1985	1	0.953
4627	860	1	0.954
617	1046	1	0.986
3234	2019	1	0.905
354	1016	1	0.96
1081	2940	1	0.83
1001	103	0	0.000931
4995	3466	1	0.888
1636	901	1	0.817
4696	4414	1	0.94
2564	3871	0	0.00116
1805	2010	1	0.841
2765	1241	1	0.8
720	1837	1	0.969
3764	1398	1	0.862
4737	4008	1	0.842
3386	1996	0	0.000181
369	818	1	0.955
1127	3298	1	0.833
2372	753	1	0.965
2939	1177	1	0.88
2900	1545	1	0.96
4794	247	1	0.89
22	143	0	0.000843
1229	3656	1	0.919
3290	2033	1	0.903
2673	529	0	0.000636
2217	2341	1	0.995
837	4936	1	0.922
134	570	0	0.00118
3291	4647	0	0.000363
315	126	1	0.92
2717	3559	1	0.964
4905	1862	1	0.993
108	1762	0	0.000465
1491	267	1	0.987
658	2272	1	0.896
3536	1985	1	0.927
2824	2533	1	0.931
2306	1353	1	0.964
3552	270	1	0.934
1734	620	1	0.977
4733	2700	1	0.999
884	3185	1	0.983
1888	635	1	0.87
3818	1773	1	0.858
1929	4453	1	0.969
4008	2125	1	0.926
3606	248	1	0.966
2503	1853	1	0.931
1475	3436	1	0.83
2843	1041	1	0.926
32	708	0	0.001
1227	2782	1	0.885
504	4613	1	0.836
3587	337	1	0.845
4263	1813	0	0.000988
3851	1925	1	0.929
4123	4948	1	0.916
3630	266	1	0.891
1527	4621	1	0.859
2873	1699	1	0.911
3913	1173	0	0.000254
156	1683	1	0.989
2244	343	1	0.947
1814	440	0	0.000414
2175	559	1	0.808
179	4750	1	0.934
2784	2529	1	0.924
221	4988	1	0.928
2448	4481	1	0.873
1840	508	1	0.984
3797	4792	1	0.901
4891	312	1	0.95
4911	3280	1	0.842
3916	1360	0	0.000244
197	1828	1	0.975
1257	728	1	0.874
3546	3945	1	0.801
1233	2046	1	0.832
4858	3632	1	0.892
4550	1672	1	0.93
4194	19	1	0.902
3896	1726	0	0.00116
914	4254	0	0.000441
2262	449	1	0.845
1107	63	0	0.000329
3817	4222	1	0.965
3726	335	1	0.889
3885	325	0	0.000923
16	1173	0	0.0011
2530	1546	1	0.835
4442	554	1	0.979
1969	2317	1	0.804
3494	1493	1	0.838
3362	8	1	0.833
1410	3945	1	1
2366	4873	1	0.966
707	381	1	0.875
3591	4703	0	0.000731
887	3608	1	0.882
3808	3762	1	0.956
1495	965	1	0.828
2544	4376	1	0.988
2998	4678	1	0.955
3526	439	1	0.928
1476	3082	1	0.925
162	1765	1	0.805
2958	1771	1	0.803
4391	1771	1	0.985
3209	3076	1	0.868
1388	3709	1	0.879
139	85	1	0.95
2120	2322	1	0.988
4366	133	1	0.838
3506	3978	1	0.818
1131	1908	1	0.981
1088	1687	1	0.91
1890	3925	1	0.821
1429	341	1	0.912
3244	3053	1	0.845
780	3607	1	0.99
4404	1454	0	0.00118
187	3437	1	0.98
4789	608	0	0.00116
2030	2660	1	0.886
891	1832	1	0.903
2290	3901	1	0.811
683	642	1	0.803
4113	3600	1	0.823
1689	1602	1	0.813
3440	4927	1	0.898
2699	4527	1	0.92
1262	3154	0	0.000538
2574	4877	1	0.859
4464	4383	1	0.907
4331	4671	1	0.928
3736	3143	1	0.847
524	936	1	0.821
1552	3968	1	0.958
4644	2745	1	0.862
3308	1829	0	0.000596
1504	2419	1	0.957
2025	2929	1	0.99
2839	1888	1	0.957
2414	1155	1	0.953
416	3169	1	0.953
95	1537	1	0.96
1443	845	1	0.972
3338	614	1	0.942
418	4349	1	0.893
1519	82	1	0.957
2772	107	1	0.997
838	1175	1	0.921
3012	3780	1	0.95
3272	4085	0	0.000907
1567	118	0	0.000589
4242	1969	1	0.988
4035	1881	1	0.853
1092	1829	1	0.834
198	3163	1	0.861
2134	3968	1	0.85
1539	311	1	0.873
659	4621	1	0.85
3321	570	1	0.921
7	2390	0	0.0007
965	2466	0	0.000856
2158	1684	1	0.846
3197	1243	1	0.853
712	590	1	0.973
863	4570	1	0.805
2909	632	0	0.000198
2832	690	1	0.954
3370	2496	1	0.998
531	3577	1	0.968
4508	2982	1	0.927
3008	3792	1	0.969
4691	2227	1	0.93
1256	2473	1	0.892
3210	2240	1	0.895
1330	2419	0	0.000558
1456	4214	1	0.821
1056	4792	1	0.984
1745	3987	1	0.877
2846	406	1	0.834
3113	1082	0	0.000707
4093	1641	0	0.00116
1657	4429	1	0.967
3236	852	1	0.924
2153	257	1	0.995
877	1238	1	0.801
4368	1961	1	0.899
3034	4901	1	0.989
3289	3181	1	0.845
2993	163	1	0.944
4765	1193	0	0.00118
4247	3459	1	0.85
4906	1874	1	0.844
4120	3951	1	0.873
4845	4369	1	0.888
2569	3566	1	0.981
4347	3192	1	0.844
3883	68	1	0.929
3573	267	1	0.811
3499	2360	1	0.835
330	128	1	0.947
3471	2553	0	0.000225
1070	932	1	0.925
3519	3244	1	0.809
3685	3160	1	0.826
898	2114	1	0.907
1299	1297	0	0.000803
1061	2507	1	0.8
2069	680	1	0.921
3222	3776	1	0.899
3160	4618	1	0.801
934	3222	1	0.837
1428	4648	1	0.868
3142	2894	1	0.872
2088	2886	0	0.000696
2026	204	1	0.915
2206	2601	1	0.812
3948	410	1	0.914
1534	3771	1	0.965
2538	1726	0	0.000325
1833	3505	1	0.851
4650	2717	1	0.802
1231	4511	0	0.000364
4297	3314	1	0.855
1794	1571	1	0.848
58	176	1	0.946
344	857	1	0.813
4991	102	1	0.934
3383	2666	1	0.843
1350	3552	1	0.841
2367	1514	0	0.001
2351	193	1	0.922
4167	63	1	0.805
3813	1737	1	0.915
1030	2929	1	0.892
81	36	1	0.976
4012	512	0	0.000951
4606	2131	1	0.963
585	1209	1	0.996
2490	4171	1	0.992
709	103	0	0.000268
2611	2044	1	0.851
4831	3079	1	0.884
3856	579	1	0.987
4169	884	0	0.000588
2999	425	1	0.867
815	1338	1	0.974
240	4915	0	0.00118
4723	449	1	0.857
4427	651	1	0.819
2602	3312	1	0.984
4687	1489	1	0.803
1130	1643	1	0.826
2383	3632	1	0.921
1561	2304	1	0.858
1940	161	1	0.975
754	3309	1	0.942
480	1145	1	0.914
791	811	1	0.924
2498	1352	1	0.909
636	2003	1	0.867
406	1611	1	0.899
4748	2263	1	0.968
2142	2463	1	0.977
4751	3217	1	0.893
2788	928	1	0.883
232	429	0	0.000793
2325	4566	1	0.807
4907	1443	1	0.943
4116	229	1	0.937
1384	3354	1	0.841
1725	4030	1	0.884
1204	3063	1	0.823
2425	4252	1	0.858
3122	1402	1	0.956
2650	4597	0	0.000816
1740	3420	1	0.82
1048	1968	1	0.983
4660	2429	1	0.975
13	4247	1	0.897
1234	1645	1	0.841
1014	4573	0	0.000547
1304	154	1	0.913
2961	1500	1	0.963
4964	4008	1	0.849
1718	285	1	0.802
1673	809	1	0.895
2346	1227	1	0.932
1992	4855	1	0.865
3902	1388	1	0.83
813	646	1	0.99
3336	4083	1	0.97
2690	529	1	0.96
2504	1282	1	0.84
3407	1591	1	0.912
492	4021	1	0.816
3850	757	1	0.885
66	1705	1	0.879
2853	1900	0	0.000382
335	4432	1	0.953
2473	1683	1	0.901
4351	1893	1	0.915
598	149	1	0.837
398	640	1	0.91
3425	2424	1	0.857
3647	4146	1	0.981
3261	3366	1	0.883
4282	442	1	0.834
3581	677	1	0.895
2990	2605	1	0.961
1184	3685	1	0.804
4724	2410	1	0.871
1591	312	1	0.924
225	839	1	0.806
4625	3009	1	0.892
621	1744	1	0.875
4087	288	1	0.959
1165	1956	0	0.000955
2543	533	0	0.000947
1264	1614	1	0.915
237	852	1	0.889
3549	4516	1	0.849
4897	301	1	0.959
2163	2251	0	0.000568
3140	2097	1	0.864
985	1985	1	0.88
1224	3328	0	0.000691
907	2096	1	0.928
4461	1764	1	0.947
723	515	1	0.877
1871	621	0	0.000435
2273	4043	1	0.987
573	1638	1	0.87
3128	4788	1	0.929
1879	3606	1	0.816
3950	1536	1	0.829
935	2511	0	0.00106
1503	394	1	0.871
4888	539	1	0.857
2160	1118	0	0.000596
1474	4299	1	0.919
3974	4556	1	0.934
1047	3392	1	0.827
4932	1214	1	0.839
4457	2400	1	0.901
361	1800	1	0.903
4760	2148	1	0.919
85	1185	1	0.937
706	300	1	0.965
1906	4789	1	0.96
3828	1697	1	0.915
3179	537	1	0.958
3428	2360	1	0.853
1818	327	1	0.929
2994	485	1	0.834
4864	3775	1	0.914
2075	4090	1	0.886
2261	3054	1	0.877
847	95	0	0.00107
1064	1601	1	0.954
4944	3060	1	0.808
1887	1114	1	0.834
2067	2407	1	0.881
4218	580	1	0.902
1003	4636	1	0.945
206	2	1	0.981
2888	1742	1	0.808
2941	1191	1	0.833
2528	120	1	0.927
2967	1936	1	0.995
846	3871	1	0.841
2200	570	0	0.000169
2179	1032	0	0.000423
294	1360	1	0.89
3844	2102	1	0.938
1553	4352	1	0.905
2250	4309	1	0.868
977	3317	1	0.958
4611	341	0	0.000982
4809	367	1	0.953
3739	2748	1	0.914
3721	603	1	0.831
913	1047	1	0.953
4970	2378	1	0.843
567	1493	1	0.82
253	4031	1	0.987
428	2240	1	0.982
1375	187	1	0.906
764	181	1	0.955
2760	689	1	0.865
1898	89	1	0.909
1872	4128	1	0.877
2778	397	1	0.898
4491	4129	1	0.889
749	2751	1	0.829
956	4535	1	0.932
93	1339	1	0.914
643	3749	0	0.0011
2080	192	1	0.85
2964	2869	1	0.876
1378	3848	1	0.895
1175	1872	1	0.888
2935	2263	0	0.00104
3164	3436	0	0.000858
1668	3206	0	0.000946
4344	4599	1	0.875
4166	17	1	0.972
1323	3200	1	0.859
2587	2034	1	0.882
2110	1027	1	0.998
2388	4335	1	0.832
3074	2234	1	0.931
693	491	1	0.819
2861	168	1	0.898
180	480	1	0.999
1221	1573	1	0.972
987	2382	1	0.955
2128	2038	0	0.00029
414	3306	1	0.816
3886	3036	1	0.818
2095	4353	1	0.863
3280	421	1	0.897
2099	183	1	0.931
1747	450	1	0.936
190	1503	0	0.000295
2100	358	1	0.813
2371	328	1	0.809
4279	1161	1	0.968
3509	4177	0	0.001
4892	2467	1	0.837
2940	297	1	0.864
2661	1148	0	0.000811
3500	890	1	0.926
1702	4450	1	0.922
64	4720	1	0.871
2641	1935	0	0.000226
4115	981	1	0.863
4099	1197	1	0.833
4714	2079	0	0.000644
631	1187	1	0.919
2936	2428	1	0.9
1665	665	1	0.966
3665	2755	1	0.922
633	553	1	0.844
2359	436	1	0.981
2138	3454	1	0.875
3866	3336	1	0.917
4243	2808	1	0.908
3778	2986	1	0.803
2460	43	1	0.943
3497	4238	1	0.957
2918	412	1	0.837
2604	1582	0	0.00118
2588	4164	1	0.878
581	4923	1	0.925
4718	2515	1	0.977
140	3240	1	0.904
2223	439	1	0.828
1784	4903	1	0.985
799	2657	1	0.835
1192	3574	1	0.929
4523	1405	0	0.000722
828	312	1	0.886
2894	579	1	0.924
2570	434	0	0.000549
4688	150	1	0.904
2704	4689	1	0.842
291	4241	1	0.801
2085	3453	1	0.862
1562	1719	1	0.986
1004	2007	1	0.973
2736	1107	1	0.954
2917	1626	1	0.958
1255	2673	0	0.000629
1616	3390	1	0.919
4472	3067	1	0.989
4563	2529	1	0.958
2995	4804	1	0.828
4982	3274	1	0.867
4079	1351	1	0.817
1850	2803	1	0.922
4411	2700	1	0.877
367	2633	1	0.942
1019	2642	1	0.802
4286	179	1	0.866
1551	3706	1	0.844
4681	3875	1	0.815
216	2346	1	0.806
2597	2067	1	0.874
3820	1742	1	0.909
399	948	1	0.805
233	3071	1	0.973
1646	4214	1	0.983
4197	1762	1	0.879
2429	154	1	0.987
3720	4795	1	0.83
4645	2132	1	0.947
434	1021	1	0.928
2895	2882	1	0.834
4665	1650	1	0.892
1720	3310	1	0.835
202	596	1	0.846
853	1185	1	0.988
4149	70	0	0.001
392	1263	0	0.00026
4959	1084	0	0.000391
3583	2627	0	0.000361
688	4877	1	0.97
2435	4784	1	0.887
3448	2122	1	0.823
733	1656	1	0.945
123	4543	1	0.903
1469	3823	1	0.819
3924	796	1	0.991
104	9	1	0.972
2102	4780	1	0.856
173	1	1	0.847
1699	2244	1	0.839
3133	832	0	0.00124
2950	4835	1	0.946
4528	1345	1	0.81
1678	994	1	0.98
4855	4031	1	0.812
4854	3278	1	0.887
2236	4991	1	0.988
888	370	1	0.954
4921	3379	1	0.918
4112	4429	1	0.818
1421	2855	1	0.849
3041	1033	1	0.824
803	3523	0	0.000352
766	555	1	0.897
3707	2813	0	0.000986
3853	1085	1	0.82
1912	1232	1	0.917
4697	1262	1	0.814
677	3173	1	0.907
2953	2871	0	0.000552
390	842	1	0.8
861	3113	1	0.902
308	512	1	0.863
3359	471	1	0.861
4609	1003	1	0.975
831	207	1	0.881
3116	299	1	0.813
2125	2344	1	0.829
1108	3373	1	0.867
1849	4287	0	0.00101
3248	2310	1	0.854
832	3840	1	0.821
4743	3595	1	0.994
2591	524	1	0.905
4518	2817	1	0.867
2133	2962	1	0.968
4755	167	1	0.996
3803	2991	0	0.000858
423	1110	1	0.8
1603	3987	1	0.819
4505	2420	1	0.839
1580	3358	1	0.807
263	27	1	0.831
829	424	1	0.928
4067	1945	0	0.000785
2374	178	1	0.92
3789	4086	1	0.849
3790	4125	1	0.989
1987	204	1	0.94
2896	911	1	0.973
2146	4468	1	0.886
1865	3522	0	0.000319
3455	1234	1	0.86
1595	2221	0	0.000577
4790	3951	1	0.997
1355	237	1	0.88
1431	3458	1	0.955
1716	4138	1	0.975
1267	3679	1	0.992
2942	633	1	0.931
1675	911	1	0.984
372	1126	1	0.985
3013	161	1	0.93
2380	2548	1	0.822
755	1015	1	0.989
1996	2089	1	0.839
2684	1569	0	0.000412
3698	422	1	0.906
3006	1944	1	0.923
210	121	1	0.949
4178	712	1	0.899
1574	2404	1	0.878
1834	563	1	0.99
1439	1231	1	0.994
1765	162	1	0.883
2286	1962	1	0.93
4496	3645	1	0.858
321	1662	0	0.000589
1560	2190	0	0.00113
607	1086	1	0.829
4244	3437	1	0.978
2852	1829	0	0.000319
3871	263	1	0.911
67	423	1	0.979
1640	271	1	0.811
778	3619	0	0.000167
4752	865	1	0.915
812	2918	1	0.802
1479	954	1	0.953
1658	3649	1	0.84
3624	3060	1	0.908
3627	797	1	0.893
2715	2311	1	0.807
3751	2531	0	0.000941
3958	3318	1	0.959
1899	3803	1	0.89
3450	1205	1	0.855
899	252	1	0.804
2159	4201	1	0.94
1089	2693	1	0.915
2907	2405	1	0.818
404	3574	1	0.896
1376	4984	1	0.963
3921	903	1	0.954
3788	524	1	0.872
3048	1204	1	0.848
718	24	1	0.854
3408	2146	1	0.901
4926	1267	1	0.965
3184	1302	1	0.924
2930	1978	1	0.95
637	1909	1	0.87
2415	140	1	0.831
775	3291	1	0.804
61	99	1	0.923
4635	3371	1	0.82
889	4217	1	0.85
185	4162	1	0.961
3005	1954	1	0.887
1522	3521	1	0.986
3521	352	1	0.951
2421	3983	1	0.955
864	226	1	0.948
2701	2855	1	0.991
4473	3077	1	0.896
4435	4494	1	0.995
1939	2866	1	0.966
2337	770	1	0.925
23	807	1	0.848
1883	2602	1	0.839
3711	3866	1	0.942
243	4640	1	0.985
4203	613	0	0.000774
2438	4746	1	0.93
3750	57	1	0.93
2248	935	1	0.891
4640	243	1	0.803
1442	3558	1	0.844
3492	761	1	0.813
4937	3151	1	0.958
1339	4698	0	0.000858
314	1965	1	0.819
1970	3561	0	0.000809
1960	3091	1	0.928
470	4948	1	0.804
3541	3988	1	0.879
410	2785	1	0.834
667	4970	1	0.813
4973	2213	1	0.85
3360	1971	1	0.88
1312	832	1	0.94
2018	3190	1	0.987
1637	1036	0	0.000905
3003	4533	1	0.853
4823	1451	1	0.948
4155	110	1	0.942
3927	2768	1	0.998
1062	1594	1	0.977
3465	4640	1	0.87
2219	2076	1	0.845
386	3303	1	0.971
2800	3862	1	0.913
3112	3691	1	0.843
2648	1393	1	0.888
634	4120	1	0.987
3988	9	1	0.884
3768	792	1	0.857
2833	2853	1	0.938
4658	2565	1	0.821
4532	1525	1	0.82
1276	3836	1	0.997
2455	375	1	0.974
4985	191	1	0.928
703	977	0	0.00114
4758	2924	1	0.977
1532	1420	1	0.907
2251	3105	1	0.846
1044	1646	1	0.827
1713	3676	1	0.926
1803	1494	1	0.95
4706	4185	1	0.91
3545	4043	1	0.836
3413	8	1	0.88
1606	4888	1	0.966
1241	4379	1	0.819
1298	2736	1	0.948
743	4345	1	0.82
4382	4788	1	0.846
4712	1920	1	0.818
2655	4251	1	0.808
2670	4705	1	0.981
1661	557	0	0.000748
4072	3491	1	0.822
2685	76	1	0.8
4710	2342	0	0.00075
4717	2043	1	0.987
2943	4461	1	0.978
3380	2588	1	0.955
2288	1956	0	0.00107
138	4597	1	0.913
973	1191	1	0.856
622	2	1	0.988
2744	4947	1	0.916
2812	3228	1	0.884
1857	2751	1	0.898
155	2530	1	0.865
224	4	1	0.946
702	446	1	0.96
3478	221	1	0.855
2828	3911	0	0.0012
4583	3749	1	0.916
4651	123	1	0.886
471	3702	1	0.91
1448	944	1	0.962
1965	3049	1	0.983
1066	4192	1	0.86
3696	2888	1	0.89
3388	685	1	0.927
3864	2232	0	0.000596
3725	4946	1	0.804
2708	2955	1	0.866
1826	4639	1	0.91
2114	4254	1	0.808
1039	4533	1	0.857
1772	524	0	0.000587
124	2466	1	0.833
2979	4507	0	0.0012
848	1100	1	0.983
4327	2825	1	0.948
1798	586	1	0.965
4692	247	1	0.91
685	816	1	0.93
1200	2251	1	0.903
4677	3190	1	0.907
1873	54	1	0.963
4601	76	1	0.991
3241	2704	1	0.859
1169	1537	1	0.804
3661	3458	0	0.000386
4450	1256	0	0.000387
2971	638	1	0.801
2898	82	1	0.909
3031	2650	0	0.000553
3444	2370	1	0.89
2045	3933	1	0.953
4003	110	1	0.902
2590	707	1	0.906
264	10	1	0.881
2242	2741	1	0.827
3190	3355	1	0.873
1853	1024	1	0.88
3183	2999	1	0.855
873	81	1	0.801
3664	86	1	0.919
4953	1898	1	0.843
767	794	1	0.991
326	211	1	0.817
3483	502	1	0.899
442	4187	1	0.825
1157	1405	1	0.974
4485	916	0	0.000556
4049	3735	1	0.899
1174	3336	1	0.989
3238	4994	1	0.927
4240	4416	0	0.000275
3888	3803	1	0.988
1659	629	1	0.819
820	2012	0	0.000683
3882	2478	1	0.963
1783	2353	0	0.000953
2600	289	1	0.816
4783	1683	0	0.000263
1894	4271	1	0.964
4371	870	1	0.803
4111	2108	1	0.993
835	2022	1	0.932
3477	763	0	0.000711
347	637	1	0.817
3826	3822	1	0.804
1917	4817	0	0.000732
290	1682	1	0.929
3206	825	1	0.938
4199	3887	1	0.813
625	4670	0	0.000348
3553	248	1	0.955
3154	2166	1	0.883
1408	4882	1	0.97
3243	2672	1	0.84
4801	1547	1	0.936
3469	3648	1	0.865
4501	1787	1	0.911
2668	3212	1	0.808
3347	1893	1	0.801
4476	735	1	0.883
4993	1599	0	0.00113
2106	4022	1	0.954
2370	202	1	0.898
3330	0	1	0.857
3372	257	0	0.000566
2626	219	1	0.812
3852	3428	1	0.987
3449	4572	1	0.955
4626	20	1	0.96
3776	1147	1	0.901
4580	1800	1	0.812
3638	4523	1	0.99
1288	4161	1	0.891
2182	133	1	0.992
3601	956	1	0.89
3435	1821	1	0.881
1481	202	1	0.883
2620	355	1	0.84
2391	1048	1	0.941
3986	1210	0	0.000729
1423	3222	1	0.869
759	3210	1	0.885
2663	2672	1	0.859
3085	4788	1	0.823
4325	4522	0	0.00122
192	3059	1	0.985
4904	3549	1	0.925
3758	1846	1	0.884
2546	3579	1	0.883
630	221	0	0.000178
3525	4873	1	0.809
927	1388	1	0.905
2627	2133	0	0.000687
2813	154	0	0.000956
3710	98	1	0.856
3434	943	1	0.995
3245	1889	1	0.845
1102	2468	1	0.973
1460	2727	0	0.000976
2982	498	1	0.847
4685	2094	1	0.92
2733	2321	0	0.000781
3911	452	1	0.821
3412	3892	1	0.853
4269	2264	1	0.988
1900	391	0	0.000624
2063	2493	1	0.9
1228	315	1	0.929
165	3786	1	0.804
4829	82	0	0.000663
2256	1729	0	0.00108
521	2419	1	0.975
346	490	1	0.981
1121	3089	0	0.00103
1732	4008	1	0.899
943	1155	1	0.932
4874	574	1	0.952
4436	2153	1	0.985
3490	4170	1	0.979
2712	3782	1	0.894
568	1067	0	0.000903
4122	401	1	0.953
657	1075	1	0.826
1775	371	1	0.837
10	905	1	0.823
142	61	1	0.934
4898	584	0	0.00112
1743	3589	1	0.919
1652	1200	1	0.857
761	133	1	0.806
4025	2177	1	0.886
1838	2295	1	0.903
1623	4915	1	0.908
2857	181	1	0.944
4183	1078	1	0.909
125	2801	1	0.851
3044	1019	0	0.000201
3467	1243	1	0.932
2652	3703	1	0.907
439	1268	1	0.967
1953	1808	1	0.856
283	35	1	0.868
1947	1394	0	0.000637
92	1162	1	0.993
1927	2639	1	0.902
4767	357	1	0.972
565	43	1	0.835
1437	52	1	0.843
1213	1678	0	0.000777
2005	821	0	0.000281
1007	1079	0	0.00114
503	4528	1	0.835
1212	1548	1	0.894
273	4217	1	0.813
1275	652	1	0.897
4928	4216	0	0.00123
841	4213	1	0.938
1976	629	1	0.854
80	350	1	0.918
4125	2515	1	0.817
4057	1922	1	0.911
2241	1236	1	0.925
945	3703	1	0.861
4002	559	1	0.849
4719	2711	1	0.868
1599	2734	1	0.941
758	3857	1	0.886
4028	3705	1	0.821
3436	1195	1	0.83
222	3723	1	0.897
4610	3247	0	0.000411
2148	4447	1	0.959
250	4091	1	0.864
1876	4037	1	0.937
1703	4700	1	0.92
4822	4854	1	0.838
4246	99	1	0.877
3456	221	1	0.837
204	1444	1	0.861
4515	134	0	0.000757
2698	1983	1	0.823
2410	3139	0	0.000691
2963	3812	0	0.0012
4561	589	1	0.842
3810	264	1	0.868
4955	4346	0	0.000472
1393	2076	1	0.822
1455	1771	1	0.845
2257	4495	1	0.817
4812	1743	1	0.928
4230	3100	1	0.86
2384	72	1	0.873
2537	2941	1	0.841
2747	3867	1	0.805
3053	2979	1	0.983
3522	3766	1	0.975
4133	3204	1	0.955
8	632	1	0.99
1908	4100	1	0.819
4000	1011	1	0.869
2780	2492	1	0.822
3678	1591	1	0.807
827	4676	1	0.802
1978	762	1	0.971
3907	4817	0	0.00103
1209	2307	1	0.926
2681	3080	1	0.921
3293	2548	1	0.956
4575	922	1	0.943
2164	2136	1	0.984
3299	4916	0	0.000755
1090	1758	1	0.81
2809	2906	1	0.879
924	4616	1	0.987
2135	4195	1	0.829
1905	543	1	0.932
3247	4593	1	0.996
1651	861	1	0.863
588	1867	1	0.913
4556	1212	1	0.969
1954	199	1	0.996
71	1971	1	0.982
4418	1271	0	0.000765
2729	82	1	0.82
2143	2774	1	0.864
4919	1385	1	0.943
1985	3122	1	0.997
3674	1268	1	0.815
4192	345	1	0.909
2294	354	1	0.882
543	4058	1	0.931
3365	928	1	0.838
2550	2913	1	0.928
3417	2143	1	0.859
196	1395	1	0.993
2218	344	0	0.000757
515	4683	1	0.804
3177	2616	0	0.000966
1112	2204	1	0.926
2912	882	1	0.892
2028	4531	1	0.985
3580	1720	0	0.00018
3020	672	0	0.000897
4986	329	1	0.863
674	2960	1	0.916
2010	1882	0	0.000932
1633	2096	1	0.901
4589	935	1	0.872
817	1107	1	0.819
3975	867	1	0.801
3027	2748	1	0.964
3351	1036	1	0.942
2282	368	1	0.803
4793	408	1	0.91
1589	4218	1	0.855
742	3145	1	0.963
2583	843	1	0.98
3735	341	1	0.857
1972	1771	1	0.874
745	539	1	0.955
3201	1985	1	0.915
3423	3780	0	0.00113
4355	3751	1	0.948
4387	2620	1	0.839
1667	2925	1	0.901
1724	990	1	0.892
4187	3123	1	0.803
3874	863	1	0.915
547	3816	1	0.922
2124	4427	1	0.891
1139	2468	1	0.829
3529	2280	1	0.954
2586	4097	1	0.906
426	262	1	0.819
3759	271	1	0.913
2764	506	0	0.000227
1341	4291	0	0.000183
4215	1139	1	0.908
1892	1957	1	0.942
4632	2117	1	0.871
3702	1209	0	0.000532
4908	4289	1	0.831
4806	4988	1	0.971
4577	1335	1	0.835
3445	668	1	0.996
2001	89	1	0.856
3657	4902	1	0.841
4924	1913	0	0.000347
482	3538	1	0.871
3922	1680	1	0.971
0	1403	1	0.943
2710	4342	1	0.997
1205	1094	1	0.804
445	882	0	0.000404
2603	1000	1	0.906
4027	99	1	0.819
4492	421	1	0.949
3892	801	1	0.879
2914	338	1	0.805
1154	1226	1	0.936
741	2375	1	0.988
2976	908	1	0.975
4322	170	1	0.959
4538	3696	1	0.918
2955	379	1	0.911
3358	2874	1	0.847
3582	2677	1	0.896
430	2011	1	0.98
752	2496	0	0.000807
2270	1658	0	0.000898
998	662	1	0.974
2378	3049	1	0.901
1032	1244	1	0.805
1936	1711	1	0.926
2188	3587	1	0.939
3371	2051	1	0.904
2228	4533	1	0.853
1398	320	1	0.942
3508	2476	1	0.843
52	3145	0	0.000231
4666	3700	1	0.86
4131	2457	1	0.898
474	2333	1	0.951
338	3077	0	0.00113
3055	2990	0	0.00119
2082	4790	0	0.000498
2805	665	1	0.947
2687	2762	1	0.922
1043	4842	1	0.823
2491	2622	1	0.817
2076	1393	1	0.887
2874	3358	1	0.939
4623	696	1	0.883
2683	1539	0	0.000975
4711	3257	1	0.847
2152	4939	1	0.861
3507	351	1	0.854
1728	3284	1	0.973
2847	2533	1	0.857
3632	4858	0	0.00113
856	954	1	0.956
4810	2608	1	0.883
3374	124	1	0.952
1847	1881	0	0.000875
3989	28	1	0.953
251	304	1	0.812
339	802	1	0.961
4135	924	1	0.843
3737	1764	1	0.91
2527	82	1	0.912
3749	4927	1	0.975
3809	213	1	0.884
1542	2918	1	0.873
3709	884	1	0.903
2980	2964	0	0.00035
1353	2493	1	0.957
4772	182	1	0.92
578	1244	1	0.941
1125	2614	1	0.989
463	1898	1	0.818
333	1834	1	0.861
4323	1434	1	0.971
1367	74	1	0.973
2713	3138	1	0.94
2614	1703	1	0.94
2168	1085	0	0.000384
1933	4032	0	0.000804
2349	1403	1	0.978
3577	157	1	0.89
4754	144	1	0.843
2013	462	1	0.825
2883	3176	1	0.949
2457	1393	1	0.9
4664	1496	1	0.944
200	4065	1	0.826
3872	335	1	0.989
2755	4401	1	0.942
127	1957	1	0.814
265	1236	1	0.928
2889	4160	0	0.0011
3166	2135	1	0.895
679	2577	1	0.871
302	1827	1	0.92
2785	3948	1	0.992
371	70	1	0.913
686	1095	1	0.972
2116	57	1	0.9
4951	2131	1	0.832
3270	4600	0	0.000454
4266	3079	1	0.877
1588	27	1	0.805
1774	1776	1	0.972
3186	1905	1	0.842
1344	1931	1	0.825
3165	135	1	0.849
1951	3652	0	0.000646
3214	1509	1	0.958
4256	1976	0	0.000165
2686	3038	1	0.903
2352	2821	1	0.947
83	255	1	0.812
4564	870	1	0.962
4738	4026	1	0.967
4383	4175	0	0.00124
145	3397	1	0.842
2413	399	1	0.827
1335	3446	1	0.958
3887	566	1	0.951
4287	1699	1	0.895
2474	2965	0	0.00126
4769	4211	1	0.891
1921	808	1	0.865
362	425	1	0.921
4328	1270	1	0.927
2656	4665	1	0.978
4335	4981	1	0.888
465	858	1	0.898
4033	335	1	0.874
1084	1628	1	0.824
3649	68	0	0.00119
2161	4983	1	0.808
4922	3877	1	0.818
3567	2846	1	0.926
1830	43	1	0.896
1909	1210	1	0.846
1407	2798	1	0.818
3666	2655	1	0.827
128	847	0	0.000555
3780	4572	1	0.997
2062	2953	1	0.925
1620	2367	1	0.854
1110	423	1	0.963
3119	3455	1	0.878
2319	2600	1	0.802
3523	724	1	0.962
3846	2064	1	0.905
988	27	1	0.93
1497	4845	1	0.886
4201	133	1	0.976
3427	170	1	0.847
3524	308	0	0.00117
1385	2456	1	0.849
3952	1809	1	0.874
1472	410	1	0.844
2688	2493	1	0.913
3240	1766	1	0.919
3089	2536	1	0.928
3037	691	1	0.927
4362	524	1	0.846
4471	1232	1	0.805
1788	2496	1	0.889
4673	3238	1	0.978
4762	2075	1	0.846
2060	22	0	0.000514
1913	476	1	0.855
1533	3892	1	0.906
618	3774	1	0.881
4076	3731	0	0.00116
130	125	1	0.825
1000	609	1	0.912
3901	2533	1	0.966
2770	420	1	0.988
3376	116	1	0.964
2181	2008	1	0.927
110	2390	1	0.963
107	3776	1	0.864
1932	3354	1	0.951
2876	3567	1	0.977
1893	2739	0	0.000692
1309	654	1	0.975
3163	2317	1	0.997
1866	1393	1	0.988
1550	4388	1	0.979
4745	1933	1	0.811
500	181	1	0.916
790	2775	1	0.907
3129	1656	1	0.973
3146	2665	1	0.894
4413	2038	1	0.955
744	4998	1	0.907
3900	2550	1	0.946
1511	794	1	0.999
4190	1046	0	0.000991
3588	664	1	0.851
356	3458	1	0.849
1181	2611	1	0.97
1057	1301	1	0.91
3443	1184	1	0.931
4773	199	0	0.0002
4903	3159	1	0.991
3947	3945	1	0.881
516	3067	1	0.81
4432	44	1	0.861
261	2526	1	0.804
1252	3268	1	0.989
4511	3699	0	0.000197
3230	37	1	0.88
2295	2269	0	0.000465
1514	2769	1	0.98
2580	4148	0	0.00032
4578	1403	1	0.893
4808	2612	1	0.801
391	1413	0	0.000662
258	4593	1	0.872
3300	1806	1	0.868
1515	2655	1	0.892
577	3347	1	0.96
4386	96	1	0.888
4587	1319	1	0.996
1013	3916	1	0.866
2705	1085	1	0.921
3919	1097	1	0.935
2463	2447	1	0.959
4662	0	1	0.961
2113	292	1	0.806
2289	3597	1	0.905
2582	4427	1	0.979
4388	3045	1	0.995
2068	2127	1	0.81
220	932	1	0.961
2618	4716	1	0.802
3628	2965	1	0.853
4759	437	1	0.904
865	1966	1	0.803
3331	3380	1	0.989
2074	3692	0	0.00062
2178	2038	0	0.000708
1009	871	1	0.977
1490	704	1	0.998
1080	4485	1	0.859
2649	152	1	0.955
3756	2311	1	0.858
1963	3612	1	0.85
4804	71	0	0.00111
1541	2210	1	0.911
4158	2101	1	0.984
939	4429	1	0.998
12	3694	1	0.862
1584	3430	0	0.000894
2826	4464	1	0.979
1568	1007	0	0.00115
1260	75	1	0.878
4540	1461	1	0.892
1289	4561	1	0.857
4542	124	1	0.82
608	568	1	0.971
1464	2274	1	0.9
4185	887	1	0.955
3309	4142	1	0.85
3590	1894	0	0.000414
2554	3258	1	0.91
4727	1273	1	0.854
63	581	1	0.851
4835	4082	1	0.907
9	2967	1	0.872
906	4138	1	0.937
3269	3434	0	0.000463
1300	3298	1	0.858
2098	3005	1	0.901
701	4768	1	0.978
4731	704	1	0.824
2243	2672	1	0.852
921	4531	1	0.803
1023	221	1	0.943
2296	3529	1	0.812
4554	565	1	0.814
1787	4297	1	0.878
2797	1771	1	0.917
2571	4828	0	0.000184
4901	342	1	0.837
3774	3925	0	0.00098
1710	1613	0	0.000747
4539	2429	1	0.856
2551	4675	1	0.832
2621	1459	1	0.961
1414	4702	1	0.897
1329	1037	1	0.912
522	4769	1	0.811
2147	4540	0	0.00115
4040	3821	1	0.935
484	4511	1	0.848
466	108	1	0.818
3395	3049	1	0.859
2336	2470	1	0.981
2183	1179	0	0.000705
2751	149	1	0.876
3949	950	1	0.81
2672	1787	0	0.000901
728	3968	1	0.866
1854	746	1	0.868
2803	2818	1	0.83
787	1366	0	0.000483
300	706	1	0.894
880	2216	1	0.991
1432	4473	1	0.976
4497	2491	1	0.919
2845	346	1	0.864
971	4733	1	0.857
4200	680	0	0.000326
3621	2070	1	0.853
2061	506	1	0.866
4274	3672	1	0.927
3542	4925	1	0.965
980	514	1	0.968
1988	3897	1	0.988
1416	3767	1	0.945
3727	2938	1	0.968
3387	1050	1	0.82
4105	237	1	0.898
1592	2359	1	0.978
739	2496	0	0.00125
2117	2166	1	0.97
1593	3073	0	0.000402
2848	2083	1	0.881
3312	708	0	0.000674
3863	443	1	0.861
1290	3421	1	0.831
4406	3643	1	0.846
4440	3689	1	0.808
1459	4882	1	0.895
3895	2545	0	0.00119
4573	1014	1	0.935
4841	3395	0	0.000966
4721	4283	1	0.965
1594	2489	1	0.986
592	4171	1	0.828
1274	354	1	0.993
4303	58	1	0.876
1099	3482	1	0.879
2070	1574	1	0.925
4100	104	0	0.00112
4474	749	1	0.96
331	1053	1	0.835
1926	1048	1	0.908
529	1775	0	0.00105
4588	1664	1	0.903
627	3752	1	0.965
4186	27	0	0.00111
2409	1678	1	0.983
2361	860	0	0.000637
1602	298	0	0.000989
1362	1345	0	0.000684
168	555	0	0.00127
4180	4524	1	0.855
3344	1560	1	0.805
1650	865	1	0.95
1901	2402	1	0.825
3501	1580	1	0.953
1386	3052	0	0.00111
3918	1633	1	0.854
2970	2664	1	0.971
2207	3263	1	0.987
246	2297	1	0.856
2522	2939	1	0.901
2453	2660	0	0.00126
2369	4322	1	0.914
2440	93	1	0.912
1240	298	1	0.94
4320	2991	1	0.94
2441	3240	1	0.897
3705	4028	0	0.000608
1258	316	1	0.942
1306	1363	1	0.854
3868	3194	1	0.941
1982	4849	1	0.806
2654	878	1	0.881
632	427	1	0.964
498	3634	1	0.811
4034	1946	1	0.896
1380	4326	1	0.877
3766	2392	1	0.904
3969	583	0	0.00056
4850	168	0	0.000595
1396	1829	1	0.908
3540	1951	1	0.908
4943	4202	0	0.000323
2208	69	1	0.959
4782	58	1	0.879
25	4626	1	0.807
695	1723	1	0.851
1727	794	1	0.841
4871	2599	0	0.000863
4930	4972	1	0.815
2137	2046	1	0.821
1417	1588	1	0.919
1180	3190	1	0.903
3357	3698	1	0.998
3239	2484	1	0.813
3106	608	1	0.902
2856	4729	1	0.986
2521	663	0	0.000171
1022	4028	1	0.831
2234	4170	1	0.825
4373	4797	1	0.898
2774	985	1	0.91
1216	389	1	0.901
1763	458	1	0.805
4749	419	1	0.997
1555	4709	1	0.881
3324	1011	1	0.819
3065	323	0	0.000187
2658	2153	1	0.82
3867	1118	1	0.814
721	2215	1	0.862
4756	2665	1	0.889
582	4593	1	0.806
1377	2593	0	0.000405
589	3767	1	0.834
268	4453	1	0.856
2239	1118	1	0.966
375	2384	0	0.000679
1020	4088	0	0.000496
4018	1988	1	0.834
4302	1699	1	0.928
4138	3432	0	0.00127
247	3596	1	0.804
1430	1145	1	0.862
3084	2467	1	0.989
3396	3060	1	0.803
2417	4947	1	0.952
1444	341	1	0.933
217	481	1	0.903
4330	608	1	0.867
4988	3478	1	0.837
682	86	0	0.000588
520	4422	1	0.967
2680	1714	1	0.97
2194	1371	1	0.929
3221	1652	1	0.977
4236	926	1	0.892
3159	3981	1	0.818
698	3799	1	0.901
1143	165	1	0.905
3912	301	1	0.997
836	4522	1	0.845
629	4695	0	0.000727
768	211	0	0.000172
355	63	1	0.915
2227	2360	1	0.824
4045	569	1	0.819
2466	2038	1	0.933
1215	1363	1	0.922
1489	350	1	0.852
1653	116	1	0.94
1598	2743	1	0.859
4267	2075	1	0.875
955	3995	1	0.955
1997	17	1	0.901
4529	3294	1	0.923
1327	2824	1	0.828
382	76	1	0.813
671	226	1	0.974
4499	2920	1	0.994
4268	1369	1	0.985
4416	4629	1	0.872
1387	1589	1	0.815
1622	4315	1	0.97
3353	45	1	0.898
804	1486	1	0.936
2723	1375	1	0.998
135	180	1	0.995
4807	1100	0	0.000639
2470	1384	1	0.878
3701	1790	1	0.873
4408	1173	1	0.918
3103	2414	1	0.986
4766	3085	1	0.91
3095	537	1	0.952
495	591	1	0.876
4646	2504	0	0.00089
1754	3839	1	0.818
2077	595	0	0.000282
1709	4527	0	0.000951
1663	2043	1	0.877
2396	2252	1	0.989
4984	866	1	0.976
2702	1343	1	0.982
266	3630	1	0.8
3623	1086	1	0.993
4695	629	1	0.821
3368	2954	1	0.93
3288	906	1	0.811
4780	425	1	0.807
3216	1238	1	0.872
457	704	0	0.000828
1272	4397	0	0.000248
3237	956	1	0.929
3724	1425	1	0.847
651	3329	1	0.973
1962	4316	1	0.816
564	229	1	0.901
3848	236	1	0.815
2324	1341	1	0.958
3671	1088	1	0.898
1115	677	1	0.916
2777	2762	1	0.959
760	4158	1	0.911
1674	4340	1	0.804
1952	2088	1	0.924
3930	4456	1	0.889
4445	3239	1	0.985
305	1999	1	0.87
4336	883	1	0.817
3002	1209	1	0.926
4715	1211	1	0.932
3123	4857	1	0.854
3965	3917	1	0.978
242	883	1	0.823
4886	2158	1	0.84
3152	648	1	0.836
2986	1538	1	0.983
1011	4000	1	0.885
4506	1461	1	0.876
2382	366	0	0.000863
4952	1891	1	0.833
2793	613	1	0.931
4965	4968	0	0.000914
2635	842	1	0.823
1122	1254	1	0.848
4672	3939	1	0.849
4961	150	0	0.000752
4725	142	0	0.00109
2675	2737	1	0.98
606	2076	1	0.88
4824	3165	1	0.803
493	511	1	0.863
1829	1396	0	0.000698
2253	2072	1	0.808
2280	4730	1	0.944
3035	2731	1	0.912
4312	171	1	0.937
4329	1946	1	0.886
2362	1595	1	0.95
902	732	1	0.844
4994	2704	1	0.864
4288	1105	1	0.918
3384	4000	1	0.916
2870	3066	0	0.000342
2711	585	0	0.000482
2353	3549	1	0.875
1052	4306	0	0.000649
3215	2269	0	0.000227
3315	1948	0	0.000193
561	502	1	0.9
4739	2237	1	0.908
4130	4397	1	0.955
1860	369	1	0.93
3679	935	1	0.821
1717	3865	1	0.981
1977	143	1	0.861
3843	1833	1	0.89
1273	1337	1	0.828
3157	614	1	0.892
4430	3418	1	0.887
3255	3372	1	0.974
2561	229	1	0.848
1835	180	1	0.849
1548	3028	1	0.833
4353	4733	1	0.899
1753	211	0	0.000488
3026	4656	1	0.811
2667	4046	1	0.827
4047	2703	1	1
3860	2996	1	0.828
3447	231	0	0.000596
4044	2876	0	0.000382
1261	2743	0	0.000249
3132	1465	1	0.923
122	490	1	0.987
1413	2964	1	0.937
4065	4357	1	0.94
4795	179	1	0.904
2485	4146	1	0.895
2	159	1	0.843
3681	439	1	0.935
2386	2029	1	0.844
3310	2928	1	0.808
2203	248	1	0.909
316	1684	1	0.802
388	4364	1	0.96
378	3477	1	0.928
1690	791	1	0.98
2596	2227	0	0.000824
2022	4532	1	0.825
1086	2847	0	0.000167
1400	2870	1	0.898
1324	557	0	0.000352
772	275	1	0.975
1614	608	1	0.919
3966	4908	1	0.883
2865	949	1	0.926
4235	263	1	0.83
4041	238	1	0.824
4486	1873	1	0.941
3470	2750	1	0.905
2966	131	0	0.000937
2404	3048	1	0.999
3130	3040	1	0.84
3890	922	1	0.897
323	3445	0	0.000899
1910	2751	1	0.952
1604	1938	1	0.833
3914	356	1	0.843
2657	799	1	0.825
3482	4879	1	0.847
967	2878	1	0.936
1002	2	1	0.822
4512	262	1	0.925
1677	4225	0	0.000234
4381	343	1	0.856
1395	603	1	0.942
1359	2817	1	0.961
3699	1497	1	0.833
1790	1325	1	0.856
2638	3643	1	0.979
1206	871	1	0.936
3046	1383	0	0.000852
2960	117	1	0.885
3578	1656	1	0.816
1351	2315	1	0.956
3654	2336	1	0.832
1968	1926	1	0.862
1297	3099	1	0.881
2271	268	1	0.812
2692	153	1	0.992
4949	3234	1	0.899
512	3535	1	0.883
317	1033	1	0.839
184	2714	1	0.861
4500	3944	1	0.851
3100	3048	0	0.00099
1018	2311	0	0.000351
413	2077	1	0.802
2205	74	1	0.854
412	1542	1	0.908
4676	3259	1	0.889
3668	111	1	0.846
352	2344	1	0.929
45	1891	0	0.00119
4859	1963	0	0.00121
3411	514	1	0.852
735	4176	1	0.946
181	1658	1	0.928
4210	637	1	0.92
2511	3874	1	0.934
2461	2038	1	0.917
2476	932	1	0.965
1751	1099	1	0.84
1642	4654	1	0.95
2575	3522	1	0.876
991	3097	1	0.842
4227	2080	0	0.000611
3259	1313	1	0.966
1187	2133	1	0.84
3827	1824	1	0.933
3393	1895	0	0.00125
3033	913	0	0.000267
2866	2614	1	0.986
1073	1416	1	0.839
2469	2005	1	0.954
2934	140	1	0.864
455	913	1	0.968
1436	2487	0	0.00116
4477	2111	1	0.823
436	4270	1	0.844
1512	2588	1	0.881
1463	2337	1	0.864
794	1199	1	0.861
379	3549	1	0.975
4909	398	1	0.932
1433	1328	1	0.894
1050	624	1	0.919
4314	3163	1	0.932
3	14	1	0.837
144	4286	0	0.000651
1403	2296	1	0.824
560	3679	1	0.843
4020	3377	1	0.804
4326	1721	1	0.977
3857	3774	1	0.878
1145	1849	1	0.844
623	107	1	0.954
2762	2687	1	0.995
3594	246	1	0.92
972	1674	1	0.988
3746	2141	1	0.833
2818	1170	1	0.89
4272	74	1	0.889
351	3307	1	0.827
2048	1428	1	0.945
4108	1542	1	0.84
2464	1849	1	0.822
4887	2753	1	0.859
1148	1635	1	0.985
4423	1227	1	0.876
782	1371	1	0.979
2014	3474	1	0.876
1547	4032	0	0.000845
3688	4710	0	0.000454
1486	1406	1	0.914
2301	1726	1	0.979
3410	816	1	0.89
2274	415	1	0.963
4372	118	1	0.994
2434	270	1	0.983
1537	393	1	0.81
756	328	1	0.833
2173	3162	1	0.861
376	588	1	0.927
3203	4741	1	0.891
4670	1726	1	0.973
661	399	0	0.000817
3104	546	1	0.878
2265	1253	1	0.982
77	158	1	0.897
2360	4245	1	0.98
2677	4883	1	0.812
115	2552	1	0.873
1016	2599	1	0.971
933	2168	1	0.962
4221	1879	1	0.91
2036	4916	1	0.856
1721	1380	1	0.991
3634	770	1	0.879
2259	768	1	0.94
3899	4274	1	0.8
3987	1603	1	0.945
3363	1008	1	0.847
4889	4512	1	0.901
4310	1892	1	0.81
2397	4775	0	0.00113
26	170	1	0.971
822	3173	1	0.801
299	3413	1	0.906
3382	1230	1	0.92
3263	3305	1	0.904
1037	462	0	0.000838
4456	3359	1	0.924
1270	3887	0	0.000728
1026	154	1	0.852
885	4112	1	0.892
1915	3878	1	0.844
2526	2856	1	0.926
1401	978	1	0.974
2634	32	1	0.866
2838	12	1	0.893
2531	1542	0	0.000871
1434	1043	1	0.984
1621	431	1	0.831
3093	2854	1	0.976
1635	3669	1	0.839
660	4266	1	0.868
557	4767	1	0.987
1314	1251	0	0.00112
1484	1793	1	0.957
1168	3744	0	0.000424
3997	1862	1	0.875
4270	2418	1	0.851
1944	2301	1	0.858
900	243	1	0.849
1100	2898	1	0.974
329	1673	1	0.992
1126	4993	1	0.979
238	187	1	0.88
4357	4168	1	0.953
513	3522	1	0.932
3964	907	1	0.838
2724	4161	1	0.911
4007	1096	1	0.956
2043	4717	1	0.838
1559	1536	1	0.904
2782	4423	1	0.802
3953	1784	1	0.83
1979	3128	1	0.998
2601	2895	1	0.854
2154	727	0	0.000919
301	2332	1	0.881
2581	2404	0	0.000419
4548	4507	1	0.858
2507	551	1	0.988
839	1100	1	0.933
3562	652	1	0.884
3534	66	1	0.822
3691	1392	1	0.912
3653	715	1	0.946
4981	4335	1	0.821
1575	666	1	0.922
4740	110	1	0.989
1738	997	1	0.891
4552	518	1	0.99
960	243	0	0.00096
3815	4415	0	0.000683
3728	2528	1	0.954
2072	1251	1	0.969
2298	712	1	0.982
3174	1573	1	0.999
584	1380	1	0.961
4148	1496	0	0.000162
1812	382	1	0.832
4939	3605	1	0.978
4478	2019	1	0.932
802	1305	1	0.921
3784	1821	1	0.963
1156	2891	1	0.995
1340	4084	1	0.862
2714	184	1	0.9
257	1977	1	0.934
505	2969	1	0.896
468	3894	1	0.923
2593	2271	1	0.838
3107	33	1	0.99
1752	3891	1	0.909
3016	390	1	0.984
277	1356	1	0.905
4514	4222	1	0.899
1034	1394	0	0.000325
1453	141	1	0.908
2363	2671	1	0.814
638	4924	1	0.831
3884	2419	1	0.833
3569	516	1	0.88
1611	183	1	0.807
342	570	1	0.918
3777	1022	1	0.845
4732	4422	1	0.939
4872	4857	1	0.881
2281	3409	0	0.000312
3822	810	1	0.916
1956	1153	1	0.922
3170	1720	1	0.873
2840	610	1	0.914
1764	2124	1	0.962
2691	1033	1	0.808
86	682	0	0.00115
4071	4325	1	0.819
919	2082	1	0.896
1379	4618	1	0.905
4820	3222	0	0.000199
21	1960	1	0.979
3082	1816	1	0.961
2882	2206	1	0.953
3228	3470	1	0.94
1955	1684	1	0.852
1451	2902	1	0.999
2038	944	1	0.961
1600	4935	1	0.909
1615	4088	0	0.000875
1356	2818	1	0.986
2891	1710	1	0.955
1246	2204	1	0.998
3858	1587	0	0.00032
4023	2242	1	0.864
3812	3482	1	0.997
1928	1300	1	0.992
380	138	1	0.894
3096	2837	0	0.000238
1406	527	1	0.819
2553	4316	1	0.83
4947	454	1	0.861
432	705	1	0.954
2373	4277	1	0.869
244	111	0	0.00119
4295	3992	1	0.985
3639	1524	0	0.000969
732	742	1	0.896
2443	3925	0	0.00102
4208	2565	0	0.000966
2267	2883	1	0.828
1867	673	1	0.802
2842	777	1	0.851
368	2282	1	0.833
235	599	1	0.922
1301	1775	1	0.839
558	4168	0	0.00127
1138	1063	1	0.863
2660	4484	1	0.953
3460	1838	1	0.865
3144	1652	1	0.802
4154	327	1	0.907
4536	1300	1	0.847
3823	4713	1	0.912
489	794	1	0.921
3753	2797	1	0.81
3996	4968	1	0.969
3060	1307	1	0.889
2447	3574	1	0.916
3620	2076	1	0.982
2202	832	1	0.962
2483	529	1	0.802
3835	1296	1	0.958
4092	2511	1	0.944
328	898	1	0.99
3125	1786	1	0.883
3532	747	1	0.925
879	4239	1	0.816
883	4968	1	0.97
4671	891	1	0.837
2144	4	1	0.949
1671	942	0	0.00115
3579	2178	1	0.837
590	4758	1	0.969
2446	2470	1	0.877
1919	1892	0	0.000337
3636	2554	1	0.902
1708	2499	1	0.917
4595	638	0	0.000803
3454	4356	1	0.833
3946	863	1	0.905
3804	4808	1	0.985
639	606	1	0.83
3171	1273	1	0.842
1617	1117	1	0.882
976	1999	1	0.999
2721	4713	1	0.918
2811	728	1	0.942
161	3911	1	0.937
3496	1235	1	0.946
4204	172	1	0.942
3267	406	1	0.83
1185	4920	1	0.987
2071	1112	1	0.858
912	2163	1	0.87
4683	3120	1	0.958
792	74	1	0.95
4162	185	1	0.982
4462	1030	1	0.81
1045	1051	0	0.000983
4239	3594	1	0.992
1791	416	1	0.828
809	4986	0	0.00101
2172	1052	1	0.825
2578	2950	1	0.933
2678	469	1	0.914
857	622	1	0.865
3537	3642	1	0.987
4069	2151	1	0.933
2968	2842	1	0.921
2387	2420	1	0.968
4219	2479	1	0.823
1360	2631	1	0.85
2307	1209	0	0.000802
1507	1338	1	0.873
3143	3736	1	0.996
2165	2641	1	0.991
1332	497	0	0.000695
4063	450	0	0.000781
1186	1094	1	0.844
4439	1607	1	0.966
381	4850	1	0.802
3607	4276	1	0.885
595	4695	1	0.94
1822	2710	1	0.959
2573	1290	1	0.828
2769	1620	1	0.974
4434	248	0	0.000955
2759	760	1	0.828
2252	11	1	0.82
490	4991	1	0.891
2456	1385	1	0.933
1008	1566	0	0.000401
3316	4325	1	0.995
1627	1874	0	0.00117
154	514	0	0.000628
4629	4416	1	0.992
2150	2301	1	0.821
3075	1270	1	0.819
3409	4751	1	0.963
4332	1134	0	0.00111
2209	1483	1	0.951
1189	931	1	0.851
1800	177	1	0.904
860	2361	1	0.981
757	3700	1	0.911
1017	3450	1	0.822
4006	907	1	0.907
999	166	1	0.966
1230	3018	0	0.000414
2568	3166	0	0.00113
1342	614	1	0.961
3004	3031	0	0.000845
1777	4982	1	0.816
96	995	1	0.923
3332	3228	1	0.868
3117	2831	1	0.819
1843	2386	1	0.992
2412	3307	1	0.93
4679	1234	1	0.919
1870	4132	1	0.879
2669	392	1	0.903
4211	522	1	0.913
2157	660	1	0.93
2732	4883	1	0.871
2592	72	1	0.995
176	58	1	0.953
3837	0	1	0.964
3438	1475	1	0.822
3873	75	1	0.872
1991	3503	1	0.835
4458	2023	1	0.988
1886	1843	1	0.815
2679	827	0	0.000649
2039	57	1	0.878
3870	582	1	0.805
1346	60	1	0.836
555	326	1	0.834
3397	2065	1	0.814
118	1435	0	0.000404
1549	2642	1	0.868
626	4223	1	0.99
1505	2876	1	0.904
3062	10	1	0.947
4403	707	1	0.873
4802	186	1	0.871
4976	989	1	0.968
4604	4597	1	0.831
4466	3579	1	0.982
1935	4456	1	0.88
4299	1	0	0.000611
1488	1793	1	0.849
4171	678	1	0.962
111	4096	1	0.889
2221	3378	1	0.857
1466	1709	1	0.844
2716	3759	1	0.852
2858	840	1	0.99
2225	2804	1	0.872
1278	4853	1	0.851
2315	4079	1	0.895
1343	642	1	0.926
3880	318	1	0.878
3145	732	1	0.873
3256	2372	1	0.832
3836	558	0	0.000486
1903	559	1	0.841
3954	1993	0	0.000893
795	3607	1	0.839
1049	62	1	0.836
1243	4926	1	0.83
3798	2642	1	0.949
4852	3549	1	0.879
3650	3136	0	0.0012
440	4808	1	0.834
4179	3946	1	0.815
2293	3480	1	0.803
942	2485	1	0.938
2285	219	1	0.969
2599	1041	1	0.921
3205	912	1	0.982
3503	2590	1	0.946
1630	3785	1	0.954
3298	1974	0	0.00101
3275	181	1	0.827
1141	3266	0	0.000726
3343	4352	0	0.000257
1024	1179	1	0.916
3194	3390	0	0.000399
1361	3117	1	0.81
2056	3510	0	0.000697
692	1043	1	0.931
1151	4302	1	0.972
3258	2554	0	0.000227
195	4362	0	0.000727
3733	161	1	0.843
1832	891	0	0.00122
2825	2842	1	0.854
946	4307	1	0.813
3609	1050	1	0.934
60	451	1	0.912
4978	3336	1	0.802
1263	1298	1	0.932
3923	3643	1	0.822
4024	1722	1	0.83
1072	4383	1	0.895
3118	1200	1	0.907
3972	3040	1	0.81
2136	260	1	0.996
2083	1149	1	0.802
2718	1134	1	0.922
3643	200	1	0.989
4449	4542	1	0.808
1771	857	1	0.966
4143	4778	1	0.948
469	2457	1	0.915
2877	329	1	0.871
1370	421	1	0.85
1816	717	1	0.828
4140	149	0	0.00107
2752	2820	1	0.978
4705	700	1	0.869
1577	4043	0	0.000338
3642	4996	1	0.939
3982	2346	1	0.909
55	149	1	0.931
1950	1256	1	0.901
4684	2391	1	0.958
535	837	0	0.00113
4188	816	1	0.918
1496	1045	1	0.872
3150	3988	1	0.831
1269	174	1	0.91
4128	1291	0	0.000361
2348	515	1	0.898
3977	2679	1	0.906
1404	4965	1	0.921
1789	2784	1	0.962
4425	2629	1	0.964
2827	2048	1	0.811
4881	3555	1	0.971
3608	4543	1	0.832
1715	3341	0	0.00105
2682	1035	1	0.984
3198	3139	1	0.956
3514	685	1	0.989
3169	4106	1	0.91
533	1134	1	0.918
4726	3367	1	0.983
4398	732	1	0.803
554	688	1	0.845
866	352	1	0.849
4652	2523	1	0.989
930	2150	0	0.000162
116	1174	1	0.934
4036	3961	1	0.871
3294	469	1	0.986
3088	3027	0	0.00032
1773	22	0	0.000286
962	1988	1	0.982
1974	1029	0	0.00112
777	2842	1	0.932
3564	1614	1	0.896
4232	145	1	0.875
1232	1082	1	0.908
2735	2188	1	0.954
3592	1107	1	0.953
996	3608	1	0.875
3516	672	1	0.845
3325	1473	1	0.827
2400	4775	0	0.000761
818	373	1	0.859
422	4280	1	0.936
3042	4216	0	0.00111
4182	168	0	0.000607
2272	43	1	0.995
2897	4228	1	0.947
3077	3577	1	0.827
3252	3205	1	0.958
3611	2895	1	0.865
360	909	1	0.933
2335	4243	1	0.804
3962	189	1	0.907
4080	3261	1	0.856
2472	4550	1	0.888
1686	1752	1	0.805
917	1227	1	0.804
2954	101	1	0.991
1931	2820	1	0.971
4465	2028	1	0.84
1811	520	1	0.807
2996	2673	1	0.858
3025	154	1	0.941
1468	4452	1	0.907
4147	996	1	0.955
1150	4316	1	0.991
4693	2704	1	0.95
2454	532	1	0.857
1320	2103	1	0.947
467	1597	0	0.000794
563	271	1	0.842
112	4848	0	0.000738
4495	200	0	0.000336
826	2854	1	0.987
1680	4128	0	0.00115
1733	1801	0	0.000289
3980	2150	1	0.862
2439	1194	1	0.971
2201	32	1	0.95
4847	4204	1	0.938
3181	1679	1	0.947
2549	3944	1	0.885
4156	467	1	0.856
1242	3081	1	0.875
1524	2524	1	0.973
4260	1877	1	0.828
1337	3171	1	0.967
2276	135	1	0.997
3894	4270	0	0.000674
4784	1266	1	0.821
876	779	0	0.00104
4030	2391	1	0.882
3981	1873	1	0.914
1726	831	1	0.818
295	4602	0	0.000606
3992	2588	0	0.000587
4276	1943	1	0.868
1085	72	1	0.917
2496	368	0	0.000439
2333	1357	1	0.987
2237	4243	1	0.907
3249	4779	1	0.872
1581	46	1	0.944
538	1133	1	0.885
3040	2479	0	0.000856
1601	1064	1	0.906
501	688	1	0.978
3574	1527	1	0.983
3854	1348	1	0.878
2787	3503	0	0.000268
2911	2224	1	0.961
2343	4081	1	0.991
3757	82	0	0.000558
4412	70	1	0.999
3935	1033	1	0.961
2823	1953	1	0.845
4350	319	0	0.000869
1793	1313	1	0.882
3538	3192	1	0.865
3531	111	1	0.818
2390	215	1	0.869
186	2221	1	0.814
3772	111	1	0.803
1756	3951	1	0.827
3722	1832	1	0.978
62	4459	1	0.859
2340	3716	1	0.859
494	95	1	0.977
3729	829	1	0.94
3149	3533	1	0.869
353	1821	1	0.973
507	4671	1	0.815
1133	3643	1	0.958
27	1638	1	0.947
3731	3896	1	0.803
1440	1652	1	0.933
1544	4310	1	0.869
4689	3241	1	0.876
4363	762	1	0.961
3889	1628	1	0.807
3556	4784	0	0.000731
3019	64	1	0.85
2023	943	1	0.929
4402	1580	1	0.908
4637	2258	1	0.878
2798	649	1	0.874
3390	1057	1	0.913
4037	1876	1	0.806
106	548	0	0.000448
4380	1512	1	0.814
3646	151	1	0.97
1578	1888	1	0.857
1634	1991	0	0.000298
1845	1946	1	0.913
3135	1591	1	0.846
2628	2648	1	0.944
3771	3155	1	0.832
4202	3817	1	0.835
901	1588	1	0.9
4463	4641	0	0.00076
3105	3252	1	0.867
1639	3528	1	0.833
1135	3123	1	0.956
451	270	1	0.865
594	67	0	0.000457
738	3487	1	0.976
1477	4706	1	0.97
1785	2810	1	0.905
3211	449	1	0.956
951	4266	1	0.976
2385	2730	0	0.00097
892	242	1	0.894
1059	393	1	0.934
4698	3120	1	0.993
3626	4552	1	0.877
4849	2302	1	0.908
296	1991	1	0.865
1042	3474	1	0.886
1214	4932	1	0.87
786	3870	1	0.96
3457	1717	1	0.94
1510	477	1	0.881
3504	536	1	0.888
2932	3572	0	0.000646
3891	3497	1	0.903
3355	1770	0	0.00124
4941	448	1	0.82
3385	3063	1	0.919
1938	241	0	0.000218
427	3507	1	0.958
2489	600	1	0.924
119	1080	1	0.903
1706	1658	1	0.805
2313	2616	1	0.911
4533	547	1	0.821
3398	3748	1	0.807
4910	2772	1	0.806
2156	2967	1	0.847
4139	2008	1	0.852
2558	1034	1	0.849
1103	605	1	0.938
3219	3688	1	0.906
3199	1198	1	0.849
2816	196	1	0.951
1546	2530	1	0.825
1891	4058	1	0.899
1201	3294	1	0.847
2992	2774	1	0.899
4618	974	1	0.848
2322	1630	1	0.886
397	587	1	0.883
249	3	1	0.993
4509	4820	1	0.841
3779	1	1	0.877
909	4385	0	0.00106
4359	2545	1	0.838
1521	1211	1	0.987
2662	2451	1	0.833
4134	185	0	0.000456
4313	3818	1	0.897
4127	4988	1	0.912
3273	1629	1	0.896
550	1199	1	0.992
4482	2727	1	0.839
668	2433	1	0.918
464	229	1	0.85
4517	2786	0	0.00108
1447	3117	1	0.973
4172	4903	1	0.839
4803	2390	1	0.892
1961	2624	1	0.98
288	505	0	0.000467
256	128	1	0.902
4805	3139	1	0.957
2332	980	1	0.881
3213	2391	1	0.947
437	2330	1	0.867
395	1565	0	0.000858
1864	1721	0	0.000579
4206	745	1	0.995
4339	933	0	0.00111
4013	2185	1	0.988
3015	2762	1	0.882
3985	4311	1	0.882
4281	1726	1	0.815
684	2653	1	0.81
2033	2602	1	0.892
3200	847	1	0.939
4586	181	1	0.832
4223	4096	0	0.000628
4636	3200	1	0.994
1426	3157	1	0.85
711	4418	1	0.895
2494	515	1	0.805
3108	4553	0	0.00059
4249	1624	1	0.848
647	1988	1	0.844
87	773	1	0.877
4956	127	0	0.000977
2730	2385	0	0.00125
1762	3373	1	0.902
502	874	1	0.967
4454	2078	0	0.000878
4333	3492	0	0.000199
1452	577	1	0.858
2086	4132	1	1
3741	3066	1	0.849
601	2476	1	0.834
1158	4750	1	0.993
203	3140	1	0.815
2577	4413	1	0.943
3801	1143	0	0.000198
3430	1584	1	0.876
1178	2056	0	0.000841
3960	1361	1	0.855
2058	379	1	0.838
4029	1125	1	0.956
2284	4300	1	0.97
1782	905	1	0.955
1692	1104	1	0.936
3303	972	1	0.876
3909	1837	1	0.827
3651	3699	1	0.906
403	1781	1	0.998
2395	4149	1	0.835
3920	4485	1	0.85
3250	458	1	0.818
4778	1198	1	0.838
1136	445	0	0.000243
2854	2072	1	0.866
2608	1893	1	0.843
2055	4720	1	0.899
4641	222	1	0.911
984	339	1	0.82
1315	268	1	0.959
726	3922	1	0.982
1844	345	1	0.842
4605	1053	0	0.00113
4290	3204	1	0.948
4360	4976	1	0.959
345	115	1	0.97
3511	465	1	0.846
4942	3943	1	0.86
553	1351	1	0.972
783	912	1	0.87
1303	4037	1	0.823
182	3603	1	0.883
1632	375	1	0.891
2311	4380	1	0.963
3367	3047	1	0.912
855	2600	1	0.94
1855	3391	1	0.961
3442	4488	1	0.863
90	4392	0	0.00108
3615	4225	1	0.809
1006	1091	0	0.000404
103	1039	1	0.876
1171	13	0	0.000574
4875	76	1	0.828
2855	2934	1	0.944
620	2994	1	0.864
3101	3888	1	0.835
819	2370	1	0.816
343	3384	0	0.000897
1366	787	0	0.000618
3520	27	1	0.826
2017	1451	1	0.947
126	28	1	0.988
4622	3267	1	0.852
1065	3077	1	0.877
36	79	1	0.933
4555	1031	1	0.934
4298	4829	0	0.000485
4083	2007	1	0.901
366	212	1	0.818
3675	1184	1	0.978
4159	4167	1	0.86
2442	1117	1	0.869
252	2578	1	0.874
2878	967	1	0.919
646	625	0	0.000599
4920	85	1	0.937
2330	4759	1	0.861
1461	3703	1	0.852
4948	652	1	0.994
1565	319	1	0.965
3613	2156	0	0.000549
2799	104	1	0.802
208	4432	1	0.981
2101	1077	1	0.982
4070	1500	1	0.927
3345	1549	1	0.85
2444	8	0	0.000524
3893	1973	1	0.834
3957	3355	1	0.956
3598	2693	1	0.848
3099	1297	0	0.000903
223	2014	1	0.822
4356	2639	0	0.000568
4863	3250	1	0.875
2758	4696	1	0.883
3544	2286	1	0.846
4621	4720	1	0.922
1188	1896	1	0.917
2408	1307	1	0.902
4494	2917	0	0.000619
151	912	0	0.00102
1684	512	1	0.882
3446	3264	0	0.00103
1480	763	1	0.887
146	2578	1	0.836
1766	111	1	0.983
1217	2909	1	0.863
4184	1867	1	0.99
3799	2366	0	0.000382
600	2489	0	0.000836
3740	1322	1	0.897
614	1759	1	0.944
4856	1501	1	0.947
3849	90	1	0.976
1202	3675	1	0.939
2326	1986	1	0.977
4126	2105	1	0.815
1911	854	1	0.862
994	3854	1	0.846
3264	1018	1	0.886
2418	3162	1	0.974
201	4629	1	0.917
3718	2370	0	0.000621
1114	879	1	0.836
1767	4288	1	0.992
2836	2941	1	0.999
2644	1500	1	0.956
1644	2980	1	0.804
1666	172	1	0.973
1164	2800	1	0.811
940	428	1	0.891
4865	2748	1	0.928
824	2859	0	0.000443
1597	2109	1	0.883
929	763	0	0.00127
318	3716	0	0.000656
2806	3190	1	0.904
2727	4556	1	0.95
2671	4231	1	0.833
3908	271	1	0.856
1095	2022	1	0.833
1528	4171	1	0.856
3760	2842	1	0.979
79	816	0	0.00033
715	3073	1	0.83
2906	226	1	0.997
4880	2852	1	0.901
4530	90	1	0.805
1649	3041	1	0.867
4913	1041	1	0.918
4996	4622	1	0.946
1259	1297	1	0.966
4617	2754	1	0.861
2908	4801	1	0.877
3415	179	1	0.92
3680	1725	1	0.973
1281	106	1	0.866
541	1090	1	0.988
2589	1642	1	0.819
4950	865	1	0.859
2933	2803	1	0.81
4862	712	1	0.837
1035	2303	1	0.984
1741	3288	1	0.949
2006	72	1	0.999
1128	1942	1	0.937
133	356	1	0.844
4043	2987	1	0.855
3090	247	1	0.967
486	3187	1	0.964
2989	3427	1	0.934
3392	4273	1	0.976
3424	598	0	0.000402
3437	2448	1	0.863
1759	1016	0	0.000599
1399	3998	1	0.904
259	900	1	0.908
1445	239	1	0.804
1993	3564	1	0.952
3617	3017	1	0.855
4062	1043	1	0.963
2275	4100	1	0.834
114	934	1	0.911
3196	1043	1	0.848
4900	4488	1	1
205	1466	1	0.985
1247	2102	1	0.829
983	4173	1	0.864
3806	2756	1	0.868
2617	1270	1	0.902
2850	251	0	0.000265
4873	3799	1	0.912
1494	2716	1	0.802
284	1138	1	0.966
4877	554	1	0.999
4918	3092	1	0.881
2079	1878	1	0.846
3439	2163	1	0.872
2249	4250	0	0.000999
1736	4818	0	0.000383
129	515	1	0.871
4741	4617	0	0.000964
669	731	1	0.99
2109	3488	1	0.892
3595	3300	1	0.952
4213	771	1	0.855
405	1552	0	0.000438
811	955	1	0.955
3830	445	0	0.00125
2860	320	1	0.96
4319	518	0	0.000383
4189	1649	1	0.831
2789	3439	1	0.887
4431	1919	1	0.938
227	91	1	0.875
1498	1615	0	0.000575
65	109	1	0.841
3287	1474	1	0.931
869	417	1	0.897
310	2026	1	0.835
4334	156	0	0.000514
2052	2136	1	0.972
3559	3930	1	0.808
1083	4999	1	0.891
1283	3911	0	0.000713
596	289	0	0.000394
4118	1444	1	0.828
1411	1550	1	0.958
3667	1534	1	0.896
3689	3171	0	0.000419
2112	2360	1	0.844
324	507	1	0.879
4258	1947	0	0.00073
75	3	0	0.00086
3176	3208	1	0.871
2595	4291	1	0.996
3881	4107	1	0.968
4899	3365	1	0.847
3010	1931	0	0.00125
3551	3664	1	0.97
2238	3729	1	0.843
925	2469	1	0.945
3405	2491	0	0.00117
591	606	1	0.947
3876	4745	0	0.000299
3223	868	1	0.894
1583	4406	1	0.885
3732	2866	1	0.925
953	4512	1	0.892
359	3847	1	0.847
3319	1721	0	0.000271
4581	476	1	0.924
2750	1213	1	0.986
1155	2414	1	0.804
431	1388	0	0.000294
3039	580	1	0.96
1316	2408	0	0.000625
3593	2768	1	0.882
4056	4898	0	0.000782
4788	3614	1	0.995
113	1548	1	0.855
334	605	1	0.817
3182	3205	1	0.946
213	1474	1	0.98
3926	1652	1	0.905
3994	1139	1	0.995
1291	4128	1	0.928
454	2817	1	0.835
1058	2270	1	0.998
2629	3049	0	0.000616
1518	2135	0	0.000462
619	656	1	0.983
226	288	1	0.81
69	1141	0	0.000686
800	2772	1	0.891
3265	1029	1	0.909
867	707	1	0.846
1113	3221	1	0.882
3865	3715	1	0.948
4624	2280	1	0.881
3327	69	1	0.923
3161	1353	1	0.967
938	4850	1	0.871
849	2531	1	0.928
3191	204	1	0.823
2899	2182	1	0.897
3978	1271	1	0.979
4259	2470	1	0.904
649	3533	0	0.00027
3660	1426	1	0.881
964	852	1	0.934
4059	1828	1	0.992
4998	2801	1	0.939
4163	136	1	0.917
1760	53	1	0.857
3350	2456	1	0.855
3193	3879	1	0.879
3603	389	1	0.81
1535	2718	1	0.923
2659	655	1	0.898
4082	2950	1	0.853
1722	1204	1	0.815
2041	725	1	0.868
2988	2932	0	0.000686
1852	1102	1	0.985
4989	3488	1	0.967
3543	2536	0	0.000392
514	154	1	0.82
2987	3545	1	0.974
3115	2210	1	0.893
3292	4571	1	0.978
1248	3140	1	0.813
1068	1514	1	0.886
3955	3720	1	0.925
4987	3551	0	0.000709
4860	4324	1	0.847
4214	1246	1	0.832
1585	315	1	0.98
4736	2008	1	0.963
473	1785	1	0.986
1161	4730	1	0.918
4597	1880	1	0.964
4084	3760	1	0.971
4893	2706	1	0.815
2478	2245	0	0.00113
4470	1982	1	0.824
4857	3437	1	0.926
751	642	1	0.838
393	69	1	0.819
4757	4200	1	0.828
3600	4113	0	0.00122
285	184	1	0.986
2394	3538	0	0.0012
793	1211	1	0.879
979	4240	1	0.961
4212	1174	0	0.00117
2598	3288	1	0.965
2328	300	1	0.805
1502	1880	1	0.866
2193	1542	1	0.831
4165	4422	1	0.846
656	4901	1	0.977
4596	3579	1	1
1365	1635	1	0.884
4846	201	1	0.814
765	3874	1	0.954
3842	4470	1	0.983
2929	4462	0	0.00107
4925	3526	0	0.00121
3063	1710	0	0.000229
3416	1759	1	0.945
2424	121	1	0.811
518	2535	0	0.000845
1660	619	0	0.000544
239	3629	1	0.975
157	666	0	0.000499
320	4307	1	0.866
1036	1628	1	0.857
2021	1969	1	0.937
3831	2161	1	0.946
1801	3302	1	0.827
1819	1802	1	0.922
1235	2668	1	0.825
4074	565	1	0.835
4630	2207	1	0.865
3281	3751	1	0.889
4370	4328	0	0.000641
2465	2994	1	0.802
4837	3475	0	0.000471
3745	4602	1	0.928
3098	880	1	0.832
958	3487	1	0.897
260	1588	1	0.804
3202	2160	1	0.961
4124	1320	1	0.996
1920	980	1	0.995
3021	4115	1	0.808
1707	2060	1	0.858
298	4085	0	0.000429
4634	1194	1	0.978
2739	935	1	0.994
4250	1821	1	0.984
2389	400	1	0.845
491	1257	1	0.86
2501	3035	0	0.000534
3692	2074	1	0.925
664	3408	0	0.000335
72	3968	1	0.902
1374	4784	1	0.841
3329	2311	1	0.974
4136	1068	0	0.000178
3070	1894	1	0.848
3468	4135	1	0.849
3690	4804	1	0.949
4438	3628	1	0.84
1116	2185	1	0.923
3400	1273	0	0.00124
1054	4534	1	0.941
2471	391	1	0.96
1077	1869	1	0.996
1328	1235	1	0.866
2859	1555	1	0.917
704	1717	1	0.879
1683	1256	1	0.93
2615	2132	0	0.000334
4001	4362	1	0.87
2167	199	1	0.849
4774	3201	1	0.847
3481	201	1	0.953
1538	4419	1	0.993
4867	1991	1	0.978
2231	723	1	0.988
4141	2892	1	0.839
3231	4013	1	0.869
911	415	1	0.933
1265	688	1	0.885
1990	3709	0	0.00123
1509	1783	1	0.907
2514	2321	1	0.857
4022	3993	1	0.864
3278	56	1	0.86
2087	2155	1	0.875
1087	2454	1	0.99
2821	147	1	0.843
548	1797	1	0.815
2174	1210	0	0.00111
1513	4439	0	0.00107
417	251	1	0.903
1957	52	1	0.894
2926	991	1	0.807
2975	3740	1	0.891
3474	1042	1	0.955
2347	1482	1	0.854
136	498	1	0.982
1501	4325	1	0.824
665	2805	1	0.835
3723	2540	1	0.844
4348	1041	1	0.938
4014	1782	1	0.97
1347	4623	1	0.841
2576	2068	0	0.00102
3819	1767	1	0.952
797	4141	1	0.845
3458	356	1	0.831
2078	4731	1	0.857
3185	884	1	0.836
4945	4746	1	0.968
44	4401	1	0.972
3139	4811	1	0.901
4060	1044	1	0.861
3155	354	1	0.966
3342	1442	1	0.864
2481	4658	1	0.872
1311	4511	0	0.000616
4428	852	0	0.00119
3120	637	1	0.959
4915	572	1	0.855
1696	389	1	0.863
4663	3477	1	0.855
3277	76	1	0.947
990	2693	1	0.83
666	77	1	0.965
4770	4918	1	0.833
4894	4413	1	0.837
1179	2503	1	0.828
2180	4936	0	0.000377
4559	1052	1	0.8
1859	414	1	0.895
966	546	1	0.884
4085	405	1	0.925
509	36	1	0.812
4050	718	1	0.822
3565	1310	1	0.932
3786	722	1	0.804
959	2121	1	0.838
3126	3605	1	0.991
3618	2320	1	0.918
1292	1448	0	0.00101
3968	728	1	0.991
1394	4258	1	0.894
2401	2037	0	0.00103
4971	2032	1	0.812
2741	2611	1	0.888
1810	1834	1	0.816
312	1544	1	0.942
1282	3618	1	0.81
2422	796	0	0.00056
4827	905	1	0.842
874	3645	1	0.816
2091	37	1	0.831
3369	3904	1	0.957
1025	2609	1	0.844
2129	2353	1	0.952
4228	3487	1	0.936
2815	4641	1	0.83
4349	2705	1	0.815
1529	545	1	0.882
3640	3146	1	0.828
4262	1893	1	0.913
3554	432	1	0.825
3473	4049	0	0.00117
485	2465	1	0.891
4399	1515	1	0.855
4094	703	1	0.874
2640	2859	0	0.00109
1028	3826	1	0.959
526	2641	1	0.837
411	2389	1	0.848
1654	2284	1	0.975
46	67	1	0.822
2024	2628	1	0.963
2606	605	1	0.915
2263	4396	1	0.885
4479	4078	1	0.859
2761	2268	0	0.000857
4207	2593	1	0.998
4764	2895	1	0.953
214	317	1	0.806
948	14	1	0.9
4152	1425	0	0.000675
3379	108	1	0.897
2308	425	1	0.873
1029	604	1	0.877
727	2129	0	0.000317
4931	3590	1	0.845
1889	3771	1	0.877
2020	3213	1	0.804
4560	470	1	0.914
4275	3523	1	0.979
556	1046	1	0.963
2920	1111	1	0.899
147	4334	1	0.925
3453	3122	1	0.954
4318	1313	1	0.891
3087	2715	0	0.00068
3207	4596	1	0.81
3656	2846	1	0.844
4557	2662	1	0.894
282	490	1	0.848
3007	2639	1	0.91
4840	2031	1	0.939
4513	3583	1	0.986
2049	3190	1	0.961
1946	4327	1	0.985
163	558	1	0.908
1836	3944	1	0.808
1319	4401	1	0.826
4541	657	0	0.00112
3633	354	1	0.834
4294	82	1	0.942
281	4835	1	0.833
322	4901	1	0.851
2320	1282	1	0.813
2792	1043	0	0.000524
3547	3317	1	0.906
868	1982	1	0.847
642	3174	1	0.974
2428	1682	1	0.921
2984	1938	1	0.982
4407	1007	1	0.893
725	3750	1	0.998
2232	4648	1	0.87
4600	4532	1	0.809
1530	1512	1	0.958
3233	1259	1	0.816
1786	3791	1	0.838
3677	69	1	0.828
3787	1661	1	0.991
2623	1859	1	0.836
3644	2941	1	0.903
655	3956	1	0.83
2742	4059	1	0.974
1146	4019	1	0.803
536	2507	1	0.828
419	102	1	0.814
910	1132	1	0.939
2245	4619	1	0.978
4451	2064	0	0.00127
6	2254	1	0.981
4137	157	1	0.98
3485	4316	0	0.00102
2240	127	1	0.919
753	4914	1	0.888
1207	4453	0	0.000228
384	63	1	0.805
3156	0	1	0.873
2487	897	1	0.862
805	4605	0	0.000566
4832	1013	1	0.948
1425	309	1	0.928
3067	944	1	0.983
218	625	1	0.822
3302	1733	1	0.914
91	2613	1	0.858
4367	443	0	0.000393
3938	86	1	0.991
2497	2424	0	0.00099
3301	2453	1	0.873
4655	4540	1	0.903
1823	923	1	0.874
4603	4532	1	0.818
1357	4095	1	0.995
1824	3140	1	0.995
2753	3528	1	0.875
3121	265	1	0.908
640	451	1	0.817
750	144	1	0.956
3429	4343	1	0.968
24	3804	1	0.989
365	921	0	0.000182
2000	2161	1	0.817
4844	4012	1	0.967
2645	4936	0	0.00106
2111	3855	0	0.000475
461	4	1	0.936
3028	4714	1	0.94
3403	2633	1	0.832
3052	2617	1	0.949
3375	572	1	0.868
4424	4824	1	0.839
3187	266	0	0.00102
3939	2616	1	0.885
149	41	1	0.845
2879	932	1	0.816
3394	796	1	0.918
3401	975	0	0.00111
4960	787	0	0.000996
734	4021	1	0.814
3765	2221	1	0.971
4160	4403	1	0.969
94	3801	1	0.978
3285	2006	1	0.882
3134	301	1	0.811
968	4808	1	0.843
4594	974	1	0.9
4678	3284	1	0.864
871	1575	1	0.881
2563	2031	1	0.893
3102	4089	1	0.943
1880	1468	1	0.876
532	1150	1	0.86
4851	2229	1	0.878
2768	4714	1	0.879
4455	1819	0	0.000611
3399	2243	1	0.919
3050	3540	1	0.87
4419	4905	1	0.878
1973	3417	1	0.845
2104	407	1	0.948
1813	4987	1	0.873
4346	2007	1	0.91
1846	1311	1	0.969
569	1028	1	0.974
4004	4382	1	0.956
1882	1805	1	0.893
1098	1757	1	0.934
4702	1712	1	0.848
1195	3438	1	0.977
1144	3134	0	0.000789
2475	4805	1	0.864
1293	1302	0	0.000232
4729	2028	1	0.841
1415	1443	1	0.927
2292	3017	1	0.815
2132	2720	0	0.000605
1449	1733	1	0.801
1868	2204	1	0.866
3795	133	1	0.825
2653	414	1	0.833
1268	2223	1	0.996
2477	2186	1	0.942
159	2846	1	0.828
4799	1055	1	0.868
4106	614	1	0.831
4566	1012	1	0.917
2664	4472	1	0.937
4590	196	1	0.839
1945	2164	1	0.91
2127	2068	1	0.852
3933	505	1	0.897
278	161	1	0.982
2411	4063	1	0.862
4753	2594	1	0.985
2871	2643	1	0.988
3970	739	1	0.975
2740	2087	1	0.82
3832	2576	1	0.945
2480	255	1	0.965
4890	147	1	0.917
401	648	1	0.969
4234	1493	1	0.868
2632	919	1	0.994
3334	2339	1	0.89
1104	2436	1	0.823
3572	3780	1	0.89
1485	298	1	0.923
3931	3180	1	0.81
254	3345	0	0.000454
89	3345	1	0.855
2579	2662	1	0.883
2516	21	1	0.906
4879	141	1	0.969
3043	4654	1	0.928
4777	239	0	0.00108
1106	4330	1	0.84
947	2200	1	0.86
2997	3492	1	0.999
882	2912	1	0.865
438	4706	1	0.968
875	129	0	0.000848
3462	701	1	0.877
1631	821	1	0.864
387	3107	1	0.95
4309	1235	1	0.888
1254	1211	1	0.945
2557	1067	1	0.92
1159	2750	1	0.87
1739	1041	1	0.88
3175	2387	1	0.97
4792	1156	1	0.919
3054	3080	0	0.00109
4283	477	1	0.903
462	2279	0	0.000864
2357	1283	1	0.955
2991	2008	1	0.877
3328	4813	1	0.993
2510	498	1	0.871
1333	883	1	0.895
1101	2222	1	0.923
4551	1016	1	0.836
4615	1734	1	0.859
2737	1761	1	0.87
1744	154	0	0.000382
2141	514	1	0.891
1508	810	1	0.911
4895	2846	1	0.85
3339	18	1	0.805
2445	1165	1	0.846
1446	3394	1	0.91
3976	182	1	0.823
4026	859	1	0.904
2053	2483	1	0.874
4842	1434	1	0.924
3635	1033	0	0.00118
4095	3184	1	0.875
4633	3694	1	0.961
4170	3074	1	0.968
4735	590	1	0.824
3180	2201	1	0.931
2819	2241	0	0.000536
3195	3454	1	0.802
2318	1865	1	0.846
3340	944	1	0.822
2398	536	1	0.846
193	1028	1	0.854
4830	3515	1	0.979
1609	1734	1	0.885
1624	1779	1	0.896
4521	997	1	0.939
2381	853	1	0.93
2886	1602	1	0.955
1742	2665	1	0.9
3320	4370	1	0.847
424	879	0	0.000336
788	2188	1	0.902
2613	112	1	0.93
4129	3674	1	0.916
2375	2894	0	0.00123
1858	865	1	0.876
2283	2547	1	0.827
1302	1276	1	0.809
2781	2528	0	0.000215
4377	807	1	0.958
3859	4087	1	0.857
4613	2368	1	0.858
539	4485	1	0.979
2985	1514	1	0.907
420	65	1	0.866
48	3580	1	0.983
894	2455	1	0.847
2488	3309	1	0.914
336	2082	1	0.968
1897	3171	1	0.869
1198	3199	1	0.817
1769	1386	1	0.885
3282	1544	1	0.931
3637	928	1	0.869
2215	562	1	0.832
4385	1124	1	0.878
808	548	1	0.961
1698	136	1	0.869
4469	234	1	0.919
1111	2920	0	0.000631
2867	4460	1	0.951
4296	725	1	0.926
2327	1230	1	0.964
970	2514	1	0.947
3419	250	1	0.95
801	2738	1	0.802
2706	308	1	0.915
47	472	1	0.955
3586	4587	0	0.000167
1923	232	1	0.943
2534	781	1	0.837
2767	571	0	0.00066
4358	4472	1	0.998
2506	554	1	0.882
1770	3355	1	0.854
1074	22	1	0.936
4680	3936	1	0.934
2121	1278	1	0.856
4224	131	0	0.000674
4488	1712	1	0.961
2046	1677	1	0.981
1647	3902	1	0.83
610	4688	1	0.984
1755	1011	1	0.842
4816	4428	1	0.983
1807	2074	1	0.851
4958	4503	1	0.933
650	1194	1	0.931
2312	3372	1	0.974
4722	2493	1	0.821
1556	569	1	0.886
3337	1022	1	0.879
4569	3377	1	0.846
2170	1347	1	0.855
4264	204	0	0.000385
4414	4669	1	0.852
4682	2287	0	0.000744
3794	1618	1	0.94
2536	4650	1	0.879
2519	4751	1	0.954
3475	4083	1	0.992
4628	3502	1	0.974
2875	4706	1	0.816
3279	51	1	0.952
2339	1632	1	0.858
4544	531	1	0.876
1190	1828	1	0.962
2517	179	1	0.897
2893	2947	1	0.887
1924	1233	1	0.853
1874	283	1	0.822
944	4481	1	0.821
446	4118	1	0.817
1482	4818	0	0.000517
3744	2970	1	0.953
681	958	1	0.87
4248	211	1	0.925
3307	427	1	0.912
4929	2662	1	0.926
4009	2904	1	0.914
1500	1477	1	0.817
1579	1532	1	0.963
2962	776	1	0.979
68	2672	1	0.804
3476	1567	1	0.955
3855	2478	1	0.84
840	3761	1	0.968
1569	568	1	0.885
936	1173	1	0.842
3286	3143	1	0.831
1317	4025	1	0.922
2905	3417	1	0.802
3381	747	1	0.939
421	1905	1	0.889
4068	131	1	0.815
2376	3306	1	0.852
1757	1943	0	0.000556
2505	2190	1	0.914
1648	1242	1	0.888
100	3427	0	0.00102
2981	151	1	0.978
1457	919	1	0.94
3313	21	1	0.918
2757	1593	0	0.000397
4668	2089	1	0.993
1389	790	1	0.989
2830	739	0	0.000166
4031	1610	0	0.0011
2810	473	1	0.815
2309	2176	1	0.95
3971	4054	1	0.996
3311	4773	1	0.812
3610	2283	1	0.907
1091	3952	0	0.000676
579	357	1	0.872
2321	1496	0	0.000904
1831	221	1	0.911
3295	3913	1	0.883
1167	1174	1	0.911
4977	1038	1	0.986
4876	4322	1	0.995
2880	4085	1	0.952
1566	284	1	0.916
3959	645	1	0.946
1676	4991	1	0.81
506	2351	0	0.00116
2972	216	1	0.87
583	944	1	0.877
3730	3161	1	0.951
816	2601	1	0.992
2355	2926	1	0.977
1041	2843	1	0.816
1435	3476	1	0.829
1937	1428	1	1
1191	2979	1	0.9
1405	2499	1	0.943
2187	2481	0	0.000287
3631	2888	1	0.894
2676	2627	0	0.000627
719	4809	1	0.983
2317	198	1	0.948
4524	1219	1	0.998
1863	2027	1	0.882
3283	3851	1	0.957
4520	308	1	0.981
4231	2513	1	0.807
78	2351	1	0.83
1809	1483	0	0.00111
2524	4888	1	0.909
1069	1900	1	0.95
527	1406	1	0.955
2365	676	1	0.943
4885	3497	1	0.952
3017	3108	1	0.938
920	2193	1	0.855
4582	571	0	0.000329
540	1591	0	0.000321
1137	86	1	0.939
1277	1767	1	0.948
982	3192	1	0.802
1792	2785	1	0.985
4038	2349	1	0.955
19	4311	1	0.879
2910	3523	0	0.000982
2323	332	0	0.000307
2794	970	0	0.000337
97	1034	1	0.839
4704	431	1	0.835
2419	2028	1	0.933
730	1911	1	0.914
969	319	0	0.000231
611	4271	1	0.956
670	301	1	0.842
3515	4830	1	0.977
3356	314	1	0.977
1605	328	1	0.832
2944	894	1	0.882
886	3296	1	0.888
2901	519	1	0.804
1105	1260	0	0.000391
270	4511	1	0.805
1438	2521	1	0.881
769	1497	1	0.803
4337	3248	1	0.958
4504	771	1	0.842
18	3145	1	0.915
4441	4117	1	0.928
3535	172	1	0.807
4097	1851	0	0.000786
1576	308	1	0.943
1723	445	1	0.846
4254	3515	1	0.813
131	1404	1	0.91
1804	1005	1	0.991
1245	3182	1	0.868
1861	1054	1	0.818
2040	570	1	0.954
931	1224	1	0.925
2198	2582	1	0.86
2916	1091	1	0.928
2212	3508	1	0.928
3418	1757	1	0.915
1012	861	1	0.925
3682	4514	1	0.859
73	1658	1	0.849
2766	786	1	0.926
833	86	1	0.971
4963	4443	1	0.953
1729	2296	1	0.938
4607	1585	0	0.000788
2316	1710	1	0.979
3967	2	0	0.000661
2302	1130	1	0.803
697	3377	1	0.809
3929	974	0	0.000688
3032	4689	1	0.858
2756	1615	1	0.85
1998	3624	1	0.823
4591	4367	0	0.000344
2625	602	0	0.000603
1454	1629	0	0.000763
4776	2381	0	0.000925
3451	143	1	0.945
4104	324	1	0.844
3619	4025	1	0.976
2919	295	1	0.948
4005	1567	0	0.000387
188	4370	1	0.997
4567	4104	0	0.0011
2008	4693	1	0.92
717	3166	1	0.982
307	185	1	0.91
559	2857	1	0.968
3676	2876	1	0.891
2834	1401	1	0.9
3009	1662	0	0.00107
1730	2710	1	0.956
3800	989	1	0.963
4553	3017	1	0.991
289	3668	1	0.979
2247	909	0	0.000405
859	3491	0	0.00102
1147	1423	1	0.865
4114	2698	0	0.000455
4046	2909	1	0.96
1368	4091	0	0.00118
862	1055	1	0.828
3284	2446	1	0.814
1308	256	1	0.858
1536	3404	0	0.000834
3550	762	1	0.88
3973	2342	1	0.806
4292	2177	1	0.931
49	2064	0	0.000647
2379	1230	0	0.000398
1354	2663	1	0.913
4781	2594	0	0.000676
4999	1576	0	0.00101
1287	1699	0	0.00049
1096	3126	1	0.849
3505	1107	1	0.868
4980	147	1	0.889
3305	3263	1	0.881
1719	568	1	0.938
4750	1158	0	0.00124
2829	4829	1	0.844
3466	854	1	0.891
2844	2886	1	0.984
544	1497	1	0.801
4285	4161	0	0.000466
2956	3595	1	0.822
4768	3462	1	0.844
4064	927	1	0.831
687	3257	1	0.889
602	2924	1	0.873
132	555	0	0.000639
1582	2048	1	0.898
1682	290	1	0.994
1427	3381	1	0.889
2835	2889	1	0.869
3141	2846	0	0.000595
915	3192	1	0.975
472	2326	0	0.000674
3061	515	1	0.916
1558	1119	1	0.905
1424	2801	1	0.802
3658	2243	1	0.831
3684	1803	1	0.87
1907	4545	1	0.9
3402	4506	1	0.912
3220	53	1	0.8
3498	941	1	0.886
3943	4865	1	0.886
377	4460	1	0.864
605	867	1	0.96
3629	4777	0	0.000588
3235	3543	1	0.836
1966	2768	1	0.868
3364	3546	0	0.000744
3555	3424	1	0.859
2542	2090	0	0.000301
363	140	1	0.931
4280	1794	1	0.812
2515	2929	1	0.895
4487	4837	0	0.00107
995	2485	1	0.856
2849	19	1	0.912
1626	2636	1	0.837
1525	1549	1	0.849
4519	4	1	0.803
3754	4101	0	0.00108
3548	842	1	1
1284	4183	1	0.842
164	1493	1	0.887
3431	537	1	0.838
3517	4133	1	0.972
1236	3121	1	0.93
4612	512	1	0.978
2011	145	1	0.861
2555	3699	1	0.95
4376	3719	1	0.86
1239	232	1	0.837
3845	17	1	0.977
4307	3823	1	0.966
1499	4077	1	0.818
4543	123	1	0.892
3602	4587	1	0.82
2639	3454	1	0.905
4616	2420	1	0.815
1543	3380	1	0.892
174	3659	1	0.974
3694	1773	1	0.805
280	542	1	0.907
4017	2112	1	0.811
1607	1608	0	0.00102
3669	2434	1	0.926
2103	845	1	0.968
3422	811	0	0.00038
1063	1566	1	0.954
1989	653	1	0.928
3114	2032	1	0.93
4090	4267	1	0.977
2892	4422	1	0.904
4150	4153	0	0.000947
1225	365	1	0.802
4562	3935	1	0.848
4	2989	0	0.00108
4341	2200	1	0.963
1322	9	1	0.813
3224	1550	1	1
1587	3069	1	0.87
3612	4437	1	0.821
2027	1908	1	0.985
3018	2253	1	0.925
2707	393	1	0.93
4571	2126	1	0.943
117	2960	1	0.921
2479	3972	0	0.000687
2928	995	1	0.895
1967	4360	1	0.996
4675	2420	1	0.943
3346	237	0	0.00126
3715	1912	1	0.826
3047	424	1	0.814
1995	1726	1	0.895
1999	4817	1	0.895
1697	4246	1	0.986
1520	920	1	0.912
3706	1448	1	0.898
566	3154	1	0.843
158	666	1	0.938
1	91	1	0.851
1877	1803	1	0.813
4301	2424	1	0.975
897	3401	1	0.945
746	507	1	0.873
1761	261	1	0.823
854	2062	1	0.84
435	3871	1	0.856
39	44	1	0.953
2952	1003	1	0.996
4369	448	1	0.879
3905	4219	0	0.000906
4176	4476	1	0.857
1571	1406	1	0.822
4226	3944	1	0.84
1516	3542	1	0.81
2493	3730	1	0.983
459	2287	1	0.933
2559	4226	1	0.888
2851	742	1	0.827
4744	1195	1	0.93
823	20	1	0.909
1802	2874	0	0.000594
2495	947	1	0.885
586	287	1	0.988
4392	325	1	0.982
2903	1224	1	0.98
696	4457	1	0.939
821	2469	1	0.837
3349	655	1	0.874
3861	165	0	0.000621
4742	3890	1	0.977
3051	425	1	0.898
4365	1169	1	0.831
981	2427	1	0.922
357	4553	1	0.845
2269	410	1	0.998
1285	4609	1	0.966
648	131	1	0.823
4252	2425	1	0.937
1608	1607	1	0.812
2065	4629	1	0.88
3839	3794	1	0.837
2185	2822	1	0.889
3945	297	1	0.824
2278	1173	1	0.809
4051	1594	1	0.858
1984	3562	1	0.817
2468	2304	1	0.908
2214	4143	1	0.818
1986	2644	0	0.000293
3404	3145	1	0.973
2254	4674	1	0.904
3023	50	1	0.857
383	934	1	0.892
1038	498	1	0.822
4614	1171	1	0.816
82	1100	1	0.84
4338	1711	1	0.939
38	3983	0	0.00114
932	2310	0	0.00113
2694	4083	1	0.991
842	3654	1	0.948
1046	3565	1	0.83
148	569	1	0.9
4237	2920	1	0.938
1625	381	1	0.853
409	72	0	0.000695
34	2104	1	0.901
1778	2612	1	0.844
776	1464	0	0.00117
1462	3074	1	0.871
673	1579	1	0.829
1564	922	1	0.871
3847	2055	1	0.815
4019	85	1	0.921
3452	1886	1	0.975
3226	222	1	0.984
2437	2777	1	0.951
4374	1316	1	0.841
1027	2355	1	0.969
3097	4720	1	0.89
1806	2998	1	0.894
2097	1408	0	0.000611
4649	1386	1	0.86
2341	772	1	0.904
4052	1298	1	0.811
4345	4236	1	0.911
385	3014	1	0.867
2674	4732	1	0.853
4390	2369	0	0.000416
4209	1337	0	0.000774
3833	800	1	0.945
4293	1728	1	0.986
2119	300	1	0.801
1641	3558	1	0.858
3775	4864	1	0.985
1885	3555	1	0.816
3641	1117	0	0.000992
3158	4266	0	0.000822
1142	2530	1	0.941
3961	3157	0	0.00109
635	2121	1	0.947
1679	3181	1	0.976
2093	4362	1	0.815
918	666	1	0.946
2643	3089	0	0.000769
2368	4613	1	0.905
3816	113	1	0.821
2458	2679	1	0.929
306	586	1	0.836
1596	1536	1	0.828
2884	2617	0	0.00122
2773	1046	0	0.00101
3703	1461	1	0.815
2722	68	1	0.992
4400	3027	0	0.000955
4361	4166	0	0.000496
2820	2650	1	0.821
4912	721	0	0.000873
4813	499	1	0.824
1071	2212	1	0.825
4535	2771	1	0.895
2229	4717	1	0.821
3999	1809	1	0.962
997	693	1	0.882
4058	1905	1	0.872
2266	1305	1	0.813
4979	869	1	0.83
2965	1404	1	0.993
881	4683	1	0.919
4861	3294	1	0.884
2612	1655	1	0.825
272	1046	0	0.000875
3188	2148	1	0.918
303	4494	1	0.91
2220	3954	1	0.83
844	2840	1	0.918
1471	4540	1	0.944
287	252	1	0.899
99	178	0	0.00029
1687	1832	1	0.952
499	4375	1	0.991
143	1534	1	1
4565	56	1	0.963
4957	2996	1	0.913
1825	2133	1	0.874
2923	4590	1	0.853
2034	2587	1	0.987
2196	695	1	0.887
4853	230	1	0.831
3616	2144	1	0.963
1160	374	1	0.842
2042	4072	1	0.958
4882	1226	1	0.965
276	3957	1	0.866
2881	907	0	0.000958
4153	354	1	0.989
3297	1050	0	0.000389
4967	1108	1	0.87
3571	701	1	0.865
729	2657	1	0.919
194	1577	1	0.983
3910	3172	1	0.987
2377	32	1	0.821
1352	1969	1	0.809
641	1862	1	0.883
1780	2871	1	0.906
3091	4296	1	0.901
374	207	1	0.903
4393	157	0	0.000315
3162	1272	1	0.955
4475	199	1	0.892
2364	933	1	0.965
3487	716	1	0.899
1140	3102	1	0.959
228	1613	1	0.859
2513	638	1	0.994
211	1393	1	0.889
2195	845	1	0.919
4602	2138	1	0.926
477	1510	0	0.000739
3014	601	1	0.869
3770	2879	0	0.000686
508	331	1	0.89
3940	1431	1	0.991
680	2607	1	0.914
4983	452	0	0.00107
3080	2047	1	0.931
4055	1973	1	0.813
3136	3582	0	0.000727
678	2513	1	0.959
1132	95	1	0.989
234	164	0	0.000328
2450	1719	1	0.952
4716	2618	0	0.000326
4620	2548	1	0.861
4642	4751	1	0.944
699	76	1	0.872
2449	136	1	0.974
4674	1125	1	0.958
3001	1715	0	0.000803
523	3759	1	0.825
2837	3096	0	0.000614
2802	2743	0	0.000668
274	81	1	0.829
2004	1051	0	0.00097
694	4887	1	0.891
2533	3219	0	0.000948
337	246	1	0.903
1573	642	1	0.924
3773	4671	1	0.918
2796	3125	0	0.00111
1664	3978	1	0.85
4797	3645	1	0.946
1307	420	1	0.878
3802	4822	1	0.826
2191	4884	1	0.882
700	3907	1	0.837
3714	4056	0	0.00117
1645	217	1	0.902
1949	666	0	0.000356
3204	866	0	0.00121
2529	4783	1	0.949
4103	3035	1	0.992
4534	1148	1	0.945
1286	1674	1	0.934
3979	2782	1	0.82
4343	104	1	0.947
2392	1284	1	0.835
4902	2990	0	0.00124
525	1632	0	0.000206
4884	513	1	0.955
2841	382	1	0.85
370	1958	1	0.829
2642	3798	1	0.867
3821	1646	1	0.918
2973	707	1	0.96
3625	2267	1	0.965
597	4037	1	0.977
4608	4226	1	0.952
4507	1191	0	0.000216
2636	2477	1	0.813
3348	3492	1	0.82
1492	4431	1	0.803
2566	2757	1	0.934
2015	3635	0	0.000186
449	243	1	0.805
2291	1713	1	0.892
3354	550	1	0.931
542	844	1	0.962
3479	1637	1	0.953
304	2850	0	0.000313
2035	3479	1	0.87
4933	1245	1	0.997
28	2886	1	0.914
1799	301	1	0.833
2622	4043	1	0.978
2725	189	1	0.809
4273	1033	1	0.84
4703	2352	1	0.854
644	2310	1	0.997
4992	2860	1	0.833
1199	4413	1	0.848
4811	903	1	0.944
3069	3858	1	0.881
1296	1066	1	0.959
825	1148	1	0.842
4720	773	1	0.912
3304	2505	1	0.854
3527	4362	1	0.864
3377	1991	1	0.815
2795	1944	0	0.000317
2822	1116	1	0.937
1848	1620	1	0.883
2791	4968	1	0.843
992	4916	0	0.000173
1590	4375	0	0.000867
177	4271	1	0.937
3568	2435	1	0.812
748	774	1	0.992
593	4622	1	0.942
3229	536	0	0.000903
1369	2693	0	0.00122
245	2493	1	0.984
1060	3190	1	0.819
4375	3328	1	0.977
4817	4705	1	0.935
3257	3522	1	0.906
3834	4033	1	0.926
4791	1085	1	0.874
2358	2702	1	0.887
1097	4956	1	0.9
3942	1360	1	0.882
3489	3566	1	0.846
4039	222	0	0.000959
4110	3336	1	0.985
4379	3182	1	0.824
4459	2580	1	0.8
1768	4434	1	0.931
2123	375	1	0.83
2310	932	1	0.878
1681	1279	1	0.994
2637	4743	1	0.921
231	692	1	0.948
1797	1229	1	0.99
1326	1225	0	0.000558
236	1663	0	0.000277
4091	2473	1	0.822
2801	744	1	0.955
1837	4672	1	0.992
3686	4947	1	0.847
212	4827	1	0.812
3491	4307	1	0.896
652	1726	1	0.938
4291	2324	1	0.856
327	185	1	0.951
1749	2010	1	0.815
4686	3426	0	0.000918
4730	63	0	0.000382
1079	1568	0	0.000516
14	2599	0	0.0012
4429	4367	1	0.941
4547	492	1	0.803
4946	3467	1	0.862
3805	4758	1	0.868
2467	4892	0	0.00111
141	1099	1	0.811
20	2276	0	0.000791
4417	1981	1	0.988
1841	2625	1	0.813
4728	1323	1	0.877
1177	362	1	0.826
2572	3215	1	0.948
3990	4005	1	0.839
3253	1711	1	0.959
170	4888	1	0.877
4317	4775	1	0.878
2775	4740	1	0.82
1318	2284	1	0.829
4089	3102	1	0.948
771	652	0	0.00124
4066	887	0	0.000887
3984	3940	1	0.83
1422	4071	1	0.968
4531	2028	1	0.959
528	3331	1	0.966
396	1399	1	0.9
954	2822	1	0.958
229	3818	1	0.926
4819	3686	1	0.981
1194	4268	1	0.978
3124	1838	1	0.806
4916	2036	1	0.877
3599	370	1	0.916
1458	3949	1	0.871
1691	342	1	0.866
3824	1874	0	0.000998
928	4220	1	0.996
4468	3408	1	0.946
2484	1332	1	0.806
448	618	1	0.849
1638	242	1	0.807
4627	3487	0	0.000706
617	3565	1	0.803
2050	1939	1	0.812
354	1016	1	0.938
1001	2357	1	0.957
4696	4669	0	0.00127
2564	4146	1	0.827
2765	2343	1	0.944
720	1556	1	0.906
2502	1460	1	0.855
3764	4993	1	0.895
4737	3170	1	0.924
3386	4668	1	0.962
1127	1300	0	0.000681
2372	1600	0	0.000418
2939	2734	1	0.958
2900	2586	0	0.000572
1358	1717	1	0.956
4794	4692	1	0.945
22	2060	1	0.977
1120	1298	1	0.999
1229	2846	1	0.82
2673	842	1	0.981
2217	1199	1	0.85
837	4117	1	0.938
134	1691	1	0.943
3291	2090	1	0.863
315	2865	1	0.863
2717	2536	1	0.878
4905	2986	1	0.865
108	1760	0	0.000998
1491	2034	1	0.945
658	1093	0	0.00117
3536	1985	1	0.858
2824	4924	1	0.867
4144	1301	1	0.845
2306	247	1	0.808
2233	1852	1	0.871
3552	1350	1	0.955
1734	2147	1	0.963
4733	1022	1	0.869
1888	3810	0	0.00126
3818	3694	1	0.869
3606	4030	1	0.921
2503	3223	1	0.817
2843	4913	1	0.855
1731	1604	1	0.98
4098	3369	1	0.879
32	505	1	0.887
1557	1836	1	0.965
1227	264	1	0.954
504	4791	1	0.913
3587	246	1	0.898
3851	912	1	0.863
4123	2471	0	0.000438
1619	2433	1	0.81
3630	3187	1	0.959
1527	592	1	0.856
2873	1151	1	0.998
896	2626	0	0.000845
3913	524	1	0.838
156	147	1	0.863
2244	1045	1	0.901
1223	4506	1	0.898
1814	4808	1	0.923
2175	3110	1	0.966
179	2042	1	0.957
2784	3991	1	0.86
221	1273	1	0.908
2448	1448	1	0.822
1840	508	1	0.915
3797	1156	1	0.907
4196	1569	1	0.975
4891	209	1	0.881
3712	918	1	0.945
4911	3280	1	0.974
3916	3942	1	0.855
248	1879	1	0.828
197	1125	1	0.935
1257	2811	0	0.0012
3546	3543	0	0.000465
779	1105	0	0.00124
1233	445	1	0.948
4550	2472	1	0.906
4194	4311	1	0.996
3896	4948	0	0.00117
2262	4571	1	0.961
1107	1263	1	0.993
3817	3682	1	0.838
2902	2017	1	0.818
3885	3039	0	0.000827
16	179	1	0.864
2530	4007	1	0.936
88	1726	1	0.866
4442	688	1	0.809
1969	1471	1	0.883
3494	527	1	0.83
3362	2444	1	0.993
3038	2686	1	0.82
2366	3928	1	0.895
707	319	1	0.989
3591	2821	1	0.867
887	3608	1	0.996
4394	1762	1	0.815
3808	1955	1	0.924
1495	3202	0	0.000486
2544	107	1	0.919
2998	3300	1	0.86
4917	3035	1	0.841
3526	2466	1	0.829
1476	717	1	0.836
2958	857	1	0.918
3209	2651	1	0.922
1388	1787	1	0.964
4490	796	1	0.981
139	4019	1	0.99
4366	761	0	0.000232
3506	1271	1	0.974
1131	4100	0	0.000175
415	1386	1	0.947
3217	141	1	0.978
1088	1687	1	0.872
1890	1533	1	0.897
1429	4124	1	0.847
3244	102	1	0.929
780	1943	1	0.833
4404	1629	1	0.882
4789	518	1	0.84
2030	625	1	0.944
1208	1128	1	0.942
683	1959	1	0.847
4113	1468	1	0.983
1689	4035	1	0.968
3440	4927	1	0.88
2699	3527	1	0.983
1262	710	1	0.888
2574	48	1	0.937
4464	979	1	0.858
4331	3773	1	0.95
524	2591	1	0.992
1552	2482	1	0.926
1980	837	1	0.875
4191	394	1	0.938
487	1268	0	0.000914
1504	2784	0	0.000737
3493	1671	0	0.000812
2839	3810	1	0.829
1271	2817	1	0.925
2414	943	1	0.994
191	748	1	0.907
1443	1547	1	0.832
4073	1685	1	0.821
3338	1759	1	0.824
1519	2729	1	0.923
2772	1552	1	0.912
838	2132	1	0.905
3012	4008	1	0.817
3272	298	1	0.937
1567	118	0	0.00115
4035	1881	1	0.998
624	1050	1	0.994
1092	3388	1	0.942
198	255	1	0.998
2134	4085	1	0.867
659	931	1	0.973
7	46	1	0.947
965	2164	1	0.828
1493	1650	1	0.868
3197	194	0	0.000612
712	2298	1	0.812
863	2511	0	0.000543
2260	3182	1	0.856
3370	2496	1	1
531	158	1	0.837
4508	2660	1	0.827
3008	2031	1	0.889
4691	1550	0	0.000168
1256	4450	1	0.847
3210	4903	1	0.935
774	4158	1	0.9
1330	72	1	0.822
4968	3996	1	0.897
1456	3986	0	0.000902
1056	3957	0	0.00128
1193	1187	1	0.826
1745	1603	1	0.809
2846	4044	1	0.995
3113	1996	1	0.893
4306	3454	1	0.903
4093	1641	0	0.00088
4584	2050	1	0.911
1657	2160	0	0.000609
476	237	1	0.859
2153	2138	1	0.816
3879	22	1	0.981
877	1145	1	0.979
4368	377	1	0.844
400	675	1	0.979
3034	98	1	0.974
3289	2774	0	0.000644
2993	2851	1	0.825
4765	631	1	0.827
4247	592	1	0.805
4906	283	1	0.994
4845	3956	1	0.896
2569	2910	1	0.811
4347	195	1	0.931
3883	3649	1	0.984
3573	1225	1	0.814
3499	506	0	0.000837
1237	3685	1	0.864
330	95	1	0.941
3471	793	1	0.896
2864	1750	1	0.862
3519	1944	0	0.000995
3685	2657	1	0.933
898	914	1	0.875
1061	2032	1	0.92
3222	4671	1	0.931
3160	1184	1	0.825
1428	2048	1	0.878
3049	4425	0	0.000211
3142	3017	1	0.897
2026	2345	0	0.000602
2047	3080	0	0.00086
2206	3234	1	0.852
3948	2269	1	0.886
2538	4749	1	0.848
1833	887	0	0.00033
4168	2499	1	0.865
4650	323	1	0.88
1794	422	1	0.877
58	725	1	0.856
2255	1604	0	0.00128
42	3656	1	0.814
344	1143	0	0.000369
4991	2588	1	0.886
1350	460	1	0.994
4157	2532	1	0.86
444	3318	1	0.836
2351	0	1	0.896
4167	4923	1	0.906
3813	4320	1	0.947
81	3	0	0.000775
1094	2955	1	0.887
4012	4934	1	0.875
1941	3093	1	0.99
585	4492	0	0.000569
2490	2671	1	0.952
4818	1736	1	0.89
709	1565	1	0.876
2611	2242	1	0.947
3856	3142	1	0.851
4836	997	0	0.000987
2999	4710	1	0.856
815	528	1	0.825
240	24	1	0.846
4723	51	0	0.000397
4427	3445	1	0.934
574	1451	1	0.912
2602	4266	1	0.918
3693	555	1	0.945
4687	688	1	0.975
1130	2367	1	0.947
2383	2878	1	0.831
1940	494	1	0.982
754	4142	1	0.833
480	2845	0	0.000488
791	1453	1	0.81
2498	2215	1	0.888
636	3845	1	0.979
4748	4709	1	0.928
2142	3574	1	0.807
2904	4009	0	0.000335
2788	145	0	0.00019
232	4654	0	0.000383
2325	2414	1	0.832
4907	1630	1	0.937
4116	4299	1	0.804
1384	3267	1	0.875
1349	271	1	0.809
2230	841	1	0.925
1725	3606	0	0.00105
1204	2404	1	0.923
2425	3596	1	0.997
4088	3466	1	0.954
2650	933	0	0.000452
1740	4158	1	0.919
4660	3322	1	0.889
13	77	1	0.834
1234	741	1	0.816
1124	1626	1	0.805
1304	514	1	0.981
2012	2290	1	0.953
2961	2326	1	0.818
4222	3682	1	0.962
4964	3376	0	0.000369
1718	2714	1	0.98
1673	4986	1	0.896
2346	3485	0	0.000258
813	4458	1	0.935
2690	436	1	0.944
2504	1282	0	0.000289
1869	3857	1	0.891
2032	536	1	0.811
3407	675	1	0.862
492	734	1	0.995
3850	2294	1	0.878
66	4170	1	0.917
2853	2350	0	0.000857
2473	1368	1	0.973
4351	4972	1	0.895
598	3424	1	0.801
1418	597	1	0.996
1392	2421	1	0.953
3425	121	1	0.949
3647	2485	1	0.804
878	2817	1	0.913
2552	2134	1	0.971
3147	1790	1	0.894
676	351	0	0.00124
4282	1217	1	0.953
3581	1692	1	0.87
2990	2605	1	0.85
1184	2041	1	0.805
4724	2844	1	0.808
705	4518	1	0.923
1172	710	1	0.96
4598	509	1	0.976
225	4568	1	0.806
663	972	1	0.884
4625	321	1	0.842
621	3025	0	0.00109
4087	734	1	0.929
41	18	1	0.98
237	852	0	0.00111
3549	1509	1	0.855
4897	2525	1	0.984
2163	3205	1	0.973
985	4073	1	0.953
1224	931	1	0.985
2044	4457	0	0.000668
907	1971	1	0.825
271	1810	0	0.00109
4461	4427	1	0.842
723	4450	1	0.854
1704	750	1	0.82
1871	400	1	0.88
2273	2788	1	0.989
573	3453	1	0.978
1879	583	0	0.000402
3950	13	1	0.876
935	4988	1	0.851
1503	1663	1	0.984
4888	2524	1	0.898
2160	3202	1	0.851
1474	213	1	0.813
3974	1212	1	0.926
1586	2535	1	0.873
4932	4560	1	0.928
4457	3862	1	0.971
361	4580	1	0.952
4217	195	1	0.94
85	4385	1	0.827
706	4615	1	0.908
1906	2584	1	0.985
3828	2059	1	0.942
4785	68	1	0.992
3179	3095	1	0.855
3428	2227	1	0.941
1818	4734	0	0.000207
4864	1048	1	0.953
847	256	1	0.996
1064	3272	1	0.92
4944	3060	1	0.991
2314	3005	1	0.89
2096	3968	1	0.816
1887	1114	0	0.000328
2067	1790	1	0.915
1796	337	1	0.873
4218	4595	1	0.892
1003	960	0	0.000861
206	42	1	0.836
2941	4507	1	0.822
3748	358	1	0.865
2528	2930	1	0.863
2967	2211	1	0.848
846	2331	1	0.816
294	2006	1	0.895
2250	4583	0	0.00084
977	3317	1	0.989
4611	1726	1	0.835
4809	1984	1	0.898
3739	2446	1	0.907
3721	2715	1	0.802
913	496	1	0.929
481	2993	1	0.841
4970	667	0	0.0011
567	4665	1	0.996
1695	1300	0	0.000947
253	915	0	0.000492
428	3210	1	0.96
3936	1592	0	0.000864
1375	187	1	0.962
764	137	0	0.00102
2760	4483	1	0.867
4771	3918	1	0.909
3058	4954	1	0.918
1898	2788	1	0.95
54	3981	1	0.914
1872	943	1	0.824
4502	2594	1	0.985
2616	1087	1	0.923
2778	4970	1	0.808
4491	4129	1	0.825
956	4663	1	0.938
3763	1685	0	0.00085
93	979	1	0.854
3652	3406	1	0.92
643	199	1	0.898
2080	4227	0	0.000867
3937	904	1	0.947
2964	2980	1	0.805
1378	354	1	0.958
1175	104	1	0.858
616	1548	1	0.912
1668	1148	1	0.896
4166	3425	1	0.876
1323	95	1	0.851
2587	1184	1	0.944
2110	2355	1	0.956
3589	4400	0	0.000276
4516	1673	1	0.809
4699	2524	1	0.941
98	4033	0	0.000938
2388	1887	1	0.923
693	1257	1	0.952
2861	381	1	0.978
180	1835	1	0.867
1221	751	1	0.925
987	2382	0	0.00098
2128	3291	0	0.00123
414	857	1	0.913
3886	1039	1	0.945
2099	159	1	0.829
1747	4246	1	0.878
190	214	1	0.94
325	4751	1	0.831
2100	3398	0	0.000661
2371	898	1	0.896
4279	1161	1	0.993
3509	3270	1	0.894
2334	3186	1	0.907
1371	512	1	0.808
4892	2450	1	0.927
2940	1410	0	0.000406
2661	1901	1	0.922
1702	250	1	0.833
3472	1469	1	0.891
64	773	0	0.00112
2647	295	1	0.947
2641	129	1	0.884
4115	981	1	0.858
4714	1878	1	0.913
631	4639	1	0.926
2936	2863	1	0.866
1665	665	1	0.947
3665	1319	1	0.882
633	1308	1	0.848
1149	4593	1	0.967
2359	1592	1	0.931
2138	213	1	0.973
3866	3384	1	0.969
2462	4085	1	0.934
175	3427	1	0.811
2560	3515	0	0.000365
4243	2237	1	0.997
3778	1538	1	0.839
2460	658	0	0.000672
3497	4711	1	0.867
2918	920	1	0.989
3225	2339	1	0.896
2604	4648	1	0.962
2588	4295	1	0.87
293	2718	1	0.86
581	4167	1	0.861
4718	4692	0	0.000629
140	2484	1	0.955
2223	439	1	0.956
1784	432	1	0.822
799	3685	1	0.892
1192	3574	1	0.845
4523	1157	0	0.000829
2140	2563	1	0.946
828	221	1	0.888
2894	3617	1	0.81
2570	237	1	0.958
4688	150	1	0.992
4654	429	0	0.000341
2704	3241	0	0.00101
2726	217	1	0.873
291	654	1	0.918
2085	469	1	0.982
1562	3701	1	0.958
1004	1879	1	0.908
4814	827	1	0.939
2736	2730	1	0.916
2917	3297	1	0.822
1255	3742	1	0.805
1616	644	0	0.000188
4472	2226	1	0.885
4563	2982	0	0.00025
2995	1804	1	0.887
4982	4919	1	0.994
4079	609	1	0.853
1850	1911	0	0.000441
4411	3278	1	0.852
367	570	1	0.908
2731	4878	1	0.98
4537	861	0	0.000298
4286	2280	1	0.885
2054	1945	1	0.81
4681	2111	1	0.948
216	4605	1	0.839
2597	284	1	0.822
3820	1742	1	0.998
399	2619	1	0.97
1971	71	0	0.000261
233	2875	1	0.913
4484	1785	1	0.807
4197	108	1	0.877
2429	3589	1	0.925
3720	2661	1	0.978
4645	2132	0	0.00115
434	741	1	0.901
2895	3812	1	0.962
4665	3679	1	0.942
1720	3170	1	0.882
202	12	1	0.97
853	2381	1	0.964
4149	4675	1	0.96
2646	498	1	0.966
4959	882	1	0.848
3583	4762	1	0.952
2924	381	1	0.857
609	4496	1	0.823
3484	1292	1	0.857
2565	4055	0	0.000706
1373	2653	0	0.000435
3448	2653	1	0.975
123	1315	1	0.984
1469	946	1	0.983
104	2132	1	0.954
2102	2308	1	0.836
173	1663	1	0.953
1699	1151	1	0.976
3133	1312	1	0.907
2950	281	1	0.845
4855	4383	1	0.945
3963	4822	1	0.9
4854	3278	1	0.936
2236	2588	1	0.969
888	2847	1	0.838
4921	3830	1	0.999
4112	724	1	0.833
1421	169	1	0.877
3148	2057	1	0.895
3041	1628	1	0.83
803	4112	1	0.833
3829	2276	1	0.927
766	4182	1	0.936
3707	3426	1	0.837
3853	2705	1	0.986
1912	1651	1	0.999
2279	537	1	0.837
4697	2166	1	0.985
2953	2062	1	0.821
390	949	1	0.967
1383	3326	0	0.00124
3747	202	1	0.856
861	2568	1	0.839
308	1634	1	0.947
3359	159	1	0.998
4609	3527	1	0.861
831	2075	1	0.853
2125	2963	1	0.9
1108	1762	1	0.806
1849	1571	1	0.801
3248	4089	1	0.893
4743	3300	1	0.908
1152	146	1	0.943
2591	3913	1	0.884
2133	1187	1	0.961
4755	2656	0	0.000823
2786	740	1	0.987
1964	2208	1	0.971
423	67	0	0.00111
4505	1643	1	0.959
829	2117	1	0.958
4067	2164	1	0.911
2374	178	1	0.802
4868	3344	0	0.000286
3790	4125	1	0.803
2896	3876	0	0.00115
2146	630	1	0.991
3455	4679	1	0.888
1595	346	1	0.878
4016	4185	1	0.99
1355	128	1	0.804
3167	776	1	0.9
1716	1121	0	0.000751
1267	167	1	0.884
2942	553	0	0.000635
1675	415	1	0.801
372	2734	1	0.981
3897	1531	1	0.963
3013	849	1	0.88
2380	4780	1	0.989
3352	3752	1	0.969
4574	4529	1	0.816
1996	2089	1	0.845
1033	2015	1	0.943
4997	2656	1	0.932
2684	1614	1	0.935
3698	3511	0	0.000452
599	189	1	0.979
3006	1726	1	0.907
2131	1786	1	0.908
210	4301	1	0.836
4178	500	1	0.941
1574	1948	1	0.802
1834	2770	1	0.895
3539	4435	0	0.000512
1439	1026	0	0.000565
1765	204	1	0.803
2286	4316	1	0.824
691	23	1	0.914
4496	2465	1	0.908
321	3009	1	0.84
3045	450	1	0.843
441	2014	1	0.968
1560	3344	1	0.848
607	4784	1	0.983
4244	1821	1	0.947
2852	3838	1	0.83
3871	4397	1	0.996
2814	2201	0	0.000313
67	423	1	0.819
1640	3166	1	0.818
778	4594	1	0.935
4593	60	1	0.916
4752	4684	0	0.000683
812	920	1	0.887
1479	718	0	0.00068
1658	68	0	0.000762
3624	922	1	0.996
3627	2892	1	0.942
2715	3329	1	0.944
4923	63	0	0.000783
3751	4355	0	0.00123
3958	1060	1	0.822
1899	3803	1	0.859
1010	4792	1	0.947
3450	1017	1	0.905
1123	1112	0	0.000651
899	252	1	0.886
3173	1115	1	0.93
4426	802	1	0.861
2159	761	1	0.941
1089	320	1	0.801
2907	382	1	0.925
404	398	1	0.883
3921	3330	1	0.879
3788	2921	1	0.978
3048	2426	1	0.942
718	4050	1	0.847
4926	1267	1	0.897
3184	3368	1	0.88
510	4457	1	0.831
637	2825	1	0.885
1701	4051	0	0.00127
2415	346	1	0.883
775	132	0	0.000973
61	2226	1	0.862
4635	2051	1	0.917
889	273	1	0.955
3767	4024	1	0.948
185	2113	1	0.993
3005	2086	1	0.88
1522	3199	1	0.859
3521	2002	1	0.89
2421	4066	1	0.907
864	388	0	0.00107
2701	1421	1	0.995
4473	1177	1	0.979
3662	2194	1	0.947
4435	3387	1	0.839
1939	2057	1	0.981
2337	945	0	0.000513
53	9	1	0.804
2862	801	1	0.824
1883	3158	0	0.00107
3711	4240	1	0.964
243	2710	1	0.897
4203	4656	1	0.906
2438	2536	1	0.916
3459	69	1	0.977
3750	307	1	0.828
2248	2737	1	0.869
3898	521	1	0.933
4640	3465	1	0.959
3492	4553	0	0.00127
4011	876	1	0.885
1506	1726	0	0.000351
1339	1873	1	0.999
2399	3951	1	0.917
314	1531	1	0.903
1970	3561	1	0.946
2155	370	1	0.98
1960	20	0	0.000497
470	1290	1	0.98
3541	3988	1	0.925
410	2785	1	0.88
3260	4209	1	0.802
475	1575	0	0.00111
667	9	1	1
4973	2991	1	0.908
3360	71	1	0.923
2925	1667	1	0.974
2518	734	1	0.833
2018	9	1	0.82
1637	4948	1	0.971
3003	4533	0	0.00106
4823	2902	0	0.000511
4155	2390	1	0.818
3927	3028	1	0.947
1062	312	0	0.000612
3465	243	1	0.801
2219	1393	1	0.886
101	3277	0	0.000755
386	691	1	0.922
2800	3705	1	0.835
3112	1392	1	0.998
2648	555	1	0.996
634	500	1	0.84
3988	3541	0	0.000591
3768	356	1	0.867
76	1270	1	0.807
2833	1900	1	0.801
4658	2450	1	0.986
1276	3053	1	0.893
2455	2285	1	0.962
4985	44	1	0.982
3838	1092	1	0.925
479	1650	1	0.963
1338	490	0	0.00114
1532	1579	1	0.957
1044	3306	1	0.894
1803	4671	1	0.824
2872	4795	1	0.995
989	4360	1	0.839
3545	4043	1	0.958
3413	72	0	0.000582
1606	3756	0	0.000676
1241	206	1	0.876
4701	2587	1	0.84
4382	3128	1	0.981
708	4214	1	0.811
1244	2189	1	0.816
4712	1920	1	0.888
2655	3563	1	0.974
2670	4817	1	0.929
1661	357	0	0.000187
4061	3459	1	0.819
2696	3696	1	0.96
3991	2784	1	0.917
4072	3491	1	0.91
4489	4258	1	0.878
2685	382	1	0.953
4710	2342	1	0.881
4717	1663	1	0.993
2508	4511	1	0.905
3380	528	1	0.86
2915	1968	1	0.908
2288	3067	1	0.946
138	380	1	0.993
622	414	1	0.949
3024	793	1	0.879
1795	143	0	0.000426
3022	560	0	0.00122
2744	3686	1	0.84
2812	2968	1	0.826
1857	18	1	0.906
155	209	1	0.992
224	6	1	0.81
702	3912	0	0.00116
3478	4552	1	0.9
2828	4744	1	0.981
4583	643	1	0.909
4651	996	1	0.944
1965	49	1	0.893
2416	4855	0	0.000443
519	1799	1	0.88
3388	685	1	0.955
3864	1301	1	0.846
3725	448	1	0.827
2708	1972	0	0.000843
1826	1825	1	0.985
2114	2105	1	0.867
1039	2366	1	0.98
1711	1584	1	0.888
1772	1401	1	0.904
124	1802	1	0.991
2979	973	0	0.00128
2700	1022	1	0.856
848	4618	1	0.903
4327	1561	1	0.808
1798	586	1	0.891
4692	1801	1	0.9
1942	441	1	0.976
685	1092	1	0.916
1200	4005	1	0.908
1523	2659	1	0.984
4677	2049	0	0.00038
1873	4698	1	0.921
4601	76	1	0.831
3241	3589	0	0.00117
3480	3755	0	0.000446
3317	703	0	0.00024
3661	1060	1	0.804
2971	580	1	0.963
3444	0	0	0.000389
2045	1460	1	0.957
4525	1723	1	0.858
4003	536	1	0.95
2590	319	1	0.889
264	635	1	0.922
2242	4623	1	0.994
3208	2267	1	0.8
3190	4240	1	0.832
1853	1223	1	0.931
3183	2102	1	0.973
873	81	0	0.00112
4953	89	1	0.974
2541	4882	1	0.882
326	555	1	0.963
3483	1555	1	0.823
442	2135	1	0.817
4485	119	1	0.949
3495	1933	0	0.000985
3888	3367	1	0.802
1659	2939	1	0.802
820	2290	1	0.815
1685	2183	0	0.000301
3882	502	0	0.000734
1783	4164	1	0.846
2600	4729	1	0.846
4783	561	1	0.943
1894	237	1	0.883
4371	3379	1	0.938
4111	312	1	0.807
835	2672	1	0.809
3477	2722	0	0.00112
347	4210	1	0.841
3826	3887	0	0.0011
1917	4817	1	0.81
290	2428	1	0.976
3206	3669	1	0.917
4199	810	1	0.918
625	218	1	0.897
957	2285	1	0.967
1693	3191	1	0.98
3553	4434	1	0.888
3154	1821	1	0.865
1067	4671	1	0.831
3276	4770	1	0.92
1408	1459	1	0.925
4801	1049	1	0.996
3469	997	1	0.865
4501	2939	1	0.819
2668	545	1	0.9
3347	796	0	0.00107
4476	735	1	0.826
4993	891	1	0.902
2106	3993	1	0.802
570	4388	1	0.968
2370	247	1	0.824
3330	903	1	0.992
3372	257	1	0.975
2626	957	0	0.00051
3852	514	1	0.876
3449	611	1	0.896
4238	4711	1	0.993
4626	20	1	0.949
3776	3773	1	0.996
3638	1636	1	0.978
1288	374	0	0.000676
2182	2899	0	0.00101
3601	3237	1	0.977
3435	1821	1	0.958
1481	3330	1	0.833
2620	1074	1	0.964
2391	75	1	0.857
33	3107	1	0.932
3986	1246	1	0.955
1423	2218	1	0.908
759	1087	1	0.863
2663	1126	0	0.000364
4325	4522	1	0.879
192	416	1	0.924
4904	559	1	0.954
3758	2181	1	0.905
2546	2214	1	0.939
630	3949	1	0.916
3525	2366	0	0.00122
2627	4709	1	0.968
2813	3322	1	0.99
3710	3034	1	0.854
3434	869	1	0.953
1102	1139	1	0.97
3086	929	1	0.807
1460	2727	1	0.988
1313	141	1	0.999
2982	2529	1	0.919
2733	4745	0	0.00107
3911	4413	1	0.868
3412	4362	1	0.885
3928	2366	1	0.945
716	4039	0	0.00101
1900	3027	1	0.867
2002	1522	1	0.828
2063	2306	1	0.949
1228	257	1	0.84
165	3295	1	0.81
4829	893	1	0.996
2256	1594	1	0.944
521	950	1	0.922
346	4559	1	0.84
1121	4138	1	0.855
4874	2269	1	0.943
4436	81	0	0.000822
3490	4170	1	0.832
2712	1298	0	0.00112
568	4273	0	0.00096
4122	3791	1	0.877
657	4541	1	0.805
2081	4675	1	0.971
1775	4149	1	0.885
10	1252	1	0.914
142	3828	1	0.992
2197	1016	1	0.867
4898	850	1	0.969
1743	2155	0	0.000357
1652	3118	1	0.853
2189	578	1	0.862
1838	2295	1	0.913
1623	1510	1	0.913
2857	500	1	0.9
4183	1762	1	0.937
125	130	1	0.98
3044	686	0	0.000295
3467	4946	0	0.000302
2652	3703	1	0.876
439	124	1	0.818
3078	2914	1	0.881
3793	117	1	0.933
283	1332	1	0.914
1040	3222	1	0.824
92	444	1	0.937
1927	853	0	0.0011
4648	1582	1	0.905
4767	357	1	0.817
2268	1562	1	0.937
565	3959	1	0.83
348	432	1	0.901
1213	1678	1	0.954
3903	2609	1	0.883
2005	821	0	0.00044
503	2966	1	0.904
273	1300	1	0.997
1275	4123	1	0.886
3192	832	1	0.805
4928	4216	1	0.913
1712	4534	1	0.856
672	178	1	0.928
841	302	1	0.818
1976	3614	1	0.84
3488	298	1	0.983
80	294	0	0.000218
4125	1250	1	0.853
4057	1922	1	0.928
2241	417	1	0.917
986	4335	1	0.848
945	3249	1	0.968
4002	1903	1	0.879
3109	4382	1	0.899
758	448	1	0.863
4028	2700	1	0.861
222	1106	1	0.896
4610	4593	1	0.911
2148	3781	1	0.845
250	857	1	0.95
1876	4037	1	0.946
1703	4029	1	0.925
4822	3278	1	0.997
4246	4027	0	0.000421
3456	752	0	0.000371
204	2345	0	0.000471
4515	570	1	0.934
2073	1353	1	0.949
798	67	1	0.914
1820	1563	1	0.978
2698	4485	1	0.955
2410	903	0	0.000798
2963	2295	1	0.939
3917	4125	1	0.815
3810	2121	1	0.921
4955	2397	1	0.974
3111	1287	0	0.00128
1455	250	1	0.984
2257	1652	1	0.89
2305	48	1	0.956
1226	3140	1	0.851
580	3039	1	0.858
4812	2740	1	0.92
3605	2152	0	0.000186
2384	870	1	0.942
2537	2979	1	0.915
3522	2318	1	0.96
4437	1353	1	0.998
4133	3517	1	0.815
8	4911	1	0.974
1908	2118	0	0.00125
4000	1011	1	0.822
2780	1085	1	0.847
4308	4671	1	0.828
2523	2677	1	0.834
3678	1239	1	0.896
827	3354	1	0.958
1978	2719	1	0.873
3907	4705	1	0.989
1209	4559	1	0.852
3293	1247	0	0.00105
2164	4602	1	0.921
2031	3387	1	0.944
3299	2036	1	0.975
1090	1173	0	0.000989
2809	4674	0	0.00106
924	282	0	0.000397
2135	2182	1	0.959
4420	1475	1	0.987
1905	421	0	0.000435
3247	663	1	0.953
1651	1912	1	0.936
588	133	1	0.981
4556	1143	1	0.979
1954	4132	1	0.82
2630	879	1	0.987
1517	904	1	0.829
4418	2817	1	0.863
2729	4829	0	0.000204
4919	1777	0	0.000408
3674	3819	1	0.832
4192	4328	0	0.00101
2294	3172	1	0.992
543	421	1	0.809
949	842	0	0.000408
2550	1852	1	0.837
196	137	1	0.868
2218	3776	1	0.98
515	699	1	0.98
3177	2616	1	0.83
453	68	1	0.836
1943	780	1	0.829
1112	4526	1	0.885
2912	2939	1	0.842
2028	1441	1	0.933
3580	1664	1	0.902
4986	140	1	0.95
2010	400	1	0.803
1633	71	1	0.949
3975	707	1	0.985
3027	1900	1	0.933
3351	3691	1	0.918
2282	2790	1	0.951
4793	4849	1	0.995
1589	4218	1	0.977
742	51	1	0.898
2583	1311	1	0.83
3735	1555	1	0.997
1972	2623	1	0.895
745	1276	1	0.806
3201	1985	1	0.853
3423	3572	1	0.995
1667	2563	1	0.82
1724	2693	1	0.994
4187	449	1	0.836
3874	4092	1	0.852
547	106	0	0.000247
2124	651	1	0.817
1139	3353	1	0.997
3529	2160	1	0.988
2586	2519	1	0.801
426	4757	1	0.903
3759	608	1	0.996
1776	2599	1	0.986
572	1714	1	0.947
2764	506	1	0.935
4215	1341	1	0.887
1892	312	1	0.887
4632	4383	1	0.881
3702	2456	1	0.869
4908	2755	1	0.921
4806	4127	1	0.986
4577	1766	1	0.874
3445	4085	0	0.00045
2001	89	0	0.00122
3657	2932	0	0.000764
4924	638	1	0.891
3915	3847	1	0.833
482	889	0	0.00017
3432	4995	1	0.81
0	1481	1	0.9
2710	4640	0	0.00101
445	4921	1	0.816
2603	2465	1	0.893
4027	2059	1	0.831
4492	1370	1	0.878
3892	2254	1	0.895
1154	4469	0	0.000428
741	2894	1	0.911
4322	2536	0	0.00124
4538	2696	1	0.992
2354	4202	0	0.000317
2955	2105	1	0.918
3358	4956	1	0.995
2436	4005	1	0.9
3582	2677	1	0.857
430	1253	1	0.967
2270	181	1	0.874
998	2068	1	0.987
4271	3184	1	0.888
2378	3642	1	0.863
2171	433	0	0.00105
1936	4681	0	0.000856
3371	2051	1	0.963
2228	547	1	0.941
1398	3649	1	0.928
3508	1262	1	0.804
52	3404	1	0.856
2084	3106	1	0.915
4666	5	1	0.915
2887	1212	1	0.894
4131	4325	0	0.000788
338	157	1	0.992
3055	2605	1	0.886
2082	2051	1	0.875
3323	862	0	0.000576
2805	1103	0	0.00106
2687	2437	1	0.933
1043	1325	1	0.957
2808	2237	1	0.96
4422	4732	1	0.853
603	3208	0	0.00122
452	2000	0	0.000569
2491	4442	1	0.849
2076	1393	1	0.981
2874	1580	0	0.00075
4623	2698	1	0.855
2683	3999	1	0.989
4711	1752	1	0.868
2152	3362	1	0.915
3507	1042	1	0.963
1728	2446	1	0.963
2847	280	1	0.903
856	4831	1	0.854
4121	1353	1	0.915
4810	1893	1	0.979
3374	3526	1	0.838
1847	869	0	0.000459
3995	141	1	0.91
3989	931	1	0.915
4579	456	1	0.811
251	3786	1	0.929
429	269	1	0.966
4135	896	0	0.000828
3737	4768	1	0.801
2527	4829	1	0.85
3749	1954	0	0.000856
3809	4942	1	0.924
1542	2859	1	0.822
3709	1787	1	0.987
3925	1533	1	0.955
4638	3803	1	0.919
4938	3661	1	0.834
2980	391	1	0.97
1353	2493	1	0.916
578	1466	0	0.000876
1125	4	0	0.00126
463	145	1	0.882
333	4735	1	0.869
4323	4842	0	0.00059
1367	2074	1	0.878
2713	2673	1	0.804
2614	160	1	0.869
137	1658	1	0.923
4146	4576	1	0.958
4174	208	1	0.838
3577	666	1	0.909
4754	3550	1	0.826
2013	1037	1	0.863
2883	1921	1	0.95
4664	542	1	0.963
200	3221	1	0.934
57	4162	1	0.901
1672	1104	1	0.909
3872	4033	1	0.918
2755	4203	0	0.000168
127	4059	1	0.801
265	1402	1	0.854
2889	1763	1	0.948
3166	4471	1	0.856
679	2270	1	0.855
302	2384	1	0.883
2785	3015	1	0.877
371	4149	1	0.903
686	4177	1	0.957
2116	1035	1	0.855
4951	3364	0	0.000746
3270	4532	1	0.834
4266	3356	1	0.88
1588	27	1	0.802
1774	612	1	0.951
3186	421	1	0.826
1344	3915	1	0.811
3165	735	1	0.889
2402	1699	1	0.921
1951	814	1	0.84
1688	691	1	0.891
3214	379	1	0.865
4256	3489	1	0.87
2686	661	1	0.858
2352	1870	1	0.853
937	1015	1	0.911
83	2091	1	0.84
4564	956	1	0.93
4738	3602	1	0.834
4383	1610	1	0.94
770	2337	1	0.876
2413	3192	1	0.998
604	4690	1	0.973
4257	2663	1	0.992
1335	2241	1	0.819
903	3378	1	0.942
3887	1028	1	0.968
2474	3509	0	0.000451
628	3138	1	0.917
4769	1619	1	0.805
4389	3750	1	0.988
2162	2147	1	0.835
1921	2267	1	0.867
362	27	1	0.912
4328	1066	1	0.825
2656	2419	1	0.885
4335	2388	1	0.963
465	1305	1	0.979
1084	3479	1	0.968
3649	4950	0	0.000463
4922	210	1	0.966
4746	2536	0	0.00107
3567	1006	1	0.986
1830	565	1	0.927
1909	2812	0	0.000344
1407	649	1	0.951
3433	1889	1	0.975
3666	517	1	0.883
128	553	1	0.889
2062	1145	1	0.865
1110	67	1	0.973
549	8	0	0.000827
3119	741	1	0.887
2319	2921	1	0.851
3523	724	1	0.825
3846	1965	1	0.914
350	904	1	0.981
4572	1351	1	0.949
30	4981	1	0.807
4643	1210	1	0.935
1497	3349	1	0.82
4201	2159	1	0.91
3427	170	1	0.946
3524	308	1	0.837
3952	4176	1	0.874
1472	2295	1	0.897
2688	3902	1	0.825
3240	1861	1	0.802
3089	1716	1	0.904
3037	3648	1	0.838
4362	1190	1	0.907
4471	861	1	0.928
1788	368	1	0.84
4673	2355	1	0.856
1390	3370	0	0.00099
4762	4090	1	0.947
2420	4135	1	0.995
2060	4041	0	0.000502
1913	3163	1	0.854
2545	4359	1	0.833
1533	1171	1	0.857
618	1514	1	0.956
4076	1022	1	0.982
3178	508	1	0.846
478	407	0	0.000319
1000	609	1	0.949
3901	2177	1	0.807
1881	869	1	0.915
2770	2408	1	0.981
3376	508	1	0.806
2181	1846	1	0.825
110	3804	1	0.937
107	2772	1	0.818
1932	3267	1	0.969
2876	1532	1	0.995
1983	918	0	0.000552
1893	3505	1	0.871
1309	654	0	0.000983
3163	3304	1	0.98
1866	2076	1	0.832
1550	3498	1	0.987
2059	3116	1	0.934
500	1903	1	0.886
790	110	0	0.00033
3807	568	1	0.933
3129	3578	1	0.982
3146	2696	1	0.998
4413	3164	1	0.974
4190	617	1	0.872
356	1431	1	0.897
1181	2044	1	0.894
3443	2041	1	0.801
4773	1988	1	0.867
4903	3953	1	0.976
3947	1410	1	0.911
516	4869	1	0.805
4432	4174	1	0.903
261	272	1	0.948
1252	578	1	0.859
4511	3699	1	0.887
3230	277	1	0.853
3713	3598	1	0.899
4354	2704	1	0.969
2580	4266	1	0.832
4578	4597	1	0.907
3906	493	1	0.966
587	1104	1	0.928
391	1275	1	0.923
258	262	1	0.84
3300	3595	1	0.841
1515	1296	1	0.912
3697	3343	1	0.9
4587	2295	1	0.989
1013	2687	1	0.865
2705	119	1	0.977
3919	891	1	0.92
2463	2142	1	0.844
4662	1	1	0.86
2695	3897	1	0.801
1629	3751	1	0.932
2582	3613	1	0.957
4388	1550	0	0.000408
74	2653	1	0.893
2068	2127	0	0.00107
220	4629	1	0.849
2618	1414	1	0.991
3628	2965	1	0.828
4759	437	0	0.000745
865	4665	0	0.000545
3331	96	1	0.952
1009	3295	0	0.000348
3756	454	1	0.849
2226	3852	1	0.916
1963	893	1	0.888
4804	1633	1	0.868
1541	4925	1	0.945
4158	299	1	0.976
939	2175	1	0.935
2826	4383	1	0.877
1568	727	1	0.867
1260	2680	1	0.841
4540	3703	1	0.933
2631	2853	1	0.826
1289	589	1	0.927
2532	3412	0	0.00049
2090	775	1	0.942
4542	268	1	0.831
893	2729	1	0.915
4639	1826	1	0.901
608	1180	1	0.922
1464	4570	1	0.858
4185	4706	1	0.938
3309	2229	1	0.952
3590	4805	0	0.00116
2554	1012	1	0.925
4727	3171	1	0.927
63	3837	1	0.975
1402	2555	1	0.951
4835	3280	1	0.95
9	4970	1	0.873
2105	797	1	0.802
1300	2961	1	0.949
2098	1766	1	0.924
4198	3262	0	0.000688
701	270	1	0.914
209	4111	1	0.965
921	365	1	0.835
1023	1337	1	0.893
4554	43	1	0.803
1808	1284	1	0.846
1787	2734	0	0.00025
2797	3487	0	0.00109
2571	3584	1	0.856
4901	619	1	0.868
4661	4406	1	0.854
3774	2477	1	0.954
1710	1204	1	0.907
4460	4821	1	0.987
269	68	1	0.879
1450	3835	1	0.887
4539	1069	1	0.831
2621	4882	1	0.917
1414	1618	1	0.864
1329	2418	1	0.992
522	588	1	0.922
3212	545	1	0.915
1895	2868	1	0.972
2147	4615	1	0.825
4040	2501	0	0.000326
484	3025	0	0.00121
466	1027	1	0.855
3395	2629	1	0.898
2336	1652	1	0.944
2183	2895	1	0.847
2751	18	1	0.803
3949	4552	1	0.851
2672	786	1	0.927
2609	2036	1	0.806
4410	1945	1	0.904
728	2096	1	0.948
1854	3803	1	0.848
2803	157	1	0.826
300	2075	1	0.814
880	3643	1	0.842
1432	3077	1	0.991
4787	2054	1	0.94
4497	1484	1	0.934
4481	1821	1	0.871
2845	490	1	0.994
971	4733	1	0.859
4200	1248	1	0.837
2061	1100	1	0.971
4274	3280	1	0.852
3542	3139	1	0.895
3518	4671	0	0.000847
980	1411	1	1
1988	3897	1	0.919
4105	237	1	0.882
1592	436	1	0.945
2149	3837	1	0.95
739	1788	0	0.000295
2117	4383	1	0.821
1593	3073	1	0.872
2848	3738	1	0.865
1363	3661	1	0.993
4078	151	1	0.917
3312	2602	0	0.000634
3863	891	1	0.867
1290	317	0	0.00019
4406	1133	1	0.897
4440	3171	1	0.914
1839	3891	1	0.824
4573	574	1	0.885
3956	1497	1	0.845
4841	1241	1	0.914
4721	4283	1	0.818
4659	3376	1	0.857
592	1315	1	0.85
4303	53	0	0.00118
1099	3995	1	0.808
2452	3286	0	0.000695
4100	83	1	0.822
4474	1122	1	0.882
331	2668	1	0.829
3878	4780	1	0.984
1926	3880	1	0.978
529	2277	1	0.8
4588	2454	1	0.824
870	72	1	0.971
2409	417	1	0.997
2361	316	1	0.871
1602	2088	1	0.884
1362	1345	0	0.000199
168	4596	1	0.983
4180	3155	1	0.846
4409	2666	1	0.966
1901	1973	1	0.898
3501	1580	1	0.936
1386	891	1	0.844
3918	4804	0	0.000483
2970	2360	1	0.907
2207	3305	1	0.949
1618	3794	0	0.00107
246	2188	1	0.987
2522	4297	1	0.983
2453	903	1	0.823
2369	4322	1	0.821
2440	257	0	0.000219
1240	1064	1	0.872
4320	3803	1	0.872
552	243	1	0.908
4284	749	1	0.919
2441	1531	1	0.926
662	2225	0	0.00123
3705	2800	1	0.986
407	716	1	0.956
1306	3458	1	0.906
3868	4401	1	0.844
2654	2980	1	0.935
498	2030	0	0.000473
4034	2703	1	0.858
1380	3319	1	0.987
4585	1324	0	0.00117
3969	4571	1	0.813
2118	178	0	0.000866
3540	3652	1	0.848
4943	3682	1	0.986
2208	693	1	0.938
4782	3088	1	0.965
25	770	1	0.837
695	1451	1	0.806
4311	958	1	0.905
1727	3125	1	0.926
4871	1016	0	0.000877
4930	242	1	0.878
2137	2046	1	0.814
1417	1636	1	0.899
2500	2426	1	0.913
3357	1305	1	0.884
3239	3586	1	0.923
3106	4444	1	0.824
2856	2600	1	0.947
2521	181	1	0.963
2234	66	1	0.949
4373	206	1	0.959
2774	1985	1	0.877
2019	501	1	0.956
1216	629	1	0.867
1763	676	1	0.838
950	3949	1	0.946
4749	419	1	0.902
2246	1977	1	0.95
3324	1011	1	0.845
3065	1601	1	0.86
2658	1102	1	0.914
1958	3776	0	0.000673
721	2498	1	0.9
4756	2539	1	0.957
1377	4207	1	0.861
589	1721	1	0.958
268	1315	1	0.963
2239	592	0	0.000399
375	2123	1	0.839
1020	4194	1	0.827
4018	199	1	0.989
3000	4996	1	0.844
4302	170	1	0.851
4138	1446	0	0.000413
1430	512	1	0.84
3396	420	1	0.971
2417	4947	0	0.000608
1444	446	1	0.864
217	1234	1	0.913
4330	1230	0	0.00118
4988	1761	0	0.000186
682	4407	1	0.874
1817	837	1	0.857
520	621	1	0.902
3221	1440	1	0.814
4236	1098	0	0.000717
3159	1309	1	0.836
4503	1252	1	0.982
698	133	1	1
1143	4297	1	0.998
3912	2962	1	0.899
3373	4365	1	0.875
836	3195	1	0.871
629	3128	1	0.85
768	326	0	0.000753
355	63	1	0.876
2227	3611	1	0.801
4045	60	1	0.971
974	3160	1	0.894
2466	2178	1	0.953
3414	238	1	0.815
1215	1232	1	0.881
1489	4059	1	0.95
1653	3336	1	0.847
4267	116	0	0.000915
955	141	1	0.894
1997	2731	1	0.829
4546	1393	0	0.00119
4529	3294	1	0.84
1327	2824	1	0.852
443	4591	1	0.869
382	4375	1	0.984
671	226	1	0.934
4499	4237	1	0.898
3561	1811	1	0.813
4268	2693	1	0.962
2738	2110	1	0.853
1387	1589	1	0.867
1622	3871	1	0.897
3353	45	1	0.904
804	1406	1	0.913
135	3726	0	0.000179
2470	390	1	0.844
3701	4273	1	0.823
3127	4645	1	0.875
4408	945	1	0.991
4102	1596	1	0.9
3103	71	1	0.851
4766	860	1	0.995
3095	4193	0	0.00108
495	606	1	0.852
763	1126	1	0.974
1754	4619	1	0.838
2077	3292	1	0.972
4395	2057	0	0.000248
1709	1003	1	0.95
1663	2299	1	0.992
2396	858	1	0.872
2702	751	1	0.949
1875	3129	1	0.893
2126	981	1	0.889
3623	2049	0	0.00126
2607	2810	1	0.874
3368	1355	1	0.858
3288	906	0	0.000987
4780	362	1	0.864
1219	3245	0	0.000351
3216	1238	1	0.975
457	1044	1	0.815
1272	853	1	0.921
1372	4588	1	0.998
3237	1480	1	0.85
3724	2466	1	0.805
3011	517	1	0.806
651	1764	1	0.845
1962	3336	0	0.000313
564	817	1	0.822
3848	547	1	0.88
2324	295	1	0.825
3671	1398	1	0.869
760	2642	1	0.837
2745	4059	0	0.000651
1674	491	1	0.994
1952	2063	1	0.885
3930	3559	1	0.916
4445	744	0	0.000205
341	1931	1	0.853
3002	3702	0	0.000728
3123	2347	1	0.981
3965	2515	0	0.000281
242	2220	1	0.812
2169	3374	1	0.87
4506	3402	1	0.873
2382	970	0	0.000695
4952	1370	1	0.988
2793	3551	1	0.833
2635	4505	1	0.82
1122	51	1	0.913
4672	1150	1	0.972
1862	4905	0	0.000333
4961	1099	1	0.817
4725	32	1	0.837
2675	1513	1	0.896
606	495	1	0.829
4824	20	1	0.96
4599	3208	1	0.845
4265	1024	0	0.00115
2222	2702	1	0.853
2280	3202	1	0.819
4312	3597	1	0.85
4329	2703	1	0.9
2362	1209	0	0.000245
902	204	0	0.000346
4994	3238	1	0.928
4288	1762	1	0.849
4480	1290	1	0.923
3384	3396	1	0.812
1613	652	1	0.808
2870	4727	1	0.86
1203	298	1	0.861
2711	3218	1	0.874
2353	1783	1	0.803
3215	494	1	0.969
3315	2070	1	0.847
561	1256	1	0.86
4739	2494	1	0.999
4130	4295	1	0.824
1860	35	1	0.947
3679	487	1	0.884
1717	699	1	0.851
1977	2620	1	0.837
3843	3505	1	0.915
1273	4209	0	0.000824
3157	1342	1	0.884
4430	1709	1	0.98
3255	257	1	0.965
2561	4930	1	0.868
1835	3854	1	0.823
4353	209	1	0.893
1753	2557	1	0.961
3026	3632	1	0.802
3172	3720	1	0.874
4047	4034	1	0.907
3860	2996	1	0.8
3447	4023	1	0.807
1261	3463	1	0.867
3132	1303	0	0.000895
122	815	0	0.00108
1554	2649	1	0.879
1182	2083	1	0.804
1413	4518	1	0.854
4065	1708	1	0.852
4795	2872	1	0.905
2485	942	1	0.855
2	1049	1	0.819
3681	124	1	0.887
207	4046	0	0.000697
3310	3580	1	0.882
2203	3969	1	0.823
316	1258	1	0.805
388	432	1	0.85
1690	4408	1	0.901
2596	1571	1	0.851
2022	1095	0	0.000212
1086	280	1	0.863
1400	4193	1	0.931
1324	508	1	0.947
772	2495	1	0.939
2974	1467	1	0.871
1572	1148	0	0.000772
1614	608	0	0.00105
3966	779	1	0.893
4235	263	1	0.867
4041	1210	1	0.871
4486	1873	1	0.854
3470	1159	1	0.829
450	4063	1	0.83
2966	4528	1	0.864
1183	268	0	0.00104
551	536	1	0.918
3890	387	1	0.87
323	3559	1	0.838
4321	2366	1	0.804
1910	2751	1	0.946
1266	4306	0	0.000992
1604	4931	1	0.904
1170	3664	1	0.848
3914	3661	1	0.84
3557	1989	1	0.877
3482	516	1	0.872
967	2878	0	0.000434
1002	1455	0	0.000766
1677	4427	1	0.99
1395	3087	1	0.907
1359	454	1	0.84
1790	2401	1	0.976
59	1708	1	0.888
2638	325	1	0.876
1206	1009	1	0.835
3046	4117	1	0.874
2960	117	1	0.806
3578	1875	1	0.88
1351	2315	1	0.807
3654	390	1	0.912
1968	3880	0	0.000639
4707	4495	1	0.812
2271	3551	1	0.979
2692	88	1	0.855
2499	1644	1	0.974
512	2194	1	0.932
2922	402	0	0.000632
184	354	1	0.938
3100	1669	0	0.000625
1018	4380	0	0.000691
413	3969	1	0.813
412	1998	1	0.932
4676	4568	1	0.905
3668	1766	0	0.00127
352	4290	1	0.973
45	3575	1	0.828
4859	2716	1	0.961
3411	3498	1	0.8
576	4363	1	0.857
4483	283	1	0.875
181	258	1	0.867
4210	637	0	0.000819
2511	3679	1	0.956
2476	1301	1	0.928
1751	3573	1	0.806
1642	2650	1	0.841
2575	1057	1	0.815
3259	827	1	0.847
1053	541	1	0.94
1187	4639	1	0.836
1918	3603	1	0.828
3827	4892	1	0.819
4448	72	1	0.857
3393	1895	1	0.811
3033	913	1	0.824
2866	4584	1	0.923
2469	440	1	0.984
2934	3240	1	0.918
455	4271	1	0.802
4193	1180	1	0.929
4444	2	1	0.833
1436	975	1	0.832
4477	1936	1	0.946
3242	3397	1	0.962
436	826	1	0.995
1512	2311	1	0.806
1463	1771	1	0.812
794	4853	1	0.932
379	4006	1	0.883
4909	3615	1	0.937
1050	303	1	0.931
4314	2317	1	0.981
3	1773	1	0.824
1403	1594	0	0.0011
560	1280	0	0.000584
2771	961	1	0.931
4020	4138	0	0.00118
4326	2047	1	0.839
1419	927	1	0.916
3857	3944	1	0.959
1145	2845	1	0.865
3083	3475	1	0.913
623	2218	1	0.861
2762	3212	1	0.807
3594	224	1	0.936
972	1674	1	0.899
2818	4473	1	0.866
351	442	1	0.809
2048	1322	1	0.888
4108	1353	0	0.000935
2464	4591	1	0.939
1148	2459	1	0.957
3785	779	0	0.00109
4423	264	1	0.912
2014	1124	1	0.895
1547	1049	1	0.816
3688	3219	1	0.986
1486	1406	1	0.857
2301	4948	1	0.816
3410	1092	1	0.942
2274	1270	1	0.8
2434	4534	1	0.904
167	865	1	0.818
756	4636	1	0.992
2173	2418	1	0.921
376	2817	1	0.915
3203	2754	1	0.939
661	3038	1	0.846
3104	408	1	0.99
3570	985	1	0.982
2265	4879	0	0.000264
675	4694	1	0.83
2360	2112	1	0.931
2677	4188	1	0.853
115	957	1	0.86
933	2331	0	0.000778
4221	4334	0	0.00103
2036	992	0	0.000751
1721	1864	1	0.963
3634	4563	0	0.000858
2259	368	1	0.903
3899	3672	1	0.812
340	911	1	0.838
3363	4822	0	0.000507
4889	3384	1	0.993
4310	312	1	0.914
26	198	1	0.982
822	3016	1	0.976
1465	3132	1	0.934
299	774	1	0.929
3382	2752	1	0.94
3263	1072	1	0.863
3769	1388	1	0.899
4456	526	0	0.000535
1270	805	1	0.915
1026	584	1	0.833
885	1657	1	0.892
2951	1306	1	0.965
2486	101	1	0.971
4010	1427	0	0.00117
2634	1883	0	0.000875
2838	4970	1	0.91
2531	824	1	0.925
1434	4062	1	0.973
3093	2854	1	0.952
660	1440	0	0.0007
557	3617	1	0.904
3622	4524	1	0.842
1250	3830	1	0.991
1314	1315	1	0.945
2720	2459	1	0.952
1168	4909	1	0.864
3997	135	1	0.887
4270	3162	1	0.835
1944	2301	1	0.972
900	2345	1	0.949
3138	628	1	0.905
2107	57	0	0.000203
1126	2734	1	0.867
238	1673	1	0.955
4357	2499	1	0.908
513	2283	1	0.858
3964	907	1	0.987
2724	1122	1	0.873
4007	1142	1	0.832
2043	2299	1	0.879
1559	1596	1	0.809
2782	1251	0	0.000662
3953	2477	1	0.939
1979	916	1	0.993
2601	57	1	0.977
2154	1079	1	0.82
301	270	1	0.876
2581	318	1	0.825
3584	2291	1	0.829
4548	1191	1	0.813
2064	1228	1	0.945
2507	1387	1	0.991
839	1100	1	0.988
3562	4948	1	0.839
3534	2717	0	0.000725
2210	1541	1	0.912
3691	608	1	0.988
1575	4572	1	0.847
4740	110	0	0.000569
1738	691	1	0.854
4552	3092	1	0.964
960	2215	1	0.919
4142	582	1	0.882
3815	2970	1	0.933
3728	2427	1	0.807
2927	143	1	0.821
2072	3548	1	0.866
2298	4862	1	0.837
1610	132	1	0.947
1812	2907	1	0.878
4939	286	1	0.871
4478	2590	1	0.836
4690	1753	1	0.99
802	2266	1	0.846
3784	3188	1	0.897
1156	4189	1	0.942
1340	705	1	0.83
257	3772	0	0.00104
505	1169	0	0.00101
468	1002	1	0.81
2593	2439	1	0.906
3107	2097	1	0.989
3016	842	1	0.987
277	3166	1	0.856
4514	3682	1	0.991
1034	707	0	0.00125
1453	1763	1	0.829
2363	2529	1	0.964
3884	4531	1	0.907
689	2525	1	0.968
3569	2772	1	0.923
1611	2099	1	0.828
342	3034	1	0.987
3777	4284	1	0.937
4732	4422	1	0.922
102	896	1	0.894
4872	3760	1	0.822
2281	4391	1	0.882
923	3087	0	0.00105
3822	1508	0	0.00127
3170	3115	1	0.808
2840	4688	1	0.924
2345	4264	1	0.953
2691	608	1	0.968
86	4656	1	0.914
4071	2457	1	0.811
919	4635	1	0.88
1379	848	1	0.82
4820	4671	1	0.937
3082	1640	1	0.835
2882	3775	0	0.000846
4786	3109	1	0.915
1955	4886	1	0.84
1451	2432	1	0.868
2931	1960	1	0.911
1600	753	1	0.869
1412	639	1	0.848
1356	3295	1	0.927
2891	1649	1	0.806
1473	4909	1	0.866
3858	3069	1	0.961
4023	4993	1	0.902
3812	3067	0	0.000791
3096	758	1	0.909
2553	1198	1	0.922
432	797	0	0.00101
2373	3416	1	0.894
244	3772	1	0.924
4295	1226	1	0.977
3639	4860	1	0.821
714	260	1	0.984
4208	2450	1	0.914
2267	1451	1	0.827
575	4365	1	0.929
1867	673	1	0.805
2842	637	1	0.937
368	1866	1	0.927
2235	3416	1	0.908
2619	3285	1	0.801
1301	4144	1	0.83
558	4105	1	0.822
1138	454	1	0.817
2300	1853	1	0.98
2660	2810	1	0.887
3460	3124	0	0.000534
3144	2954	1	0.975
4154	153	1	0.972
3823	320	1	0.829
489	2102	0	0.00126
3996	2220	1	0.818
3060	3396	1	0.864
2447	2142	1	0.929
3620	2076	1	0.973
2483	1255	1	0.853
3835	1296	0	0.00106
4092	4988	1	0.819
328	2145	1	0.97
3125	3235	1	0.912
3532	81	1	0.879
4838	4931	1	0.923
883	2837	1	0.964
4671	4089	1	0.995
2144	4279	1	0.995
3579	2214	1	0.998
590	4178	1	0.876
2446	4893	1	0.927
1919	112	1	0.835
3636	3258	1	0.8
1708	4357	1	0.999
364	2858	1	0.961
4595	3782	1	0.84
3454	2153	1	0.967
3946	2260	1	0.855
3804	1402	1	0.837
3171	1023	1	0.976
1617	2523	1	0.865
976	871	1	0.907
2721	2310	1	0.97
2811	728	1	0.819
161	2790	0	0.000789
3496	3015	1	0.854
4204	4844	1	0.992
3267	3354	1	0.935
1185	334	1	0.981
2071	879	1	0.986
912	425	1	0.933
4683	515	0	0.000861
792	4417	1	0.924
4162	71	1	0.863
4289	4401	1	0.966
4401	4432	1	0.931
4462	2025	1	0.897
1045	4225	1	0.84
4239	2188	1	0.953
1791	614	1	0.987
809	1673	1	0.835
2172	3454	1	0.922
2578	2950	1	0.872
2678	361	1	0.807
3537	4996	1	0.988
4069	4010	1	0.887
2968	1210	0	0.000683
2387	4135	1	0.997
4219	1605	0	0.000841
4828	1427	1	0.894
2307	1595	1	0.933
1507	860	0	0.000258
1332	283	1	0.83
4063	3359	1	0.961
1186	1771	1	0.854
4439	2818	1	0.979
381	419	0	0.000707
3607	3515	1	0.861
3076	2651	1	0.84
279	4488	1	0.891
595	1002	1	0.999
1822	2374	1	0.878
2573	470	0	0.000625
2769	1514	1	0.828
3743	4272	1	0.932
4434	4334	1	0.822
2759	2726	1	0.993
2252	3357	1	0.897
490	122	1	0.823
4570	1464	1	0.817
2456	3274	1	0.814
1643	868	1	0.956
1008	4854	0	0.00078
3316	1504	1	0.892
1627	4362	1	0.904
4629	3397	0	0.000771
3075	3887	1	0.815
3409	325	1	0.823
4332	676	1	0.941
2209	3190	0	0.000705
1800	2701	0	0.00055
860	1507	0	0.000324
757	3700	1	0.96
1017	2955	1	0.925
4006	23	1	0.932
999	3360	1	0.891
1230	1036	0	0.000752
2568	1012	1	0.869
3004	2650	1	0.82
1777	1385	0	0.000868
3951	411	1	0.934
96	1690	1	0.851
3332	397	1	0.823
1843	252	1	0.983
2412	104	1	0.901
4679	217	1	0.977
1700	1097	1	0.816
1870	1954	1	0.893
2669	366	1	0.801
2157	154	1	0.819
3131	2970	1	0.928
2732	2677	1	0.984
2592	3476	1	0.809
4568	2896	1	0.99
3438	4420	1	0.969
3873	1105	1	0.815
1991	2019	1	0.831
4458	625	1	0.967
1886	2386	1	0.913
2679	4814	0	0.000959
2039	3750	1	0.921
1409	727	1	0.936
1346	1724	1	0.863
555	766	1	0.946
118	1435	0	0.00127
4021	4087	1	0.951
172	1430	1	0.98
1505	3676	1	0.849
4173	2793	1	0.961
3062	65	1	0.979
31	1016	1	0.873
4403	3975	1	0.96
4802	955	1	0.927
4976	989	1	0.938
4604	1297	1	0.912
3068	2517	1	0.826
4466	3791	0	0.000724
4299	0	1	0.814
1488	1313	0	0.00106
4171	1824	0	0.000178
830	3693	1	0.848
2221	4802	1	0.806
1466	1900	1	0.893
2716	893	1	0.993
2858	2563	1	0.848
2225	1265	1	0.891
1278	898	1	0.846
2315	241	1	0.814
1343	4372	1	0.892
3880	318	1	0.831
3145	52	1	0.889
3256	692	1	0.947
3836	4105	1	0.896
1903	764	1	0.999
1049	3983	0	0.00109
3663	592	1	0.847
781	3173	1	0.804
3798	1549	1	0.896
4852	4516	1	0.948
3650	1742	0	0.000958
4839	222	1	0.901
440	4057	1	0.968
4179	2627	1	0.821
2293	1904	0	0.00102
1467	2042	1	0.882
3205	2251	1	0.914
3503	319	1	0.803
3298	4536	0	0.000817
3275	1754	1	0.997
1141	950	1	0.942
1024	102	1	0.94
1361	2831	1	0.881
2056	3959	1	0.957
692	2555	1	0.858
1151	2873	1	0.973
3258	3636	1	0.818
2807	3930	1	0.957
2983	4831	1	0.879
3733	188	1	0.942
1832	613	0	0.000488
2825	1909	1	0.954
946	3823	1	0.84
3609	27	1	0.971
60	2055	1	0.932
4978	4110	1	0.817
1263	2311	1	0.952
3923	1133	1	0.803
4024	589	0	0.000565
2350	2631	1	0.854
3972	3040	1	0.98
4109	4618	1	0.918
2083	2848	1	0.916
3643	325	1	0.994
4449	187	1	0.929
1771	3753	1	0.994
469	237	1	0.917
2877	19	1	0.902
1370	1904	0	0.00105
1816	468	1	0.868
4140	18	1	0.823
2752	2546	1	0.884
4705	392	1	0.919
3642	2633	1	0.975
3982	4316	1	0.883
1950	4450	1	0.948
4684	2857	1	0.926
535	2947	1	0.992
4188	4883	1	0.935
1496	4664	1	0.908
3389	339	1	0.934
3150	3988	1	0.86
1269	22	1	0.911
4128	417	1	0.921
2348	875	1	0.811
2959	1618	1	0.932
1789	820	1	0.865
4425	3228	1	0.822
2827	1664	0	0.000301
4881	2241	1	0.986
3608	1315	1	0.871
4077	4795	1	0.883
2682	276	1	0.914
3514	1387	1	0.944
2535	4552	1	0.99
645	4569	1	0.997
3169	1342	1	0.865
4726	3047	1	0.938
4398	4264	1	0.84
554	1484	1	0.881
952	2240	1	0.894
4652	1569	1	0.892
930	3384	1	0.817
116	1357	0	0.00123
3294	3029	0	0.000251
3088	599	1	0.842
1773	22	1	0.956
962	199	1	0.805
4446	2474	1	0.832
3614	3489	1	0.916
777	637	1	0.922
4232	517	1	0.881
1232	3113	1	0.963
1321	1674	1	0.827
2735	3587	1	0.835
3592	146	1	0.958
3516	4669	0	0.000839
3585	4710	1	0.954
3325	2764	1	0.874
2400	510	0	0.000672
818	4976	0	0.00119
422	465	1	0.897
3042	208	1	0.825
4182	1907	1	0.886
2272	658	1	0.936
2897	478	1	0.833
3077	338	1	0.819
3252	2163	1	0.854
3611	4864	0	0.00106
360	4920	1	0.872
2335	4739	1	0.853
2186	1010	1	0.852
3962	235	1	0.962
4080	3379	1	0.9
2472	1750	1	0.941
1686	2657	1	0.839
917	1227	1	0.836
2954	4271	1	0.855
1931	1235	0	0.000375
4465	2163	1	0.966
1811	3561	1	0.945
3025	584	1	0.955
1336	2594	1	0.808
1468	3343	1	0.816
4147	3608	1	0.804
4693	2181	1	0.898
1902	1276	1	0.833
2454	4672	0	0.000812
1320	1900	1	0.907
4883	2677	1	0.894
467	2109	1	0.86
1295	3752	1	0.849
563	1810	1	0.827
112	1892	1	0.884
4495	2257	1	0.923
826	1359	1	0.934
1680	2991	1	0.841
4657	476	1	0.993
1733	1801	1	0.886
3980	1426	1	0.865
2439	1369	1	0.97
2201	4733	1	0.945
3181	1171	1	0.829
4669	4414	1	0.834
2549	1869	1	0.929
1948	2404	1	0.812
1222	4583	1	0.996
1242	215	1	0.977
4260	1877	1	0.905
1337	1273	1	0.825
2276	525	0	0.000734
4784	2197	1	0.923
876	4849	1	0.816
4030	2680	1	0.919
3981	3407	1	0.956
2094	1911	1	0.807
1726	2105	1	0.863
295	3409	1	0.906
4821	1930	1	0.843
1382	924	1	0.822
3992	1512	1	0.85
1478	430	1	0.882
740	4517	1	0.811
4276	3607	1	0.964
2333	4095	0	0.0009
4914	1600	1	0.96
1975	432	1	0.905
2237	2335	0	0.000873
3249	945	1	0.81
1581	7	1	0.882
1601	1199	0	0.000731
501	2020	1	0.802
3574	2463	1	0.928
3854	4081	0	0.00062
2787	816	1	0.977
2343	4379	1	0.922
3757	1100	1	0.853
4412	2509	1	0.837
3935	733	1	0.952
2823	1808	1	0.984
4350	2590	0	0.000658
3538	4217	1	0.904
3531	4005	1	0.912
3772	1501	1	0.868
1756	2082	1	0.912
2969	1674	1	0.916
3722	4401	1	0.941
2340	318	1	0.895
2754	4741	1	0.845
494	2035	1	0.877
3729	829	0	0.00121
3149	3159	1	0.804
353	115	1	0.807
507	3803	1	0.858
1133	200	1	0.806
4815	1936	1	0.819
27	2489	1	0.878
3731	1506	1	0.812
1440	3926	1	0.894
1544	112	1	0.912
4689	4994	1	0.878
4363	1905	1	0.998
3556	100	1	0.863
3019	586	1	0.849
3390	3868	1	0.93
4037	1315	1	0.82
106	547	1	0.994
4380	454	0	0.00023
3646	3404	1	0.907
1578	3810	1	0.856
1634	4893	1	0.847
1845	1279	1	0.907
3135	313	0	0.000927
2628	988	1	0.955
3771	3	1	0.985
4202	3682	1	0.951
901	3609	1	0.861
3105	1034	0	0.000302
1639	308	1	0.862
1135	4571	1	0.923
451	4745	1	0.858
594	261	1	0.924
738	3214	1	0.852
1477	3039	1	0.882
1785	4757	0	0.000756
747	3580	1	0.972
3211	243	1	0.835
951	2538	1	0.996
2385	1298	1	0.842
892	242	1	0.963
1059	1537	1	0.862
4698	2065	1	0.981
3626	4444	1	0.86
4849	1197	1	0.869
3420	299	1	0.829
296	2669	1	0.801
1042	2461	1	0.925
1214	1946	1	0.822
786	4700	1	0.864
3457	3715	1	0.914
3504	3229	1	0.913
2932	4076	1	0.818
3891	1132	1	0.878
3355	3190	1	0.971
4941	1789	0	0.000208
297	466	1	0.815
3385	3048	1	0.969
1938	331	0	0.000335
51	4715	1	0.809
427	4866	1	0.87
2489	27	1	0.868
119	574	1	0.926
1706	137	1	0.887
2313	3288	0	0.000651
3398	1770	1	0.909
4910	800	0	0.00047
37	4970	1	0.975
150	843	1	0.937
4305	4585	1	0.884
4139	4470	1	0.9
2558	707	1	0.982
3219	2999	1	0.893
3199	4778	1	0.865
4966	2879	1	0.806
2816	428	1	0.887
1546	4007	1	0.837
1197	1982	0	0.000267
2992	2559	0	0.00118
4618	3421	1	0.876
2322	3189	1	0.803
397	2633	1	0.872
249	3153	0	0.000902
4509	3222	1	0.992
3779	1378	1	0.802
909	1289	1	0.978
1521	3024	1	0.926
2662	40	1	0.967
4134	1818	1	0.894
1129	2035	1	0.928
4313	229	1	0.954
4127	935	1	0.84
3273	2751	1	0.845
550	1199	1	0.97
4482	1212	1	0.903
668	3297	1	0.861
4517	740	1	0.933
1447	2831	1	0.823
4172	428	0	0.00106
4803	4155	1	0.98
1961	4821	1	0.893
256	128	1	0.827
4796	104	1	0.877
3335	675	1	0.971
4805	3139	1	0.82
3213	4628	1	0.897
437	4759	1	0.962
395	320	1	0.834
1864	909	1	0.96
4206	1276	1	0.808
4339	3530	1	0.94
2525	1890	1	0.896
3015	1782	1	0.93
3734	533	1	0.886
3985	2625	1	0.992
4281	4670	1	0.864
2033	3312	1	0.902
3200	854	1	0.926
4586	1463	1	0.937
4636	2944	1	0.804
711	187	0	0.000348
2494	110	1	0.854
4249	49	1	0.965
2057	4089	1	0.88
3655	1839	1	0.909
647	4475	1	0.904
87	991	1	0.994
4956	1386	0	0.00113
2730	2736	1	0.946
1762	1078	1	0.978
502	2964	1	0.969
3645	1241	0	0.00104
4454	665	1	0.904
4333	4692	1	0.945
1452	1101	1	0.974
2086	1870	1	0.953
3741	3171	1	0.837
601	3014	1	0.857
1158	4782	0	0.00118
203	3084	0	0.00123
2577	3164	1	0.976
3801	165	1	0.833
3430	3253	1	0.804
1178	565	1	0.975
2937	2644	1	0.926
3960	1361	1	0.823
2058	4006	1	0.998
349	3435	1	0.946
4029	1039	1	0.916
2284	1654	1	0.813
1782	3212	0	0.00123
2693	4916	0	0.000301
3303	1286	0	0.000864
3909	3776	1	0.895
3441	1504	1	0.879
403	535	1	0.894
2395	582	1	0.974
3920	119	0	0.000703
4778	793	0	0.000752
1136	1881	1	0.866
2608	2307	1	0.978
2055	87	1	0.869
1196	248	0	0.000908
4641	3154	1	0.981
1441	4729	1	0.881
984	732	1	0.851
1315	597	0	0.0012
726	1473	1	0.951
1844	84	1	0.995
4605	1427	1	0.819
4290	3421	0	0.000953
4360	1967	1	0.944
345	2285	1	0.833
4048	1275	1	0.982
3511	362	1	0.822
4942	2887	1	0.824
553	4572	1	0.817
783	2010	1	0.849
4990	2179	1	0.886
1303	1465	1	0.887
182	2545	1	0.963
1632	1013	0	0.000573
4834	2990	1	0.884
2311	455	1	0.955
855	289	1	0.986
1855	292	1	0.979
3442	2394	1	0.91
90	4392	1	0.834
3615	398	0	0.000466
1006	1091	1	0.952
103	867	0	0.000937
3566	3985	1	0.865
1171	3925	0	0.00121
4875	382	1	0.982
4870	68	1	0.988
2855	1421	1	0.826
620	609	1	0.953
819	4692	0	0.00111
343	4664	0	0.000432
1366	221	1	0.86
4220	3637	0	0.00027
3520	28	0	0.00087
2017	180	1	0.951
126	2153	1	0.877
4622	406	1	0.863
1065	157	1	0.866
36	380	0	0.00119
4555	3388	1	0.842
402	4766	1	0.966
4083	2007	0	0.000182
4896	460	1	0.878
366	970	1	0.986
3675	1184	1	0.882
4159	581	1	0.86
2878	170	1	0.864
646	625	1	0.892
4549	1203	0	0.00126
4920	3514	1	0.908
1461	3703	1	0.851
4948	2035	1	0.822
4364	4087	1	0.856
1565	103	1	0.983
3613	727	1	0.983
2799	2935	1	0.967
208	169	1	0.889
2101	1417	1	0.989
1934	1591	1	0.818
3345	1525	1	0.893
2444	632	1	0.899
1842	2079	1	0.845
3893	2992	1	0.821
3957	358	1	0.868
4522	3294	1	0.879
223	261	1	0.988
2651	3076	1	0.867
4863	458	1	0.951
2758	3246	1	0.841
3544	298	1	0.813
4621	64	1	0.925
1188	1726	1	0.867
2408	3748	1	0.949
4494	1050	1	0.85
1684	172	1	0.954
3446	1018	1	0.8
1480	4663	1	0.956
146	3395	1	0.906
1766	1912	1	0.904
433	1870	1	0.971
1217	590	1	0.95
4184	673	1	0.893
3799	3525	1	0.998
1305	1794	1	0.991
600	1161	1	0.909
3740	3077	1	0.818
456	3551	1	0.91
4856	3815	1	0.862
3849	1133	1	0.944
1202	2587	1	0.877
2326	273	1	0.873
1911	2953	1	0.98
994	1213	1	0.84
4631	725	1	0.825
3264	4380	0	0.000588
2418	853	1	0.985
201	555	1	0.879
3718	1159	1	0.848
1767	3674	1	0.922
2836	4338	1	0.848
1670	1574	1	0.816
2644	472	1	0.801
1644	638	1	0.85
850	1380	0	0.000482
1666	4339	1	0.832
1164	3705	1	0.941
940	4590	0	0.000579
3575	1960	1	0.981
4865	2748	1	0.83
4107	350	1	0.907
3071	3849	1	0.921
2746	2996	1	0.93
1597	2776	1	0.971
929	68	1	0.861
318	1437	1	0.844
2806	3623	1	0.865
2727	2473	0	0.000966
961	4932	1	0.937
497	4569	0	0.000561
1528	2926	1	0.848
3760	4683	1	0.96
79	2392	1	0.996
3862	510	1	0.881
715	301	1	0.975
1828	4362	1	0.861
4880	2227	1	0.821
4530	1581	1	0.814
1649	1033	1	0.855
3983	3691	0	0.000415
2139	4363	1	0.947
4996	184	1	0.868
1259	3099	0	0.000514
2908	1214	1	0.876
3680	1048	1	0.97
1281	548	1	0.807
541	1758	1	0.998
2216	2638	1	0.973
2589	2168	1	0.903
4950	1398	1	0.866
2933	157	1	0.851
4862	4178	0	0.000883
1035	679	1	0.862
612	498	1	0.826
2006	80	1	0.813
1128	1124	1	0.956
4043	2622	1	0.903
3090	4252	0	0.00117
486	3187	0	0.000542
1669	3304	1	0.946
4467	4386	0	0.000351
4747	293	0	0.00113
2989	4519	1	0.995
3392	913	1	0.913
3424	55	1	0.992
1399	134	1	0.933
259	1081	1	0.858
1445	239	1	0.988
70	3309	1	0.854
1993	1468	1	0.958
3617	3108	1	0.954
4062	1043	1	0.814
2403	3394	1	0.945
2275	2263	1	0.908
114	3030	1	0.897
1570	1597	0	0.000281
4900	1712	0	0.00117
1247	230	1	1
983	1547	1	0.993
3806	3538	1	0.87
2617	616	1	0.811
2850	165	1	0.915
4873	4321	1	0.837
2869	561	1	0.957
1494	1803	1	0.891
4877	2558	1	0.821
4918	4444	1	0.968
2079	4714	0	0.00111
2249	2448	1	0.841
1736	2262	1	0.94
1737	4693	1	0.977
129	4238	1	0.969
4741	4617	1	0.848
2868	3393	0	0.00111
3595	1627	1	0.837
1391	3422	0	0.00123
405	853	1	0.91
811	1391	1	0.806
2860	3367	1	0.975
4319	4552	1	0.885
4189	140	0	0.000886
4761	1228	1	0.891
2789	1867	1	0.975
4431	112	0	0.00107
3716	3880	1	0.927
1655	1778	1	0.998
1075	657	1	0.864
1498	3806	1	0.844
65	4362	0	0.000758
3287	931	1	0.999
3464	1118	1	0.896
4498	1989	1	0.926
869	4035	1	0.808
310	2898	1	0.835
4334	3589	1	0.977
737	1209	1	0.862
2052	842	1	0.947
3559	2369	1	0.912
1283	1001	1	0.957
596	189	1	0.9
1134	2802	1	0.836
4656	1081	1	0.8
1411	1304	1	0.999
3689	1897	1	0.973
2112	300	1	0.806
324	746	1	0.998
4258	1947	0	0.000298
872	3445	1	0.96
75	3160	1	0.952
3176	2267	1	0.842
2595	4868	0	0.00114
3881	350	1	0.919
4899	145	1	0.914
3010	4872	0	0.000176
3551	4847	1	0.969
2238	407	0	0.000506
4940	710	0	0.00106
925	4884	0	0.000377
3405	1484	1	0.89
591	495	1	0.922
3876	911	1	0.994
1583	4661	1	0.864
3732	2614	1	0.833
2009	2487	1	0.983
953	181	1	0.855
359	974	1	0.832
3319	2439	1	0.893
4581	476	1	0.851
2750	3718	1	0.926
3039	3849	1	0.827
3683	506	1	0.904
1316	3833	1	0.849
4694	1749	1	0.937
3593	1548	1	0.824
4056	2721	0	0.000836
4788	4004	1	0.928
113	818	1	0.976
334	1465	1	0.999
3182	4933	1	0.882
213	3287	1	0.932
3926	1113	1	0.816
3994	1961	1	0.944
1291	3434	0	0.00117
454	3756	1	0.982
1058	2270	1	0.867
2629	49	1	0.858
226	4674	1	0.839
69	2208	0	0.000266
800	1449	1	0.944
3265	991	1	0.956
3865	1717	1	0.954
4624	750	1	0.915
3161	3646	1	0.944
849	271	1	0.835
3782	4595	1	0.893
3191	900	0	0.000624
2899	4786	1	0.824
3978	4418	1	0.894
4259	3739	1	0.876
4054	161	0	0.000225
286	399	1	0.926
649	2435	0	0.000699
3660	3338	1	0.887
964	2224	1	0.891
4059	1190	1	0.862
3296	4463	1	0.941
4163	136	0	0.00122
926	528	1	0.945
1760	3220	1	0.932
1078	263	1	0.845
4708	1630	1	0.862
3193	4041	1	0.95
1535	2543	0	0.000162
843	4961	1	0.914
2659	3699	0	0.00102
4082	281	1	0.999
1722	4024	1	0.966
2041	4631	1	0.834
2988	2990	0	0.0005
1852	2440	1	0.997
4989	3199	1	0.879
3543	2523	1	0.902
1916	3077	1	0.826
514	980	1	0.887
2987	3197	1	0.942
1748	3740	1	0.888
3115	4572	0	0.000907
1005	4857	1	0.918
1334	859	1	0.893
1031	685	0	0.000235
1248	680	1	0.851
1068	4733	1	0.906
3955	3184	1	0.891
784	2933	1	0.926
3366	294	1	0.894
4987	3664	1	0.939
4860	4324	0	0.00045
4214	1456	1	0.841
1585	315	1	0.884
4736	1291	1	0.847
2584	33	1	0.913
473	2361	1	0.971
4177	2619	0	0.000273
1161	1138	1	0.927
4597	1245	1	0.888
4893	3524	1	0.821
2478	3634	1	0.861
4470	3842	1	0.954
4857	1751	1	0.878
393	2208	1	0.942
4734	292	1	0.881
1930	770	1	0.872
285	184	0	0.000404
852	476	1	0.887
2394	3192	1	0.883
4096	224	1	0.849
979	4632	0	0.000541
4212	116	1	0.964
2598	1743	1	0.914
2328	4887	1	0.952
1502	2984	1	0.907
2193	1674	1	0.877
4165	864	0	0.000958
656	619	1	0.946
4596	2466	0	0.000285
1119	1853	1	0.995
332	2063	1	0.833
1365	250	1	0.835
4846	220	1	0.881
765	4749	1	0.946
3842	1577	1	0.92
1220	390	1	0.854
2929	4462	0	0.000844
2749	1607	1	0.873
3063	3048	1	0.995
3416	4978	0	0.00077
2424	3877	1	0.942
518	767	1	0.956
1660	3034	1	0.856
157	486	1	0.949
320	373	1	0.854
1036	3041	0	0.000326
121	2424	1	0.916
2021	4314	1	0.931
3831	4983	0	0.000356
1801	1326	1	0.91
1819	943	0	0.000192
1235	3136	1	0.929
3281	3751	1	0.991
4837	3066	1	0.858
3745	3195	1	0.874
3098	787	0	0.000945
958	19	1	0.949
260	901	0	0.00106
3202	1118	1	0.806
4124	4386	1	0.82
1920	1900	1	0.965
3021	4115	1	0.838
2790	849	1	0.954
298	2462	1	0.919
1280	2959	1	0.957
2739	863	1	0.992
4250	2448	0	0.000557
2389	500	1	0.955
491	2882	0	0.000687
1851	1013	1	0.872
2501	4103	1	0.898
3692	359	1	0.923
664	3588	1	0.806
72	350	1	0.993
3329	3087	1	0.822
4136	971	0	0.000653
3070	1729	1	0.805
3468	4135	1	0.904
3690	1804	1	0.808
84	349	0	0.00043
4438	131	1	0.977
1116	4216	0	0.000178
3400	4988	0	0.00114
1054	1022	1	0.864
105	131	1	0.894
311	4059	1	0.816
2471	4577	1	0.817
2776	4096	1	0.928
1328	2888	1	0.913
3274	1777	0	0.000817
3502	1437	0	0.000804
2859	271	1	0.853
704	3865	1	0.972
1884	2382	1	0.902
3840	2516	1	0.872
1683	4783	0	0.000554
2615	3968	1	0.802
2167	2064	1	0.824
4774	1985	0	0.000304
1538	762	1	0.952
4867	842	1	0.943
2231	4320	1	0.923
4141	2114	1	0.83
3231	4013	1	0.996
911	2257	1	0.828
3268	1252	1	0.986
1990	3709	1	0.965
1509	379	1	0.892
2514	970	1	0.957
4022	157	1	0.938
3151	2194	1	0.971
722	165	1	0.93
2087	4437	1	0.916
2821	4890	1	0.88
548	2267	0	0.000613
2174	753	0	0.00069
1513	4439	1	0.957
417	1678	1	0.974
1093	4302	1	0.927
4396	4709	1	0.949
2926	3574	1	0.98
3474	679	1	0.995
2347	1944	0	0.000336
4253	4089	1	0.972
136	1698	1	0.848
2108	1640	1	0.919
1501	257	1	0.851
4453	123	1	0.934
3723	1106	1	0.985
4348	1102	1	0.817
4869	1099	1	0.824
4014	1316	1	0.844
1347	2698	0	0.000473
2576	2127	1	0.887
3819	4288	1	0.956
797	1628	1	0.804
3458	3768	1	0.822
2078	1465	1	0.806
44	3710	1	0.931
3139	2410	1	0.973
4060	1859	0	0.00117
3155	3	1	0.818
3342	2235	1	0.882
571	4059	1	0.86
2481	2450	1	0.829
1311	4898	1	0.929
4428	4105	1	0.824
4195	3796	1	0.93
3120	4698	1	0.94
1696	389	1	0.917
4663	408	1	0.817
3704	2560	0	0.00105
3271	4936	1	0.987
3277	4601	1	0.89
990	2587	1	0.867
666	34	1	0.955
1827	2691	1	0.832
4969	673	1	0.887
3153	858	1	0.902
4894	3743	1	0.932
1179	4345	0	0.00118
785	1184	1	0.853
2180	837	1	0.85
4559	1272	1	0.851
3781	1821	1	0.962
4085	4427	1	0.851
4050	954	1	0.858
3565	4190	1	0.806
3786	94	1	0.868
959	1278	1	0.825
3618	2320	1	0.825
1292	2448	1	0.985
3968	907	1	0.887
2401	1281	1	0.932
4971	170	1	0.848
2741	1181	0	0.000487
1810	333	1	0.88
312	2093	1	0.984
2422	985	1	0.816
4827	3173	1	0.895
874	3645	1	0.984
2091	1314	1	0.904
3369	3904	1	0.902
4228	2797	0	0.00027
2815	156	1	0.823
4349	1085	1	0.855
1529	3445	1	0.875
3640	1204	1	0.855
4262	4930	1	0.911
3554	237	0	0.000712
3473	520	1	0.908
485	2465	1	0.989
4399	1893	0	0.000428
183	2592	1	0.955
5	3700	1	0.909
2697	4952	1	0.808
2007	3889	1	0.831
4094	977	1	0.921
4962	1107	1	0.972
153	88	1	0.88
2640	1542	1	0.831
1028	1066	1	0.986
2115	4101	1	0.989
2817	2980	1	0.828
526	1935	1	0.818
411	500	1	0.825
3934	3416	1	0.861
46	4803	1	0.804
2024	2076	0	0.000698
2606	867	1	0.81
4527	3527	1	0.917
2263	1357	1	0.99
4479	3465	1	0.881
2761	1562	0	0.00125
4207	2593	1	0.98
4764	3812	1	0.896
214	317	1	0.909
948	2930	1	0.926
4653	2887	1	0.822
2831	714	1	0.946
3944	1077	1	0.893
4152	2663	1	0.928
3379	3830	1	0.876
2308	3878	1	0.995
1029	1105	1	0.974
2177	928	1	0.9
4763	2988	1	0.856
4931	1604	1	0.815
1889	1219	1	0.92
2020	4186	1	0.857
4560	4020	1	0.926
4275	2989	1	0.975
2890	2702	1	0.986
556	3576	1	0.858
2920	3125	1	0.836
147	2815	1	0.804
2610	338	0	0.000532
3453	469	1	0.909
4510	1000	1	0.835
4318	1313	1	0.966
3207	4182	1	0.801
3656	159	1	0.998
4557	2662	1	0.819
282	4616	1	0.936
3341	672	0	0.000735
3007	1052	1	0.871
4840	624	0	0.000306
4513	112	1	0.99
3841	33	1	0.921
2049	4677	1	0.838
1946	2703	1	0.856
163	4168	1	0.847
1836	3282	1	0.946
1319	613	1	0.922
1310	2773	1	0.933
905	2408	1	0.843
4541	1075	0	0.000831
3633	4180	0	0.000642
978	1401	1	0.94
281	4274	1	0.862
322	342	0	0.00023
2320	3618	1	0.842
2792	4062	1	0.895
3547	703	1	0.979
868	1130	1	0.942
2428	1286	1	0.942
2984	235	0	0.00121
4407	1409	1	0.987
725	2107	1	0.906
2232	3864	1	0.958
1530	3083	1	0.891
3233	4505	1	0.975
3787	1661	1	0.848
4233	3197	0	0.000436
2623	2958	1	0.964
2742	13	1	0.943
536	3229	1	0.931
419	1345	1	0.861
910	2583	1	0.828
4798	1035	1	0.986
2245	3855	1	0.877
4451	1228	1	0.941
4137	3151	1	0.927
3485	2346	1	0.93
2240	428	1	0.973
3262	4051	0	0.000161
753	1600	0	0.000419
1207	4037	1	0.875
2089	3386	1	0.995
1815	3738	1	0.969
384	355	1	0.855
3156	1137	1	0.816
2487	1856	1	0.957
2426	1098	1	0.943
805	2948	1	0.861
3266	308	1	0.82
4832	1360	1	0.933
1425	309	1	0.955
3067	160	1	0.922
218	4281	1	0.857
3302	1801	1	0.861
91	3952	1	0.853
4367	4862	1	0.868
3938	1832	1	0.818
2497	4036	1	0.989
3301	2453	0	0.000544
4655	2162	1	0.851
1109	2923	1	0.963
1823	923	1	0.822
2451	3173	1	0.925
4603	835	1	0.854
1357	4100	1	0.992
1824	1528	0	0.00113
2753	2333	0	0.000672
3121	265	1	0.832
640	2850	1	0.857
3429	2201	1	0.993
24	4911	1	0.887
365	3603	1	0.857
2000	452	0	0.000309
2645	1383	0	0.000613
2111	1936	1	0.986
461	2861	0	0.00125
3028	3927	1	0.848
3403	3228	1	0.807
3052	891	1	0.988
3375	4915	1	0.824
3187	3630	1	0.908
149	2751	1	0.899
2879	3864	1	0.825
3401	890	1	0.909
4960	840	0	0.000533
4255	2594	1	0.952
734	4087	1	0.807
3765	3378	0	0.00107
3254	2860	1	0.847
4160	2889	1	0.812
4245	3499	1	0.899
3285	399	1	0.933
4713	3049	1	0.848
3134	1593	1	0.847
968	3700	1	0.81
4678	1659	0	0.000311
871	1206	1	0.985
2563	3761	1	0.915
1880	3564	1	0.965
532	2168	1	0.819
4851	2488	1	0.871
2768	3028	1	0.894
4455	679	1	0.935
3050	1951	1	0.862
1176	453	1	0.867
4419	2986	1	0.923
1973	3417	1	0.844
2104	34	1	0.974
1813	3664	1	0.975
4346	583	1	0.87
1846	4511	1	0.899
1904	3480	1	0.873
3825	528	1	0.814
4004	2099	1	0.962
1098	926	1	0.952
4702	4488	1	0.975
1195	1475	1	0.814
1144	1851	1	0.958
2342	2999	1	0.847
2475	3152	1	0.827
1293	1302	1	0.913
4729	855	1	0.993
2292	3856	1	0.831
2132	2412	1	0.913
1449	2772	1	0.934
3752	627	1	0.943
1868	1112	1	0.893
4132	3591	0	0.00033
2520	2736	1	0.953
3795	3348	0	0.000369
2653	2578	1	0.927
2477	758	1	0.986
159	836	1	0.855
941	2428	1	0.907
2664	3744	1	0.95
4590	1700	1	0.933
1945	2164	0	0.000234
3933	1790	1	0.856
278	2076	1	0.852
4866	104	0	0.00117
3970	663	1	0.999
2740	3241	1	0.871
3832	4877	1	0.949
2480	255	1	0.912
3513	3839	1	0.85
4890	4599	1	0.8
401	2475	1	0.965
394	262	1	0.971
2632	2082	1	0.832
3334	2285	1	0.847
1104	1398	1	0.973
3572	4572	0	0.0012
1485	4876	1	0.839
3931	708	0	0.000417
4974	2562	1	0.849
3875	4416	1	0.99
254	347	0	0.00106
373	1089	1	0.966
4340	491	1	0.961
89	254	0	0.000486
2579	40	0	0.00124
2516	832	0	0.000931
4879	2355	1	0.906
3043	4432	1	0.995
4777	1397	1	0.928
1106	3056	1	0.883
947	275	1	0.867
3030	475	1	0.882
2997	2667	1	0.913
882	2763	1	0.933
438	119	1	0.916
875	1389	1	0.999
3462	2850	1	0.925
387	4596	1	0.817
4309	1222	1	0.879
1254	2724	0	0.000546
2557	4376	1	0.919
1159	2750	1	0.888
1739	23	1	0.979
2433	1230	1	0.853
3175	2420	0	0.000923
4792	4189	1	0.94
3054	14	1	0.899
4283	3611	0	0.00127
462	1037	1	0.923
2357	1283	1	0.958
2991	1846	0	0.000379
2405	974	1	0.845
2510	1595	1	0.934
1333	3954	1	0.858
4433	975	1	0.952
4551	1759	1	0.835
4615	1609	1	0.812
2737	2675	1	0.835
1744	3424	1	0.98
2141	1871	1	0.908
1508	476	0	0.00107
4895	4044	1	0.861
3339	712	1	0.939
4316	2346	1	0.856
2445	1956	1	0.92
1446	3394	1	0.802
3976	389	1	0.911
4026	1334	0	0.000994
4842	1325	1	0.901
4972	4262	1	0.991
3635	3935	1	0.805
4095	3301	1	0.847
4633	817	1	0.87
4170	66	1	0.904
4735	2298	1	0.864
2819	2409	1	0.835
2122	1373	1	0.875
3195	3287	1	0.93
2199	1948	1	0.953
2318	1547	1	0.802
3340	1307	1	0.808
2398	2507	1	0.905
1959	683	1	0.967
193	3438	1	0.899
1609	2147	1	0.923
1624	1373	1	0.83
3314	1787	1	0.91
4521	1738	1	0.844
2381	1185	0	0.000743
2886	126	1	0.825
109	1259	0	0.00065
4117	2300	0	0.00116
4081	994	1	0.851
1742	230	0	0.000333
3320	163	1	0.886
788	956	1	0.907
2613	227	1	0.881
3762	1087	0	0.000589
1858	1650	1	0.923
2283	1102	0	0.000575
2781	4893	1	0.891
3708	490	0	0.00077
890	785	1	0.887
3859	288	1	0.952
4205	2860	0	0.000167
539	2901	1	0.828
2985	4733	1	0.804
420	3060	1	0.995
48	491	0	0.000689
336	200	1	0.93
1897	4070	1	0.993
1198	3488	1	0.92
1769	891	0	0.00113
3282	4111	1	0.886
3637	1253	1	0.881
3783	3060	1	0.863
4385	1289	1	0.884
808	548	1	0.928
1483	3165	1	0.982
2556	2043	0	0.000723
4469	4062	1	0.807
2867	435	1	0.889
970	1853	1	0.875
3419	250	1	0.916
801	2355	1	0.991
4975	3578	0	0.00127
2706	1780	0	0.000278
47	1472	1	0.916
3586	4986	0	0.000462
1923	1989	1	0.828
2948	1427	1	0.818
2534	102	1	0.973
4358	2288	1	0.997
2506	4442	0	0.000379
1770	3190	1	0.828
4680	2359	0	0.000925
4224	4942	0	0.00122
4488	4534	1	0.957
3659	4158	1	0.82
2046	4225	0	0.000744
35	3192	1	0.827
1647	2688	1	0.953
458	1763	1	0.885
610	2840	1	0.864
1755	820	0	0.000207
4816	4428	0	0.000894
2763	4959	1	0.924
1807	1353	1	0.864
4958	1646	1	0.861
2312	1501	1	0.936
2431	1463	1	0.955
4722	3699	1	0.882
267	843	1	0.926
615	352	1	0.914
3337	4511	1	0.864
4569	645	1	0.866
2170	440	1	0.893
4264	1444	1	0.91
3378	411	1	0.843
4682	459	1	0.964
3794	2427	1	0.878
2536	2717	1	0.87
2519	549	1	0.878
3475	3663	1	0.822
4628	3213	1	0.886
2875	2850	1	0.873
4544	2282	1	0.9
1190	4362	1	0.903
3391	2965	1	0.996
2517	3716	1	0.886
944	1551	1	0.925
446	1188	1	0.885
3717	4417	1	0.829
3744	2664	1	0.966
681	2650	1	0.866
4248	760	1	0.831
3307	2496	0	0.000923
3904	671	1	0.813
4929	2451	1	0.925
4009	1356	1	0.83
1500	2937	1	0.978
1579	4184	1	0.944
3476	4372	0	0.00087
3855	810	0	0.000343
840	787	1	0.826
3998	1550	1	0.873
1569	1628	1	0.849
3672	2417	1	0.908
936	3295	1	0.88
3286	2452	1	0.952
2430	207	1	0.804
1317	3619	1	0.896
4934	661	1	0.942
3381	4605	1	0.923
1705	66	1	0.935
3512	740	1	0.994
4068	2019	1	0.982
1757	2738	1	0.816
292	3312	1	0.889
2505	3100	1	0.992
1648	1901	0	0.00121
2981	3838	1	0.87
4053	2954	1	0.939
1457	3371	1	0.948
3029	1201	1	0.883
3313	825	1	0.96
2757	4884	1	0.933
4668	3932	1	0.996
1389	2775	1	0.835
2830	663	1	0.939
2810	4920	0	0.000238
2309	936	1	0.977
3971	161	1	0.992
3610	2254	1	0.819
1091	2999	1	0.956
579	1617	1	0.813
2321	740	1	0.916
1831	3456	1	0.965
1914	4540	1	0.802
3295	4138	0	0.000359
1167	4316	1	0.995
2880	4313	1	0.958
1566	810	1	0.909
3959	2056	1	0.95
916	3299	1	0.95
1676	2208	1	0.956
506	78	1	0.818
2972	4423	1	0.944
2423	2983	1	0.992
583	944	1	0.853
3730	151	1	0.822
816	1031	1	0.816
2355	1029	1	0.872
2562	4808	1	0.85
3648	2528	1	0.816
1041	379	0	0.00103
1435	1343	1	0.849
1937	4483	1	0.844
2145	756	1	0.936
171	2289	1	0.84
1191	2836	0	0.000621
1405	4065	1	0.845
2187	1689	1	0.921
2676	2133	1	0.899
2783	2267	0	0.000316
719	170	1	0.986
2317	1352	1	0.91
4524	3155	1	0.876
1863	3835	1	0.95
3283	1925	1	0.804
4520	2781	1	0.837
4231	2363	1	0.927
78	2193	1	0.963
1809	311	1	0.824
2524	1712	1	0.868
1069	1920	1	0.801
2365	4448	1	0.928
2176	3295	1	0.991
4885	1752	0	0.000319
3017	989	1	0.956
920	693	1	0.825
4582	3585	0	0.000404
540	2010	0	0.000422
1137	2956	1	0.916
2665	4	0	0.000423
1277	3674	1	0.871
982	283	0	0.00125
1792	3015	1	0.845
4038	2028	1	0.904
19	1020	1	0.887
2910	3489	0	0.000834
2323	2063	0	0.000398
3461	1566	1	0.854
2277	3686	1	0.817
97	319	1	0.959
4704	3902	1	0.949
2419	4531	1	0.929
4545	4596	0	0.00126
969	709	1	0.877
611	1898	0	0.00106
670	1464	1	0.932
3356	1779	1	0.869
1605	756	1	0.939
2944	997	1	0.861
886	222	1	0.841
2901	537	1	0.824
2748	1320	1	0.993
1105	228	0	0.000625
270	440	1	0.931
769	1353	1	0.931
4337	3973	1	0.828
4504	4048	1	0.982
18	1724	1	0.811
4441	1383	0	0.000755
3079	1116	1	0.825
3535	1371	1	0.877
4097	4751	1	0.95
1723	2432	1	0.805
131	1688	1	0.856
1804	4804	1	0.981
1348	2599	1	0.997
1746	1777	1	0.94
1245	4979	0	0.000865
2003	3845	1	0.916
1861	140	0	0.00107
931	3328	1	0.946
2198	2111	1	0.905
2916	4580	1	0.982
2212	3508	1	0.809
3418	1757	1	0.979
4181	1085	1	0.919
2432	1835	1	0.848
1012	3258	1	0.946
2329	2550	1	0.833
3682	1098	1	0.998
73	4554	1	0.974
2766	4700	1	0.903
1531	3356	0	0.000971
833	1	1	0.951
1729	4730	1	0.82
4607	970	1	0.871
2547	1775	1	0.806
2316	1613	1	0.971
3967	4185	1	0.857
2302	1197	1	0.846
697	1991	1	0.978
3929	3160	1	0.988
319	1759	0	0.00112
2756	4088	1	0.976
1998	3060	1	0.975
2407	1790	1	0.931
4591	1145	1	0.83
2625	860	1	0.859
1454	2531	1	0.93
4776	1927	1	0.962
3451	986	1	0.848
4104	2825	0	0.00117
3619	974	1	0.978
2919	295	0	0.000796
4005	1692	1	0.842
188	1069	1	0.822
717	1816	1	0.875
2921	2256	1	0.843
307	4949	1	0.999
559	938	1	0.813
3676	1420	1	0.959
3596	1733	1	0.863
2834	294	1	0.908
1730	4342	1	0.833
3800	3017	1	0.897
4553	3142	1	0.888
289	202	1	0.972
2247	2326	1	0.926
859	144	1	0.877
4114	1347	1	0.923
4046	4848	1	0.8
1345	2647	1	0.832
2743	4800	1	0.977
1368	1711	1	0.904
4251	1515	1	0.833
862	29	1	0.86
3284	629	1	0.991
1308	556	0	0.000965
1536	3187	1	0.823
3550	1978	1	0.994
4229	3949	1	0.952
3973	2342	1	0.804
4292	2290	1	0.859
49	1436	1	0.814
2379	1036	1	0.829
1354	2243	1	0.9
4781	1336	1	0.817
4999	252	0	0.000337
408	546	1	0.87
2190	2505	1	0.959
43	4264	1	0.825
1096	286	1	0.805
2211	1936	1	0.843
3505	887	1	0.861
4980	993	1	0.824
3305	1072	1	0.805
1719	1649	1	0.929
2829	4829	1	0.856
3742	2483	1	0.986
3466	119	1	0.942
2844	2493	1	0.996
544	1497	1	0.963
1173	930	1	0.941
1470	3699	1	0.893
4285	2724	1	0.891
2956	1137	1	0.996
736	1939	1	0.802
4064	597	1	0.902
3576	556	1	0.938
602	654	0	0.000787
132	681	1	0.946
1682	4973	1	0.812
1427	805	1	0.961
3141	1091	1	0.966
915	2394	1	0.903
219	2455	1	0.908
472	2326	1	0.842
3061	723	1	0.905
1558	1585	1	0.994
152	2649	0	0.0011
1424	4998	1	0.872
2224	1931	0	0.000892
3684	4260	1	0.928
3402	1223	1	0.901
3220	108	1	0.958
3498	1599	0	0.00125
3943	4782	1	0.827
377	3994	0	0.001
605	3437	1	0.804
3629	4777	1	1
3235	3546	1	0.9
1966	4665	1	0.853
3364	4951	1	0.867
4042	3240	0	0.000909
363	2415	1	0.837
1294	1454	1	0.962
4280	1406	1	0.945
2624	377	1	0.83
4487	1893	1	0.959
995	1732	1	0.997
2849	4194	0	0.000808
2492	1085	1	0.886
1626	1561	1	0.884
1525	254	1	0.982
4519	100	1	0.813
3754	2115	1	0.877
796	577	0	0.00109
3548	2865	1	0.934
1284	1078	1	0.984
164	3016	1	0.854
3431	2901	1	0.915
3517	672	1	0.812
1236	1678	1	0.959
4612	26	0	0.000504
2555	2659	1	0.871
4376	3654	1	0.822
1239	4832	1	0.92
3845	13	1	0.97
230	2102	1	0.857
4307	3626	1	0.939
1499	4376	1	0.936
4304	153	0	0.00111
2130	1538	0	0.000209
2728	3710	0	0.000935
3326	4441	1	0.854
2639	3007	1	0.927
4616	102	0	0.00121
773	3990	1	0.971
1543	2758	1	0.929
174	984	1	0.939
3694	202	1	0.806
2689	3295	1	0.918
4017	4472	1	0.949
3669	825	1	0.851
2103	1267	1	0.869
4086	1297	1	0.915
3422	811	1	0.842
3227	3364	1	0.892
1063	810	0	0.00104
3114	4971	1	0.856
4090	2914	1	0.933
2892	4141	1	0.862
4150	569	1	0.877
1225	1751	0	0.00115
4562	2477	1	0.814
4	4085	1	0.95
4341	3147	0	0.000702
1322	2156	1	0.874
3224	3208	1	0.887
1587	4371	0	0.000689
3612	3759	1	0.906
3018	4890	1	0.806
2707	1537	1	0.912
4571	1002	1	0.872
4324	4860	1	0.873
2928	1732	1	0.838
4675	2420	0	0.00096
3346	76	1	0.968
3715	3865	1	0.81
3047	4263	0	0.000715
3796	1012	1	0.808
2482	2408	1	0.932
3081	1901	0	0.000871
1999	4705	1	0.97
2949	2181	1	0.83
1520	3922	0	0.000748
3706	583	1	0.849
2258	4849	1	0.876
566	4463	1	0.821
158	3794	1	0.871
1	202	0	0.000298
1877	3684	1	0.942
4301	2424	1	0.98
746	266	1	0.955
1761	4988	1	0.814
854	4728	1	0.91
435	2064	1	0.91
39	1960	1	0.842
2952	4430	1	0.993
4369	1857	1	0.826
3905	3040	1	0.832
4176	3952	1	0.985
4226	2992	1	0.935
4775	4487	1	0.9
4075	487	1	0.953
1516	2466	1	0.896
1896	702	0	0.00023
2493	1494	1	0.907
2559	1836	0	0.00124
2851	1272	1	0.984
4744	3438	1	0.909
823	4824	1	0.982
1802	4413	1	0.896
2495	2473	1	0.859
586	306	0	0.000531
4392	295	1	0.897
821	1031	1	0.987
3349	4369	1	0.953
3861	312	1	0.974
4742	3890	1	0.868
3486	2028	1	0.969
4365	4967	1	0.935
357	897	1	0.97
358	276	1	0.826
2269	2802	1	0.879
1285	1709	1	0.866
648	2332	1	0.883
690	4466	1	0.866
1608	1170	1	0.804
2065	220	1	0.843
3839	1790	1	0.809
4935	4914	1	0.977
2185	4050	1	0.851
3673	127	1	0.933
2278	1967	0	0.000723
4051	209	0	0.000655
1984	367	1	0.97
2468	593	0	0.000297
2214	1198	1	0.889
1986	472	1	0.893
4452	3343	1	0.957
3404	3161	1	0.931
2254	4362	1	0.98
3023	4067	1	0.873
383	3030	1	0.856
2548	3844	1	0.832
713	3367	1	0.855
1038	612	1	0.958
4443	4218	1	0.867
4647	2440	1	0.865
4614	1890	1	0.902
82	2729	1	0.965
4032	3495	1	0.932
4338	2211	0	0.000356
38	1122	1	0.828
932	117	1	0.806
2694	1595	1	0.909
842	3016	1	0.967
1046	556	1	0.899
858	422	1	0.957
148	3846	1	0.909
1211	3024	1	0.876
2804	2225	1	0.959
4237	4880	1	0.916
409	2588	1	0.991
34	2166	1	0.873
1778	1746	1	0.934
776	2962	1	0.862
1462	771	1	0.883
673	1532	1	0.878
3322	154	1	0.885
1714	2889	1	0.973
1564	591	1	0.823
11	4088	1	0.81
3847	974	1	0.808
4019	85	1	0.864
3452	2566	1	0.844
3226	2320	0	0.000624
2437	2777	1	0.876
4374	470	1	0.959
2945	920	1	0.924
3097	991	1	0.923
1806	4678	1	0.889
2097	4596	1	0.938
4649	3052	1	0.862
2341	1240	1	0.941
4052	3039	1	0.957
4345	1130	1	0.905
385	477	0	0.000778
2674	2627	1	0.94
2192	2704	1	0.877
4390	170	1	0.955
2338	1948	1	0.802
1076	3417	1	0.85
3833	628	1	0.856
4293	3284	1	0.946
2119	397	1	0.822
3641	2442	1	0.845
3158	2634	0	0.000935
1142	155	1	0.978
1679	677	1	0.991
1251	3018	1	0.835
2093	2532	1	0.995
918	3078	1	0.95
908	4444	1	0.826
2885	113	1	0.991
2368	4565	1	0.86
3816	2228	0	0.000475
2458	1793	1	0.929
3036	4694	1	0.939
306	1284	1	0.908
1596	578	1	0.978
2773	3565	1	0.997
3703	4540	1	0.969
2722	378	1	0.872
4400	188	1	1
4361	636	0	0.0007
2820	1251	1	0.999
4912	3861	1	0.85
2512	432	1	0.911
4813	3740	1	0.839
1071	710	1	0.827
4576	3647	1	0.875
17	1804	1	0.928
4535	1634	1	0.848
2229	3309	1	0.981
3999	311	1	0.944
997	691	1	0.996
4058	1905	1	0.928
2266	1794	1	0.956
4979	4597	1	0.985
1662	416	1	0.82
881	1151	1	0.944
4861	3029	1	0.925
2612	3804	0	0.00033
272	1310	1	0.888
3188	4760	1	0.958
1117	579	1	0.806
2220	4968	1	0.821
844	2840	1	0.831
1471	1926	1	0.841
287	586	1	0.933
1687	3671	1	0.816
499	3740	1	0.859
143	1468	1	0.975
4619	3278	0	0.001
4957	2996	1	0.971
2344	3521	1	0.847
1015	235	1	0.949
2923	940	1	0.894
2196	293	1	0.933
4853	2121	0	0.000966
1118	1495	1	0.84
1160	207	1	0.869
2042	584	1	0.923
3168	2560	1	0.978
4882	4130	1	1
276	1035	1	0.96
4833	452	0	0.000781
2881	1694	0	0.000229
3297	4494	1	0.91
4967	3373	0	0.0003
3571	1346	1	0.832
729	331	1	0.981
1735	2859	1	0.951
194	1243	1	0.949
3910	2661	1	0.86
2377	2075	1	0.875
1352	721	1	0.979
1780	1392	1	0.858
4119	4741	1	0.988
3091	1327	1	0.894
2393	849	0	0.000676
1021	741	1	0.933
374	849	1	0.996
4393	744	1	0.899
3791	3579	1	0.975
4475	962	1	0.97
2364	2820	1	0.818
3487	443	1	0.865
1140	1184	1	0.922
2513	4780	1	0.955
211	1393	0	0.00117
2195	4124	1	0.963
4602	1584	0	0.000461
477	1623	1	0.853
3770	220	1	0.983
3940	164	1	0.996
680	2810	1	0.952
4983	127	1	0.826
3080	2681	1	0.937
4405	2181	1	0.889
4241	2231	1	0.81
3136	3015	1	0.947
678	1115	1	0.87
1132	3906	1	0.913
234	164	1	0.918
2450	3392	1	0.816
3695	1781	1	0.962
2633	1198	1	0.998
4620	2918	1	0.898
4642	2281	1	0.879
699	1416	1	0.887
2449	297	1	0.944
4674	2906	1	0.949
3001	3341	1	0.904
523	4652	1	0.808
2837	4968	1	0.834
2802	1134	1	0.995
274	1250	1	0.971
2004	2759	1	0.964
694	2333	1	0.867
337	1796	1	0.919
1573	3174	1	0.909
3773	3518	1	0.889
2796	4064	0	0.000423
1664	2827	1	0.963
4797	3645	1	0.806
1307	2408	1	0.904
3802	3822	1	0.931
2191	554	1	0.842
700	871	1	0.907
3714	3025	0	0.000185
1645	334	1	0.814
1949	1652	1	0.861
3204	4290	1	0.805
2529	638	0	0.00079
4103	3035	0	0.00103
4534	2661	0	0.00122
1286	1682	1	0.842
4800	2802	1	0.83
4343	2201	1	0.952
2392	3953	1	0.848
4902	2988	1	0.91
4884	925	1	0.859
2841	3106	1	0.9
370	2378	1	0.827
3821	4103	1	0.981
2973	1034	1	0.916
3625	2267	1	0.836
597	135	1	0.921
4608	824	1	0.914
4507	3244	1	0.952
2636	3935	1	0.937
3348	2997	1	0.925
1492	127	1	0.886
2015	499	1	0.999
449	3123	1	0.982
2291	3676	1	0.872
3354	651	1	0.923
3479	1036	1	0.934
304	4185	1	0.847
4277	4978	1	0.866
4933	3182	1	0.854
1799	689	1	0.849
2622	4497	0	0.000645
166	1133	0	0.000533
4273	2067	1	0.802
4703	3005	1	0.929
644	1140	1	0.966
4992	568	0	0.000433
1199	3354	1	0.957
4811	3198	1	0.898
3069	1587	1	0.992
3811	2074	1	0.932
4954	688	1	0.859
1296	1349	1	0.882
825	1572	1	0.977
4592	166	1	0.974
4720	2055	0	0.00095
3304	198	1	0.898
3361	15	1	0.872
3527	1828	1	0.888
3377	4867	1	0.844
4700	1349	1	0.924
4415	515	1	0.99
2822	3042	0	0.00107
2791	2561	1	0.874
4161	2724	1	0.808
992	4916	1	0.881
1590	2685	1	0.895
177	237	1	0.964
3568	649	1	0.988
748	2101	1	0.864
3510	1178	0	0.000546
3229	551	1	0.961
1369	3598	1	0.864
4447	3188	1	0.88
245	2506	1	0.984
4375	1224	1	0.898
4817	4705	1	0.823
3834	4401	1	0.885
3755	1904	1	0.843
2358	2045	1	0.843
2978	3011	0	0.000672
1097	1044	1	0.821
3814	4286	0	0.000362
993	4138	0	0.00108
834	1109	1	0.946
4110	4039	1	0.896
4379	912	1	0.878
1055	862	1	0.909
4459	2580	1	0.949
2123	119	1	0.863
2299	41	1	0.829
2310	3102	1	0.898
2637	3300	1	0.901
231	675	1	0.959
1326	3302	1	0.864
236	967	1	0.998
4091	1455	1	0.828
2801	3370	1	0.838
1837	1316	1	0.822
488	475	1	0.965
3686	2996	0	0.000466
212	392	1	0.957
3491	3286	0	0.000448
3530	933	1	0.973
731	447	1	0.91
3072	162	1	0.913
3528	4847	1	0.848
4291	4622	1	0.875
327	1818	1	0.827
1749	2010	1	0.958
4686	2813	1	0.852
4730	1813	1	0.977
1079	727	1	0.905
14	2930	1	0.977
4429	4112	1	0.981
4547	226	1	0.985
3805	4403	1	0.907
2467	2450	1	1
141	2519	0	0.000483
4417	880	1	0.817
1841	2625	1	0.821
4728	2094	1	0.803
1177	2268	0	0.00108
2572	3733	1	0.868
3990	4045	1	0.957
3558	3416	0	0.000946
3253	90	1	0.974
170	4302	1	0.847
4317	3300	1	0.851
2775	4575	1	0.985
3110	574	1	0.924
1318	2955	1	0.975
4089	216	1	0.823
3984	1434	1	0.9
3932	3386	1	0.955
1422	4071	1	0.853
4531	3884	1	0.823
528	3816	1	0.883
954	1479	1	0.831
229	530	1	0.892
4819	4947	1	0.84
1194	4268	1	0.97
4916	916	1	0.842
3599	2155	1	0.858
1458	1178	0	0.000199
2092	1705	1	0.996
1691	2070	1	0.806
3824	277	1	0.913
928	3742	0	0.000746
4468	1925	1	0.972
1638	3804	1	0.901
4627	2797	0	0.000463
617	2773	1	0.89
3234	2601	1	0.852
2050	479	1	0.876
354	1281	0	0.000622
1081	2755	1	0.949
2151	805	1	0.946
1001	3164	1	0.955
4995	3691	1	0.95
1636	448	1	0.971
4696	4669	1	0.991
2564	3871	1	0.849
1805	783	1	0.805
2765	4379	1	0.865
720	3571	1	0.954
3764	1060	1	0.849
4667	4158	1	0.883
4737	995	1	0.856
1127	4217	1	0.853
2372	1600	1	0.915
2900	3647	1	0.997
1358	3457	1	0.821
4794	4333	0	0.000452
22	2723	1	0.843
1120	2385	1	0.986
1166	506	0	0.00115
1229	159	1	0.982
3290	2602	1	0.85
3291	3123	1	0.896
315	949	0	0.000366
2717	3794	1	0.858
4905	979	1	0.805
108	9	1	0.885
1491	4701	1	0.896
658	565	1	0.949
3536	1985	1	0.906
2824	2847	1	0.922
4144	644	1	0.86
2233	3454	0	0.000649
1734	186	1	0.858
4733	2985	1	0.894
884	3709	1	0.924
1888	1381	1	0.826
3818	810	1	0.812
1929	123	1	0.975
15	2753	0	0.000294
4008	3170	1	0.827
3606	440	1	0.921
2503	2302	0	0.000378
1475	4218	1	0.814
1731	1938	1	0.877
4098	3709	0	0.000734
32	3025	1	0.946
1557	3111	1	0.935
1227	3979	1	0.92
504	2368	1	0.894
3587	337	1	0.927
4263	3803	1	0.992
2567	4981	1	0.866
4123	4560	1	0.912
3630	486	0	0.000812
1527	1307	1	0.801
2873	1699	1	0.904
896	924	1	0.878
3913	2278	0	0.000666
2244	4759	1	0.887
1223	1558	1	0.989
1814	2170	1	0.866
4225	4427	0	0.000726
2175	4904	1	0.938
179	4286	1	0.978
2784	3750	1	0.992
221	1273	1	0.825
2448	944	1	0.974
1840	508	0	0.000656
3797	2891	1	0.977
4196	792	1	0.909
4891	1594	0	0.00109
3712	1089	1	0.879
4911	2357	1	0.867
3916	525	1	0.882
197	2093	1	0.822
3546	2111	1	0.891
779	876	0	0.000934
1233	445	1	0.883
4858	3370	1	0.911
4550	1672	1	0.975
3896	2263	1	0.845
914	4095	1	0.8
2262	4765	0	0.000554
3817	4202	1	0.995
3726	597	1	0.963
3885	1477	1	0.906
16	179	1	0.939
2530	1096	1	0.854
2459	4534	1	0.89
88	4304	1	0.993
4442	688	1	0.887
1969	1926	1	0.886
3494	1434	1	0.868
3362	4927	1	0.932
3038	2686	1	0.831
1410	4951	1	0.858
2366	915	1	0.912
707	2606	1	0.846
3591	2352	1	0.833
887	1833	0	0.00102
4394	1173	1	0.964
3808	4588	1	0.885
1495	1148	1	0.893
2544	3684	0	0.000929
2998	4678	1	0.908
4917	3035	0	0.000814
3526	1930	1	0.804
1476	717	1	0.968
162	504	1	0.835
2958	250	0	0.000627
4391	481	1	0.911
1388	4704	0	0.000346
4490	3816	1	0.911
139	853	1	0.953
2120	1630	1	0.92
4366	133	1	0.926
3506	1271	1	0.85
496	3449	1	0.895
415	4956	1	0.821
1088	1185	1	0.904
1890	2738	1	0.88
1429	2911	1	0.892
3244	2345	1	0.928
425	362	1	0.965
780	3607	1	0.893
4404	1454	1	0.94
4789	2535	1	0.815
2030	1114	1	0.896
1208	1124	1	0.896
2957	1543	1	0.933
4113	1502	0	0.00117
3440	632	0	0.000362
2699	931	1	0.84
1262	2212	1	0.86
2574	3832	0	0.00119
4464	2826	1	0.998
4331	4671	1	0.917
3736	187	1	0.884
524	3913	0	0.000316
1552	4014	1	0.936
4644	4222	1	0.9
1980	837	1	0.832
487	3681	1	0.983
1504	521	1	0.926
3493	942	1	0.878
2025	4348	1	0.831
2839	264	1	0.944
1271	376	1	0.817
2414	3258	1	0.852
191	774	1	0.974
416	1791	1	0.9
95	1169	0	0.000756
3338	3416	1	0.813
418	136	0	0.00119
1519	82	1	0.967
447	4478	1	0.911
838	2412	1	0.97
3012	4008	1	0.882
3272	4427	1	0.863
1567	1695	1	0.992
4242	721	1	0.825
4035	1847	1	0.975
624	3619	1	0.83
1092	3410	1	0.865
198	4314	1	0.941
2134	2880	0	0.000317
1539	546	0	0.000192
1981	4417	1	0.824
659	4720	1	0.999
3321	1790	0	0.000629
7	4590	1	0.825
2585	1891	1	0.989
965	2239	1	0.883
2158	1087	1	0.947
3197	102	1	0.816
712	4429	1	0.925
863	1761	1	0.834
2909	3522	1	0.973
2832	192	1	0.937
2260	3182	1	0.84
3370	739	1	0.958
531	77	1	0.935
4508	1201	1	0.933
3008	2031	1	0.851
4691	3411	1	0.923
1256	2815	1	0.865
3210	4172	1	0.89
774	3413	1	0.894
1330	2592	1	0.908
1456	2108	1	0.982
1056	2806	1	0.875
1193	2133	0	0.00113
2846	3567	1	0.965
3113	4537	1	0.9
4306	2639	1	0.846
511	1156	1	0.897
4093	2401	1	0.964
4584	2050	1	0.811
1657	4429	1	0.988
3236	4105	1	0.918
476	1508	1	0.909
2153	257	0	0.00125
877	4591	1	0.911
806	4492	1	0.997
1253	1450	1	0.836
4368	3455	1	0.943
400	2389	1	0.931
3034	4305	1	0.999
3289	2774	0	0.00033
4765	631	1	0.875
4247	13	0	0.00059
4906	1627	1	0.955
4120	2389	1	0.985
4845	3956	1	0.804
2569	2584	1	0.827
4347	1874	1	0.851
3883	1658	1	0.98
1237	2034	1	0.867
330	128	1	0.917
3471	4316	1	0.871
2864	78	0	0.000917
1070	4105	1	0.975
3519	2345	1	0.998
3685	1741	1	0.968
898	4095	1	0.815
1061	4599	1	0.906
2069	683	1	0.924
3222	107	1	0.823
3160	2587	1	0.968
1428	321	1	0.861
3049	1965	1	0.93
3142	4553	1	0.974
2088	2887	1	0.879
2026	1765	1	0.971
2047	1369	0	0.00126
2206	2787	1	0.91
3948	2295	1	0.81
1534	249	1	0.996
1833	3843	0	0.000493
1856	4992	1	0.845
4168	516	1	0.946
4650	3089	1	0.895
1231	4593	1	0.919
4297	1787	1	0.802
1794	2090	1	0.884
58	4782	1	0.802
2255	1938	0	0.00125
42	435	0	0.000764
4991	102	1	0.854
3383	4409	1	0.947
3092	4918	1	0.893
1350	270	1	0.847
4157	3149	1	0.866
2367	4345	1	0.861
444	1162	0	0.000388
2351	148	1	0.956
4397	1408	1	0.893
4167	63	1	0.998
3813	4973	1	0.955
1030	1250	1	0.937
1922	2074	0	0.000577
81	2092	1	0.806
1094	1205	1	0.867
4012	172	1	0.973
1941	3762	1	0.982
4606	2784	1	0.858
585	3733	1	0.961
709	319	1	0.891
2611	994	0	0.00114
3856	3617	1	0.966
3094	3472	0	0.00102
4836	4521	0	0.000962
4169	0	1	0.939
2999	3219	1	0.827
815	4833	1	0.933
240	741	1	0.884
4723	449	1	0.97
4427	3307	1	0.946
2602	708	1	0.858
3693	555	1	0.916
4687	1265	1	0.83
1130	4135	1	0.915
1561	2468	1	0.855
1940	2035	1	0.982
754	820	1	0.998
1210	3228	1	0.812
480	2432	1	0.964
791	141	1	0.906
2498	1471	0	0.00127
636	1646	1	0.803
406	1924	1	0.895
4748	4709	1	0.878
2788	3637	1	0.801
232	4654	1	0.858
2325	3258	1	0.899
4907	2318	1	0.88
4116	4161	1	0.943
1384	3354	1	0.948
1349	3835	1	0.9
2230	2583	1	0.823
1725	2918	1	0.963
1204	3682	1	0.87
2425	4718	1	0.997
3122	265	0	0.000747
4088	3691	1	0.853
2650	3031	1	0.84
1740	299	1	0.929
1048	2695	0	0.000457
4660	154	1	0.861
13	829	1	0.898
1234	4368	1	0.98
1014	1066	1	0.86
1124	731	0	0.000165
1304	320	1	0.912
2012	283	1	0.878
2961	3505	1	0.847
4222	3682	1	0.944
4964	2125	1	0.934
1718	2714	1	0.994
1673	2484	1	0.917
2346	3485	1	0.903
3902	1388	1	0.983
813	218	1	0.875
3336	1174	1	0.976
2690	2817	1	0.83
1869	2101	1	0.811
2032	3445	1	0.864
3407	1873	1	0.886
66	1705	0	0.0012
2853	1900	1	0.931
335	641	1	0.958
2473	1368	0	0.000488
4351	3495	1	0.981
398	4483	1	0.927
1418	1543	1	0.872
3425	871	1	0.831
878	4123	1	0.929
2552	215	1	0.805
3147	1790	1	0.982
3261	3343	1	0.931
4282	2909	1	0.903
3581	1315	1	0.94
807	2099	1	0.851
2990	3055	1	0.88
1184	890	1	0.876
4724	2221	1	0.865
1591	209	1	0.983
705	3202	1	0.923
1172	57	1	0.985
4598	509	1	0.998
225	7	0	0.000704
663	746	0	0.000954
4625	1662	1	0.986
621	2141	1	0.924
4087	3859	1	0.974
1165	1956	1	0.902
41	1392	1	0.899
2543	1535	1	0.955
1264	1036	1	0.917
237	434	1	0.992
3549	19	1	0.891
4897	301	1	0.921
2163	4919	1	0.843
3140	203	1	0.847
985	3201	1	0.821
1224	1189	1	0.834
2044	2611	1	0.815
907	1694	1	0.83
271	333	1	0.979
723	4241	1	0.923
1704	144	0	0.000877
1871	2539	0	0.000273
2273	3837	1	0.833
573	3996	1	0.87
3128	1768	1	0.867
1879	4083	1	0.855
3950	49	1	0.825
935	2675	1	0.806
2160	965	1	0.934
1474	2138	1	0.83
3974	4556	1	0.981
1586	3878	1	0.972
1047	3392	1	0.971
4932	3377	1	0.9
4457	696	1	0.854
4760	2148	1	0.999
4217	2394	1	0.889
85	1734	1	0.987
706	609	1	0.916
1906	1264	1	0.837
4785	3824	0	0.000609
3179	462	1	0.914
1818	483	1	0.87
2994	609	1	0.994
4864	1048	0	0.000747
2075	1653	1	0.929
2709	1827	0	0.000967
2261	2681	1	0.939
847	1686	1	0.903
1064	3065	1	0.931
4944	1307	1	0.803
2314	2086	1	0.891
2096	2811	1	0.82
2067	4341	1	0.947
1796	1724	1	0.986
4218	3782	1	0.973
1003	2110	0	0.000311
206	435	1	0.815
2888	1235	1	0.927
2941	4507	1	0.884
3748	1307	1	0.811
2528	3648	1	0.921
2967	2124	1	0.854
846	2698	1	0.916
2200	2067	1	0.927
3844	1705	1	0.895
1553	4335	1	0.838
4611	2176	1	0.832
4809	2633	1	0.82
3739	2446	1	0.879
2029	4879	0	0.000322
3721	196	1	0.802
913	2450	1	0.969
4970	2633	1	0.81
567	164	1	0.93
1695	1435	0	0.00104
253	1610	1	0.914
428	127	1	0.895
764	4002	1	0.98
2760	2443	1	0.834
4771	3583	1	0.844
3058	4687	1	0.863
54	1068	1	0.965
1872	215	0	0.000969
4502	305	1	0.844
2778	300	1	0.887
749	1122	1	0.999
956	3366	1	0.867
3763	1024	1	0.987
3652	3196	1	0.899
643	199	1	0.864
2080	192	1	0.941
2964	2980	1	0.858
1378	106	1	0.921
1175	2799	1	0.85
2935	2412	1	0.984
3164	4348	1	0.859
1668	3206	1	0.971
4344	2821	1	0.814
4166	871	1	0.98
1323	847	1	0.983
2587	1184	1	0.959
2110	1757	1	0.872
3589	502	1	0.908
4516	1928	0	0.000386
4699	4900	1	0.916
98	342	1	0.852
2388	4981	0	0.000911
3074	66	1	0.992
693	1537	1	0.971
2861	4350	1	0.916
2947	535	1	0.813
180	3165	1	0.869
1221	642	1	0.857
2128	1042	1	0.919
414	344	1	0.839
3886	1283	0	0.000321
2095	4136	1	0.874
2099	912	1	0.855
1747	4246	1	0.96
190	749	1	0.808
325	1671	1	0.825
2100	3748	1	0.898
2371	259	1	0.947
3509	4799	1	0.907
2334	2130	0	0.00075
1371	782	1	0.928
4892	3084	0	0.00122
2940	2755	1	0.932
3500	240	1	0.983
1702	4450	1	0.842
64	659	1	0.963
2641	3424	1	0.811
4115	3728	1	0.993
4099	868	0	0.000735
4714	3028	0	0.00115
2936	1682	1	0.839
1665	605	1	0.873
3665	4401	0	0.00112
633	128	1	0.825
3866	1174	1	0.801
2462	1749	1	0.838
175	4322	1	0.983
4243	4739	1	0.936
3778	2986	1	0.92
2460	4554	1	0.922
3497	3891	0	0.000849
2604	1582	1	0.835
2588	2761	1	0.907
293	1134	1	0.847
581	2149	1	0.814
215	2414	1	0.829
140	3586	1	0.804
1784	225	1	0.822
799	3160	0	0.00124
1192	404	1	0.988
2140	586	0	0.00125
828	174	1	0.942
2894	3617	1	0.86
2570	1021	1	0.829
4688	150	1	0.936
1540	3756	0	0.00111
4654	429	1	0.948
2704	2355	1	0.956
2726	1069	1	0.907
291	4320	1	0.878
1562	2225	1	0.835
1004	4925	1	0.876
2736	1298	1	0.982
2917	4494	0	0.000405
1616	3522	1	0.853
4472	2288	1	0.967
4563	2090	1	0.911
2995	1055	1	0.909
4982	3274	1	0.99
1850	2933	1	0.947
4411	2485	1	0.984
367	9	1	0.922
1019	1943	1	0.864
2731	3035	0	0.00123
4537	684	1	0.988
4286	3648	1	0.801
1551	3474	0	0.000548
2054	2164	1	0.877
216	272	1	0.995
2597	2067	1	0.969
399	120	1	0.981
1971	71	1	0.94
1646	3690	0	0.00127
4197	3379	1	0.832
2429	2087	1	0.883
3720	3053	1	0.949
4645	2594	1	0.936
434	852	1	0.884
2895	1099	1	0.877
4665	164	0	0.00036
1720	34	1	0.828
202	189	1	0.967
853	74	0	0.00106
4149	2509	0	0.000929
392	12	1	0.914
2646	316	1	0.878
4959	2691	1	0.857
3583	2613	1	0.926
2924	381	1	0.978
609	2315	1	0.851
3484	1165	1	0.983
2565	2450	1	0.815
1373	3768	1	0.994
2435	3522	1	0.937
3448	2578	1	0.895
733	2477	1	0.814
123	574	0	0.00037
3924	2422	1	0.887
104	4645	1	0.84
2102	194	1	0.818
173	3	1	0.803
1699	1862	1	0.959
4528	2965	1	0.871
1678	1236	1	0.967
3963	810	1	0.825
4854	810	1	0.828
2236	3083	0	0.000609
888	280	0	0.000276
4921	4326	1	0.864
4112	3529	1	0.969
1421	169	0	0.000875
3148	1125	1	0.951
3041	4189	1	0.974
803	4275	0	0.00108
3829	525	1	0.852
766	3693	1	0.83
3707	304	0	0.000966
1912	1651	1	0.91
2279	2013	1	0.862
4697	1821	1	0.928
677	781	1	0.812
390	3654	1	0.983
1383	2300	1	0.864
3747	1159	0	0.000793
308	4204	0	0.000729
4609	4430	1	0.803
831	37	1	0.92
3116	2892	1	0.984
2125	2963	1	0.882
4878	825	1	0.803
1108	3373	1	0.997
1849	1145	1	0.803
3248	1939	1	0.899
832	1506	1	0.937
4518	1579	0	0.0002
2133	1825	1	0.876
4755	936	0	0.00114
2786	740	1	0.829
3803	746	1	0.902
1964	393	0	0.000357
423	67	1	0.831
4505	1130	0	0.00035
1580	3358	0	0.00031
263	1622	1	0.917
829	2117	1	0.835
4067	1994	1	0.88
2374	1730	1	0.832
3789	4086	1	0.887
2605	2932	1	0.941
4868	1560	1	0.978
3687	504	1	0.949
2896	2459	1	0.894
2146	3478	1	0.807
1325	2792	1	0.936
1865	687	1	0.97
1595	2694	1	0.99
4790	3951	1	0.913
4016	3967	1	0.84
1355	4105	1	0.891
3167	1245	1	0.864
1267	2025	1	0.825
2942	1351	1	0.855
1675	2896	1	0.99
372	494	0	0.001
3897	199	1	0.922
3013	1311	1	0.897
2380	1247	1	0.905
3352	4864	1	0.986
4574	3480	1	0.904
755	1015	1	0.849
1996	4668	1	0.84
1033	1156	1	0.926
3698	3357	1	0.871
3006	346	1	0.908
2131	1786	1	0.944
210	422	1	0.856
4178	1139	1	0.901
1574	4835	0	0.000537
1834	1307	1	0.839
3539	3387	1	0.872
1439	3335	1	0.945
1765	1085	0	0.000761
2286	3336	1	0.93
4496	620	1	0.992
321	4625	1	0.937
3045	396	1	0.977
441	588	1	0.955
1560	3344	1	0.803
607	3623	1	0.914
4244	4481	1	0.845
2852	2981	1	0.828
3871	263	0	0.000803
2814	3486	0	0.000604
67	423	0	0.000335
1640	3166	1	0.882
778	4025	1	0.964
4593	786	1	0.82
4752	2391	0	0.000793
1479	4050	1	0.976
1658	2672	0	0.00101
3624	3060	1	0.881
3627	2892	1	0.86
2715	2170	1	0.821
4923	4473	1	0.91
1899	1923	1	0.973
1010	2891	1	0.991
1123	4700	1	0.971
899	2653	1	0.98
3173	781	1	0.842
4426	4615	1	0.843
2159	4366	1	0.955
1089	157	0	0.00108
2907	3075	1	0.837
404	506	1	0.8
1376	2492	1	0.809
3921	3765	1	0.833
3048	2500	1	0.914
718	4911	1	0.85
3408	1925	1	0.915
4926	3917	1	0.818
3184	4095	1	0.959
2930	1621	1	0.841
637	3760	1	0.902
2415	490	1	0.858
4635	3371	0	0.000366
3767	540	0	0.00128
185	2277	1	0.863
3005	4132	1	0.919
1522	2002	0	0.00126
3521	1522	0	0.000368
2421	887	1	0.877
120	399	1	0.839
864	304	0	0.000408
2701	169	1	0.995
3662	1430	1	0.824
1939	3505	1	0.991
53	4782	1	0.853
2862	2738	0	0.00111
23	4006	1	0.985
1883	2602	0	0.00121
3711	2449	1	0.973
243	1533	1	0.918
4203	2940	1	0.97
2438	2448	1	0.863
3750	57	1	0.874
2248	4127	0	0.000278
3898	1968	1	0.983
3492	1012	1	0.909
4011	1630	0	0.000293
1339	3407	0	0.000465
314	1965	0	0.000434
1970	1811	1	0.97
2155	2704	1	0.848
1960	2276	1	0.804
470	1316	1	0.806
3541	9	1	0.829
410	1134	1	0.876
3260	1273	1	0.984
475	1317	1	0.858
2427	3794	1	0.848
667	4996	1	0.907
4973	2750	0	0.000253
3360	71	0	0.00121
1312	683	1	0.98
2518	150	1	0.994
1637	1995	1	0.855
3003	2228	1	1
4823	2432	0	0.00103
653	3678	1	0.935
4155	110	1	0.989
3927	3028	0	0.000526
1062	3070	1	0.821
2219	2076	1	0.889
2800	4220	1	0.975
3112	2421	1	0.829
2648	2076	0	0.0011
634	3610	1	0.989
3988	1234	1	0.854
3768	3458	1	0.974
1994	20	1	0.936
1694	1633	1	0.905
76	2841	1	0.811
2833	954	1	0.874
4658	2450	1	0.886
4532	2022	1	0.968
1276	3244	1	0.874
4985	748	1	0.913
3838	2852	0	0.000401
479	3661	1	0.954
703	446	1	0.903
4758	1839	1	0.88
1338	490	1	0.943
1532	1713	1	0.929
4151	1043	1	0.92
2251	4379	1	0.936
1044	1646	1	0.908
1713	673	1	0.967
1803	4949	1	0.933
4706	233	1	0.807
2872	179	1	0.974
3545	3842	1	0.806
3413	549	1	0.988
1606	4947	1	0.907
1241	4379	1	0.949
1298	2520	1	0.924
3604	275	1	0.983
743	3223	1	0.988
4701	267	0	0.000646
4216	4395	1	0.94
4382	1976	0	0.000719
708	1044	1	0.948
2655	145	1	0.817
2670	3084	1	0.954
1661	4767	1	0.954
4061	2790	0	0.000612
2696	3146	1	0.959
3991	307	1	0.875
4072	144	1	0.929
4489	4258	1	0.956
2685	2907	1	0.949
4710	4337	1	0.884
4717	1663	1	0.851
2943	4461	0	0.000739
2508	282	1	0.946
3380	4216	1	0.85
2915	1335	1	0.897
2288	1292	1	0.891
973	4294	1	0.956
622	181	1	0.857
3024	793	1	0.962
1795	2316	1	0.949
3022	2959	0	0.000592
2744	2996	1	0.938
2812	2842	1	0.905
1857	149	1	0.907
155	4815	1	0.989
224	4223	1	0.82
702	3317	0	0.000983
3478	3092	1	0.962
2828	2357	1	0.867
4583	652	1	0.876
4651	3608	0	0.00109
471	450	1	0.941
1448	583	0	0.000722
1066	345	1	0.965
3696	3146	1	0.811
2416	1992	1	0.987
2708	2105	1	0.986
1826	1187	1	0.883
2114	2105	1	1
1039	547	1	0.908
1711	3430	0	0.000579
1772	155	1	0.967
124	965	1	0.87
2979	2537	1	0.81
2700	1068	1	0.896
848	2265	0	0.00104
4327	2468	1	0.808
1798	364	1	0.975
4692	4718	1	0.932
1942	3060	1	0.962
685	3410	1	0.987
1200	2336	1	0.845
1523	2555	1	0.891
4677	3190	1	0.964
1873	4629	1	0.823
3241	4994	1	0.84
3059	4618	1	0.962
3480	3755	1	0.933
1169	178	1	0.995
3317	3237	1	0.865
3661	1363	1	0.87
4450	1256	1	0.884
2971	476	1	0.85
2898	1100	1	0.865
3031	2650	1	0.925
3444	3718	1	0.945
4525	406	1	0.809
4003	536	1	0.85
2590	2787	1	0.863
264	2346	1	0.903
2242	692	1	0.915
3208	2432	1	0.82
3190	3957	1	0.864
1853	1558	1	0.819
3183	1483	1	0.956
3664	2793	1	0.957
4953	3397	1	0.82
767	4552	0	0.00053
2541	1226	1	0.829
326	4248	1	0.97
3483	398	1	0.809
442	3383	1	0.914
1157	219	1	0.901
4485	2609	1	0.953
3495	1531	1	0.993
4049	4771	1	0.826
1174	3336	1	0.901
3238	1027	1	0.995
4240	4764	1	0.937
3888	4726	1	0.987
820	3309	1	0.909
1685	1638	1	0.893
3882	3483	0	0.000419
562	2498	1	0.81
2600	3668	1	0.953
4783	2815	0	0.0006
1894	4931	1	0.945
4111	312	1	0.927
835	4532	0	0.000663
3477	2722	1	0.887
347	3120	0	0.001
3826	4199	0	0.000596
1917	4705	1	0.934
290	2936	1	0.886
3206	3313	1	0.961
4199	3822	1	0.836
625	813	1	0.8
957	353	0	0.000479
1693	1765	1	0.889
3553	1196	1	0.969
3276	3092	1	0.925
1408	4397	1	0.916
3243	1126	1	0.973
4801	1946	1	0.825
3469	4286	0	0.000675
4501	2672	1	0.886
2668	4096	1	0.914
3347	2608	0	0.00127
4476	4176	1	0.856
4993	324	1	0.879
570	2495	1	0.908
2370	3718	1	0.913
3372	3772	1	0.837
3852	4280	1	0.971
3449	3115	1	0.86
4238	3891	1	0.903
3776	3518	1	0.881
4580	355	1	0.94
3638	27	1	0.853
1288	4285	1	0.994
2182	258	0	0.000659
3601	3503	1	0.945
3435	84	1	0.92
1481	1015	1	0.973
2391	4482	1	0.967
33	389	1	0.894
3986	2204	1	0.916
759	428	1	0.981
2663	2734	0	0.000279
3085	4231	0	0.000564
4325	2047	1	0.888
192	1034	1	0.946
4904	2877	1	0.871
3758	1185	1	0.803
2546	690	1	0.812
630	3092	1	0.857
3525	161	1	0.898
927	3442	1	0.957
2627	824	1	0.833
2813	4660	0	0.000288
3710	98	1	0.808
2304	2842	1	0.827
3434	943	1	0.808
3245	3384	1	0.938
1102	4591	1	0.875
3086	3962	1	0.836
1460	4598	1	0.96
1313	141	1	0.936
2982	2660	1	0.94
4685	1911	1	0.943
2733	1933	1	0.94
3911	1169	1	0.936
3412	1729	1	0.807
3928	3525	1	0.977
4269	964	1	0.982
716	3336	1	0.994
1900	2332	1	0.85
2002	3930	1	0.82
2063	2323	1	1
165	2850	1	0.915
4829	893	1	0.844
1331	298	1	0.994
2256	4730	1	0.964
521	2784	1	0.961
346	993	0	0.000547
1121	4995	1	0.806
1732	995	1	0.895
943	4458	0	0.000848
4874	3215	1	0.957
4436	1705	0	0.000583
3490	66	1	0.975
568	1856	1	0.945
4122	3125	1	0.948
2081	4149	1	0.847
1775	3686	1	0.946
10	4970	1	0.809
142	178	1	0.817
2197	1192	1	0.899
4898	584	1	0.912
1743	876	1	0.932
1652	1113	1	0.979
2189	1264	1	0.847
761	2182	1	0.826
4025	3901	1	0.85
1838	2963	1	0.99
169	690	0	0.000966
1623	240	0	0.00077
4183	1284	1	0.846
125	567	1	0.926
3044	3798	1	0.953
3467	194	1	0.907
2652	1461	1	0.931
439	3542	1	0.846
3793	2476	1	0.865
283	645	1	0.873
1947	1394	1	0.855
1040	3773	1	0.945
92	2518	1	0.864
1927	1771	1	0.927
4767	3787	1	0.981
348	2639	1	0.828
1437	3880	1	0.882
1213	3444	1	0.923
3903	4485	1	0.984
1007	2129	1	0.909
503	3217	1	0.972
1612	1536	1	0.981
1212	4556	1	0.812
273	1138	0	0.00055
3192	1300	1	0.907
4928	4216	1	0.922
1750	2351	1	0.921
672	4133	1	0.857
841	4213	1	0.97
1976	3013	1	0.924
3488	4778	1	0.94
80	870	1	0.823
4125	2025	1	0.945
4057	558	1	0.871
2241	2875	1	0.848
986	1339	1	0.907
945	1461	1	0.996
4002	1903	1	0.912
3109	536	1	0.884
4719	2711	1	0.906
3436	3438	1	0.813
4610	1457	1	0.852
1876	815	1	0.88
1703	1125	0	0.00121
4822	2764	1	0.833
4246	99	1	0.942
3456	4289	1	0.996
204	4077	1	0.999
4515	1278	1	0.975
2073	4108	1	0.812
798	1110	1	0.866
1820	1890	1	0.999
2698	2331	1	0.841
2410	4811	1	0.985
2963	4879	1	0.886
4561	1721	1	0.984
3917	845	1	0.907
3810	4423	1	0.971
4955	4837	1	0.978
1393	1753	1	0.875
1455	1950	1	0.816
2257	1440	1	0.828
2305	2176	1	0.888
1226	4164	1	0.846
4812	3894	1	0.95
4230	3100	1	0.833
3463	4479	1	0.845
3605	4939	1	0.822
2384	1401	1	0.969
2537	1191	1	0.944
2747	2071	1	0.809
3053	1191	1	0.969
3522	632	1	0.839
4437	3241	1	0.85
1908	2789	1	0.863
4000	1789	0	0.000623
2780	866	1	0.972
4308	2151	0	0.000473
2523	2536	1	0.823
3678	3916	0	0.000918
827	3537	1	0.912
1978	2930	1	0.823
3907	4817	1	0.948
2681	249	1	0.827
3293	412	1	0.945
4575	387	1	0.988
2164	1945	1	0.844
3299	992	1	0.871
1090	1758	1	0.98
2809	4674	0	0.000631
924	4821	1	0.823
2135	2108	1	0.919
4420	1475	0	0.000317
1905	3186	1	0.851
3247	4142	0	0.000252
1651	1012	1	0.884
588	1821	1	0.817
4556	1548	1	0.861
1954	4872	1	0.869
2630	2188	1	0.873
71	538	1	0.878
4418	1664	1	0.852
789	4228	1	0.996
2729	4829	1	0.942
2143	2721	1	0.995
4919	3439	0	0.00084
4192	1066	1	0.89
2294	3720	1	0.932
543	1905	1	0.828
3365	3637	0	0.000387
2218	3776	1	0.934
515	704	1	0.826
3177	4588	1	0.954
453	4063	1	0.982
1112	1868	1	0.991
2028	3105	1	0.832
3580	2756	1	0.802
3020	2710	1	0.906
4986	2934	1	0.909
674	117	1	0.875
2010	783	1	0.901
4589	4127	1	0.962
4936	837	1	0.963
817	22	1	0.951
3975	4350	1	0.954
3027	2748	1	0.81
3351	608	0	0.0011
4793	408	1	0.918
1589	3514	1	0.841
742	984	1	0.886
3735	2962	1	0.908
1972	4228	0	0.00119
745	651	1	0.824
3201	4774	1	0.827
3423	3144	1	0.804
4355	3751	1	0.873
4387	1375	1	0.837
1667	4840	1	0.922
1724	4623	1	0.858
4187	346	1	0.938
3874	2737	0	0.00119
547	3003	1	0.98
2124	265	1	0.811
1139	1891	1	0.938
3529	1704	1	0.827
2586	1545	1	0.976
426	127	1	0.893
3759	1810	0	0.00091
1776	4551	1	0.874
572	1510	1	0.826
2764	4822	0	0.000505
1341	4674	1	0.849
4215	295	1	0.909
1892	127	1	0.857
3702	1209	1	0.819
4908	1428	1	0.856
4806	3478	1	0.977
2001	347	1	0.912
3657	1022	1	0.992
4924	4109	1	0.905
3915	1044	1	0.835
482	1649	1	0.977
3432	1817	1	0.929
3922	836	1	0.811
0	903	1	0.82
1205	2955	1	0.999
445	406	1	0.974
4027	142	1	0.804
4492	4058	1	0.945
3892	304	1	0.945
2914	69	1	0.938
1154	1493	1	0.918
741	24	1	0.899
2976	1611	0	0.00038
4322	4390	1	0.867
4538	3631	1	0.835
2955	2105	1	0.998
3358	3501	1	0.843
2436	1692	1	0.948
3582	4883	1	0.842
430	928	1	0.972
752	3456	1	0.835
2270	3649	0	0.000285
998	662	1	0.873
4271	4105	1	0.966
2378	1965	1	0.907
2171	1112	1	0.85
1936	2211	1	0.837
2188	841	1	0.87
1398	1088	1	0.905
3508	1262	1	0.85
4848	112	1	0.901
2084	1264	1	0.829
4666	2508	0	0.000402
2887	2493	1	0.846
4131	4325	1	0.845
474	2753	1	0.931
3055	4902	1	0.958
2082	4635	0	0.00059
3323	2754	0	0.000268
2805	107	1	0.915
2687	21	1	0.953
1043	4062	1	0.823
4422	2627	1	0.844
603	4590	1	0.816
452	3831	0	0.000872
2491	1793	1	0.935
2874	4956	1	0.958
4623	2044	1	0.973
2683	4059	1	0.951
4711	4885	1	0.997
2152	1903	1	0.97
3507	2466	1	0.918
1728	2470	1	0.804
2847	2533	0	0.000185
3632	2383	1	0.807
856	2185	1	0.853
4121	2716	1	0.95
4810	2608	0	0.000813
3374	679	1	0.903
1847	3434	1	0.864
3989	1224	1	0.845
4579	1504	1	0.817
251	3412	1	0.925
429	1923	1	0.951
4135	3175	1	0.813
3737	4427	1	0.994
2527	973	1	0.822
3749	4927	0	0.000869
3809	1212	1	0.966
1542	2640	1	0.812
3925	154	0	0.000834
4638	2991	0	0.000815
4938	3318	1	0.902
2980	2849	1	0.817
1353	2844	1	0.989
4772	4461	1	0.816
4323	2792	1	0.871
1367	881	0	0.000164
2713	1255	1	0.993
2614	2866	1	0.89
137	3856	1	0.861
4146	2700	1	0.83
1933	3983	1	0.808
2349	2812	1	0.917
4174	615	1	0.816
3577	77	1	0.976
2013	2418	1	0.875
2457	2085	0	0.00052
57	3091	0	0.000743
3066	3171	1	0.835
1672	1750	1	0.852
3872	335	1	0.851
127	4593	1	0.83
2889	2285	0	0.000954
3166	1816	1	0.973
2913	1852	1	0.9
679	4009	1	0.971
302	4213	1	0.859
371	1161	1	0.861
2116	57	0	0.000879
4951	3364	1	0.84
3270	491	1	0.996
4266	4930	1	0.994
1588	901	1	0.957
810	1008	1	0.831
1774	136	1	0.901
3186	421	0	0.000787
1344	2224	1	0.975
3165	1809	1	0.917
2402	2062	0	0.00031
1951	3652	1	0.862
1688	481	1	0.877
3214	3549	1	0.956
4256	4678	1	0.869
2686	172	1	0.858
2352	4132	1	0.969
937	3482	1	0.922
83	104	1	0.884
4564	3366	1	0.897
4383	1072	1	0.861
2413	2394	1	0.968
975	897	1	0.998
4257	2663	1	0.818
1335	3121	1	0.906
3887	3052	1	0.802
4287	1083	1	0.88
4389	851	0	0.000627
2162	3703	1	0.961
1921	801	1	0.822
362	2513	1	0.871
4328	1028	1	0.926
2656	3316	0	0.000678
4335	4981	1	0.922
465	3357	0	0.00089
4033	3043	1	0.972
1084	1487	1	0.84
3649	679	1	0.845
2161	3831	1	0.867
4922	3877	1	0.84
4746	2438	0	0.00104
3567	159	0	0.00104
1830	4554	1	0.878
1909	2174	1	0.918
1407	4194	1	0.982
3433	3384	1	0.83
1420	1579	0	0.00123
3780	4150	0	0.000965
2062	1699	1	0.975
1620	1584	1	0.944
534	731	1	0.874
1110	67	1	0.931
549	295	1	0.948
3119	240	0	0.000533
2319	2776	1	0.804
3523	2309	1	0.941
3846	4613	1	0.834
988	362	1	0.867
4572	4079	1	0.869
30	2516	1	0.913
4643	2174	0	0.000613
3427	26	1	0.856
3524	308	1	0.847
1385	3702	1	0.852
3952	3165	1	0.83
1472	2785	0	0.00112
2688	1388	1	0.965
3240	140	1	0.807
3089	1716	1	0.827
1526	1015	1	0.862
3037	1688	0	0.00112
4362	4	1	0.885
4471	4537	1	0.859
1788	3970	0	0.000353
4673	2738	1	0.853
1390	399	1	0.931
2420	4135	1	0.902
2060	817	1	0.892
1913	198	1	0.976
1533	4614	1	0.976
618	1514	1	0.87
4076	2932	1	0.809
3178	508	1	0.816
478	48	1	0.908
130	4778	1	0.894
1000	2603	0	0.000213
3901	280	1	0.833
2770	1307	1	0.989
3376	4585	1	0.974
2181	2991	1	0.879
110	875	1	0.931
107	4260	1	0.883
1932	3354	1	0.951
2876	673	1	0.811
1983	1089	1	0.974
1893	2127	1	0.801
1397	239	1	0.918
1309	4320	1	0.828
1866	2282	1	0.964
1550	396	1	0.807
2059	99	1	0.957
4745	3876	1	0.988
500	634	1	0.858
3807	792	1	0.992
3129	805	1	0.908
4413	230	1	0.878
3900	2913	1	0.987
4190	556	1	0.993
3588	1925	1	0.998
356	1373	1	0.923
1181	696	1	0.92
1057	2444	1	0.817
3443	725	0	0.000575
4773	3380	1	0.922
4903	2392	1	0.944
3947	2940	1	0.864
516	1099	1	0.94
4432	641	1	0.839
261	2856	0	0.000843
4511	3758	0	0.00116
3230	1970	1	0.851
3713	1724	1	0.872
2295	410	1	0.842
4354	3032	1	0.966
1514	1643	1	0.857
2580	292	0	0.000328
4578	4198	1	0.909
3906	4544	1	0.833
587	2633	1	0.836
391	2980	1	0.975
258	1101	1	0.849
1515	3563	1	0.974
577	1893	0	0.000376
4386	878	1	0.877
4587	140	1	0.827
1013	2350	1	0.831
2705	1343	1	0.893
3919	4956	1	0.942
2463	2926	0	0.000675
4662	1481	1	0.912
2113	483	0	0.000943
2289	4312	1	0.818
2695	3680	0	0.00108
1629	3281	0	0.00121
2582	3651	1	0.825
4388	3045	0	0.000656
74	2205	1	0.862
2068	662	1	0.896
220	4084	1	0.869
2618	3652	1	0.91
3628	2966	1	0.899
865	292	1	0.953
3331	1543	1	0.926
2074	3692	1	0.946
2178	2126	1	0.893
1009	871	1	0.959
1490	1507	1	0.946
1080	4916	1	0.887
3756	745	1	0.834
2226	2227	1	0.939
4804	3203	1	0.889
1541	4235	0	0.000627
4158	774	0	0.000661
939	559	1	0.856
12	0	1	0.86
1584	2367	0	0.00119
2826	4240	1	0.971
1568	2129	1	0.814
4540	2162	1	0.901
2631	2853	1	0.907
1289	360	1	0.992
2532	2176	0	0.000545
4542	439	1	0.917
893	82	1	0.86
608	323	1	0.883
2037	1281	1	0.912
4185	766	1	0.855
3309	3247	1	0.892
3590	4811	1	0.968
4727	1831	1	0.995
63	4473	1	0.812
1402	769	1	0.826
4835	4082	1	0.907
9	2256	1	0.938
906	3089	1	0.859
724	4429	1	0.974
3269	943	1	0.954
2105	914	1	0.911
1300	3298	1	0.874
2098	2086	1	0.956
4198	4051	1	0.914
4731	2078	1	0.824
2243	3658	1	0.839
209	1594	0	0.000835
921	1225	1	0.918
2296	2489	1	0.992
4554	658	1	0.98
1808	1078	1	0.897
1787	2939	1	0.87
2797	3487	1	0.925
2571	4857	1	0.9
4901	98	0	0.000768
4661	2638	1	0.914
3774	4946	1	0.931
4460	4368	1	0.916
269	429	1	0.917
1450	1296	0	0.000555
4539	1069	1	0.805
2551	2387	1	0.986
1414	3630	1	0.845
1329	4270	1	0.993
522	682	1	0.958
3212	1529	1	0.83
1895	2868	1	0.936
484	2429	1	0.848
466	2110	1	0.923
3395	3645	1	0.99
2336	3118	1	0.844
2183	3470	1	0.943
2751	1122	1	0.903
3949	4229	1	0.974
2672	494	0	0.000785
2609	3462	1	0.807
4410	2164	0	0.000726
728	2134	1	0.901
1854	386	1	0.973
2803	3712	1	0.93
300	2119	0	0.000924
880	4249	1	0.905
1432	4009	1	0.946
4787	2052	1	0.97
4497	2622	1	0.93
4481	3437	1	0.969
2845	346	1	0.971
2734	3658	1	0.928
971	4146	1	0.905
4200	680	1	0.893
2719	3515	1	0.87
3621	2710	1	0.822
4274	1948	1	0.882
3542	2270	1	0.808
3518	107	1	0.958
980	514	1	0.833
1988	199	1	0.856
1416	4739	0	0.000707
3727	1735	1	0.9
3387	1050	1	0.944
1592	1251	1	0.879
2149	1177	1	0.81
739	2496	1	0.83
2117	4464	1	0.842
1593	3073	1	0.877
2848	1182	1	0.873
1363	479	1	0.982
4078	2419	1	0.987
3312	3158	1	0.901
3863	3487	0	0.000835
1290	214	0	0.000607
4440	3260	1	0.911
1459	2097	1	0.984
3895	4359	1	0.831
1839	602	1	0.835
4573	2432	1	0.922
4841	3645	1	0.955
4721	3611	1	0.822
4659	3376	1	0.876
1594	4111	1	0.949
592	2239	1	0.927
1274	3779	1	0.834
4303	2371	1	0.806
2452	2665	1	0.993
4100	2091	1	0.9
4474	1122	1	0.935
3878	2102	1	0.958
529	4380	1	0.889
627	1295	1	0.829
4186	3213	1	0.878
2361	1507	1	0.825
3719	107	1	0.813
1362	1715	0	0.000792
168	3693	0	0.00118
4180	1534	1	0.912
4409	442	1	0.977
3344	2505	1	0.973
1901	2905	0	0.000354
3501	4402	1	0.956
1386	3919	1	0.968
3918	3583	1	0.999
2207	3291	1	0.959
1618	3534	0	0.000738
246	3594	1	0.815
2522	1388	1	0.975
963	4990	0	0.00017
2453	2030	1	0.874
2369	4322	1	0.877
2440	1102	1	0.806
4320	2231	1	0.833
552	601	1	0.806
4284	1022	1	0.926
2441	1118	1	0.893
662	2127	0	0.00112
407	693	1	0.825
1258	418	1	0.974
1306	3661	1	0.864
3868	3390	1	0.872
2654	878	0	0.000857
632	644	1	0.816
498	4977	0	0.00124
4034	1946	1	0.877
1380	2593	1	0.879
3766	513	1	0.943
4585	3376	1	0.984
3969	248	1	0.954
4850	3975	1	0.906
1396	3838	1	0.884
2118	178	1	0.912
3540	814	1	0.866
3670	3739	1	1
4943	2354	1	0.973
2208	2914	1	0.964
4782	725	1	0.837
25	20	0	0.000827
695	3573	0	0.0008
4311	132	0	0.000503
1727	3878	0	0.000859
4871	4784	0	0.00108
4930	4972	1	0.801
2137	406	1	0.886
1417	3638	1	0.856
2184	1137	1	0.981
1180	4677	1	0.805
2500	2404	1	0.921
3357	2396	1	0.893
3239	1682	1	0.827
3106	3683	1	0.973
2856	202	1	0.953
2521	4930	1	0.915
1022	3180	0	0.000729
2234	3490	1	0.986
2774	4713	1	0.956
1216	3284	1	0.89
4749	2790	1	0.847
2246	2153	1	0.827
3065	280	1	0.908
2658	3454	0	0.000227
3867	553	1	0.97
1958	377	1	0.944
721	960	1	0.943
4756	4538	0	0.00105
582	1607	1	0.832
1377	1876	1	0.894
589	119	1	0.96
268	4273	1	0.899
2239	4488	1	0.891
375	115	1	0.997
1020	4194	1	0.964
4018	3897	1	0.801
3000	855	1	0.956
4302	3427	1	0.899
4138	277	0	0.00112
247	2370	1	0.854
1430	4591	1	0.955
3084	2450	0	0.00108
3396	343	1	0.999
2417	1138	1	0.952
1444	1188	0	0.00111
217	4679	1	0.847
4988	3478	1	0.843
682	1007	1	0.921
1817	2643	1	0.923
520	1811	1	0.974
2680	75	1	0.862
2194	1430	1	0.806
3159	3533	1	0.89
4503	3268	0	0.000559
1143	344	1	0.974
3912	1586	1	0.888
3373	108	1	0.919
836	726	1	0.82
629	3525	1	0.974
768	2259	0	0.000957
355	887	0	0.000977
2227	3428	1	0.801
4045	3780	0	0.000755
3246	4414	1	0.866
3414	1210	1	0.882
1215	3661	1	0.97
1489	1265	1	0.803
1653	4978	1	0.945
1598	2743	1	0.973
955	141	1	0.972
1997	13	1	0.829
4546	4325	1	0.85
4529	3480	1	0.876
1327	4618	1	0.902
443	2066	0	0.000825
382	4375	1	0.822
671	3904	0	0.000575
4499	2069	1	0.933
4268	4267	1	0.878
4416	132	1	0.869
3353	1958	1	0.86
804	527	0	0.000431
2723	22	1	0.962
135	1862	1	0.824
4807	1100	1	0.81
2470	3739	1	0.867
3127	4676	1	0.942
4408	13	1	0.986
4102	3404	1	0.805
3103	863	1	0.896
4766	860	1	0.927
3095	1180	1	0.878
495	2076	1	0.872
763	3237	1	0.812
4646	2504	1	0.944
1754	3839	1	0.897
2077	4571	1	0.826
4395	4928	1	0.827
1709	1596	1	0.921
1663	4851	1	0.984
2396	2252	1	0.941
4984	1376	1	0.91
2702	1221	1	0.881
1875	3578	1	0.842
2126	4647	1	0.852
266	1536	1	0.802
3623	3711	1	0.958
2607	1248	0	0.00125
4695	1216	1	0.825
3368	3554	1	0.826
3288	2598	1	0.808
1219	3384	1	0.883
3216	993	0	0.000918
457	704	1	0.927
1272	1228	1	0.977
1372	2313	1	0.919
3237	1480	1	0.825
3724	2272	1	0.927
3011	517	1	0.849
651	101	1	0.934
1962	4316	0	0.00123
564	187	1	0.949
3848	106	1	0.832
2324	3563	1	0.935
3671	4272	1	0.855
1115	3581	1	0.93
2777	1851	1	0.809
760	2759	1	0.974
2745	1690	1	0.838
1674	4836	0	0.000207
4145	3133	1	0.885
3930	1754	1	0.842
4445	784	1	0.965
341	4611	0	0.000963
3333	2452	1	0.916
305	976	0	0.000915
4336	707	1	0.94
3002	4981	1	0.885
4715	1437	1	0.845
3123	2347	1	0.82
3965	4125	1	0.945
242	3096	1	0.988
2169	3681	0	0.00124
4886	1372	1	0.961
2986	3778	1	0.804
1011	4941	1	0.994
4506	1461	1	0.97
2382	970	1	0.807
4952	4348	1	0.829
2793	3664	1	0.918
4965	4968	0	0.000522
2635	4376	1	0.927
4672	1293	0	0.000273
1862	2244	0	0.000996
4961	3460	1	0.93
4725	61	1	0.847
2675	2248	1	0.845
606	1564	1	0.932
1249	2244	1	0.835
4824	1960	1	0.933
4599	4971	1	0.839
493	4932	1	0.822
4265	1383	1	0.994
2222	1452	1	0.917
1829	1111	1	0.973
3035	3731	1	0.994
4312	3224	1	0.954
4329	4047	1	0.909
2362	3519	1	0.883
902	310	1	0.827
4288	3873	1	0.849
3384	3324	1	0.948
1613	4948	1	0.961
2870	1273	0	0.000855
1203	84	1	0.894
2711	3218	1	0.971
2353	1585	1	0.994
1052	3236	1	0.839
3215	2785	0	0.000184
561	1683	0	0.000565
4739	2237	1	0.983
4130	846	1	0.876
1860	283	1	0.86
3679	4075	1	0.984
1977	22	1	0.908
3843	887	1	0.87
1273	630	1	0.889
3157	82	1	0.951
4430	2110	1	0.823
3255	199	0	0.000918
2561	883	1	0.983
1835	3854	0	0.000764
1548	1143	1	0.925
199	962	1	0.939
4353	4411	1	0.804
50	3165	0	0.000206
1753	4690	1	0.856
3026	86	1	0.912
2667	3348	1	0.953
4047	4327	1	0.859
3860	3686	1	0.949
3447	2242	1	0.845
4044	2846	1	0.99
3132	2805	1	0.875
1554	2649	1	0.923
1182	2083	0	0.00126
1413	2471	1	0.869
4795	3720	1	0.891
2	1002	1	0.84
3681	2577	1	0.822
207	161	1	0.994
2386	1886	1	0.843
3310	3806	1	0.918
2203	1196	1	0.856
316	498	1	0.825
388	2809	1	0.987
378	1874	1	0.993
1690	2745	0	0.000735
2596	3611	1	0.938
29	3628	0	0.00117
2022	192	1	0.816
1086	2435	1	0.868
1400	2870	1	0.906
772	2341	1	0.942
2974	4935	1	0.9
1572	1054	1	0.838
3966	752	0	0.00111
2865	3016	1	0.918
4235	1930	0	0.000461
4041	2723	1	0.938
4486	3407	1	0.997
3470	744	1	0.985
450	1626	1	0.902
2966	2965	1	0.826
1183	1108	1	0.803
2404	1204	1	0.881
3130	3040	1	0.978
551	110	1	0.989
323	3089	1	0.977
4321	915	1	0.92
1266	3427	1	0.845
3914	527	1	0.809
2657	19	1	0.829
3557	1239	0	0.00115
3482	4472	1	0.845
967	236	1	0.947
4512	2857	0	0.000651
1677	343	0	0.00091
4381	3396	1	0.91
1395	196	1	0.835
1359	436	0	0.000169
3699	4460	1	0.971
59	1405	0	0.00103
2638	747	1	0.811
1206	700	1	0.886
3046	1383	1	0.939
2960	117	1	0.952
3578	3129	1	0.883
1968	1471	1	0.814
1297	4156	1	0.965
2271	2793	1	0.835
2692	88	1	0.951
4949	3750	1	0.962
189	247	0	0.000735
2499	2775	1	0.948
512	1371	1	0.894
2922	646	0	0.000293
317	482	1	0.882
184	1445	1	0.907
4500	4825	1	0.96
1018	2311	1	0.88
413	4571	1	0.861
2205	2910	1	0.938
412	1998	1	0.872
4676	2458	1	0.837
3668	202	1	0.944
352	1798	1	0.974
45	4058	0	0.00121
4859	1353	1	0.939
3411	1550	1	0.929
576	144	1	0.812
735	2683	1	0.9
181	262	1	0.973
4210	347	1	0.902
2476	4144	1	0.874
1751	2995	1	0.96
1642	4654	1	0.896
2575	2444	0	0.000846
991	2142	1	0.886
3259	3267	1	0.914
1187	631	1	0.877
3827	3278	1	0.816
4709	4396	1	0.854
4448	3205	1	0.913
3393	1895	1	0.947
3033	216	1	0.994
2866	4584	1	0.951
1073	484	1	0.968
2469	821	1	0.91
455	1047	1	0.854
4193	3095	1	0.975
4444	3683	1	0.921
1436	314	1	0.973
4477	388	0	0.000315
436	4680	1	0.813
1512	2588	1	0.809
1463	1927	1	0.87
794	4632	1	0.921
379	2353	1	0.834
4909	1192	1	0.923
1433	935	1	0.864
1050	2917	1	0.944
4314	3854	1	0.922
3	3771	1	0.827
144	1704	1	0.986
1403	4169	0	0.000505
3137	2041	1	0.879
2771	4872	0	0.0011
4020	1716	1	0.976
4326	2914	0	0.00108
1419	4704	1	0.858
3857	2101	1	0.88
1145	2402	1	0.899
3083	409	1	0.804
3594	4239	1	0.938
972	386	1	0.861
2818	1608	1	0.858
4272	2270	1	0.932
351	4332	0	0.000753
2048	1582	1	0.952
4108	1520	0	0.000737
4887	4095	1	0.807
1148	3206	1	0.981
3785	1630	1	0.954
4423	3810	1	0.954
460	4277	1	0.978
2014	676	1	0.876
1547	2580	1	0.868
3688	2152	1	0.939
1486	527	1	0.829
3410	2882	1	0.963
2274	776	1	0.827
4372	1695	1	0.84
2434	3669	1	0.96
167	4926	0	0.00115
2173	2418	1	0.88
376	2249	1	0.997
4670	2808	1	0.891
661	948	1	0.937
3104	4793	0	0.000458
3570	22	0	0.00112
2265	4618	1	0.83
77	319	1	0.886
675	3970	1	0.831
2360	516	1	0.897
2677	90	1	0.961
1016	1776	1	0.963
933	2589	1	0.932
4221	248	0	0.000565
1721	4561	1	0.948
3634	4508	1	0.868
3899	281	1	0.997
3987	331	1	0.898
340	415	1	0.914
3363	436	1	0.912
4889	262	0	0.000584
4310	2267	1	0.807
26	4085	1	0.904
822	1772	1	0.94
1465	1665	0	0.000242
299	1363	1	0.969
3382	2364	1	0.846
3263	2207	1	0.936
3769	1647	1	0.808
1037	537	1	0.808
4456	2165	1	0.955
4164	2541	1	0.836
1026	1946	1	0.826
4101	2115	1	0.898
885	4429	1	0.994
2951	3914	1	0.866
1915	2102	1	0.881
2526	935	1	0.911
895	1543	1	0.889
2486	1470	1	0.938
1401	3813	1	0.917
1563	689	1	0.855
2838	0	1	0.983
2531	1294	1	0.861
1434	473	1	0.801
1621	2930	1	0.813
3093	2540	1	0.871
1635	825	0	0.00114
660	3158	1	0.961
557	4360	1	0.84
3622	528	1	0.98
1250	1030	0	0.000797
1314	4074	0	0.00117
2720	2594	1	0.983
1484	3405	1	0.939
1168	3574	1	0.851
1944	4187	1	0.992
900	4118	1	0.827
3138	2772	1	0.853
2107	2587	1	0.815
4300	1654	1	0.984
329	4904	1	0.902
1126	2766	1	0.971
238	493	1	0.851
4357	59	1	0.992
513	146	1	0.85
3964	2105	1	0.891
2724	51	1	0.956
4007	3285	0	0.0012
2043	2229	1	0.918
1559	1264	1	0.87
2782	1751	1	0.822
3953	1045	1	0.97
1979	4485	1	0.911
2601	2018	1	0.946
2154	1568	1	0.902
301	446	1	0.823
2581	2404	0	0.000175
3584	1713	0	0.000924
2303	3409	1	0.966
4548	4507	0	0.000302
2064	933	1	0.909
2507	536	1	0.844
839	1693	1	0.922
3562	4313	1	0.809
3534	7	1	0.99
2210	4821	1	0.816
3691	38	0	0.00117
3653	3698	1	0.844
4981	21	1	0.976
1575	3425	1	0.935
4740	1389	1	0.873
960	1352	1	0.892
4142	3324	1	0.866
3815	2664	1	0.972
3728	3794	0	0.00099
2072	4074	1	0.912
2298	590	1	0.807
584	1380	1	0.99
4148	1496	1	0.819
1610	4464	1	0.853
1812	76	1	0.937
4478	131	1	0.952
4690	1393	1	0.868
802	1794	1	0.948
3784	4447	1	0.971
1340	220	0	0.000429
2714	79	1	0.975
257	1272	1	0.966
505	1101	0	0.00127
468	1741	0	0.00052
2593	1380	1	0.902
1752	95	1	0.952
3016	2053	1	0.944
277	1592	0	0.000526
4514	3682	1	0.837
1453	2889	1	0.989
2363	3663	1	0.844
638	476	1	0.978
3884	1504	1	0.846
689	2525	1	0.969
3569	1552	1	0.864
1611	1723	0	0.000446
342	43	1	0.827
3777	4284	1	0.928
4732	795	1	0.954
102	924	1	0.995
2281	3409	1	0.821
923	4974	1	0.859
1764	2124	1	0.848
2345	2446	0	0.000844
2691	1628	1	0.992
86	0	1	0.905
919	1457	1	0.941
1379	974	1	0.91
4820	934	1	0.978
21	39	1	0.955
3082	717	1	0.841
2882	4864	1	0.964
3228	3414	1	0.997
4786	3492	1	0.819
1955	4588	1	0.937
1451	1611	1	0.935
2038	4571	1	0.879
2931	3091	1	0.894
845	712	1	0.918
1412	591	0	0.000878
1615	2798	1	0.879
1356	1398	1	0.911
2891	4189	1	0.918
1246	4931	1	0.837
56	3890	1	0.869
4023	3447	1	0.857
3812	1099	1	0.889
1928	1695	0	0.000639
380	2650	1	0.953
1406	3940	1	0.812
2553	4316	1	0.873
4947	1138	1	0.805
432	328	0	0.000966
2373	3416	1	0.921
244	1974	1	0.883
4295	1018	1	0.88
4015	4369	0	0.000432
3639	43	1	0.813
732	984	1	0.873
714	27	1	0.809
2443	2525	1	0.899
575	4453	1	0.837
2842	2825	1	0.812
368	1303	0	0.000524
2235	4093	1	0.839
2619	1525	1	0.965
1301	3864	1	0.81
558	1316	1	0.939
1138	921	1	0.861
2300	4117	1	0.997
2660	3634	1	0.888
3460	1838	1	0.915
3144	2046	1	0.99
4154	16	0	0.00123
4536	1127	1	0.892
3823	3626	0	0.000563
3753	3863	1	0.989
3996	2561	0	0.00126
2447	1307	1	0.983
3620	2648	1	0.945
4092	1513	1	0.961
3125	3791	0	0.00107
3532	274	1	0.972
879	3367	0	0.000788
4671	3518	1	0.807
2144	2665	1	0.987
1671	3923	1	0.983
3579	2178	1	0.934
590	4282	0	0.000605
1708	2499	1	0.916
364	2925	1	0.965
4595	93	1	0.821
3454	126	1	0.976
3946	2676	1	0.89
3804	1655	1	0.803
639	2076	1	0.827
3171	3741	0	0.000848
1617	3582	1	0.91
976	4502	0	0.000878
1082	1912	1	0.951
2721	1901	1	0.931
2811	2096	1	0.955
161	4370	1	0.929
2297	3587	1	0.825
3496	4105	0	0.000273
3267	4568	1	0.859
1185	1927	1	0.945
2071	1123	1	0.804
912	2163	1	0.978
4683	3120	1	0.836
792	3768	1	0.904
4162	327	1	0.804
4289	2755	1	0.839
4401	208	1	0.978
4779	3249	1	0.933
4462	2515	1	0.834
1045	4593	1	0.802
4239	337	1	0.834
1791	4106	1	0.886
809	4516	0	0.00121
2172	328	0	0.000636
2578	3768	1	0.939
2678	852	1	0.893
857	181	1	0.889
4069	4010	1	0.946
2968	2174	1	0.873
2387	4135	1	0.871
4219	3905	1	0.871
4384	2265	1	0.972
4828	3935	1	0.863
1360	2853	1	0.845
1507	704	1	0.839
2165	305	1	0.953
1332	1425	1	0.92
1186	2105	1	0.896
4439	1513	1	0.868
381	3693	1	0.828
3607	4830	1	0.825
3076	2843	1	0.937
279	675	1	0.972
595	3969	0	0.000933
1822	1169	1	0.88
2573	1316	1	0.975
2769	1068	1	0.806
3743	3056	1	0.853
4434	1196	1	0.819
2759	1051	1	0.952
2252	3698	1	0.936
490	815	1	0.991
4570	2257	1	0.961
2456	4147	1	0.878
1008	4822	1	0.826
1627	4347	1	0.828
4629	618	1	0.83
2150	1426	1	0.976
3075	382	1	0.986
2209	2308	1	0.973
1189	3989	0	0.000368
1800	469	1	0.883
2946	3648	1	0.919
860	3985	0	0.000642
757	3910	1	0.844
1017	1186	1	0.937
4006	907	1	0.85
1230	3329	1	0.913
2568	1651	1	0.963
3951	981	0	0.00045
96	1543	1	0.907
3332	2119	1	0.823
1843	899	1	0.852
2412	351	1	0.812
4679	3541	1	0.801
1700	4649	0	0.000269
1870	283	1	0.98
530	464	1	0.859
2669	1282	0	0.000407
4211	1619	1	0.967
2157	4691	1	0.803
3131	2360	1	0.918
2732	4883	0	0.000524
2592	4448	1	0.857
4568	1793	1	0.867
176	4303	1	0.995
3438	569	1	0.981
3873	3674	1	0.985
1991	222	1	0.907
4458	625	1	0.874
1886	2029	1	0.855
2679	4811	1	0.989
2039	725	1	0.936
1409	727	1	0.949
3870	157	1	0.803
3397	4629	1	0.834
118	3476	1	0.962
1549	4720	1	0.802
4021	40	1	0.989
172	294	1	0.818
626	2582	1	0.853
1505	1288	1	0.812
4173	3664	1	0.981
3062	392	1	0.85
31	4350	1	0.906
4976	989	1	0.877
4604	1297	1	0.814
3068	2872	1	0.861
4466	3791	1	0.843
1935	515	1	0.81
4299	4161	0	0.000712
1488	141	1	0.939
4171	592	1	0.803
830	381	1	0.828
2221	85	1	0.842
1466	2465	1	0.808
2716	943	1	0.814
2858	146	1	1
2225	2804	1	0.949
1278	2407	1	0.924
2315	1575	0	0.000561
1343	4349	1	0.819
1628	4413	1	0.965
3880	52	1	0.992
3145	340	1	0.882
3256	2555	1	0.994
3836	3236	1	0.941
1903	559	1	0.833
795	3561	1	0.848
1243	560	1	0.857
3663	592	1	0.988
781	194	1	0.894
3798	780	1	0.996
4852	4516	1	0.895
4839	3093	1	0.819
4179	2962	1	0.941
2285	1632	1	0.989
1467	4750	1	0.808
2599	867	1	0.929
3205	4531	1	0.869
3503	4932	1	0.991
1630	1443	1	0.829
3298	1300	1	0.891
3275	3513	1	0.946
1141	3949	1	0.864
3343	143	1	0.891
1024	1179	0	0.000439
178	2213	0	0.000691
3194	2317	0	0.000899
1361	1447	1	0.901
2056	1178	1	0.846
692	275	1	0.948
1151	3294	1	0.868
2807	3794	1	0.903
2983	4831	0	0.000381
195	931	1	0.937
3733	1129	0	0.000568
1832	324	1	0.874
2825	4327	1	0.888
60	2693	1	0.863
4978	2373	1	0.823
1263	2669	1	0.911
1072	958	1	0.835
2350	2339	1	0.863
3118	3654	1	0.962
3972	3040	1	0.86
2136	2164	1	0.956
4109	4924	1	0.994
2083	4142	0	0.000232
3643	200	1	0.92
4449	1375	1	0.895
1771	3863	1	0.959
4143	3488	1	0.841
2863	1682	0	0.000643
469	4131	1	0.855
2877	2787	1	0.961
1370	1891	1	0.873
1816	717	1	0.87
4140	149	1	0.909
2752	1642	1	0.937
4705	1206	0	0.000226
1577	2622	1	0.959
3642	1431	0	0.000257
3982	2346	1	0.957
55	873	0	0.000607
2406	4401	0	0.000967
1950	723	0	0.0012
4684	4512	1	0.926
535	3695	1	0.855
4188	2732	1	0.936
3389	204	0	0.00102
1269	3879	1	0.828
4128	3434	1	0.817
2348	4415	1	0.848
1404	2965	1	0.827
1789	3384	1	0.844
814	3652	1	0.951
4425	2097	0	0.000312
2827	2232	0	0.000732
4881	2819	0	0.000788
3608	3488	1	0.921
4077	4376	0	0.000651
2682	2270	1	0.814
3198	62	1	0.873
3514	4443	1	0.812
2535	3912	1	0.839
645	1332	1	0.884
3169	614	1	0.903
533	1535	1	0.913
4726	2860	1	0.945
4398	828	1	0.802
554	2493	1	0.962
952	4182	1	0.875
4652	608	1	0.943
930	598	1	0.838
4036	3757	1	0.814
3294	4071	1	0.82
3088	189	1	0.846
1773	810	1	0.909
962	3380	1	0.949
4446	4177	1	0.918
3614	4382	1	0.895
1974	897	1	0.893
3564	608	0	0.00117
1232	1912	1	0.814
1321	1674	1	0.811
2735	1796	1	0.999
3592	3989	1	0.943
996	2790	0	0.000867
3516	3341	1	0.837
3585	1461	1	0.873
3325	4909	1	0.826
818	373	0	0.000846
422	2396	1	0.974
3042	2822	0	0.000374
4182	4545	1	0.838
2272	3867	1	0.905
3077	3870	0	0.000189
3421	3204	1	0.979
3252	1941	1	0.919
3611	3852	1	0.997
360	853	1	0.826
2335	4739	1	0.955
2186	2477	1	0.879
3962	929	1	0.982
4080	3343	1	0.863
2472	1672	1	0.969
1686	3891	1	0.979
917	264	1	0.87
2954	4271	1	0.97
1931	1429	1	0.847
4465	2195	1	0.991
1811	4732	1	0.932
2996	2744	1	0.892
3025	32	1	0.839
1336	72	1	0.902
1468	4113	0	0.000977
4147	4651	1	0.87
1150	4778	1	0.899
4693	4689	1	0.88
1902	4607	1	0.836
4883	619	1	0.83
467	744	1	0.9
1295	4773	1	0.842
563	1810	1	0.888
4495	3643	1	0.975
826	1941	1	0.968
1680	3434	0	0.000752
4657	1508	1	0.849
1733	3302	1	0.963
2439	4268	1	0.94
2201	154	1	0.976
4847	4520	1	0.984
3181	2774	1	0.864
4669	2758	1	0.883
2549	20	1	0.866
1948	2070	1	0.816
4156	4604	1	0.936
1242	1901	1	0.82
1524	927	1	0.862
4260	1877	1	0.801
1337	2870	1	0.952
2276	3165	1	0.93
3894	2418	0	0.000885
876	2258	1	0.857
4030	1235	1	0.882
3981	1309	1	0.936
2094	2402	1	0.951
1726	3731	1	0.822
295	4291	1	0.969
4821	435	1	0.992
1382	1157	1	0.877
3992	2588	1	0.975
1478	2177	1	0.893
740	3765	1	0.912
4276	795	1	0.978
2496	4289	1	0.837
2333	4267	1	0.887
4914	2974	1	0.922
1975	4084	1	0.818
2237	2335	1	0.938
3249	2652	1	0.868
1581	67	1	0.849
538	2638	1	0.928
3040	76	1	0.912
1601	2341	1	0.866
4278	4776	0	0.00107
501	301	1	0.911
3854	231	1	0.869
3877	4301	1	0.989
2787	2732	1	0.861
2911	1344	0	0.000493
2343	2765	1	0.804
3757	3716	0	0.000749
4412	4149	0	0.000207
3935	4792	1	0.926
2823	4324	1	0.84
4350	3218	1	0.988
3538	195	1	0.835
2390	110	1	0.842
186	903	0	0.00104
3772	2098	1	0.891
1756	2082	0	0.00061
2969	178	1	0.86
3722	1832	1	0.876
62	468	1	0.996
2340	51	1	0.951
2754	1432	1	0.809
494	1537	1	0.98
3149	2921	0	0.000309
507	663	1	0.958
1133	3643	1	0.866
4815	3644	1	0.81
27	1546	1	0.824
3731	3133	1	0.883
1544	1836	1	0.866
4689	1737	1	0.946
4363	762	1	0.813
3889	4096	0	0.000231
3019	1798	1	0.912
2023	625	1	0.992
4402	2874	1	0.995
4637	2635	1	0.877
2798	1020	0	0.000889
3390	644	1	0.824
1821	1262	1	0.824
106	354	1	0.943
4380	3756	1	0.803
3646	3950	1	0.819
1578	4465	1	0.923
1634	2771	1	0.94
1845	4333	1	0.942
3135	3407	1	0.988
2628	2891	1	0.987
3771	1219	1	0.834
901	2183	1	0.803
4463	222	1	0.949
3105	171	1	0.993
1639	308	1	0.849
1135	2453	1	0.909
451	3337	1	0.891
594	1940	1	0.935
738	11	1	0.863
1477	1064	1	0.833
3792	1559	1	0.821
1785	953	1	0.861
747	1664	1	0.869
3211	37	1	0.996
892	573	1	0.992
1059	2208	1	0.91
4698	3760	1	0.92
3626	3472	1	0.993
4849	2302	1	0.901
3420	4158	1	0.878
1042	4853	1	0.847
1214	493	1	0.863
786	2663	1	0.868
3457	1912	1	0.929
1510	1623	1	0.951
3504	536	1	0.972
3891	1839	1	0.965
3355	3957	0	0.00122
4941	3324	1	0.953
297	2755	1	0.96
3385	3063	1	0.954
1938	241	1	0.903
51	1254	1	0.926
427	2496	1	0.839
2489	1588	1	0.821
2051	2399	1	0.991
119	3767	1	0.867
1706	764	0	0.00118
2313	3177	1	0.939
4533	2228	1	0.871
3398	4360	1	0.907
4910	1316	1	0.81
2156	3613	1	0.988
37	643	1	0.846
150	4961	1	0.995
4305	2114	1	0.822
4139	4099	1	0.918
2558	2973	1	0.822
1103	107	1	0.826
3219	3183	1	0.833
3199	3521	1	0.839
4966	4144	0	0.000362
160	4362	0	0.00103
2816	1658	1	0.891
1546	56	1	0.964
1891	543	1	0.82
1197	2258	1	0.853
1201	612	1	0.926
4618	3059	1	0.895
249	1020	1	0.802
4509	2218	1	0.945
3779	91	0	0.000574
4359	2545	1	0.942
1521	793	1	0.905
4134	4734	1	0.878
4127	1328	1	0.953
3273	41	0	0.00121
550	2446	1	0.848
2540	2854	1	0.994
4482	4752	1	0.99
668	4882	1	0.85
464	229	1	0.915
1447	3960	1	0.915
4172	759	1	0.969
4803	4155	1	0.854
1961	2624	0	0.000404
288	2502	1	0.828
256	128	1	0.94
4796	4970	1	0.879
3335	2895	1	0.937
4805	2410	1	0.836
2332	270	1	0.969
3213	447	1	0.972
437	4759	1	0.802
395	4009	1	0.991
4206	525	1	0.889
4339	1666	0	0.00106
4013	2185	0	0.00112
2525	228	1	0.894
3015	1472	1	0.852
3734	2196	1	0.83
4281	4141	0	0.00023
2033	2316	1	0.907
3200	756	1	0.951
4223	111	1	0.954
4636	2944	0	0.000899
1426	4394	0	0.000356
711	1943	0	0.000885
2494	1717	1	0.837
3108	3617	1	0.868
4249	1779	1	0.957
2057	4564	1	0.922
647	3380	1	0.831
87	221	0	0.00105
4956	3501	1	0.953
2730	1298	1	0.958
1762	72	1	0.965
3645	1241	1	0.961
4454	1465	1	0.816
4333	247	1	0.887
2086	3005	1	0.81
3741	3083	1	0.805
601	3468	0	0.00107
1158	2517	0	0.0011
203	3159	0	0.000914
2577	3474	1	0.999
3801	722	1	0.898
3430	2164	1	0.939
1178	1782	1	0.868
2937	3505	0	0.000326
3960	714	1	0.842
2058	379	1	0.939
349	345	1	0.809
4029	4700	0	0.000385
2284	4300	1	0.898
1782	1144	1	0.865
2693	1347	1	0.918
1692	1200	1	0.865
3651	668	1	0.948
3441	1504	1	0.847
403	407	1	0.924
2395	515	1	0.818
4778	185	1	0.862
1136	2589	1	0.858
2854	1034	1	0.996
2055	287	1	0.857
1656	4975	1	0.97
1196	4434	1	0.978
4641	3154	1	0.962
1441	1718	1	0.958
984	3145	1	0.865
1315	3608	1	0.857
726	1520	1	0.961
1844	1229	0	0.00105
4605	3381	0	0.000659
4290	3421	1	0.815
3426	3707	1	0.806
345	115	1	0.802
3511	4922	1	0.929
553	3423	1	0.805
783	1805	1	0.841
4990	3543	0	0.000499
1303	1207	0	0.00027
182	3603	1	0.878
1632	294	1	0.932
4834	2605	1	0.938
2311	3446	1	0.964
3367	3888	1	0.88
855	3642	1	0.829
1855	4587	1	0.934
3442	927	1	0.844
90	4883	1	0.805
3615	1168	1	0.846
1006	2440	1	0.99
103	969	1	0.888
3566	860	1	0.833
4875	1681	1	0.803
4870	1658	1	0.999
2855	2178	1	0.891
620	4797	1	0.9
3101	3888	1	0.901
819	1801	1	0.938
343	3396	0	0.000986
1366	2176	1	0.901
4220	2273	1	0.886
3520	59	1	0.916
2017	1451	1	0.902
4622	183	1	0.99
1065	1034	1	0.839
36	192	1	0.945
4555	3388	1	0.868
4298	4121	1	0.812
4083	439	1	0.856
4896	2035	1	0.842
366	970	1	0.923
3675	2587	1	0.806
4159	1137	0	0.000932
309	4919	1	0.98
252	2653	1	0.883
2878	3632	1	0.929
4549	2134	1	0.873
4920	680	0	0.000508
2330	4759	0	0.00121
1461	4540	1	0.983
4948	3562	1	0.968
4364	4674	1	0.979
1565	320	1	0.924
3613	1677	1	0.882
2799	83	1	0.84
208	241	1	0.903
2101	4168	1	0.983
1934	1720	1	0.987
3345	347	0	0.00121
2444	3440	1	0.959
1842	4714	1	0.894
3893	2559	0	0.000221
3957	437	1	0.841
3099	473	1	0.972
223	1124	1	0.92
4356	1987	0	0.000895
2651	3076	1	0.822
4863	458	1	0.994
2758	1418	1	0.824
3544	4316	1	0.931
4621	2055	1	0.874
1188	2301	1	0.963
2408	65	1	0.855
4494	1050	1	0.859
151	3838	0	0.000269
1684	1258	1	0.82
3446	4380	1	0.897
1480	3477	1	0.894
146	35	1	0.838
433	1267	1	0.915
1217	712	1	0.932
4184	1579	1	0.93
3799	4873	1	0.993
1305	2090	1	0.93
600	2489	1	0.909
3740	1065	1	0.966
614	2599	1	0.837
456	209	1	0.952
4856	3505	0	0.000888
3849	3253	1	0.881
2326	1986	1	0.973
4126	3964	1	0.857
1911	95	1	0.879
994	2242	0	0.000486
4631	2753	0	0.00067
3264	1335	1	0.828
2418	2381	1	0.949
4825	2512	1	0.928
3718	2370	1	0.8
1767	3819	1	0.885
2836	2211	1	0.914
2644	1986	1	0.827
1644	666	1	0.917
850	554	1	0.932
1666	3530	1	0.963
1164	510	0	0.0012
940	1700	1	0.86
3575	1345	0	0.000719
4865	3739	1	0.82
4107	72	1	0.964
3071	3039	0	0.000238
824	1454	0	0.00112
2746	185	1	0.818
1597	28	1	0.943
40	113	1	0.86
929	763	1	0.991
318	1926	1	0.825
2806	4240	1	0.843
2727	509	1	0.865
2671	3663	1	0.828
961	2882	1	0.943
497	3239	1	0.863
1528	592	1	0.87
3760	347	1	0.933
79	1808	0	0.000509
3862	4317	1	0.88
715	802	1	0.915
2906	4674	1	0.833
4880	1396	1	0.885
4530	7	0	0.00122
1649	2628	1	0.965
4913	2651	1	0.887
3983	3876	0	0.000543
2139	1210	1	0.967
4996	1451	1	0.837
3563	2655	0	0.000429
1259	1297	0	0.00127
4617	3203	1	0.828
2908	2318	1	0.917
3415	2742	1	0.93
3680	2918	0	0.000942
1281	3147	1	0.842
541	1053	1	0.803
2216	1373	1	0.821
2589	1085	1	0.814
4950	4752	1	0.937
2933	3078	0	0.00115
1035	3671	1	0.976
2006	2592	1	0.934
1128	2014	1	0.859
133	3786	1	0.86
4043	2273	1	0.894
3090	819	1	0.894
1238	993	1	0.911
1669	3344	1	0.858
4467	205	1	0.86
2989	6	1	0.889
3392	2450	0	0.000902
3424	1885	1	0.975
3437	1005	1	0.995
1759	4106	1	0.865
259	108	1	0.847
1445	3629	1	0.849
70	1294	1	0.865
1993	1468	0	0.000734
2403	577	1	0.861
2275	2799	1	0.91
114	107	1	0.965
1570	2109	1	0.978
3196	2618	0	0.000855
4900	2394	1	0.971
205	10	0	0.00117
1247	3293	1	0.899
983	1170	1	0.972
2850	94	1	0.982
2869	2980	1	0.856
1494	4949	1	0.855
4877	2493	1	0.903
4918	4444	0	0.000841
2079	1842	1	0.834
3064	1793	1	0.836
2249	1821	1	0.905
1736	4187	0	0.00119
1737	2704	1	0.823
129	723	1	0.877
4741	824	1	0.849
2868	3393	1	0.835
669	534	0	0.000247
2109	2363	0	0.000789
3595	4743	1	0.995
1391	811	1	0.816
4213	184	1	0.938
405	1583	1	0.963
3830	3069	1	0.807
2860	1856	1	0.942
4319	2535	1	0.85
4761	1272	1	0.954
2789	1331	1	0.867
4431	1892	1	0.972
3716	3880	1	0.918
1655	2327	0	0.00108
2539	2389	1	0.872
227	278	1	0.993
1498	3310	1	0.828
65	3892	1	0.945
3287	295	1	0.884
3464	3202	0	0.00075
4498	1239	0	0.000525
869	4379	0	0.000576
310	82	1	0.88
4334	4980	1	0.94
737	4061	1	0.882
2052	2054	1	0.88
3559	2717	1	0.842
1083	4114	1	0.857
1283	1001	1	0.849
596	202	1	0.874
1134	2269	1	0.982
4656	4215	1	0.851
4118	446	1	0.901
1411	1304	1	0.935
3667	4626	1	0.979
3689	3456	1	0.953
2112	2360	0	0.000875
3176	2485	1	0.939
2595	4868	1	0.895
4899	4676	1	0.85
3010	1931	1	0.927
3551	4987	1	0.93
2238	3154	1	0.92
4940	3200	0	0.00102
925	103	1	0.991
591	639	1	0.875
3876	626	1	0.957
3223	4099	1	0.98
1583	2582	1	0.822
3732	109	1	0.892
2009	314	1	0.908
359	974	1	0.933
3319	3139	1	0.85
4581	1508	1	0.807
2750	686	1	0.877
1155	241	0	0.000693
431	4704	1	0.896
3039	4218	1	0.94
3683	608	1	0.853
1316	1552	1	0.868
4694	3042	1	0.899
3593	3530	1	0.984
4056	584	1	0.859
4788	3128	1	0.806
113	255	1	0.819
334	3975	1	0.88
3182	3252	1	0.913
213	295	1	0.888
3926	3221	1	0.924
3994	3353	1	0.888
1291	104	1	0.907
454	4275	1	0.831
1058	2270	1	0.988
2629	2398	1	0.841
1518	3166	1	0.806
226	3859	1	0.903
3597	4312	1	0.9
800	3686	1	0.9
3265	3096	1	0.82
1113	3926	1	0.95
3865	1912	1	0.94
4624	576	1	0.964
3327	1550	0	0.00124
3161	151	1	0.916
849	1940	0	0.000802
3782	1195	1	0.861
3191	900	1	0.861
2899	2554	1	0.898
3978	2817	1	0.821
4259	2446	1	0.859
4054	419	1	0.854
286	1445	1	0.941
649	4194	1	0.911
3660	614	1	0.998
4493	2715	1	0.984
964	2264	1	0.877
4998	1424	1	0.885
3296	3226	1	0.852
4163	1698	1	0.91
926	171	1	0.989
1760	452	0	0.000282
3350	1315	0	0.000469
1078	1588	1	0.812
4708	2322	1	0.889
3193	711	1	0.816
3603	365	1	0.862
1535	533	1	0.882
843	2790	1	0.835
4082	3280	1	0.871
1722	1204	1	0.836
2041	3785	1	0.869
2988	4076	1	0.997
1852	2440	1	0.847
4989	3608	1	0.837
514	3158	1	0.817
2987	896	1	0.959
1748	1322	1	0.904
3115	3572	1	0.949
3292	2126	1	1
1781	3695	0	0.00101
1334	4587	1	0.983
1031	141	1	0.989
1248	680	1	0.95
1068	2367	1	0.928
3955	4795	1	0.96
784	3078	1	0.961
3366	80	1	0.983
4860	1808	1	0.924
4214	2634	1	0.859
1585	1853	1	0.857
4736	1562	1	0.89
2584	4789	1	0.822
473	2660	1	0.826
4177	491	1	0.947
4597	4979	1	0.851
4084	1340	1	0.934
4893	1780	1	0.951
2478	4619	1	0.84
4857	4804	1	0.917
393	2707	1	0.999
4757	4200	1	0.997
4734	327	1	0.807
1930	3376	1	0.997
852	177	0	0.000467
2394	4888	1	0.863
4096	625	1	0.878
793	1254	0	0.000873
979	1842	0	0.00116
4212	2247	1	0.862
2598	2616	1	0.933
2328	2112	1	0.868
1502	4597	1	0.844
2193	4337	1	0.86
4165	388	1	0.842
4596	1852	0	0.00073
332	247	1	0.925
1365	3035	1	0.984
4846	3397	1	0.958
765	863	1	0.97
1220	4637	1	0.884
2929	2515	1	0.959
2749	1608	1	0.842
4925	3941	0	0.000429
3063	3048	0	0.000788
3416	2035	1	0.915
2424	3877	1	0.941
518	4552	1	0.934
1660	150	0	0.000203
157	784	1	0.924
320	4009	1	0.841
1036	2691	1	0.947
121	3877	1	0.879
2021	1969	1	0.995
3831	2000	0	0.00113
1819	2446	1	0.971
1235	1742	0	0.00021
4074	4259	1	0.943
4630	2115	1	0.847
3281	4355	1	0.851
4837	4775	1	0.839
3098	1779	1	0.983
958	4311	1	0.898
260	2164	1	0.864
3202	2160	1	0.803
4124	1320	1	0.867
3021	2528	1	0.818
1707	1375	0	0.0011
2790	1315	0	0.000526
298	2381	1	0.979
1280	4932	1	0.865
4634	4047	1	0.997
2739	2511	1	0.822
4250	1587	1	0.894
2389	1381	1	0.85
491	1674	1	0.91
1851	127	1	0.855
2501	4770	1	0.946
3692	1367	1	0.875
664	4468	1	0.947
72	3980	1	0.842
1374	100	1	0.878
3329	440	1	0.934
4136	4733	1	0.971
3070	106	1	0.875
3468	4616	0	0.000953
3690	2003	1	0.852
84	219	1	0.857
762	2334	1	0.978
1116	3079	1	0.944
3400	4806	1	0.971
1054	2661	1	0.808
105	1688	1	0.996
311	408	1	0.871
2776	855	1	0.856
1328	3650	1	0.947
3274	4919	1	0.804
2859	2531	1	0.85
704	1338	1	0.879
3840	3192	1	0.805
1683	502	0	0.00127
2615	4645	1	0.877
4001	2439	1	0.851
2167	643	1	0.985
1538	2130	1	0.823
4867	4569	1	0.803
2231	2991	1	0.993
4141	1628	1	0.894
3231	4013	1	0.831
911	3221	1	0.904
1990	3185	0	0.000898
1509	1783	1	0.872
4022	918	1	0.985
3278	1008	0	0.000993
722	4912	1	0.862
1087	3177	1	0.81
548	2267	1	0.856
2174	1622	1	0.943
1513	1608	1	0.811
417	2819	0	0.000963
1957	127	1	0.894
1093	2873	1	0.926
1779	2727	1	0.853
4396	1357	1	0.992
2926	4171	1	0.957
2975	1034	1	0.886
3474	944	1	0.994
2347	2301	1	0.852
4253	4564	1	0.831
136	1698	1	0.804
2108	1640	1	0.898
1501	2457	1	0.899
4453	3350	1	0.915
665	3132	0	0.000311
3723	1282	1	0.888
4348	4462	1	0.829
4869	3067	1	0.935
4014	2408	1	0.937
1347	4999	1	0.98
2576	4490	1	0.93
797	1036	1	0.846
3458	1363	1	0.948
2078	4454	1	0.813
3185	4098	1	0.913
44	98	0	0.000658
3139	4811	1	0.802
3073	422	1	0.861
3342	3416	1	0.906
571	4059	1	0.888
2481	2450	1	0.841
1311	2181	1	0.92
4195	2135	1	0.972
3120	4857	1	0.909
4915	1623	1	0.875
1696	3208	1	0.824
4663	3237	1	0.883
3704	3168	1	0.848
3271	2645	1	0.815
990	3598	1	0.917
666	13	1	0.838
4770	3092	1	0.918
1827	1084	1	0.851
3153	465	0	0.000766
4894	2379	1	0.836
1179	1558	1	0.811
785	1738	1	0.999
2180	1817	1	0.895
4559	1944	1	0.92
1859	622	1	0.915
966	3104	1	0.935
4085	2880	1	0.925
509	814	0	0.000373
4050	954	1	0.84
3786	68	0	0.000485
959	1278	1	0.92
3126	4939	1	0.924
3618	222	1	0.954
1292	2288	1	0.85
3968	405	1	0.85
2401	2005	1	0.841
4971	4302	1	0.865
2741	2212	1	0.818
312	3407	1	0.886
1282	4646	1	0.803
2422	1296	1	0.825
4827	3496	1	0.948
874	390	1	0.938
2091	1039	1	0.979
3369	3904	1	0.999
1025	916	1	0.973
2129	2353	1	0.939
4228	2797	1	0.986
2815	3226	1	0.951
4349	866	1	0.979
1529	545	1	0.989
3640	832	1	0.863
4262	770	0	0.000195
3554	919	1	0.814
3473	2133	1	0.821
4399	4810	1	0.852
183	4996	1	0.896
5	3401	1	0.9
2204	1112	0	0.00125
2697	45	0	0.000187
4962	355	1	0.821
153	1726	1	0.961
2640	2859	1	0.977
1028	3822	0	0.000745
2817	2471	1	0.985
526	976	1	0.981
3934	1558	1	0.913
46	4155	1	0.888
2024	278	1	0.928
2263	3896	1	0.921
4479	3687	1	0.974
2761	2588	1	0.906
4207	2593	1	0.959
4764	1099	1	0.968
214	277	1	0.94
948	3054	1	0.875
2831	1361	1	0.92
3944	1869	1	0.885
4152	3239	1	0.938
3379	259	1	0.857
2308	462	1	0.889
2177	2533	1	0.872
727	4407	1	0.84
4763	2932	1	0.851
4931	1000	1	0.994
1889	3384	1	0.817
2020	2391	1	0.899
4560	697	1	0.946
4275	2369	1	0.851
2890	2069	1	0.881
2920	4880	1	0.905
147	2153	1	0.941
2610	2914	0	0.000406
3453	1800	1	0.828
4510	620	1	0.903
3087	196	1	0.833
3656	159	1	0.855
4557	2579	1	0.907
282	435	0	0.000412
3341	2213	1	0.868
3007	2172	1	0.957
4840	3008	1	0.803
4513	1633	1	0.926
3841	182	1	0.866
2049	2754	1	0.854
1946	4173	1	0.824
163	1444	1	0.942
1836	312	1	0.994
1319	1838	1	0.873
1310	261	0	0.00079
905	1401	1	0.807
4541	4173	1	0.803
3633	3155	1	0.886
4294	3148	1	0.965
978	2389	0	0.000399
322	1660	1	0.92
2320	1282	1	0.828
2792	1043	1	0.883
389	182	1	0.944
3547	4094	0	0.000601
868	2302	1	0.932
642	1573	1	0.938
2428	166	1	0.904
2984	1155	0	0.00125
4407	1007	1	0.955
725	4389	1	0.802
2232	2827	1	0.958
4600	132	1	0.979
1530	4991	1	0.883
3233	2389	1	0.912
1786	3125	0	0.000603
3677	393	1	0.861
4558	2201	1	0.866
3787	357	1	0.974
4233	371	1	0.883
2623	414	1	0.951
655	544	1	0.987
2742	179	1	0.966
1146	3410	1	0.888
536	3114	1	0.982
910	2790	0	0.000933
4798	2237	1	0.985
2245	1754	1	0.844
4451	2167	1	0.968
6	170	1	0.931
4137	3712	0	0.00112
3485	3982	1	0.975
2240	4172	1	0.901
753	438	1	0.954
1207	2593	1	0.929
2089	4668	1	0.819
1815	1607	1	0.891
3156	4051	1	0.961
2487	5	1	0.955
2426	3048	1	0.807
805	4010	1	0.826
3266	1827	1	0.871
4832	2350	0	0.00127
1425	1332	1	0.871
3067	2038	1	0.811
218	244	1	0.972
3302	1801	1	0.835
91	326	1	0.833
4367	712	1	0.935
4526	1210	1	0.966
3938	3632	0	0.000292
2497	3157	0	0.00121
3301	706	1	0.997
4655	1471	1	0.978
1109	1700	1	0.999
1823	4974	1	0.818
4603	4532	1	0.856
1357	3184	1	0.83
1824	1528	1	0.863
2753	2039	1	0.95
3121	3122	1	0.933
640	404	0	0.00112
750	4829	1	0.88
3429	2201	1	0.912
24	3804	0	0.00113
365	4531	0	0.00058
2000	4811	0	0.000654
4844	399	0	0.000187
2645	4441	1	0.969
3028	2887	1	0.979
3403	2629	1	0.904
3052	1270	1	0.843
3375	572	1	0.884
4424	1960	1	0.996
3187	4102	1	0.865
3939	3184	0	0.000457
149	2205	1	0.99
2879	2476	0	0.00036
3394	1446	1	0.987
3401	1127	1	0.84
4960	3098	1	0.882
4255	1336	0	0.000226
3765	1903	1	0.902
4160	4758	0	0.00122
94	3801	1	0.859
4245	2227	1	0.878
3285	661	1	0.921
4713	946	1	0.934
3134	3912	1	0.984
968	4808	1	0.911
4594	3542	1	0.871
4678	3300	1	0.977
871	3425	1	0.96
3102	985	1	0.923
1880	3693	0	0.000904
532	503	1	0.921
4851	2395	1	0.835
2768	3028	1	0.935
4455	4009	1	0.953
3399	1354	1	0.837
3050	4837	1	0.812
4419	1538	1	0.9
2104	2238	0	0.000833
1813	3528	0	0.000384
4346	3889	1	0.922
1846	723	0	0.00102
569	4328	1	0.996
1904	243	1	0.972
3825	3622	0	0.000843
4004	3109	1	0.904
1882	783	1	0.848
2356	4376	1	0.905
1098	3044	0	0.000404
4702	4534	1	0.909
1195	3438	1	0.844
1144	419	1	0.875
2342	2209	1	0.983
2475	1269	1	0.934
1293	1902	1	0.89
4729	4038	1	0.88
1415	3917	1	0.928
2132	104	1	0.84
1449	1801	1	0.911
3752	627	1	0.941
1868	2812	1	0.841
4132	1870	1	0.948
3795	2667	0	0.000475
2653	3448	1	0.893
1268	4891	1	0.938
2477	3688	1	0.915
159	406	1	0.939
941	1073	1	0.926
4106	3660	1	0.951
4566	2568	1	0.849
2664	3852	1	0.894
2066	4228	1	0.927
4590	225	1	0.844
1945	2164	1	0.81
2127	4262	1	0.975
4866	29	1	0.824
2411	4063	1	0.866
4753	2594	1	0.897
2871	3466	1	0.815
3970	1788	0	0.000274
2740	3589	0	0.00103
3832	4490	1	0.862
2480	199	1	0.934
3513	3559	1	0.911
4890	2821	1	0.997
401	3152	1	0.988
4234	125	1	0.911
2632	2051	0	0.00073
3334	1793	1	0.912
1104	2633	1	0.967
3572	3777	1	0.957
1485	1121	1	0.81
3931	1054	1	0.868
4974	923	1	0.906
3875	4629	1	0.9
254	347	1	0.852
373	850	1	0.99
4340	2193	1	0.832
89	1	1	0.967
2579	40	1	0.813
2516	3640	1	0.993
3043	641	1	0.91
947	1763	1	0.85
3030	488	1	0.832
2997	3348	1	0.906
882	98	1	0.942
875	2494	1	0.924
1153	1436	0	0.000339
3462	4485	1	0.927
1631	1031	1	0.819
387	2038	1	0.879
1254	1211	1	0.924
2557	3719	1	0.962
1159	2370	1	0.974
1739	498	1	0.918
2433	3651	0	0.000204
3175	2420	1	0.971
4792	2806	1	0.916
3054	14	1	0.855
462	1037	1	0.806
2357	4877	0	0.0012
2991	4128	1	0.912
2405	76	1	0.934
3328	4813	1	0.801
2510	2453	1	0.951
1333	4778	1	0.831
4433	4915	1	0.963
1101	1790	0	0.000591
1364	396	0	0.000976
4551	1041	0	0.000783
4615	1609	1	0.958
2141	980	1	0.882
1508	3826	1	0.878
3339	3145	1	0.896
4316	793	0	0.000547
2445	1165	1	0.891
1446	2643	1	0.926
3976	2545	1	0.925
4026	859	1	0.952
4842	1434	1	0.956
4972	242	1	0.853
3635	1010	1	0.812
4095	3368	0	0.000504
4633	384	1	0.861
4735	1810	1	0.845
3180	3777	1	0.954
2819	2781	1	0.948
2122	2572	1	0.908
613	1663	1	0.953
3195	1474	1	0.857
2199	4231	1	0.916
2318	1538	1	0.906
3340	2770	1	0.917
2398	3492	0	0.000637
1959	3345	1	0.851
193	3436	1	0.966
4830	4722	1	0.832
1624	3495	1	0.882
3314	1455	1	0.998
4521	997	1	0.811
2381	1185	1	0.949
2886	59	1	0.81
109	65	1	0.85
4117	3046	1	0.975
4081	4379	1	0.911
3320	188	1	0.905
1381	3810	1	0.968
424	3297	1	0.975
788	1804	1	0.964
2613	4046	1	0.83
3762	1087	1	0.996
4129	1268	1	0.986
2375	2817	1	0.805
1858	4752	1	0.901
2509	70	1	0.977
2283	4364	1	0.868
1302	3438	1	0.973
2781	3555	1	0.831
3708	1532	1	0.884
890	897	1	0.822
4377	2976	1	0.922
3859	388	0	0.000299
4205	3254	1	0.864
4613	502	1	0.971
539	1329	1	0.958
2985	2367	1	0.992
420	625	1	0.945
48	1674	1	0.998
894	2285	0	0.000832
2488	916	1	0.823
336	3643	1	0.8
1897	1500	1	0.96
1198	3930	1	0.943
3282	4111	1	0.856
3637	928	0	0.000382
2215	1969	1	0.886
808	1281	1	0.966
1483	311	1	0.986
2556	1503	1	0.877
1698	65	1	0.951
4469	1493	1	0.969
2867	2152	1	0.823
4296	2931	1	0.884
2327	2918	1	0.885
970	2321	1	0.822
3419	1034	1	0.904
801	2738	1	0.957
2706	1634	0	0.00024
47	3107	1	0.918
3586	2295	1	0.922
1923	232	1	0.864
2948	805	1	0.83
2534	4043	1	0.904
2767	4059	1	0.862
4358	1165	1	0.865
2506	2191	0	0.000384
1770	1056	0	0.000598
1074	4313	1	0.832
4680	1592	0	0.000212
4224	4942	1	0.848
4488	4900	1	0.807
35	1860	1	0.943
458	4105	1	0.849
610	844	0	0.000195
1755	2290	1	0.875
4816	852	1	0.908
2763	2912	1	0.993
1807	3434	0	0.000931
4958	3268	1	0.938
650	2439	1	0.816
2312	469	1	0.867
4722	533	1	0.894
267	2790	1	0.801
615	902	1	0.861
1556	3368	1	0.988
3337	1572	1	0.967
4569	1870	1	0.835
2170	2698	1	0.819
4264	3389	1	0.851
3378	1903	1	0.838
2536	4746	0	0.000628
2519	4282	1	0.942
3475	3066	0	0.00115
4628	52	1	0.887
2875	105	1	0.915
3279	449	1	0.82
2339	2248	0	0.00035
4544	1303	0	0.00098
3391	830	1	0.85
2517	3880	1	0.978
2893	535	1	0.961
1924	2046	1	0.989
1874	3068	1	0.855
446	1350	1	0.907
1482	1053	1	0.997
3717	3448	1	0.95
681	1144	1	0.868
4248	555	0	0.000943
3307	2496	1	0.945
4929	2662	1	0.897
4009	3649	1	0.951
1500	472	1	0.824
2962	2676	1	0.987
68	444	1	0.959
3476	1695	0	0.000908
840	3098	1	0.916
3998	2745	1	0.854
1569	1808	1	0.848
936	1429	1	0.802
3286	2665	1	0.918
1317	3899	1	0.802
4934	4204	1	0.909
3381	1053	1	0.908
421	549	1	0.824
3512	2786	1	0.862
4068	1688	1	0.837
2376	2623	1	0.942
1757	711	1	0.918
4826	3172	1	0.889
292	4134	1	0.966
2505	1669	0	0.000454
1648	1242	1	0.992
100	1984	1	0.823
2981	1611	1	0.867
4053	3144	1	0.867
1457	2399	1	0.809
3029	3294	1	0.913
3313	1148	1	0.98
2757	1593	1	0.805
4668	3386	1	0.819
1389	4740	1	0.848
2830	675	1	0.886
2810	1387	1	0.894
2309	2910	1	0.844
3971	4837	1	0.933
3311	4928	1	0.962
3610	4	1	0.88
1091	2081	1	0.968
579	2292	1	0.97
2321	4745	1	0.851
1831	1023	1	0.811
1914	2147	1	0.858
1167	3816	1	0.904
4977	2982	1	0.801
4876	2717	1	0.981
2880	355	0	0.000264
3959	2484	1	0.843
1676	1571	1	0.859
506	398	1	0.946
2972	2121	1	0.848
2423	3602	1	0.99
3730	912	1	0.943
816	619	0	0.000637
2355	4673	1	0.844
2562	1823	1	0.946
3648	691	1	0.977
1041	614	0	0.000597
2145	2371	1	0.835
1191	973	1	0.997
1405	694	1	0.949
2187	2467	1	0.836
3631	1726	1	0.946
2676	670	1	0.952
2783	1451	1	0.803
719	4809	0	0.000166
2317	1986	1	0.989
4524	1016	0	0.00118
1863	1908	0	0.00109
4231	362	1	0.982
78	568	1	0.986
1809	571	1	0.99
2524	4488	1	0.83
1069	710	1	0.859
527	2951	1	0.965
2176	2574	0	0.000583
4885	4711	0	0.000721
3017	3856	0	0.000404
920	1542	1	0.953
4582	1461	1	0.831
540	1946	1	0.827
1137	3595	1	0.826
2665	787	1	0.831
1277	4288	0	0.000776
982	752	1	0.915
1792	1472	1	0.803
4038	289	1	0.823
19	2787	1	0.963
2910	792	1	0.838
2323	2493	1	0.848
3461	3854	1	0.808
2794	2514	1	0.871
97	1065	1	0.969
4704	3709	1	0.984
4545	766	1	1
730	24	1	0.86
969	1016	0	0.00105
611	913	1	0.974
670	446	1	0.973
3515	3607	1	0.856
3356	1779	0	0.00102
1605	3776	1	0.801
2944	3037	1	0.839
2901	1037	1	0.937
2748	3027	1	0.887
1105	876	1	0.875
270	1933	0	0.000827
1438	857	1	0.93
769	1353	1	0.916
4337	2310	1	0.879
4504	1275	1	0.975
18	2751	1	0.983
4441	2645	1	0.988
3079	4831	1	0.921
3535	4204	1	0.868
4097	1851	1	0.856
1576	2454	1	0.962
1723	1994	1	0.812
4254	3607	1	0.95
1804	1420	1	0.85
1348	395	1	0.921
1746	1778	1	0.939
1245	4604	1	0.983
1861	2855	1	0.943
2040	1433	1	0.821
931	195	0	0.000821
2198	4882	1	0.803
2916	783	0	0.000819
3418	2952	1	0.894
4181	4339	1	0.926
2432	2017	1	0.965
2329	4596	1	0.958
3682	81	1	0.903
73	1830	1	0.988
2766	2672	1	0.86
1531	3356	1	0.864
833	229	1	0.941
4963	4218	1	0.959
1758	1090	1	0.875
1729	202	1	0.939
4607	2167	1	0.863
2547	2440	1	0.883
2316	3312	1	0.846
3967	887	1	0.873
2302	868	1	0.955
3929	3542	0	0.000464
3032	2155	1	0.942
319	2606	1	0.95
2756	1498	1	0.859
2407	1888	1	0.811
4591	1102	1	0.92
1454	3751	1	0.836
3451	1339	1	0.835
4104	2734	1	0.821
3619	3929	1	0.939
2919	213	0	0.00106
4005	60	1	0.841
4567	2173	1	0.995
2008	4693	1	0.882
717	4657	0	0.00124
2921	289	1	0.961
307	4852	1	0.809
559	3110	1	0.972
3676	4895	0	0.00107
2834	735	1	0.844
3009	4625	0	0.000247
1730	341	1	0.823
3800	2292	1	0.901
1487	2912	1	0.912
2247	1185	1	0.949
859	179	1	0.853
1147	3222	1	0.888
4046	4762	1	0.802
2743	574	1	0.962
4251	3563	0	0.000169
862	4799	1	0.901
1308	553	0	0.000819
1536	4577	1	0.894
3550	762	1	0.834
4229	1141	0	0.000627
3973	2477	1	0.905
4292	1776	1	0.877
4342	163	1	0.837
49	1956	1	0.994
2379	2848	1	0.959
1354	3658	1	0.89
4781	526	1	0.837
4999	287	1	0.988
1287	1148	1	0.881
408	311	1	0.861
2190	3949	1	0.942
43	1444	1	0.864
3505	2961	1	0.894
4980	1457	1	0.857
3305	1060	1	0.887
1719	4736	0	0.000831
4750	2042	1	0.861
2829	1963	1	0.847
3742	2673	1	0.822
3466	1121	1	0.899
2844	769	1	0.853
544	4369	1	0.918
1173	1789	1	0.896
1470	1523	1	0.906
4285	374	1	0.878
483	4752	1	0.977
4768	404	1	0.945
3189	1328	1	0.841
4064	1388	1	0.924
687	155	1	0.967
602	4827	1	0.948
132	2076	1	0.98
1582	2048	1	0.876
1682	3498	1	0.873
1427	4671	1	0.9
2835	2455	1	0.876
3141	3933	1	0.871
915	3442	1	0.802
545	4417	1	0.943
219	353	1	0.922
472	124	0	0.000929
3061	4415	1	0.965
1558	4506	1	0.803
152	2649	1	0.929
1424	2277	0	0.00111
1907	1421	1	0.897
3220	259	1	0.956
3498	3239	1	0.833
3943	2748	1	0.888
605	4260	1	0.919
3629	286	1	0.85
1966	167	1	0.909
3761	787	1	0.904
3555	3524	1	0.83
2542	2090	0	0.00113
4042	140	0	0.000576
363	122	1	0.897
1294	2406	0	0.000493
4280	804	1	0.823
2624	406	1	0.919
4487	796	1	0.933
995	3012	1	0.961
2849	1359	1	0.825
2492	2780	1	0.888
1626	1747	1	0.968
1525	4600	1	0.981
4519	170	1	0.813
3754	2115	1	0.817
796	4810	0	0.000502
3548	3654	1	0.958
1284	1078	1	0.888
164	386	1	0.917
3431	462	1	0.985
3517	4133	1	0.987
1236	573	1	0.875
4612	1371	1	0.9
2011	3242	1	0.884
2555	2659	1	0.989
4376	3016	1	0.992
1239	2350	1	0.923
230	1577	0	0.000755
4307	3286	1	0.812
4304	4154	1	0.803
2728	44	0	0.000645
3326	2645	0	0.000637
4543	4147	1	0.899
2639	3554	1	0.98
4616	2626	1	0.808
773	4720	1	0.853
1543	2758	1	0.86
3694	107	1	0.876
280	370	0	0.000325
4017	2360	1	0.902
1607	2379	1	0.926
3669	2459	1	0.923
2103	4124	1	0.968
4086	4604	0	0.00075
3227	1410	1	0.801
1063	810	1	0.925
1989	1239	0	0.00109
3114	3445	1	0.889
4090	2047	0	0.000621
4150	106	0	0.000627
1225	3302	1	0.814
4562	1626	0	0.00102
4	1204	0	0.00105
4341	3321	1	0.912
1322	3864	1	0.856
3224	166	1	0.865
3612	1810	1	0.886
2027	1450	1	0.902
3018	521	1	0.804
2707	1059	1	0.873
4571	595	0	0.000317
2479	237	0	0.00121
2928	1498	1	0.838
1967	1865	1	0.891
4675	4149	1	0.842
3346	3040	1	0.991
3047	3888	0	0.000164
3796	2135	1	0.886
2482	2134	1	0.866
1995	2035	1	0.875
3081	215	1	0.831
1697	142	1	0.901
2949	4671	0	0.000168
1520	1680	1	0.835
3706	1448	0	0.000377
566	886	1	0.801
158	2427	1	0.939
1	4285	0	0.00121
1877	2544	1	0.865
4301	4922	1	0.83
897	1974	1	0.978
746	663	1	0.907
1761	1433	1	0.991
854	3774	1	0.906
39	3206	1	0.839
3905	76	1	0.845
1571	1849	1	0.837
4775	3475	1	0.92
4075	3681	1	0.891
1516	1760	1	0.893
1896	446	0	0.000335
2493	2844	1	0.833
2559	312	1	0.944
2851	18	1	0.901
4744	3436	1	0.831
823	4626	0	0.00126
1802	3911	1	0.912
2495	1763	0	0.000453
4392	3409	1	0.987
922	2918	1	0.928
696	2611	1	0.826
821	839	1	0.989
3349	1470	1	0.898
3861	4611	1	0.936
4742	182	0	0.000581
3051	1685	1	0.993
3486	4729	1	0.89
4365	209	1	0.986
981	3728	1	0.881
357	1661	1	0.978
358	1973	1	0.994
2269	233	1	0.932
1285	205	1	0.924
690	2752	1	0.981
1608	1513	1	0.896
2065	4486	1	0.905
3839	1790	0	0.00116
4935	1600	1	0.955
2185	3231	1	0.923
3945	1786	1	0.871
3673	141	1	0.832
2278	4976	1	0.88
4051	1701	1	0.844
1984	570	1	0.947
2468	1341	1	0.891
2214	1150	1	0.831
4452	348	1	0.833
3404	3187	1	0.864
2254	4362	0	0.000522
3023	20	1	0.82
383	4260	1	0.992
2548	2918	1	0.832
4443	85	1	0.934
4647	257	1	0.836
4614	3411	0	0.00121
4032	2580	1	0.872
4338	4815	1	0.818
38	51	1	0.882
932	3770	1	0.832
2694	4346	1	0.884
842	2470	1	0.941
1046	556	1	0.855
858	3357	1	0.996
1211	793	1	0.969
2804	1265	0	0.000307
4237	1111	1	0.824
1625	419	1	0.982
409	1426	1	0.91
34	2928	1	0.815
1778	440	1	0.966
776	1245	1	0.906
1462	3490	1	0.912
3322	1304	0	0.000316
1714	477	1	0.882
1564	495	0	0.000334
11	646	1	0.889
3847	1751	0	0.000543
4019	360	1	0.818
2779	585	1	0.909
4421	3129	1	0.953
3226	2504	1	0.82
2437	4749	1	0.977
4374	2573	1	0.954
2945	4620	1	0.906
3097	659	1	0.815
1806	4795	1	0.904
2097	3049	0	0.000628
4649	1109	1	0.982
2341	1064	1	0.883
4052	2385	1	0.817
275	1763	0	0.000716
2192	1810	1	0.879
4390	170	1	0.964
2338	3687	0	0.000828
1076	3398	1	0.886
4209	4440	1	0.816
3833	529	1	0.935
2119	706	1	0.979
1641	2235	1	0.851
3775	4864	1	0.857
3641	1117	1	0.912
3158	2602	1	0.986
1142	286	1	0.928
3961	973	1	0.885
635	10	1	0.898
1679	3437	1	0.93
1251	277	1	0.978
2093	1544	1	0.987
918	77	1	0.923
908	2341	1	0.997
2643	3466	1	0.961
3700	4808	1	0.922
2458	827	1	0.934
3036	2357	1	0.933
306	1078	0	0.000336
1596	1536	1	0.975
2884	1270	1	0.887
2773	3565	0	0.00123
3703	3585	1	0.882
4400	4940	1	0.84
4361	636	1	0.956
2820	2237	1	0.805
4912	94	1	0.834
2512	237	1	0.837
4813	1356	1	0.81
1071	57	1	0.946
4535	2995	1	0.87
2229	4142	1	0.918
3999	1483	1	0.883
4058	1905	1	0.982
2266	715	1	0.968
4979	4933	1	0.939
2965	3628	1	0.993
1662	1582	1	0.966
881	2205	0	0.00105
2612	408	0	0.000195
3188	3784	0	0.00035
1117	897	0	0.000332
2220	1993	1	0.902
1471	3703	1	0.859
287	1576	0	0.000529
99	178	1	0.852
4352	4981	1	0.818
1687	4993	1	0.802
499	3077	1	0.861
2166	3297	1	0.818
143	4194	1	0.848
4565	1729	1	0.88
4619	1977	1	0.976
4957	2744	1	0.961
2344	902	1	0.943
1825	4639	1	0.938
2923	3087	1	0.921
2034	1237	1	0.965
2196	4555	1	0.946
4853	2128	1	0.86
1118	3724	1	0.834
3616	371	0	0.00103
3218	381	1	0.944
1279	76	1	0.892
1160	374	0	0.00127
4882	2097	0	0.00115
276	3957	1	0.886
4833	4983	1	0.876
2881	2955	1	0.827
4153	569	1	0.976
3297	4494	0	0.000639
4967	72	1	0.823
3571	1346	1	0.954
729	4618	1	0.927
194	3467	1	0.844
3910	4843	1	0.864
2377	4267	1	0.91
1352	2498	1	0.818
641	135	1	0.807
4119	3386	1	0.874
3091	4942	1	0.83
2393	271	1	0.988
1021	237	1	0.801
374	2724	1	0.999
4393	1065	1	0.861
3791	3235	1	0.815
3162	2173	1	0.969
4475	3380	1	0.912
2364	3530	0	0.000736
3487	2797	1	0.982
1140	729	1	0.902
654	4320	1	0.931
228	1204	1	0.807
2513	4595	1	0.982
211	2496	1	0.966
2195	712	1	0.893
4602	3287	1	0.954
477	3375	1	0.903
3014	552	1	0.986
3770	1301	1	0.941
3940	386	1	0.907
680	1248	1	0.911
4983	3542	1	0.814
3080	249	1	0.874
4405	3758	1	0.842
4055	1901	1	0.907
4241	602	1	0.977
3136	2732	1	0.927
678	3173	1	0.984
1132	3655	1	0.883
234	4665	1	0.83
2450	4369	1	0.907
3695	403	1	0.951
4716	3196	1	0.869
2633	1672	1	0.937
4620	920	1	0.886
699	382	1	0.987
2449	2940	0	0.00103
4674	388	1	0.823
3001	672	1	0.881
523	2084	0	0.00117
2837	779	1	0.936
2802	1874	1	0.845
274	380	1	0.825
2004	1051	0	0.00053
694	4168	1	0.895
2533	2824	1	0.942
337	879	1	0.948
1573	1343	1	0.929
3773	4671	0	0.00076
1664	2967	1	0.988
4797	4841	1	0.957
1307	2770	1	0.863
3802	3963	1	0.81
2191	925	1	0.939
700	4166	1	0.807
3714	4898	1	0.987
1645	741	1	0.98
1949	2257	1	0.815
3560	1702	1	0.855
3204	352	1	0.823
2529	1467	1	0.888
4534	1861	1	0.83
1286	1425	1	0.907
3979	264	1	0.806
4343	2201	1	0.851
2392	3533	1	0.969
525	3109	1	0.901
4884	1283	1	0.848
2841	4601	0	0.000868
370	3642	1	0.882
2642	238	1	0.895
2973	501	1	0.937
3625	2267	1	0.934
597	1315	1	0.989
4608	561	0	0.000185
4507	4548	1	0.986
2636	733	1	0.83
3348	2667	1	0.941
2566	1886	1	0.851
2015	1033	1	0.8
449	4723	1	0.844
2291	2948	1	0.83
3354	4772	0	0.000861
542	437	1	0.924
304	801	1	0.891
4277	3336	0	0.0011
2035	161	1	0.867
4933	776	1	0.832
28	257	1	0.825
1799	1563	1	0.9
2622	4497	1	0.985
2725	937	1	0.916
166	3360	1	0.882
4273	2804	1	0.887
4703	2821	1	0.969
644	632	0	0.00103
4992	897	1	0.903
1199	2470	1	0.872
4811	2410	1	0.865
3811	961	0	0.000316
1296	786	0	0.00021
825	4534	0	0.000591
4592	2428	1	0.96
3304	2877	1	0.882
3361	2071	1	0.849
3527	4362	1	0.885
3377	4569	1	0.948
4700	1039	1	0.847
241	3042	1	0.856
4415	515	1	0.832
1848	4136	1	0.85
2791	3421	1	0.944
4161	1254	1	0.825
1590	76	1	0.803
177	1894	1	0.952
3568	607	1	0.903
593	1961	1	0.978
3510	1458	1	0.874
3229	536	1	0.88
1369	1724	1	0.929
4447	3188	1	0.901
245	4321	1	0.809
1060	153	0	0.000965
4375	3328	1	0.818
4817	700	1	0.875
3257	524	1	0.869
3834	324	1	0.821
3755	552	1	0.86
4791	1666	1	0.919
2978	4232	0	0.000622
1097	4649	1	0.854
3942	4832	1	0.896
4039	443	0	0.000515
3814	2006	0	0.00085
993	1716	1	0.943
834	3087	1	0.857
4379	1200	1	0.807
1055	3509	1	0.996
1768	1053	1	0.981
2123	3413	1	0.991
2299	2404	1	0.881
2310	1515	1	0.85
313	1339	1	0.891
1681	721	1	0.833
2637	1137	1	0.921
231	692	1	0.892
1797	2846	1	0.979
236	3003	1	0.825
4091	1683	1	0.991
2801	1682	0	0.00106
1837	3833	1	0.814
3686	130	1	0.933
3491	4307	1	0.944
652	4872	0	0.00107
3530	3593	0	0.000172
731	534	1	0.847
3318	2209	0	0.000771
3528	4987	1	0.899
4291	2468	0	0.000965
327	4134	1	0.962
1749	2916	1	0.893
4686	3707	1	0.979
4730	4279	1	0.822
1079	3613	1	0.968
14	389	1	0.999
4429	2298	1	0.902
4547	4087	1	0.911
4946	560	0	0.000954
3805	4758	1	0.838
20	3634	1	0.865
4417	4537	0	0.000804
1841	4241	0	0.00108
4728	2953	1	0.878
1177	4256	1	0.87
2572	2269	1	0.881
3990	1115	1	0.962
3253	2164	1	0.833
170	641	1	0.823
4317	4837	1	0.899
2775	4740	1	0.962
3110	1247	0	0.000392
1318	2350	1	0.861
4089	2346	1	0.84
851	1085	1	0.958
4066	3983	0	0.00113
3984	1406	1	0.903
3932	4668	1	0.979
4261	314	1	0.926
1422	4965	0	0.00058
4531	4729	1	0.899
528	4773	1	0.878
396	4570	1	0.927
954	856	1	0.876
229	639	1	0.909
4819	2744	1	0.89
3057	166	1	0.902
1194	4047	1	0.901
3124	1334	0	0.00038
3599	3994	1	0.881
2092	3682	1	0.884
1691	656	1	0.957
3824	3883	1	0.904
4468	3588	1	0.949
2484	3240	1	0.979
448	1304	1	0.894
1638	714	1	0.859
4627	738	1	0.957
617	3565	1	0.994
3234	1085	1	0.829
2050	119	1	0.952
354	3779	1	0.868
1081	509	1	0.957
2151	4010	1	0.906
1001	4884	1	0.887
1218	4214	1	0.869
4995	2706	1	0.803
4696	4414	1	0.957
1805	4694	1	0.891
2765	869	1	0.971
2502	505	1	0.905
3764	1104	1	0.954
4667	4248	1	0.992
4737	3115	1	0.888
3386	1996	1	0.907
369	35	1	0.89
1127	1974	1	0.892
2372	3256	1	0.973
2939	2672	1	0.957
1358	1717	1	0.87
4794	247	1	0.823
1166	4103	0	0.00075
1229	548	1	0.945
3290	2316	1	0.98
2673	125	1	0.847
2217	2470	1	0.821
837	1817	1	0.811
134	1399	1	0.892
3291	2090	0	0.000942
315	1558	0	0.000511
2717	3930	0	0.00103
4905	3726	1	0.937
108	1762	1	0.923
1491	1237	1	0.897
658	2160	1	0.853
3536	1638	1	0.95
2306	1141	1	0.886
2233	2153	1	0.85
3552	3317	1	0.88
1734	903	1	0.904
4733	358	1	0.948
884	3185	1	0.886
1888	1235	1	0.986
3818	4633	1	0.914
1929	4037	1	0.871
15	2082	1	0.995
4008	3376	1	0.978
2503	868	1	0.906
2843	4348	1	0.959
1731	58	0	0.000189
4098	3185	1	0.876
32	3638	1	0.921
1557	460	1	0.935
504	119	0	0.000857
3587	1796	1	0.848
4263	3367	1	0.854
2567	4335	1	0.969
3851	4468	1	0.819
4123	2654	1	0.844
1619	440	1	0.802
1527	1315	1	0.822
2873	4302	1	0.968
896	924	0	0.00106
3913	4408	1	0.958
156	874	1	0.9
2244	135	1	0.817
1223	3402	1	0.878
1814	311	1	0.842
4225	1233	1	0.972
179	2280	1	0.92
221	87	1	0.868
2448	944	1	0.82
3797	1033	1	0.807
4196	3768	1	0.849
4891	1836	0	0.000506
3712	1983	1	0.91
4911	1001	1	0.982
3916	2853	0	0.000395
248	1196	1	0.956
197	687	1	0.861
3546	1936	1	0.885
779	4637	1	0.805
1233	4622	1	0.936
4550	2472	1	0.967
4194	3451	1	0.918
3896	1357	1	0.801
914	4254	1	0.939
2262	595	1	0.81
1107	28	1	0.8
3817	4202	1	0.932
2902	180	1	0.859
3726	3997	1	0.986
3885	14	1	0.861
16	4394	1	0.879
2459	4702	0	0.000945
88	4154	1	0.914
4442	4877	0	0.000398
3494	1486	1	0.89
3038	948	1	0.843
1410	3364	1	0.801
2366	3799	1	0.972
707	867	1	0.993
3591	4132	1	0.918
887	1392	1	0.86
4394	4197	1	0.917
3808	1684	1	0.966
1495	1802	1	0.863
2544	1803	1	0.928
2998	1659	1	0.837
4917	2731	1	0.925
2958	3306	1	0.918
4391	1881	1	0.866
3209	4913	1	0.839
4490	662	1	0.986
139	186	0	0.000816
2120	2322	1	0.867
4366	3492	1	0.846
3506	436	1	0.906
1131	83	1	0.809
3217	1488	1	0.878
1088	1089	0	0.000914
1890	2921	1	0.997
1429	3861	1	0.909
3244	1191	1	0.848
425	3219	1	0.996
780	4276	1	0.981
4404	3751	1	0.818
187	2620	1	0.852
4789	1264	1	0.897
2030	1595	0	0.000896
891	3938	1	0.915
1208	669	1	0.995
2290	1755	1	0.82
2957	2758	1	0.809
683	751	1	0.801
4113	1502	1	0.987
1689	1752	0	0.00108
3440	4046	1	0.927
1262	353	1	0.968
2574	2020	1	0.896
4464	1760	1	0.867
4331	107	1	0.828
524	4138	1	0.863
1552	1316	1	0.844
4644	873	1	0.899
3308	3645	1	0.931
1980	4117	1	0.892
4191	426	0	0.00124
487	2656	1	0.812
1504	3080	1	0.816
3493	1423	0	0.00109
2025	2359	1	0.819
2839	917	1	0.961
1271	747	1	0.805
2414	943	1	0.889
191	208	1	0.88
416	2080	1	0.876
2016	2014	1	0.918
1443	2318	1	0.803
4073	1024	0	0.000311
3338	4978	1	0.828
418	2705	1	0.949
1519	1100	1	0.988
2772	3222	0	0.00128
447	1799	1	0.98
838	4645	1	0.815
3012	4737	1	0.96
3272	3445	1	0.836
1567	4005	1	0.87
4242	2498	1	0.964
1092	3410	1	0.88
198	4086	1	0.843
2134	2811	1	0.896
659	1613	1	0.826
3321	1790	1	0.828
7	2717	0	0.00121
965	2054	1	0.97
1493	1363	1	0.989
2158	3808	1	0.853
3197	3467	1	0.878
712	4862	1	0.989
863	2511	1	0.963
2909	2444	1	0.845
2832	2080	1	0.969
2260	670	1	0.871
3370	1424	1	0.941
531	77	1	0.916
4508	498	1	0.812
4691	2596	1	0.811
1256	2702	1	0.938
774	3659	0	0.00106
1330	117	1	0.821
4968	836	1	0.855
1925	2462	0	0.00103
1456	1246	1	0.876
1056	3797	0	0.000519
1193	3473	1	0.979
1745	3987	0	0.00102
2846	1091	1	0.982
3113	1651	1	0.818
4306	126	0	0.000227
511	3797	1	0.885
4175	2202	1	0.879
4093	3558	1	0.834
4584	1939	1	0.828
1657	885	1	0.996
3236	4428	1	0.822
476	4924	1	0.892
2153	2786	1	0.877
3879	2060	1	0.962
877	4187	1	0.873
1253	928	1	0.914
4368	1234	1	0.899
400	1749	1	0.976
3034	342	1	0.861
3289	1679	0	0.000946
2993	2851	0	0.000364
4765	1187	1	0.821
4247	2496	1	0.841
4906	3595	1	0.984
4120	675	0	0.000547
2569	1511	1	0.842
4347	698	1	0.985
3883	378	1	0.868
3573	1225	1	0.981
3499	2227	1	0.899
1237	4701	1	0.885
3471	1150	1	0.826
1070	2262	0	0.000468
3519	1726	1	0.946
3685	684	1	0.983
898	430	1	0.833
1299	4604	1	0.848
2069	4200	1	0.997
3222	3518	1	0.969
3160	990	1	0.842
934	2218	1	0.952
1428	283	1	0.828
3049	3228	1	0.941
3142	133	1	0.979
2088	2063	1	0.975
2026	4264	1	0.858
2047	2439	1	0.8
2206	4949	1	0.944
3948	233	1	0.933
1534	3	1	0.867
2538	2437	0	0.000471
1833	1392	1	0.951
1856	568	1	0.999
4168	1316	0	0.000743
4650	3794	1	0.931
4297	623	1	0.887
42	60	0	0.000934
344	1147	1	0.996
3383	3903	1	0.907
3092	4770	1	0.847
1350	4896	1	0.864
4157	2921	1	0.972
2367	1514	1	0.929
444	150	1	0.919
4397	263	1	0.848
2977	2715	1	0.979
4167	4473	0	0.000184
3813	1737	1	0.84
1922	2074	1	0.922
81	4082	1	0.887
4012	494	1	0.952
1941	3105	1	0.995
4606	3235	1	0.949
585	1368	0	0.000918
2490	592	1	0.946
709	3886	1	0.982
2611	3854	1	0.916
4831	1116	1	0.809
3856	357	1	0.804
3094	627	1	0.833
4836	920	1	0.826
4169	91	1	0.893
2999	2652	1	0.947
815	122	1	0.841
240	24	1	0.842
4723	449	1	0.879
4427	405	1	0.937
574	1092	1	0.936
2602	1795	0	0.000285
3693	3391	1	0.961
4687	1265	1	0.89
1130	1179	0	0.000239
2383	2878	0	0.000865
517	2978	1	0.941
1561	1626	1	0.965
1940	585	0	0.000262
1210	4363	1	0.909
480	1835	1	0.931
791	458	1	0.8
2498	960	1	0.82
636	2003	1	0.822
406	2592	1	0.851
4748	2263	1	0.905
2142	1192	1	0.86
4751	2586	1	0.863
2904	1035	1	0.842
232	1194	1	0.986
2325	3258	0	0.000229
4907	4124	0	0.000968
4116	464	1	0.982
1349	161	1	0.971
2230	1752	1	0.997
1725	1879	0	0.000444
4088	3310	1	0.997
2650	4198	1	0.868
1740	4667	1	0.992
1048	1235	1	0.881
4660	2157	1	0.901
13	1436	1	0.947
1234	295	1	0.993
1014	184	1	0.953
1304	514	1	0.838
2012	2177	1	0.896
2961	273	1	0.876
4222	3682	1	0.953
4964	2344	1	0.889
1718	1611	1	0.917
1673	809	0	0.00124
1992	404	1	0.953
3902	1388	1	0.84
813	4458	1	0.966
3336	716	0	0.000411
2690	2471	1	0.816
2504	2320	1	0.954
1869	558	1	0.883
2032	2821	1	0.982
3407	93	1	0.97
492	40	1	0.977
3850	3910	1	0.931
66	1581	1	0.852
2853	391	1	0.875
335	2233	1	0.861
4351	298	1	0.826
598	2301	1	0.929
398	1677	1	0.885
1418	597	1	0.93
262	3384	1	0.855
1392	4088	1	0.964
3425	700	1	0.835
3647	2485	1	0.85
878	1900	1	0.978
3147	3701	1	0.877
3261	4335	1	0.882
4282	4046	1	0.931
3581	4005	0	0.000641
807	151	1	0.875
2990	3055	1	0.878
1184	2107	1	0.894
4724	1595	1	0.969
1591	312	1	0.899
1163	1544	1	0.994
705	3202	1	0.925
1172	2212	1	0.851
4598	2045	1	0.903
663	4593	1	0.874
4625	1662	1	0.97
621	154	1	0.873
4087	492	1	0.985
1165	49	1	0.858
41	1122	1	0.91
2543	2718	1	0.98
1264	1333	1	0.941
237	458	0	0.000369
3549	1585	1	0.945
4897	2443	1	0.932
2163	2028	1	0.882
3140	1824	1	0.913
985	932	1	0.985
1224	931	1	0.948
2044	2400	1	0.91
4461	2582	1	0.843
723	4091	1	0.938
1704	576	1	0.981
1871	514	0	0.00123
573	714	1	0.998
3128	629	1	0.851
1879	1725	0	0.0011
3950	677	1	0.951
935	4988	1	0.902
1503	4172	1	0.805
4888	3427	1	0.993
2160	1118	1	0.883
1474	3195	1	0.973
3974	1548	1	0.815
1586	2962	1	0.918
1047	1390	0	0.000995
4932	1845	1	0.851
4457	2611	1	0.927
361	1800	1	0.865
706	516	0	0.000281
1906	523	1	0.958
3828	4027	1	0.815
4785	4515	1	0.857
3179	2279	1	0.811
3428	2226	1	0.854
1818	4162	1	0.979
2994	633	1	0.937
4864	491	1	0.918
2709	1628	1	0.985
2261	3054	1	0.921
847	3200	1	0.948
4944	3711	1	0.821
2314	3005	1	0.986
2096	3964	1	0.801
1887	2567	1	0.841
2067	284	1	0.917
1796	337	0	0.000986
4218	1477	1	0.88
1003	375	1	0.918
206	4373	1	0.884
2888	1742	1	0.893
2941	2537	1	0.818
3748	1770	0	0.000861
2528	399	1	0.987
2967	9	1	0.882
846	1983	1	0.869
2200	3321	1	0.884
2179	1244	0	0.000545
294	3285	1	0.87
3844	2717	1	0.893
1553	3343	1	0.841
2250	4309	1	0.907
977	301	1	0.836
4611	3786	1	0.803
4809	4970	1	0.99
3739	2336	1	0.841
2029	141	1	0.896
3721	603	1	0.908
913	3449	1	0.912
481	131	1	0.989
4970	12	1	0.956
567	991	1	0.931
1695	4372	1	0.907
253	4347	1	0.879
428	834	1	0.845
3936	436	1	0.94
1375	2448	1	0.971
764	4586	1	0.86
2760	1563	1	0.952
3058	2908	1	0.8
1898	1	1	0.984
54	3710	1	0.958
1872	2813	1	0.828
4502	3849	0	0.000603
2616	3762	1	0.865
2778	3049	1	0.844
749	1122	1	0.944
956	3811	1	0.958
3763	1305	1	0.966
93	1852	1	0.856
3652	3406	1	0.98
643	1385	1	0.884
2080	3059	1	0.899
3937	1517	1	0.911
2964	1413	1	0.955
1175	726	0	0.00081
2935	4396	1	0.936
3164	4744	1	0.862
1668	1635	1	0.892
4344	2883	0	0.000496
4166	2003	1	0.913
1323	1911	1	0.966
2110	4994	1	0.997
3589	4437	1	0.927
4516	1300	1	0.908
4699	3442	1	0.943
98	44	1	0.943
2388	4335	1	0.964
3074	1705	1	0.893
2861	1625	1	0.928
2947	2418	1	0.832
180	480	0	0.000921
987	1884	1	0.805
2128	3123	1	0.986
3056	2205	1	0.805
3886	4884	1	0.98
2095	4411	0	0.000635
3280	81	1	0.982
2099	3205	1	0.85
1747	1561	1	0.911
190	1290	1	0.849
325	747	0	0.00053
2100	1076	1	0.853
2371	900	1	0.919
4279	1813	1	0.812
3509	2474	1	0.966
2334	421	1	0.901
1371	172	1	0.984
2940	3665	1	0.826
2661	3184	0	0.00114
3500	5	1	0.845
1702	723	1	0.858
3472	1988	0	0.000181
64	4593	1	0.891
2647	3575	0	0.000838
2641	2165	0	0.00087
4115	4647	1	0.943
631	1826	1	0.851
2936	2428	1	0.991
1665	2078	1	0.965
633	3867	1	0.863
1149	1182	0	0.000858
2359	3936	0	0.000288
2138	213	1	0.855
3866	3711	1	0.919
2462	794	1	0.847
175	170	1	0.928
2560	870	0	0.000422
4243	4670	1	0.839
3778	1538	1	0.876
2460	9	1	0.843
3497	602	0	0.00038
2918	1230	1	0.951
3225	2248	1	0.805
2604	2048	1	0.944
2588	3927	1	0.856
293	1535	1	0.989
581	1177	1	0.89
4718	2025	0	0.000982
215	943	0	0.000384
140	1421	0	0.000864
2223	3679	1	0.935
1784	4645	1	0.887
799	2587	1	0.996
1192	1527	1	0.826
4523	115	1	0.996
2140	586	1	0.92
2894	357	1	0.855
2570	434	1	0.94
4688	92	1	0.934
1540	1276	1	0.815
4654	4195	1	0.997
2704	2355	1	0.91
2726	760	1	0.904
2085	1800	1	0.951
1562	581	1	0.812
1004	439	0	0.000872
4814	955	1	0.885
2736	1298	1	0.921
2917	4494	1	0.922
1616	3436	1	0.925
4472	4358	1	0.938
2995	1804	1	0.842
4982	3274	1	0.931
4079	3572	1	0.935
1850	2953	1	0.844
3232	2881	1	0.818
4411	4353	1	0.962
1019	3798	1	0.947
2731	2501	1	0.859
4537	1012	1	0.894
4286	144	0	0.000312
2054	260	1	0.822
4681	668	0	0.00102
2597	1790	1	0.994
3820	1433	1	0.828
399	2496	0	0.000445
1971	4804	1	0.965
233	174	0	0.000392
1646	2003	1	0.823
4484	473	1	0.836
4197	16	1	0.803
2429	2813	1	1
3720	1054	1	0.953
4645	2459	1	0.809
434	2512	1	0.871
2895	2196	1	0.931
4665	4752	1	0.959
1720	1664	1	0.84
853	186	0	0.000974
392	1999	1	0.841
2646	1201	1	0.915
4959	1084	1	0.871
3583	4049	0	0.000919
2924	1841	1	0.804
609	903	1	0.876
3484	1793	1	0.921
2565	2187	1	0.902
688	4884	1	0.862
1373	4370	1	0.872
2435	607	1	0.964
3448	4417	0	0.000886
733	4828	1	0.958
123	4037	1	0.869
1469	630	1	0.956
3924	577	1	0.94
104	2799	0	0.000593
2102	1247	1	0.865
173	1014	1	0.93
1699	4971	0	0.000836
3133	2202	1	0.935
2950	146	1	0.817
4528	1960	1	0.995
1678	994	1	0.984
3963	1063	1	0.867
4854	4822	1	0.81
888	2533	1	0.947
4921	4673	0	0.00106
1421	2701	1	0.91
3148	160	1	0.879
3041	4959	1	0.999
803	2910	1	0.911
766	3967	1	0.93
3707	3322	1	0.848
3853	3421	1	0.96
1912	3865	1	0.804
2279	519	1	0.924
4697	2249	1	0.911
677	781	1	0.984
3747	1159	1	0.834
308	2838	0	0.00114
3359	3702	1	0.908
4609	2110	1	0.898
831	1653	1	0.843
3116	2220	1	0.945
2125	1838	1	0.921
4878	825	1	0.941
1849	1145	1	0.943
3248	2193	1	0.889
832	948	1	0.943
4743	1137	1	0.968
4518	878	1	0.876
4755	312	0	0.00122
3803	507	1	0.974
423	798	1	0.843
1603	3987	1	0.839
4505	3543	1	0.959
1580	1819	0	0.00112
263	4315	1	0.973
829	2117	1	0.929
4067	2549	1	0.881
2605	3055	1	0.934
4868	3304	0	0.00103
3790	1030	0	0.00038
3687	1125	1	0.9
1987	2026	0	0.000304
2896	1793	1	0.929
2146	221	0	0.000697
1325	2401	1	0.835
1865	1616	1	0.808
3455	1234	1	0.927
1595	1209	1	0.997
4790	919	1	0.927
4016	4185	1	0.959
1355	3836	1	0.953
3167	4179	0	0.000224
1431	386	1	0.834
1716	993	1	0.978
1267	167	1	0.82
2942	1575	1	0.981
372	2022	1	0.819
3897	1988	1	0.885
3013	161	1	0.996
2380	3293	1	0.846
3352	627	0	0.000935
4574	3480	0	0.00107
755	445	1	0.868
1996	3386	1	0.887
1033	3635	1	0.941
4997	4665	0	0.00111
2684	2392	1	0.919
3698	465	1	0.804
599	189	1	0.807
3006	2301	1	0.964
210	4922	1	0.923
4178	939	1	0.97
1574	169	1	0.819
1834	3060	1	0.886
3539	3387	1	0.805
1439	1368	1	0.918
1765	204	1	0.988
2286	3485	1	0.856
691	4521	1	0.936
4496	903	0	0.000492
321	192	1	0.926
3045	570	1	0.996
441	588	1	0.932
607	1407	1	0.824
4244	24	0	0.000205
2852	3838	1	0.966
3871	42	1	0.906
2814	386	1	0.894
67	7	1	0.912
778	4480	1	0.854
4593	582	1	0.82
4752	590	1	0.886
812	2945	1	0.941
1479	718	1	0.815
1658	1706	0	0.00122
3624	716	1	0.968
3627	3654	1	0.982
2715	923	0	0.000326
4923	1177	1	0.824
3958	1072	1	0.92
1899	4726	0	0.000763
1010	1156	1	0.95
3450	1094	1	0.951
1123	3361	1	0.95
899	1152	1	0.917
3173	822	1	0.888
4426	714	1	0.812
2159	133	1	0.806
1089	1983	1	0.816
404	2764	1	0.9
1376	1290	1	0.936
3788	2256	1	0.963
3048	2024	1	0.916
718	4050	0	0.000749
4926	487	1	0.874
510	3705	1	0.969
2930	2599	0	0.000315
637	2001	1	0.936
1701	4111	1	0.971
2415	346	1	0.81
775	2440	1	0.84
61	32	1	0.963
4635	2082	1	0.801
889	4217	1	0.896
3767	313	1	0.885
185	4162	1	0.83
3005	1870	1	0.998
1522	3019	1	0.827
3521	3488	0	0.000772
2421	4016	0	0.00123
120	2413	1	0.857
864	801	1	0.851
2701	39	0	0.00126
3662	4937	1	0.827
1939	1107	1	0.859
2337	1646	0	0.000747
53	1760	1	0.87
2666	3383	1	0.978
2862	2267	1	0.937
23	481	1	0.85
1883	1218	1	0.865
3711	2895	1	0.873
243	3123	1	0.925
4203	1341	1	0.897
2438	3089	1	0.826
3459	2282	0	0.00122
3750	2753	1	0.803
2248	4127	1	0.967
3898	2784	1	0.982
4640	449	1	0.879
1442	705	1	0.929
3492	1449	1	0.837
4011	1630	0	0.00117
1506	748	1	0.876
4937	3712	1	0.861
1339	54	1	0.936
2399	4610	1	0.994
314	4249	1	0.9
1970	4970	1	0.889
1960	2824	1	0.821
470	2573	0	0.000586
410	293	0	0.000815
475	2533	1	0.989
2427	3021	1	0.884
667	2778	1	0.915
4973	686	1	0.887
3360	3057	0	0.000957
2925	2563	1	0.985
1312	642	1	0.977
2518	1660	1	0.937
2018	3183	1	0.86
1637	1726	1	0.97
3003	106	1	0.854
4823	1451	1	0.802
653	4832	1	0.838
4155	110	1	0.852
3927	1548	1	0.846
3465	3262	1	0.972
2219	1940	1	0.926
101	1676	0	0.000646
386	754	1	0.813
3112	4088	1	0.939
2648	1393	1	0.883
634	137	1	0.909
3988	4679	1	0.842
3768	1373	1	0.948
1994	50	1	0.818
1694	1633	0	0.00111
76	2907	1	0.975
2833	1479	0	0.000982
4658	2450	1	0.865
4532	686	1	0.802
1276	4105	1	0.984
2455	957	1	0.92
4985	208	1	0.901
479	1363	1	0.956
703	301	1	0.863
4758	2889	1	0.888
1338	1507	1	0.833
1532	1505	1	0.867
4151	1325	1	0.976
2251	912	1	0.837
1044	999	1	0.827
1713	1427	1	0.817
1803	851	1	0.896
4706	2269	1	0.842
2872	179	1	0.824
989	1076	1	0.842
3413	3420	1	0.846
1298	1107	1	0.986
743	584	1	0.872
4701	267	0	0.000584
4216	2057	1	0.853
4382	3128	1	0.833
708	2374	0	0.000535
1244	1264	0	0.00103
4712	1900	1	0.944
2655	89	1	0.814
2670	3827	1	0.805
1661	897	1	0.997
3991	930	1	0.98
4072	1518	1	0.824
4489	1394	0	0.000594
4717	2299	1	0.836
2943	2124	1	0.8
1051	2759	1	0.848
2508	86	1	0.842
3380	1543	1	0.856
2915	1968	0	0.000686
2288	2664	1	0.878
138	3004	1	0.868
973	4548	1	0.829
622	291	0	0.000453
3024	1254	1	0.855
3022	3140	1	0.839
2744	1138	1	0.83
2812	2750	0	0.000456
1857	2751	1	0.987
155	1414	0	0.000869
224	100	1	0.807
3478	4988	1	0.974
2828	3436	1	0.896
4583	1613	1	0.948
4651	2643	1	0.811
1448	2408	1	0.893
1965	262	1	0.902
3696	3631	1	0.826
2416	3574	1	0.991
519	745	1	0.963
3388	141	1	0.849
3864	4966	1	0.874
3725	1971	1	0.9
2708	2955	1	0.903
1826	1187	0	0.000353
2114	4830	1	0.83
1039	1283	1	0.928
1711	664	1	0.999
1772	3016	1	0.973
124	4542	1	0.956
2979	2941	0	0.000841
848	866	1	0.911
4327	2304	1	0.908
1798	586	1	0.83
4692	332	1	0.924
1942	716	1	0.815
1200	2470	1	0.946
1523	3956	1	0.822
4677	537	1	0.92
1873	637	1	0.836
4601	3277	1	0.839
3241	2192	1	0.945
3059	1327	1	0.95
3480	2293	1	0.984
1169	2374	1	0.976
3661	356	1	0.986
4450	2473	1	0.877
2971	3163	1	0.925
2898	2729	1	0.93
3031	2650	1	0.825
3444	2370	1	0.93
2045	2502	1	0.974
4525	1994	1	0.932
4003	1061	1	0.958
2590	2732	0	0.000216
264	1227	1	0.897
2242	2693	1	0.954
3208	2738	1	0.991
3190	608	1	0.943
1853	2183	1	0.881
3183	2209	1	0.93
873	4222	1	0.894
3664	3551	1	0.99
4953	517	1	1
767	4988	1	0.983
326	1	1	0.821
3483	1890	1	0.888
442	1012	1	0.942
1157	84	1	0.962
4485	489	1	0.843
3495	1440	1	0.866
4049	2133	1	0.998
3238	2110	0	0.000171
4240	1056	1	0.986
3888	4263	1	0.882
820	283	1	0.869
3882	2982	1	0.932
562	2215	1	0.827
2600	4531	1	0.905
4783	3296	1	0.867
1894	1800	0	0.000736
4371	259	0	0.000284
4111	4051	1	0.852
835	2734	0	0.000412
3477	929	1	0.809
347	293	1	0.878
3826	4328	1	0.885
1917	4460	1	0.855
290	2801	1	0.836
3206	825	1	0.878
4199	476	1	0.969
957	353	1	0.934
1693	225	1	0.962
3553	1879	1	0.82
3154	2249	0	0.000923
1067	4671	1	0.958
3276	3478	0	0.00121
1408	3478	1	0.83
3243	2235	1	0.959
4801	4173	1	0.912
3469	4286	1	0.858
4501	1659	0	0.000257
2668	3189	1	0.91
3347	4810	0	0.000709
4476	4176	1	0.898
4993	231	0	0.00056
2106	4022	1	0.978
570	1433	1	0.889
2370	1137	1	0.946
3330	213	1	0.821
3372	2886	1	0.892
2626	957	0	0.0011
3852	2895	1	0.899
3449	4572	1	0.975
4238	1686	1	0.872
4626	1857	1	0.931
3776	1040	1	0.892
4580	2678	1	0.922
3638	901	1	0.927
1288	4165	1	0.935
2182	133	1	0.905
3601	4932	0	0.000814
3435	3154	1	0.943
1481	2600	0	0.000444
2620	3570	1	0.868
2391	1742	1	0.848
33	3107	1	0.94
3986	2968	1	0.874
759	4172	1	0.952
3085	4004	1	0.839
4325	2457	0	0.00104
4904	2849	1	0.83
3758	2949	1	0.825
2546	933	1	0.991
630	3478	1	0.952
3525	3799	1	0.827
2627	776	1	0.944
2813	514	1	0.969
3710	44	1	0.847
2304	1747	1	0.857
3434	2074	1	0.852
1102	2038	1	0.815
3086	1481	0	0.00062
1313	3259	0	0.000551
4685	1911	1	0.979
2733	1933	1	0.904
3911	374	1	0.847
3412	801	1	0.882
3928	4873	1	0.944
4269	2224	1	0.846
716	1962	0	0.000704
2002	3019	0	0.000498
1228	199	1	0.804
4829	2829	1	0.897
1331	4519	1	0.801
2256	1729	1	0.957
521	4890	1	0.944
346	1145	0	0.000966
1121	4138	1	0.991
1732	2928	1	0.854
943	2446	1	0.949
4874	2017	1	0.888
4436	3074	1	0.923
3490	3074	1	0.936
2712	580	1	0.977
568	2193	1	0.8
4122	648	1	0.981
2081	2395	1	0.881
1775	130	1	0.897
142	61	1	0.944
2197	1016	1	0.936
4898	3013	1	0.942
1743	4689	1	0.952
2189	1596	0	0.000371
761	3492	1	0.856
4025	2177	1	0.891
1623	3500	1	0.878
4183	2392	1	0.859
125	7	1	0.965
3044	1204	1	0.801
2652	4779	1	0.859
439	2007	1	0.883
3078	1109	0	0.000445
3793	2960	1	0.998
1953	4324	1	0.812
283	4569	0	0.000483
1040	3684	1	0.883
92	2418	1	0.968
1927	2381	1	0.82
4648	1937	1	0.887
4767	557	1	0.834
2268	581	1	0.802
565	3949	0	0.00116
348	168	0	0.000802
1437	38	1	0.963
1213	2409	0	0.000773
3903	539	1	0.918
2005	1031	1	0.852
503	4926	1	0.848
1612	2189	1	0.81
273	1063	1	0.844
1275	3074	1	0.968
4928	1891	1	0.82
1750	1104	1	0.966
1712	2344	1	0.947
672	3204	1	0.803
841	302	1	0.924
1976	3109	1	0.894
80	294	1	0.919
4125	4462	1	0.978
4057	1619	0	0.000268
2241	417	0	0.000548
986	168	1	0.823
945	2885	1	0.925
4002	4938	1	0.835
3109	3085	1	0.956
4719	2711	1	0.814
1599	2734	1	0.915
758	3857	1	0.823
3436	1195	1	0.857
222	3226	1	0.995
4610	1857	1	0.825
2148	1821	1	0.992
250	1034	0	0.000594
1876	2418	1	0.952
1703	1125	1	0.829
4822	506	1	0.891
4246	2304	1	0.942
3456	3171	1	0.809
204	1188	1	0.969
4515	4853	1	0.861
2073	1520	1	0.967
798	67	1	0.881
2698	990	1	0.969
2410	2221	1	0.961
2963	1838	1	0.847
3917	4125	1	0.898
3810	635	1	0.906
4955	2007	1	0.903
3111	2035	1	0.838
1455	595	1	0.926
2257	1949	0	0.00114
2305	936	0	0.00111
1226	3992	1	0.809
580	4052	1	0.897
4812	2429	1	0.922
4230	3048	1	0.809
3463	3687	1	0.829
3605	2867	1	0.809
2384	2594	1	0.811
2537	3053	1	0.967
2747	2163	0	0.000688
3053	973	1	0.948
3522	1897	1	0.874
4437	4812	1	0.819
4133	3204	1	0.927
8	4046	1	0.966
1908	3517	1	0.833
4000	1789	1	0.975
2780	866	1	0.884
4308	4605	1	0.824
2523	3559	1	0.9
3678	1882	1	0.807
827	4899	1	0.905
1978	2130	1	0.95
3907	4817	1	0.899
1209	1940	1	0.961
2681	143	1	0.953
3293	2102	1	0.811
3993	1109	1	0.939
4575	790	1	0.953
2031	3539	1	0.927
3299	4916	0	0.000829
1090	729	1	0.933
2809	2547	1	0.981
924	2210	1	0.858
1905	1370	1	0.993
3247	2895	1	0.901
1651	3865	1	0.885
588	2375	1	0.824
4556	3974	1	0.95
1954	4132	1	0.87
2630	788	0	0.000553
71	3103	0	0.000575
4418	3193	1	0.858
2729	82	1	0.876
2143	1973	1	0.941
1985	3453	1	0.867
3674	1105	1	0.871
4192	1028	1	0.938
2294	757	0	0.000417
3365	827	1	0.971
949	842	0	0.000556
2550	2461	1	0.933
3417	1973	1	0.968
196	3087	1	0.902
2218	2485	1	0.896
515	4238	1	0.822
3177	2616	1	0.886
453	450	1	0.937
1943	4236	0	0.000378
1112	1210	1	0.944
2912	1787	1	0.893
2028	2419	0	0.000962
3580	1934	1	0.803
3020	3517	1	0.801
4986	363	1	0.951
674	385	1	0.858
1633	3725	1	0.92
4936	535	1	0.949
817	1773	1	0.894
3975	3805	1	0.966
3027	3739	1	0.829
3351	1637	1	0.92
2282	368	1	0.986
4793	966	1	0.969
1589	3782	1	0.975
742	732	1	0.865
2583	444	1	0.889
3735	1730	1	0.987
1972	857	1	0.871
745	1322	1	0.86
3201	4774	1	0.84
3423	3012	1	0.857
4355	3281	1	0.951
4387	187	1	0.982
1724	3273	0	0.000811
4187	449	1	0.93
547	106	1	0.842
2124	1677	1	0.892
1139	377	0	0.00115
3529	3523	1	0.949
426	394	1	0.848
3759	4415	1	0.915
1776	3164	0	0.00038
572	3500	1	0.94
2764	3963	1	0.956
1341	2919	1	0.924
4215	377	1	0.912
1892	1919	1	1
4632	829	1	0.822
3702	450	1	0.801
4908	2383	1	0.939
4806	4988	1	0.807
4577	3121	1	0.86
3445	4427	0	0.000368
3657	1441	1	0.983
4924	3059	1	0.945
3915	1097	0	0.00074
482	195	1	0.935
3432	3089	1	0.989
3922	404	1	0.928
2710	4640	1	0.967
1205	4126	1	0.909
445	1642	1	0.962
2603	2994	1	0.904
4027	4246	0	0.000663
3892	1533	1	0.849
2914	3993	1	0.884
741	24	1	0.919
2976	807	1	0.838
4322	967	1	0.928
4538	4	1	0.83
2354	3682	1	0.872
3251	2679	0	0.00122
2436	1200	1	0.965
3582	90	1	0.845
430	1255	0	0.000854
752	1332	1	0.931
2270	1438	0	0.000648
998	662	1	0.931
4271	237	1	0.803
2378	37	1	0.973
2171	2968	1	0.847
1032	963	1	0.946
1936	4087	1	0.886
2188	956	0	0.000663
3371	4635	1	0.934
1398	1104	0	0.000968
3508	2618	1	0.814
4848	4431	1	0.949
2084	2584	0	0.00104
2887	2768	1	0.844
4131	4522	1	0.933
474	694	1	0.946
3055	2932	1	0.972
2082	3899	1	0.827
3323	3386	1	0.855
2805	1465	0	0.000533
2687	4981	1	0.827
1043	234	1	0.924
2808	4670	1	0.964
452	2161	1	0.81
2076	3620	1	0.804
4623	2693	0	0.000799
2152	1534	1	0.923
3507	442	1	0.995
1728	389	1	0.895
2847	2533	1	0.822
3632	613	1	0.855
856	4013	1	0.836
4121	2716	1	0.851
4810	1893	1	0.861
1847	943	0	0.000832
3995	1488	0	0.000538
3989	931	1	0.991
4579	1504	1	0.941
251	801	1	0.824
339	143	1	0.941
429	3796	1	0.816
4135	2387	1	0.903
3737	701	1	0.912
3749	4583	1	0.985
3809	4224	1	0.889
1542	2859	0	0.000752
3709	1990	1	0.923
3925	1890	1	0.964
4638	723	1	0.898
2980	1612	1	0.919
1353	332	1	0.945
1125	1297	1	0.853
333	271	1	0.966
4323	4151	1	0.837
1367	2074	1	0.861
2713	3742	1	0.837
2614	2050	1	0.833
137	2270	1	0.885
2168	4349	1	0.915
1933	4148	1	0.802
2349	4051	1	0.829
4174	902	1	0.975
3577	918	0	0.000247
4754	229	0	0.000585
2013	2901	1	0.828
2883	548	1	0.998
2457	4325	1	0.836
4664	437	0	0.000896
200	3643	1	0.932
57	2405	1	0.91
3066	1023	1	0.871
1672	2633	1	0.809
3872	1642	1	0.89
2755	2940	1	0.848
127	4903	1	0.813
265	1678	1	0.822
2889	3205	1	0.963
3166	1736	1	0.974
2913	2550	1	0.906
679	1283	1	0.897
302	2630	1	0.947
2785	3015	1	0.93
371	2395	1	0.852
686	1525	1	0.818
2116	2107	1	0.877
4951	3947	1	0.951
3270	691	1	0.814
4266	327	1	0.837
1588	362	1	0.897
810	1063	1	0.853
1774	418	0	0.00092
3186	1905	1	0.954
1344	2820	1	0.954
3165	1835	0	0.000784
2402	1093	1	0.99
1951	4837	0	0.001
1688	2599	1	0.884
3214	379	1	0.97
4256	3284	1	0.927
2352	1683	1	0.871
937	4472	1	0.975
83	838	1	0.954
4564	1125	1	0.833
4738	292	1	0.929
4383	1610	1	0.894
770	1090	1	0.905
145	3365	1	0.9
2413	3840	1	0.934
975	890	1	0.916
604	779	1	0.913
4257	2663	1	0.903
1335	3480	1	0.833
903	4805	1	0.916
3887	3822	1	0.878
2474	4446	1	0.991
628	1316	1	0.945
3869	3316	1	0.933
4389	1184	1	0.954
2162	4540	1	0.866
1921	4310	1	0.891
362	4473	1	0.873
4328	4199	1	0.921
2656	1268	1	0.98
4335	2388	1	0.882
4033	335	1	0.925
1084	1827	0	0.00128
3649	441	1	0.811
2161	452	1	0.882
4922	2424	1	0.88
4746	4322	1	0.96
1830	4074	1	0.957
1909	1112	0	0.000358
1407	3522	0	0.000565
3433	262	1	0.883
1420	3437	1	0.935
3666	2422	1	0.831
128	485	1	0.964
3780	4079	0	0.00112
2062	2244	1	0.907
1620	1848	0	0.000677
1110	67	1	0.915
549	2342	1	0.999
3119	24	1	0.997
2319	111	0	0.000759
3846	2865	1	0.901
988	4922	1	0.92
350	118	1	0.918
4572	3118	1	0.897
30	1887	1	0.859
4643	1622	1	0.95
1497	4369	1	0.926
4201	588	0	0.000751
3427	3616	1	0.829
3524	4204	1	0.819
1385	3274	1	0.884
3952	1483	1	0.841
1472	1838	1	0.911
2688	2844	1	0.991
1526	235	1	0.867
3037	648	1	0.826
4362	109	1	0.895
4471	1518	1	0.824
4673	2355	1	0.883
1390	3370	1	0.86
4762	831	1	0.874
2420	4044	1	0.873
2060	3193	1	0.917
1913	638	1	0.867
2545	3895	1	0.949
618	3857	0	0.000789
4076	2932	1	0.968
3178	1324	1	0.922
478	4228	1	0.904
1000	620	1	0.902
3901	2177	1	0.912
2770	1834	1	0.819
3376	4925	1	0.91
2181	4511	1	0.814
110	730	0	0.000833
107	3818	1	0.989
2876	2846	1	0.83
1983	918	1	0.917
1893	2127	1	0.806
3163	3194	1	0.966
1866	1753	1	0.817
1550	2227	1	0.848
2059	479	1	0.84
4745	1933	1	0.961
500	1706	1	0.885
790	4740	1	0.944
3807	1284	1	0.914
3129	4828	0	0.00057
3146	2516	0	0.000168
4413	2357	1	0.947
744	290	1	0.899
3900	2461	1	0.981
1511	2584	0	0.000768
4190	556	1	0.857
3588	90	1	0.853
356	4996	1	0.973
1057	1775	1	0.964
3443	3750	1	0.977
4773	946	1	0.835
4903	1784	1	0.856
3947	1410	0	0.0012
516	3482	1	0.828
4432	98	1	0.869
261	1110	1	0.906
3230	826	1	0.967
3713	1202	1	0.928
2295	410	0	0.000543
4354	1737	1	0.932
1514	1620	1	0.947
2580	3413	0	0.000662
4808	3700	1	0.843
3906	2427	1	0.97
587	1692	1	0.818
391	2964	1	0.915
258	394	1	0.841
3300	1137	1	0.991
1515	3201	1	0.975
577	2643	1	0.937
4386	4124	1	0.964
3697	1726	1	0.933
4587	3948	1	0.965
1013	2339	1	0.807
2705	851	1	0.849
3919	1097	1	0.963
2463	404	0	0.000779
4662	3086	0	0.000787
2113	4950	1	0.805
2695	1988	1	0.946
1629	1724	1	0.89
2582	1936	1	0.897
4388	1411	0	0.000522
74	4140	1	0.908
2068	998	1	0.926
2618	1618	1	0.803
3628	29	1	0.816
4759	135	0	0.000594
865	4482	1	0.998
3331	2900	1	0.921
2074	1680	1	0.85
2178	4545	1	0.92
1490	4454	1	0.876
1080	4485	1	0.982
3756	529	1	0.887
2226	3611	1	0.99
1963	943	1	0.897
4804	4663	1	0.938
4158	4495	1	0.801
939	4620	1	0.891
12	84	1	0.948
1584	3253	1	0.826
2826	1610	1	0.844
1568	3311	1	0.823
1260	4482	1	0.914
4540	1734	0	0.000989
1289	3767	1	0.861
2532	3892	0	0.000569
2090	3698	1	0.972
4542	3526	1	0.965
893	82	1	0.807
4639	631	1	0.857
608	3807	1	0.944
1464	301	1	0.833
4185	4016	1	0.856
3309	4142	0	0.000979
3590	4811	1	0.867
2554	215	0	0.000684
4727	3190	1	0.952
63	3529	1	0.968
1402	3699	1	0.949
9	273	1	0.947
724	26	1	0.889
3269	943	1	0.898
2105	2955	1	0.86
1300	4915	0	0.00116
2098	4132	1	0.932
4198	4578	1	0.849
701	4045	0	0.00027
4731	1665	1	0.963
2243	1354	1	0.915
209	2489	1	0.992
921	810	1	0.831
1023	3171	0	0.000505
2296	2160	0	0.000458
4554	1444	1	0.937
1808	4324	1	0.865
1787	3185	1	0.97
2797	1094	1	0.936
2571	3129	1	0.976
4901	4305	1	0.901
3774	758	1	0.812
1710	1204	0	0.00115
4460	1234	1	0.952
269	441	1	0.826
1450	2265	1	0.809
4539	1743	1	0.829
2551	2846	1	0.856
2621	4596	1	0.898
1414	3406	1	0.994
1329	2901	1	0.999
522	4002	1	0.894
3212	331	1	0.885
1895	3393	1	0.822
2147	4426	0	0.000525
4040	2731	1	0.827
484	941	0	0.000563
466	1410	1	0.81
3395	1241	1	0.955
2336	1652	1	0.93
2183	1130	1	0.839
2751	1724	1	0.971
3949	3959	1	0.853
2672	2663	0	0.000502
2609	992	1	0.848
4410	1481	1	0.93
728	676	1	0.941
1854	507	1	0.951
2803	1911	0	0.000403
787	4960	1	0.896
300	4887	1	0.823
880	1779	1	0.824
1432	4813	0	0.000518
4787	27	1	0.875
255	1726	0	0.000785
4497	3405	1	0.894
4481	2249	1	0.837
2845	490	1	0.912
4200	680	1	0.949
2719	1324	0	0.000257
3621	2710	0	0.000462
2061	3880	1	0.985
4274	281	1	0.826
3542	4025	1	0.802
3518	4509	0	0.000902
980	1411	1	0.998
1988	1469	1	0.922
1416	2181	0	0.000475
3727	2938	1	0.816
3387	3008	1	0.875
4105	1355	1	0.998
1592	3561	1	0.811
2149	4923	1	0.852
2117	253	1	0.989
2848	4142	1	0.923
1363	3116	1	0.907
3312	327	1	0.818
3863	324	1	0.949
1290	4133	0	0.000552
4406	1133	0	0.000307
4440	1273	1	0.878
3895	2545	1	0.899
1839	4711	1	0.895
4573	480	1	0.881
3956	4369	1	0.862
4841	874	1	0.934
4721	477	0	0.00104
4659	4964	1	0.913
1594	4111	0	0.00101
4843	3172	1	0.956
592	2463	1	0.941
1274	547	1	0.803
4303	1760	1	0.981
1099	1453	0	0.00116
2452	787	0	0.000799
2070	1948	1	0.87
4100	3896	1	0.891
4474	190	1	0.848
331	2315	1	0.976
3878	4064	1	0.905
1926	2581	0	0.000572
529	4910	1	0.871
4588	2158	1	0.842
4186	28	1	0.813
2409	3121	1	0.883
2361	1297	0	0.00119
3719	2054	1	0.865
1602	4724	1	0.845
1362	3341	1	0.908
168	4545	1	0.97
4180	3633	0	0.000707
4409	2609	1	0.878
3344	4868	1	0.821
1650	2768	1	0.901
1901	215	0	0.00109
1386	3358	1	0.962
3918	4513	1	0.829
2970	1575	1	0.99
1618	1991	1	0.92
246	1796	1	0.835
2522	1787	1	0.881
2453	2030	1	0.867
2369	170	1	0.82
2440	1430	1	0.961
1240	1601	1	0.877
4320	4638	1	0.891
552	4574	0	0.000768
4284	2932	1	0.869
2441	2484	1	0.865
662	2127	1	0.815
407	997	0	0.000533
1306	1493	1	0.834
1982	2258	1	0.983
2654	2869	1	0.998
632	427	1	0.882
4034	2908	0	0.000258
1380	3084	1	0.961
3766	649	1	0.945
4585	4305	1	0.953
3969	2038	1	0.934
4850	939	1	0.873
1396	976	1	0.82
2118	178	0	0.000162
3670	2710	1	0.941
4943	3682	1	0.998
4782	176	1	0.852
25	20	1	0.802
695	2750	1	0.989
4311	681	0	0.000315
1727	3125	1	0.992
4871	2197	1	0.851
4930	3079	1	0.901
2137	4225	1	0.925
1417	3638	1	0.953
2184	4099	1	0.812
1180	537	0	0.000269
2500	3048	0	0.000713
3357	3653	1	0.931
1545	127	1	0.965
3239	1332	1	0.978
3106	2691	1	0.948
2856	202	1	0.905
2521	2337	1	0.863
1022	154	1	0.953
2234	3074	0	0.000723
4315	846	1	0.986
1878	132	1	0.82
4373	2343	0	0.000206
2774	1679	1	0.916
2019	4949	0	0.000444
1216	3525	1	0.89
1763	458	1	0.95
950	2056	1	0.914
4749	863	1	0.879
2246	126	1	0.961
1555	4771	1	0.899
3324	89	1	0.987
3065	1601	1	0.878
2658	1006	1	0.83
3867	1425	1	0.893
4756	787	1	0.83
582	3324	1	0.898
589	1717	1	0.808
268	209	1	0.885
2239	3724	1	0.809
375	4430	1	0.833
1020	2798	1	0.971
4018	199	0	0.000455
3000	3642	1	0.816
4302	1093	1	0.949
4138	1356	1	0.993
247	2063	1	0.93
1430	1666	1	0.997
3084	4898	1	0.971
3396	420	0	0.000373
2417	355	1	0.896
1444	2371	1	0.849
4330	296	1	0.923
4988	1469	1	0.969
682	1409	1	0.827
1817	4995	1	0.865
2680	3496	1	0.935
2194	4137	1	0.909
3221	3923	1	0.944
4236	4345	1	0.808
3159	4903	1	0.998
4503	1244	1	0.83
698	2182	1	0.899
1143	2884	1	0.852
3912	446	1	0.975
3373	406	1	0.871
629	1216	1	0.924
768	1	1	0.998
355	3818	1	0.824
2227	3611	1	0.895
4045	3571	1	0.901
974	778	1	0.986
2466	4413	1	0.843
3414	2812	1	0.803
1489	3058	1	0.843
1653	4267	1	0.87
1598	4800	1	0.874
4267	831	1	0.801
955	141	1	0.805
1997	4103	1	0.963
4546	469	1	0.891
1327	4924	1	0.998
443	712	1	0.962
382	651	1	0.822
671	3904	0	0.000902
4499	2920	0	0.000834
4268	2075	1	0.925
4416	637	1	0.94
2738	1027	1	0.873
1622	263	1	0.899
3353	377	1	0.804
804	1486	1	0.828
2723	1977	1	0.844
135	1418	1	0.916
4807	1100	1	0.937
2470	1601	1	0.954
3701	3141	0	0.00124
3127	3267	1	0.974
4408	3249	1	0.885
4102	3121	1	0.831
4766	2625	1	0.81
3095	2870	1	0.851
495	639	1	0.801
763	3801	1	0.973
4646	1282	1	0.806
1754	1790	0	0.00058
4395	4216	1	0.917
1709	3527	1	0.834
1663	426	1	0.81
2396	3698	1	0.864
4984	866	1	0.823
2702	642	1	0.952
266	155	1	0.843
3623	136	1	0.937
2607	2069	1	0.849
4695	2077	0	0.000421
3368	720	1	0.817
3288	2657	1	0.899
4780	794	1	0.86
1219	3771	0	0.000975
457	166	1	0.87
1272	1944	1	0.904
1372	2454	1	0.832
3237	440	1	0.829
3724	679	0	0.00108
3011	4232	1	0.962
651	1764	1	0.923
564	1773	1	0.995
3848	967	1	0.842
2324	2919	0	0.000164
3671	1088	0	0.000641
1115	3990	1	0.919
2777	2687	1	0.888
760	748	1	0.87
2745	571	1	0.969
1674	2502	1	0.829
1952	2088	1	0.893
4445	3078	1	0.984
341	4611	1	0.835
305	1396	1	0.866
4336	250	1	0.81
3002	471	1	0.87
4715	3024	0	0.00113
3123	1135	1	0.974
3965	2025	1	0.98
242	229	1	0.859
2169	679	0	0.000922
3152	2750	1	0.82
2986	1978	1	0.9
1011	1173	1	0.877
4506	4540	0	0.00112
4952	2025	1	0.889
2938	1735	1	0.915
4965	1422	1	0.822
2635	1220	1	0.917
1122	3273	1	0.922
4672	2214	1	0.983
1862	3726	1	0.846
4725	1357	1	0.895
2675	4092	1	0.819
606	1564	1	0.835
1249	844	1	0.874
4824	135	1	0.877
4599	3208	1	0.865
493	2642	0	0.000264
4265	1383	1	0.83
2222	2890	1	0.811
904	1517	0	0.000858
1829	3645	1	0.892
2253	521	1	0.864
2280	3202	0	0.00074
3035	2731	1	0.921
4312	3597	1	0.805
4329	4034	1	0.998
2362	4559	1	0.946
902	839	1	0.87
4994	801	1	0.843
4480	470	0	0.000324
3384	1789	1	0.975
1613	228	1	0.941
2870	3179	1	0.917
1203	298	1	0.999
2353	3549	0	0.000494
1052	793	1	0.995
3215	1451	1	0.997
3315	134	1	0.875
561	2964	1	0.847
4739	2335	1	0.887
4130	1226	1	0.868
3679	2515	1	0.941
1717	2237	0	0.000434
1977	3570	1	0.914
3843	887	1	0.85
1273	1023	1	0.95
3157	3961	1	0.991
4430	2339	1	0.81
3255	3772	1	0.961
2561	1203	1	0.835
1835	1122	1	0.911
1548	2887	1	0.909
199	3331	1	0.895
4353	4028	1	0.927
50	20	1	0.966
1753	2076	1	0.883
3026	3370	1	0.864
3172	3720	1	0.903
2667	2997	1	0.931
4047	4034	1	0.805
3447	2242	1	0.923
4044	2387	1	0.865
1261	4800	1	0.825
3132	1303	0	0.00121
122	2415	1	0.984
1554	152	0	0.000259
1182	2848	0	0.000964
1413	2853	1	0.845
4065	200	0	0.000479
4795	1874	1	0.874
2485	3647	1	0.804
3681	2007	1	0.922
207	2182	0	0.00105
2386	3452	1	0.879
3310	3806	1	0.936
2203	4434	0	0.000579
316	1684	0	0.000375
3306	286	1	0.857
388	4087	1	0.918
378	3883	1	0.922
1690	4247	0	0.000759
2596	1849	0	0.0011
2022	372	0	0.0012
1086	888	1	0.988
1400	3190	1	0.985
772	1043	1	0.835
2974	4750	1	0.931
1572	3337	1	0.803
3966	752	1	0.979
2865	2167	1	0.971
4235	4821	1	0.983
4041	2060	1	0.931
4486	1339	1	0.924
3470	2601	0	0.00111
2966	2475	1	0.917
1183	1315	1	0.806
3130	3040	1	0.911
551	3109	1	0.912
3890	2926	1	0.874
323	2536	1	0.814
4321	611	1	0.88
1910	1087	1	0.997
1604	4865	1	0.871
1170	486	1	0.828
3914	3029	1	0.953
2657	19	1	0.901
3557	232	1	0.919
3482	2963	1	0.913
1002	3292	1	0.846
4512	559	1	0.952
1677	1454	1	0.962
1395	3087	1	0.91
1359	2817	1	0.864
3699	769	1	0.971
1206	4817	1	0.839
3046	4117	0	0.0003
2960	932	1	0.994
1351	609	1	0.908
1968	318	1	0.889
4707	570	1	0.924
1297	860	1	0.858
2271	1813	1	0.879
2692	2848	1	0.887
4949	1991	1	0.896
189	2984	1	0.92
2499	2886	1	0.838
512	2686	1	0.99
2922	3487	0	0.000283
317	1902	1	0.942
184	1275	1	0.839
4500	1869	1	0.868
1018	3329	1	0.936
413	1455	1	0.937
412	234	1	0.813
4676	3127	1	0.855
3668	4223	1	0.826
352	586	1	0.976
45	1362	1	0.981
4859	4108	1	0.91
3411	1411	1	0.945
576	1254	1	0.949
4483	283	0	0.000819
735	294	1	0.846
181	357	1	0.851
4210	2842	1	0.831
2511	1761	1	0.896
2461	93	1	0.901
2476	3468	1	0.978
1642	3593	1	0.957
2575	4927	1	0.904
4227	416	1	0.932
1053	1758	1	0.84
3827	4817	1	0.831
4709	4748	1	0.81
4448	4379	1	0.861
3393	2868	0	0.00122
3033	1427	1	0.908
2866	160	1	0.857
1073	2949	1	0.923
2469	1631	1	0.949
2934	4189	0	0.000734
455	1894	1	0.82
4193	2870	1	0.879
4444	3092	1	0.827
1436	897	0	0.000288
4477	226	1	0.909
3242	145	1	0.895
436	2359	1	0.832
1512	2311	1	0.972
1463	1052	0	0.000188
794	518	1	0.802
379	3549	1	0.9
4909	4855	1	0.974
1433	2511	1	0.915
1050	3539	0	0.0006
4314	3163	1	0.8
3	2620	1	0.838
144	2042	0	0.000545
3137	1184	1	0.851
560	935	1	0.855
2771	2188	1	0.949
4326	1369	0	0.000655
1419	1388	0	0.000906
3857	758	1	0.995
1145	1835	1	0.971
3083	1426	0	0.000676
623	2772	0	0.000751
2762	681	0	0.000864
972	42	1	0.877
3746	1744	1	0.906
2818	338	1	0.802
4272	74	1	0.91
351	3307	1	0.881
2048	1662	1	0.98
4108	2640	1	0.901
2464	877	1	0.906
4887	2753	1	0.842
3785	1630	1	0.865
4423	1227	1	0.82
782	4204	1	0.85
460	1836	1	0.861
2014	2835	1	0.985
1547	1630	1	0.884
3688	2186	1	0.957
1486	527	1	0.957
2301	2808	1	0.931
3410	3304	1	0.97
2274	4179	0	0.00105
2434	702	1	0.895
167	1267	1	0.991
1537	2161	1	0.943
756	2944	1	0.825
2173	4270	1	0.944
376	4211	1	0.919
3203	2049	1	0.994
661	2686	1	0.801
3104	408	1	0.836
3570	1024	0	0.000536
77	2975	0	0.00127
675	1873	1	0.84
2677	4188	1	0.971
115	345	0	0.000984
1016	2197	1	0.93
933	2752	1	0.845
4221	3553	1	0.905
2036	2609	1	0.97
3634	4563	0	0.000585
2259	4061	1	0.802
3899	4911	1	0.941
340	1386	1	0.915
3363	3561	1	0.863
4889	394	1	0.938
4310	1544	1	0.931
2397	3475	0	0.000619
26	2462	1	0.866
822	842	1	0.959
299	760	0	0.00127
3382	2364	1	0.888
3263	1113	1	0.823
3769	2688	0	0.000169
1037	1180	1	0.919
4456	2165	1	0.925
4164	4380	1	0.839
1270	3887	1	0.951
1026	4719	1	0.964
4101	4595	1	0.995
885	803	1	0.999
2951	1406	1	0.936
2526	1761	1	0.991
895	3155	1	0.802
2486	2954	1	0.913
1401	278	1	0.933
1563	447	1	0.886
2634	2377	0	0.00054
2838	1970	0	0.000549
2531	63	1	0.927
1434	3940	1	0.801
1621	14	1	0.883
3093	4839	1	0.831
1635	4921	1	0.901
660	327	1	0.832
557	989	0	0.000537
3622	528	1	0.854
1250	3379	1	0.884
1314	1703	1	0.849
2720	4255	1	0.824
1168	3922	1	0.832
4270	2359	0	0.00127
1944	1052	1	0.86
3138	3909	0	0.000865
2107	1035	1	0.956
4300	2284	1	0.952
329	4852	0	0.000786
1126	4257	1	0.986
238	187	1	0.944
513	1020	1	0.809
3964	4144	1	0.996
2724	4422	1	0.83
4007	286	1	0.983
2043	2299	1	0.831
1559	4503	1	0.876
2782	4599	1	0.854
3953	4225	1	0.892
1979	1768	1	0.906
2601	79	1	0.984
2154	2129	0	0.000294
301	2020	1	0.986
2581	3775	0	0.00045
3584	1656	1	0.835
2303	2682	1	0.86
4548	2537	0	0.000201
2064	4821	1	0.876
2507	536	1	0.937
839	4534	0	0.000286
3562	4123	1	0.893
3534	2427	1	0.837
3691	4474	1	0.859
3653	465	0	0.000518
4981	2567	1	0.895
1575	1351	1	0.801
4740	122	1	0.904
1738	785	1	0.925
4552	645	0	0.00126
960	1709	1	0.842
4142	696	1	0.929
3815	283	1	0.927
3728	2427	1	0.856
2927	4219	1	0.807
2072	390	1	0.987
2298	4112	1	0.852
584	4072	1	0.802
4148	2321	1	0.911
1610	4031	1	0.872
1812	2405	1	0.936
4939	3126	1	0.906
4478	1799	1	0.92
4690	2076	1	0.802
802	2090	1	0.907
1156	1033	1	0.819
2714	1014	1	0.894
257	1228	1	0.859
505	288	1	0.891
468	1743	1	0.874
2593	268	1	0.87
3107	3890	1	0.956
1752	2790	1	0.921
3016	2470	1	0.971
277	214	1	0.948
4514	4644	1	0.991
1453	458	0	0.000967
638	994	1	0.816
3884	4890	1	0.862
689	2443	1	0.873
3569	1099	0	0.000171
1611	108	1	0.886
342	3710	1	0.831
3777	2932	0	0.000277
4732	4165	1	0.947
102	4616	1	0.857
4872	4828	1	0.925
2281	3409	1	0.924
3822	1773	1	0.812
3170	2928	1	0.978
1764	4427	1	0.852
2345	2781	1	0.959
2691	568	1	0.966
86	613	1	0.879
4071	4522	0	0.000592
919	558	0	0.00106
1379	848	1	0.971
4820	2218	0	0.00073
21	2762	1	0.873
3082	717	1	0.963
2882	1321	1	0.943
3228	2183	0	0.00047
4786	3492	1	0.962
1955	3808	1	0.955
1451	4874	1	0.943
1600	4935	1	0.863
845	712	0	0.00113
1412	606	1	0.876
1615	649	1	0.88
1356	4138	1	0.816
2891	1649	1	0.809
1246	4214	1	0.898
1473	506	1	0.872
3858	3830	1	0.953
56	286	1	0.977
4023	4104	1	0.858
3812	2125	1	0.876
1928	2	1	0.929
380	81	1	0.917
3096	228	1	0.895
1406	3984	1	0.895
432	2892	1	0.802
2373	2610	1	0.891
244	975	1	0.91
4295	2588	1	0.986
732	4010	1	0.981
2443	1533	1	0.808
4208	1719	1	0.976
575	456	1	0.882
2842	3256	1	0.891
368	1393	1	0.968
2235	1126	1	0.98
235	738	1	0.829
2619	2006	1	0.935
558	1869	1	0.883
1138	1063	1	0.853
2660	1038	1	0.901
3460	3124	1	0.913
3144	4321	1	0.918
4536	1567	1	0.974
3823	3949	1	0.972
3753	1771	0	0.00104
3996	2561	0	0.00076
3060	1698	1	0.91
2447	2408	1	0.968
3620	2648	1	0.81
2483	2673	1	0.974
3835	1296	1	0.892
328	2371	1	0.9
3125	401	0	0.000883
3532	1030	1	0.905
879	2030	0	0.000441
883	229	1	0.816
4671	2860	1	0.886
2144	4612	1	0.907
1671	107	1	0.825
3579	2796	1	0.939
590	712	0	0.00127
2446	2336	1	0.928
1919	2259	0	0.000613
3636	1012	1	0.946
1708	3520	1	0.862
364	2925	1	0.813
4595	2266	0	0.000191
3454	2658	1	0.908
3946	2676	1	0.894
3804	1234	1	0.87
639	591	1	0.824
1617	3641	1	0.929
976	2165	1	0.827
1082	3457	1	0.835
2721	1685	1	0.898
2811	407	1	0.951
161	1169	1	0.845
2297	3587	1	0.919
3496	3010	0	0.000852
3267	3127	1	0.817
1185	4356	0	0.000172
2071	15	0	0.000901
912	807	0	0.0003
4683	2024	1	0.854
792	3448	1	0.882
4162	3057	1	0.901
4289	651	1	0.943
4401	2940	1	0.824
4462	1739	1	0.854
1045	3384	1	0.817
1791	1662	1	0.844
809	1928	1	0.964
2172	1052	1	0.909
2578	28	0	0.000717
2678	169	0	0.000238
857	945	1	0.809
3537	184	0	0.00105
4069	1427	1	0.808
2968	2825	1	0.85
2387	4505	1	0.842
4219	756	1	0.907
4384	1296	0	0.00108
2307	3702	0	0.000538
1507	4454	1	0.875
3143	3491	0	0.000352
2165	3521	0	0.000378
1332	283	1	0.978
1186	3549	1	0.934
4439	1608	1	0.849
3607	4254	1	0.959
3076	3209	1	0.801
279	1712	1	0.819
1822	2710	1	0.945
2769	2367	1	0.85
4434	2203	1	0.917
2759	760	1	0.976
490	3519	1	0.936
4570	2257	0	0.00116
2456	471	0	0.000518
1643	3223	1	0.959
1008	4822	1	0.916
3316	1504	1	0.833
1627	4527	1	0.809
154	3486	1	0.933
4629	2065	1	0.844
2150	1467	1	0.806
3075	3887	1	0.92
3409	2682	1	0.988
4332	4866	1	0.82
2209	2999	1	0.857
1189	931	0	0.000193
1800	2085	1	0.913
2946	2528	1	0.864
757	2294	1	0.966
4006	2708	1	0.844
999	4406	0	0.000629
1230	2650	1	0.932
1342	614	1	0.992
3004	2650	1	0.861
1777	2456	1	0.822
96	3331	1	0.836
3332	300	1	0.968
1843	1886	1	0.93
2412	2132	1	0.941
4679	1234	1	0.823
1700	4649	0	0.000548
1870	643	1	0.9
530	4116	1	0.964
2669	2311	1	0.992
4211	1619	1	0.932
2157	4614	1	0.831
2592	4967	1	0.807
4568	1652	1	0.981
176	1760	1	0.993
3837	4099	1	0.976
3438	3436	1	0.811
3873	1268	1	0.944
1991	4569	1	0.979
4458	218	1	0.864
1886	2029	1	0.801
2039	307	1	0.971
3870	338	1	0.879
1346	4045	1	0.851
555	1880	1	0.936
3397	3242	1	0.921
118	1695	1	0.945
1549	3798	1	0.89
4021	492	0	0.000302
172	316	1	0.875
626	1936	1	0.994
1505	3708	1	0.916
4173	1075	1	0.941
3062	970	1	0.911
31	2197	1	0.923
4403	1217	1	0.904
4802	139	1	0.935
4976	989	1	0.98
4604	1297	1	0.864
4466	2178	1	0.884
1935	129	1	0.894
4299	0	0	0.000758
1488	1313	1	0.856
4171	4247	1	0.845
111	2886	1	0.87
830	1855	0	0.000205
2221	3765	0	0.000735
1466	4467	1	0.825
2716	4298	1	0.993
2858	4960	1	0.827
2225	2068	1	0.915
1278	635	1	0.986
2315	2136	0	0.00052
1343	3234	1	0.8
1628	568	1	0.947
3145	1365	1	0.907
3256	231	1	0.976
3836	919	0	0.000396
1903	939	0	0.00127
3954	1993	0	0.000331
795	1798	1	0.942
1049	1443	1	0.896
1243	194	0	0.000932
3663	2397	1	0.99
3798	2784	0	0.000567
4852	3549	0	0.00105
3650	2888	1	0.899
4839	3105	1	0.962
440	651	1	0.882
4179	2962	1	0.847
2293	4522	1	0.855
2285	148	1	0.959
1467	2982	1	0.856
2599	395	1	0.871
3205	425	1	0.823
3503	1565	1	0.921
3275	3837	1	0.894
1141	4247	0	0.000378
178	1456	1	0.895
3194	1730	1	0.932
1361	714	1	0.889
692	3699	1	0.926
1151	1093	1	0.821
3258	2414	1	0.868
2807	1790	1	0.839
2983	292	1	0.961
3733	4012	0	0.00061
1832	208	0	0.00059
2825	1139	1	0.889
946	4674	1	0.872
3609	1588	1	0.845
60	270	1	0.988
4978	4547	1	0.808
1263	355	1	0.825
3923	2719	1	0.987
4024	704	1	0.866
1072	3263	1	0.923
2350	2339	1	0.831
3118	1220	0	0.00022
3972	76	1	0.842
2136	4410	1	0.998
2083	2379	1	0.906
2718	1535	1	0.93
3643	2638	1	0.837
4449	472	1	0.806
1771	2639	1	0.937
4143	3521	1	0.905
2863	1682	0	0.000485
469	3201	1	0.858
1816	3082	0	0.00096
4140	1857	1	0.941
2752	4143	1	0.958
4705	1999	0	0.000433
3642	370	1	0.839
3982	264	1	0.852
55	41	1	0.948
2406	1687	1	0.998
1950	3079	0	0.000995
4684	4030	1	0.962
535	407	1	0.923
4188	2732	1	0.87
1496	1045	1	0.854
3150	3541	0	0.00106
4128	1175	1	0.96
2959	1243	1	0.874
3977	4814	1	0.905
1789	2419	1	0.934
814	3540	1	0.836
4425	2183	1	0.841
2827	2174	1	0.891
4881	3424	1	0.864
3608	1939	1	0.929
1715	1345	1	0.852
4077	4376	0	0.000899
2682	3671	1	0.912
3198	1894	1	0.912
3514	139	1	0.801
645	497	1	0.961
