5881	21492
0	1	1	1.0
0	2	1	1.0
0	3	1	1.0
0	5	1	1.0
0	9	1	1.0
0	10	1	1.0
0	21	1	1.0
0	23	1	1.0
0	52	1	1.0
0	82	1	1.0
0	93	1	1.0
0	108	1	1.0
0	129	1	1.0
0	155	1	1.0
0	176	1	1.0
0	213	1	1.0
0	223	1	1.0
0	237	1	1.0
0	321	1	1.0
0	469	1	1.0
0	488	1	1.0
0	504	1	1.0
0	613	1	1.0
0	636	1	1.0
0	808	1	1.0
0	884	1	1.0
0	967	1	1.0
0	1273	1	1.0
0	1319	1	1.0
0	1402	1	1.0
0	1526	1	1.0
0	1575	1	1.0
0	1696	1	1.0
0	1778	1	1.0
0	1785	1	1.0
0	1979	1	1.0
0	1980	1	1.0
0	2129	1	1.0
0	2130	1	1.0
0	2184	1	1.0
0	2385	1	1.0
0	2456	1	1.0
0	2571	1	1.0
0	3032	1	1.0
0	3709	1	1.0
0	7	0	1.0
0	66	0	1.0
0	410	0	1.0
0	1274	0	1.0
0	1287	0	1.0
0	1308	0	1.0
0	1337	0	1.0
0	2010	0	1.0
0	3891	0	1.0
0	4262	0	1.0
1	3	1	1.0
1	5	1	1.0
1	6	1	1.0
1	7	1	1.0
1	9	1	1.0
1	10	1	1.0
1	11	1	1.0
1	12	1	1.0
1	15	1	1.0
1	27	1	1.0
1	35	1	1.0
1	36	1	1.0
1	39	1	1.0
1	52	1	1.0
1	54	1	1.0
1	58	1	1.0
1	78	1	1.0
1	81	1	1.0
1	89	1	1.0
1	93	1	1.0
1	100	1	1.0
1	104	1	1.0
1	108	1	1.0
1	114	1	1.0
1	122	1	1.0
1	123	1	1.0
1	134	1	1.0
1	155	1	1.0
1	159	1	1.0
1	178	1	1.0
1	200	1	1.0
1	340	1	1.0
1	390	1	1.0
1	461	1	1.0
1	472	1	1.0
1	586	1	1.0
1	588	1	1.0
1	602	1	1.0
1	605	1	1.0
1	608	1	1.0
1	683	1	1.0
1	697	1	1.0
1	712	1	1.0
1	732	1	1.0
1	1319	1	1.0
1	3291	1	1.0
1	4460	1	1.0
1	5517	1	1.0
1	5803	1	1.0
1	161	0	1.0
1	792	0	1.0
1	3622	0	1.0
2	3	1	1.0
2	10	1	1.0
3	4	1	1.0
3	5	1	1.0
3	6	1	1.0
3	7	1	1.0
3	9	1	1.0
3	10	1	1.0
3	11	1	1.0
3	12	1	1.0
3	13	1	1.0
3	14	1	1.0
3	15	1	1.0
3	19	1	1.0
3	20	1	1.0
3	21	1	1.0
3	22	1	1.0
3	23	1	1.0
3	24	1	1.0
3	27	1	1.0
3	29	1	1.0
3	31	1	1.0
3	32	1	1.0
3	35	1	1.0
3	36	1	1.0
3	38	1	1.0
3	39	1	1.0
3	41	1	1.0
3	45	1	1.0
3	47	1	1.0
3	48	1	1.0
3	49	1	1.0
3	50	1	1.0
3	51	1	1.0
3	52	1	1.0
3	53	1	1.0
3	54	1	1.0
3	56	1	1.0
3	57	1	1.0
3	60	1	1.0
3	70	1	1.0
3	71	1	1.0
3	77	1	1.0
3	78	1	1.0
3	79	1	1.0
3	80	1	1.0
3	81	1	1.0
3	82	1	1.0
3	83	1	1.0
3	89	1	1.0
3	92	1	1.0
3	93	1	1.0
3	94	1	1.0
3	96	1	1.0
3	98	1	1.0
3	99	1	1.0
3	101	1	1.0
3	102	1	1.0
3	103	1	1.0
3	121	1	1.0
3	127	1	1.0
3	133	1	1.0
3	134	1	1.0
3	136	1	1.0
3	138	1	1.0
3	145	1	1.0
3	150	1	1.0
3	159	1	1.0
3	167	1	1.0
3	172	1	1.0
3	176	1	1.0
3	178	1	1.0
3	180	1	1.0
3	181	1	1.0
3	188	1	1.0
3	196	1	1.0
3	200	1	1.0
3	202	1	1.0
3	205	1	1.0
3	215	1	1.0
3	216	1	1.0
3	221	1	1.0
3	227	1	1.0
3	230	1	1.0
3	233	1	1.0
3	252	1	1.0
3	259	1	1.0
3	264	1	1.0
3	265	1	1.0
3	267	1	1.0
3	268	1	1.0
3	276	1	1.0
3	279	1	1.0
3	295	1	1.0
3	297	1	1.0
3	300	1	1.0
3	321	1	1.0
3	331	1	1.0
3	336	1	1.0
3	338	1	1.0
3	356	1	1.0
3	372	1	1.0
3	375	1	1.0
3	380	1	1.0
3	384	1	1.0
3	393	1	1.0
3	397	1	1.0
3	410	1	1.0
3	414	1	1.0
3	424	1	1.0
3	427	1	1.0
3	429	1	1.0
3	434	1	1.0
3	436	1	1.0
3	448	1	1.0
3	456	1	1.0
3	471	1	1.0
3	485	1	1.0
3	488	1	1.0
3	490	1	1.0
3	491	1	1.0
3	498	1	1.0
3	516	1	1.0
3	521	1	1.0
3	522	1	1.0
3	542	1	1.0
3	543	1	1.0
3	580	1	1.0
3	583	1	1.0
3	589	1	1.0
3	598	1	1.0
3	626	1	1.0
3	644	1	1.0
3	654	1	1.0
3	680	1	1.0
3	725	1	1.0
3	732	1	1.0
3	775	1	1.0
3	776	1	1.0
3	813	1	1.0
3	835	1	1.0
3	842	1	1.0
3	959	1	1.0
3	1002	1	1.0
3	1003	1	1.0
3	1086	1	1.0
3	1116	1	1.0
3	1154	1	1.0
3	1169	1	1.0
3	1197	1	1.0
3	1234	1	1.0
3	1272	1	1.0
3	1273	1	1.0
3	1274	1	1.0
3	1308	1	1.0
3	1309	1	1.0
3	1319	1	1.0
3	1322	1	1.0
3	1325	1	1.0
3	1350	1	1.0
3	1351	1	1.0
3	1369	1	1.0
3	1401	1	1.0
3	1402	1	1.0
3	1453	1	1.0
3	1461	1	1.0
3	1495	1	1.0
3	1509	1	1.0
3	1511	1	1.0
3	1526	1	1.0
3	1537	1	1.0
3	1564	1	1.0
3	1571	1	1.0
3	1594	1	1.0
3	1626	1	1.0
3	1638	1	1.0
3	1639	1	1.0
3	1643	1	1.0
3	1650	1	1.0
3	1662	1	1.0
3	1672	1	1.0
3	1693	1	1.0
3	1696	1	1.0
3	1745	1	1.0
3	1785	1	1.0
3	1796	1	1.0
3	1809	1	1.0
3	1846	1	1.0
3	1867	1	1.0
3	1891	1	1.0
3	1899	1	1.0
3	1913	1	1.0
3	1929	1	1.0
3	1951	1	1.0
3	1979	1	1.0
3	1980	1	1.0
3	1990	1	1.0
3	1991	1	1.0
3	2002	1	1.0
3	2010	1	1.0
3	2066	1	1.0
3	2067	1	1.0
3	2071	1	1.0
3	2082	1	1.0
3	2115	1	1.0
3	2118	1	1.0
3	2125	1	1.0
3	2154	1	1.0
3	2184	1	1.0
3	2199	1	1.0
3	2206	1	1.0
3	2238	1	1.0
3	2247	1	1.0
3	2260	1	1.0
3	2277	1	1.0
3	2385	1	1.0
3	2414	1	1.0
3	2569	1	1.0
3	2571	1	1.0
3	2583	1	1.0
3	2635	1	1.0
3	2652	1	1.0
3	2688	1	1.0
3	2778	1	1.0
3	2956	1	1.0
3	3219	1	1.0
3	3261	1	1.0
3	3312	1	1.0
3	3348	1	1.0
3	3433	1	1.0
3	3469	1	1.0
3	3617	1	1.0
3	3622	1	1.0
3	3726	1	1.0
3	3775	1	1.0
3	3815	1	1.0
3	3891	1	1.0
3	4071	1	1.0
3	4086	1	1.0
3	4169	1	1.0
3	4387	1	1.0
3	4434	1	1.0
3	4757	1	1.0
3	4823	1	1.0
3	5332	1	1.0
3	5386	1	1.0
3	5410	1	1.0
3	5411	1	1.0
3	5416	1	1.0
3	5465	1	1.0
3	5525	1	1.0
3	5574	1	1.0
3	5799	1	1.0
3	5827	1	1.0
3	58	0	1.0
3	622	0	1.0
3	945	0	1.0
3	1337	0	1.0
3	1715	0	1.0
3	1755	0	1.0
3	2038	0	1.0
3	2369	0	1.0
3	2400	0	1.0
4	24	1	1.0
4	44	1	1.0
4	52	1	1.0
4	66	1	1.0
4	67	1	1.0
4	107	1	1.0
4	123	1	1.0
4	194	1	1.0
4	253	1	1.0
4	390	1	1.0
4	680	1	1.0
4	1234	1	1.0
4	1408	1	1.0
4	1526	1	1.0
4	2086	1	1.0
4	4169	1	1.0
5	6	1	1.0
5	7	1	1.0
5	10	1	1.0
5	14	1	1.0
5	17	1	1.0
5	20	1	1.0
5	23	1	1.0
5	27	1	1.0
5	28	1	1.0
5	29	1	1.0
5	36	1	1.0
5	38	1	1.0
5	39	1	1.0
5	42	1	1.0
5	46	1	1.0
5	58	1	1.0
5	62	1	1.0
5	92	1	1.0
5	108	1	1.0
5	147	1	1.0
5	159	1	1.0
5	239	1	1.0
5	259	1	1.0
5	275	1	1.0
5	296	1	1.0
5	390	1	1.0
5	399	1	1.0
5	410	1	1.0
5	434	1	1.0
5	471	1	1.0
5	488	1	1.0
5	489	1	1.0
5	491	1	1.0
5	542	1	1.0
5	858	1	1.0
5	915	1	1.0
5	1154	1	1.0
5	1198	1	1.0
5	1210	1	1.0
5	1308	1	1.0
5	1322	1	1.0
5	1350	1	1.0
5	1402	1	1.0
5	1526	1	1.0
5	1564	1	1.0
5	1611	1	1.0
5	1796	1	1.0
5	1846	1	1.0
5	1929	1	1.0
5	1938	1	1.0
5	2087	1	1.0
5	2115	1	1.0
5	2225	1	1.0
5	2280	1	1.0
5	2399	1	1.0
5	2913	1	1.0
5	3100	1	1.0
5	3339	1	1.0
5	3603	1	1.0
5	4750	1	1.0
5	4917	1	1.0
5	5402	1	1.0
5	357	0	1.0
5	792	0	1.0
5	1238	0	1.0
6	9	1	1.0
6	10	1	1.0
6	11	1	1.0
6	14	1	1.0
6	50	1	1.0
6	174	1	1.0
6	226	1	1.0
6	337	1	1.0
6	373	1	1.0
6	81	0	1.0
6	477	0	1.0
6	967	0	1.0
6	1172	0	1.0
6	2569	0	1.0
6	3339	0	1.0
6	3348	0	1.0
6	4086	0	1.0
6	5827	0	1.0
7	8	1	1.0
7	9	1	1.0
7	10	1	1.0
7	14	1	1.0
7	16	1	1.0
7	19	1	1.0
7	22	1	1.0
7	23	1	1.0
7	35	1	1.0
7	36	1	1.0
7	41	1	1.0
7	60	1	1.0
7	66	1	1.0
7	93	1	1.0
7	114	1	1.0
7	117	1	1.0
7	138	1	1.0
7	156	1	1.0
7	157	1	1.0
7	167	1	1.0
7	233	1	1.0
7	264	1	1.0
7	295	1	1.0
7	297	1	1.0
7	334	1	1.0
7	401	1	1.0
7	410	1	1.0
7	434	1	1.0
7	435	1	1.0
7	445	1	1.0
7	461	1	1.0
7	464	1	1.0
7	471	1	1.0
7	477	1	1.0
7	488	1	1.0
7	491	1	1.0
7	499	1	1.0
7	542	1	1.0
7	543	1	1.0
7	545	1	1.0
7	557	1	1.0
7	558	1	1.0
7	565	1	1.0
7	571	1	1.0
7	572	1	1.0
7	573	1	1.0
7	576	1	1.0
7	577	1	1.0
7	588	1	1.0
7	589	1	1.0
7	598	1	1.0
7	605	1	1.0
7	636	1	1.0
7	650	1	1.0
7	662	1	1.0
7	683	1	1.0
7	694	1	1.0
7	695	1	1.0
7	697	1	1.0
7	704	1	1.0
7	718	1	1.0
7	727	1	1.0
7	744	1	1.0
7	814	1	1.0
7	835	1	1.0
7	838	1	1.0
7	859	1	1.0
7	945	1	1.0
7	994	1	1.0
7	1003	1	1.0
7	1081	1	1.0
7	1156	1	1.0
7	1174	1	1.0
7	1175	1	1.0
7	1178	1	1.0
7	1197	1	1.0
7	1273	1	1.0
7	1294	1	1.0
7	1322	1	1.0
7	1346	1	1.0
7	1350	1	1.0
7	1365	1	1.0
7	1481	1	1.0
7	1487	1	1.0
7	1491	1	1.0
7	1509	1	1.0
7	1537	1	1.0
7	1543	1	1.0
7	1581	1	1.0
7	1594	1	1.0
7	1624	1	1.0
7	1626	1	1.0
7	1697	1	1.0
7	1698	1	1.0
7	1700	1	1.0
7	1734	1	1.0
7	1738	1	1.0
7	1778	1	1.0
7	1779	1	1.0
7	1796	1	1.0
7	1809	1	1.0
7	1835	1	1.0
7	1846	1	1.0
7	1849	1	1.0
7	1856	1	1.0
7	1857	1	1.0
7	1862	1	1.0
7	1867	1	1.0
7	1868	1	1.0
7	1869	1	1.0
7	1878	1	1.0
7	1885	1	1.0
7	1913	1	1.0
7	1932	1	1.0
7	1936	1	1.0
7	1937	1	1.0
7	1942	1	1.0
7	1944	1	1.0
7	1951	1	1.0
7	1952	1	1.0
7	1957	1	1.0
7	1965	1	1.0
7	1969	1	1.0
7	1976	1	1.0
7	1990	1	1.0
7	2006	1	1.0
7	2015	1	1.0
7	2050	1	1.0
7	2066	1	1.0
7	2071	1	1.0
7	2101	1	1.0
7	2115	1	1.0
7	2125	1	1.0
7	2135	1	1.0
7	2147	1	1.0
7	2154	1	1.0
7	2161	1	1.0
7	2165	1	1.0
7	2199	1	1.0
7	2204	1	1.0
7	2225	1	1.0
7	2249	1	1.0
7	2323	1	1.0
7	2339	1	1.0
7	2345	1	1.0
7	2443	1	1.0
7	2484	1	1.0
7	2486	1	1.0
7	2488	1	1.0
7	2519	1	1.0
7	2542	1	1.0
7	2571	1	1.0
7	2583	1	1.0
7	2613	1	1.0
7	2710	1	1.0
7	2725	1	1.0
7	2762	1	1.0
7	2778	1	1.0
7	2876	1	1.0
7	2877	1	1.0
7	2944	1	1.0
7	2956	1	1.0
7	3025	1	1.0
7	3081	1	1.0
7	3116	1	1.0
7	3219	1	1.0
7	3291	1	1.0
7	3300	1	1.0
7	3325	1	1.0
7	3339	1	1.0
7	3349	1	1.0
7	3358	1	1.0
7	3376	1	1.0
7	3440	1	1.0
7	3521	1	1.0
7	3526	1	1.0
7	3537	1	1.0
7	3617	1	1.0
7	3618	1	1.0
7	3818	1	1.0
7	3891	1	1.0
7	4006	1	1.0
7	4119	1	1.0
7	4121	1	1.0
7	4141	1	1.0
7	4180	1	1.0
7	4236	1	1.0
7	4261	1	1.0
7	4393	1	1.0
7	4406	1	1.0
7	4478	1	1.0
7	5787	1	1.0
7	5791	1	1.0
7	5847	1	1.0
7	5859	1	1.0
7	559	0	1.0
7	656	0	1.0
7	792	0	1.0
7	1234	0	1.0
7	1308	0	1.0
7	1715	0	1.0
7	1755	0	1.0
7	1980	0	1.0
7	2170	0	1.0
7	2200	0	1.0
7	2430	0	1.0
7	2495	0	1.0
7	2827	0	1.0
7	3367	0	1.0
7	5601	0	1.0
7	5848	0	1.0
9	11	1	1.0
9	13	1	1.0
9	16	1	1.0
9	36	1	1.0
10	11	1	1.0
10	12	1	1.0
10	14	1	1.0
10	15	1	1.0
10	18	1	1.0
10	19	1	1.0
10	22	1	1.0
10	23	1	1.0
10	24	1	1.0
10	27	1	1.0
10	29	1	1.0
10	31	1	1.0
10	34	1	1.0
10	35	1	1.0
10	36	1	1.0
10	37	1	1.0
10	38	1	1.0
10	41	1	1.0
10	46	1	1.0
10	48	1	1.0
10	49	1	1.0
10	50	1	1.0
10	51	1	1.0
10	53	1	1.0
10	54	1	1.0
10	56	1	1.0
10	58	1	1.0
10	63	1	1.0
10	66	1	1.0
10	69	1	1.0
10	71	1	1.0
10	76	1	1.0
10	77	1	1.0
10	78	1	1.0
10	79	1	1.0
10	84	1	1.0
10	86	1	1.0
10	87	1	1.0
10	89	1	1.0
10	90	1	1.0
10	91	1	1.0
10	92	1	1.0
10	93	1	1.0
10	94	1	1.0
10	95	1	1.0
10	98	1	1.0
10	100	1	1.0
10	101	1	1.0
10	102	1	1.0
10	110	1	1.0
10	111	1	1.0
10	113	1	1.0
10	114	1	1.0
10	118	1	1.0
10	122	1	1.0
10	127	1	1.0
10	131	1	1.0
10	138	1	1.0
10	141	1	1.0
10	142	1	1.0
10	145	1	1.0
10	146	1	1.0
10	151	1	1.0
10	153	1	1.0
10	155	1	1.0
10	157	1	1.0
10	159	1	1.0
10	160	1	1.0
10	161	1	1.0
10	163	1	1.0
10	164	1	1.0
10	165	1	1.0
10	166	1	1.0
10	167	1	1.0
10	169	1	1.0
10	172	1	1.0
10	176	1	1.0
10	182	1	1.0
10	185	1	1.0
10	189	1	1.0
10	190	1	1.0
10	195	1	1.0
10	206	1	1.0
10	207	1	1.0
10	215	1	1.0
10	221	1	1.0
10	226	1	1.0
10	228	1	1.0
10	233	1	1.0
10	237	1	1.0
10	240	1	1.0
10	242	1	1.0
10	249	1	1.0
10	250	1	1.0
10	252	1	1.0
10	259	1	1.0
10	260	1	1.0
10	269	1	1.0
10	277	1	1.0
10	281	1	1.0
10	288	1	1.0
10	298	1	1.0
10	307	1	1.0
10	308	1	1.0
10	316	1	1.0
10	320	1	1.0
10	323	1	1.0
10	331	1	1.0
10	332	1	1.0
10	333	1	1.0
10	344	1	1.0
10	354	1	1.0
10	362	1	1.0
10	377	1	1.0
10	381	1	1.0
10	383	1	1.0
10	396	1	1.0
10	398	1	1.0
10	408	1	1.0
10	410	1	1.0
10	411	1	1.0
10	417	1	1.0
10	422	1	1.0
10	424	1	1.0
10	427	1	1.0
10	432	1	1.0
10	436	1	1.0
10	437	1	1.0
10	450	1	1.0
10	471	1	1.0
10	477	1	1.0
10	484	1	1.0
10	488	1	1.0
10	489	1	1.0
10	491	1	1.0
10	493	1	1.0
10	498	1	1.0
10	500	1	1.0
10	501	1	1.0
10	520	1	1.0
10	536	1	1.0
10	543	1	1.0
10	572	1	1.0
10	573	1	1.0
10	576	1	1.0
10	577	1	1.0
10	593	1	1.0
10	596	1	1.0
10	601	1	1.0
10	606	1	1.0
10	607	1	1.0
10	617	1	1.0
10	661	1	1.0
10	674	1	1.0
10	677	1	1.0
10	684	1	1.0
10	707	1	1.0
10	732	1	1.0
10	745	1	1.0
10	789	1	1.0
10	831	1	1.0
10	835	1	1.0
10	842	1	1.0
10	880	1	1.0
10	897	1	1.0
10	910	1	1.0
10	911	1	1.0
10	915	1	1.0
10	945	1	1.0
10	960	1	1.0
10	983	1	1.0
10	991	1	1.0
10	1002	1	1.0
10	1003	1	1.0
10	1051	1	1.0
10	1052	1	1.0
10	1107	1	1.0
10	1120	1	1.0
10	1156	1	1.0
10	1175	1	1.0
10	1234	1	1.0
10	1272	1	1.0
10	1273	1	1.0
10	1274	1	1.0
10	1291	1	1.0
10	1294	1	1.0
10	1337	1	1.0
10	1350	1	1.0
10	1366	1	1.0
10	1382	1	1.0
10	1402	1	1.0
10	1478	1	1.0
10	1509	1	1.0
10	1545	1	1.0
10	1564	1	1.0
10	1581	1	1.0
10	1611	1	1.0
10	1612	1	1.0
10	1635	1	1.0
10	1651	1	1.0
10	1734	1	1.0
10	1807	1	1.0
10	1846	1	1.0
10	1927	1	1.0
10	1980	1	1.0
10	1989	1	1.0
10	1991	1	1.0
10	2039	1	1.0
10	2117	1	1.0
10	2145	1	1.0
10	2172	1	1.0
10	2257	1	1.0
10	2309	1	1.0
10	2329	1	1.0
10	2335	1	1.0
10	2344	1	1.0
10	2464	1	1.0
10	2569	1	1.0
10	2864	1	1.0
10	2962	1	1.0
10	3059	1	1.0
10	4847	1	1.0
10	5327	1	1.0
10	5328	1	1.0
10	5331	1	1.0
10	135	0	1.0
10	266	0	1.0
10	349	0	1.0
10	407	0	1.0
10	856	0	1.0
10	1227	0	1.0
10	1453	0	1.0
11	13	1	1.0
11	24	1	1.0
11	27	1	1.0
11	46	1	1.0
11	52	1	1.0
11	54	1	1.0
11	82	1	1.0
11	89	1	1.0
11	107	1	1.0
11	176	1	1.0
11	189	1	1.0
11	212	1	1.0
11	241	1	1.0
11	264	1	1.0
11	400	1	1.0
11	433	1	1.0
11	449	1	1.0
11	570	1	1.0
11	729	1	1.0
11	754	1	1.0
11	2135	1	1.0
11	2238	0	1.0
11	4127	0	1.0
12	14	1	1.0
12	15	1	1.0
12	39	1	1.0
12	52	1	1.0
12	189	1	1.0
12	2206	0	1.0
12	2803	0	1.0
14	15	1	1.0
14	18	1	1.0
14	27	1	1.0
14	57	1	1.0
14	81	1	1.0
14	108	1	1.0
14	141	1	1.0
14	260	1	1.0
14	313	1	1.0
14	354	1	1.0
14	471	1	1.0
14	967	1	1.0
14	1230	1	1.0
14	1594	1	1.0
14	1808	1	1.0
14	2763	1	1.0
14	3116	1	1.0
14	3685	1	1.0
14	3647	0	1.0
14	3659	0	1.0
14	3660	0	1.0
14	3662	0	1.0
14	3663	0	1.0
15	21	1	1.0
15	29	1	1.0
15	43	1	1.0
15	52	1	1.0
15	60	1	1.0
15	76	1	1.0
15	80	1	1.0
15	91	1	1.0
15	184	1	1.0
15	218	1	1.0
15	479	1	1.0
15	601	1	1.0
15	635	1	1.0
15	896	1	1.0
15	945	1	1.0
15	1169	1	1.0
15	1170	1	1.0
15	1171	1	1.0
15	1172	1	1.0
15	1907	1	1.0
15	2456	1	1.0
15	2751	1	1.0
15	3647	1	1.0
15	4262	1	1.0
16	38	1	1.0
16	56	1	1.0
16	83	1	1.0
16	91	1	1.0
16	108	1	1.0
16	114	1	1.0
16	134	1	1.0
16	150	1	1.0
16	259	1	1.0
16	266	1	1.0
16	297	1	1.0
16	312	1	1.0
16	334	1	1.0
16	490	1	1.0
16	500	1	1.0
16	579	1	1.0
16	597	1	1.0
16	739	1	1.0
16	741	1	1.0
16	792	1	1.0
16	1116	1	1.0
16	1154	1	1.0
16	1308	1	1.0
16	1346	1	1.0
16	1453	1	1.0
16	1482	1	1.0
16	1495	1	1.0
16	1537	1	1.0
16	1564	1	1.0
16	1569	1	1.0
16	1581	1	1.0
16	1594	1	1.0
16	1638	1	1.0
16	1639	1	1.0
16	1684	1	1.0
16	1692	1	1.0
16	1715	1	1.0
16	1734	1	1.0
16	1754	1	1.0
16	1774	1	1.0
16	1827	1	1.0
16	1899	1	1.0
16	1913	1	1.0
16	1980	1	1.0
16	2023	1	1.0
16	2116	1	1.0
16	2117	1	1.0
16	2134	1	1.0
16	2135	1	1.0
16	2199	1	1.0
16	2247	1	1.0
16	2280	1	1.0
16	2297	1	1.0
16	2454	1	1.0
16	2561	1	1.0
16	2569	1	1.0
16	2683	1	1.0
16	2737	1	1.0
16	2861	1	1.0
16	2863	1	1.0
16	2876	1	1.0
16	2957	1	1.0
16	3085	1	1.0
16	3130	1	1.0
16	3149	1	1.0
16	3233	1	1.0
16	3399	1	1.0
16	3440	1	1.0
16	3537	1	1.0
16	3553	1	1.0
16	3618	1	1.0
16	3622	1	1.0
16	3629	1	1.0
16	3724	1	1.0
16	3744	1	1.0
16	3812	1	1.0
16	3854	1	1.0
16	4086	1	1.0
16	4169	1	1.0
16	4196	1	1.0
16	4316	1	1.0
16	4462	1	1.0
16	4601	1	1.0
16	4616	1	1.0
16	4696	1	1.0
16	4928	1	1.0
16	5416	1	1.0
16	93	0	1.0
16	265	0	1.0
16	360	0	1.0
16	410	0	1.0
16	477	0	1.0
16	835	0	1.0
16	1294	0	1.0
16	1589	0	1.0
16	1785	0	1.0
16	2010	0	1.0
16	2101	0	1.0
16	2115	0	1.0
16	2773	0	1.0
16	2783	0	1.0
16	3187	0	1.0
16	3348	0	1.0
16	3730	0	1.0
16	3752	0	1.0
16	4048	0	1.0
16	4240	0	1.0
16	4242	0	1.0
16	4738	0	1.0
16	4918	0	1.0
16	5421	0	1.0
17	23	1	1.0
17	580	1	1.0
17	629	1	1.0
17	733	1	1.0
17	757	1	1.0
17	884	1	1.0
17	1812	1	1.0
17	1930	1	1.0
17	2072	1	1.0
17	2085	1	1.0
17	1337	0	1.0
18	23	1	1.0
18	43	1	1.0
18	52	1	1.0
18	80	1	1.0
18	89	1	1.0
18	184	1	1.0
18	194	1	1.0
18	315	1	1.0
18	2725	1	1.0
19	32	1	1.0
19	33	1	1.0
19	54	1	1.0
19	58	1	1.0
19	93	1	1.0
19	127	1	1.0
19	143	1	1.0
19	155	1	1.0
19	163	1	1.0
19	167	1	1.0
19	169	1	1.0
19	176	1	1.0
19	205	1	1.0
19	211	1	1.0
19	212	1	1.0
19	230	1	1.0
19	233	1	1.0
19	237	1	1.0
19	257	1	1.0
19	259	1	1.0
19	284	1	1.0
19	291	1	1.0
19	320	1	1.0
19	350	1	1.0
19	413	1	1.0
19	469	1	1.0
19	472	1	1.0
19	607	1	1.0
19	737	1	1.0
19	781	1	1.0
19	841	1	1.0
19	896	1	1.0
19	1125	1	1.0
19	1319	1	1.0
19	1350	1	1.0
19	1793	1	1.0
19	3100	1	1.0
19	3647	1	1.0
19	4262	1	1.0
19	2677	0	1.0
21	1154	1	1.0
21	2551	1	1.0
21	4089	1	1.0
23	24	1	1.0
23	40	1	1.0
23	41	1	1.0
23	43	1	1.0
23	44	1	1.0
23	55	1	1.0
23	60	1	1.0
23	65	1	1.0
23	66	1	1.0
23	78	1	1.0
23	81	1	1.0
23	101	1	1.0
23	108	1	1.0
23	143	1	1.0
23	145	1	1.0
23	201	1	1.0
23	203	1	1.0
23	205	1	1.0
23	222	1	1.0
23	237	1	1.0
23	277	1	1.0
23	295	1	1.0
23	297	1	1.0
23	310	1	1.0
23	315	1	1.0
23	318	1	1.0
23	325	1	1.0
23	328	1	1.0
23	353	1	1.0
23	370	1	1.0
23	394	1	1.0
23	397	1	1.0
23	434	1	1.0
23	498	1	1.0
23	504	1	1.0
23	531	1	1.0
23	542	1	1.0
23	613	1	1.0
23	656	1	1.0
23	680	1	1.0
23	727	1	1.0
23	748	1	1.0
23	775	1	1.0
23	787	1	1.0
23	789	1	1.0
23	814	1	1.0
23	825	1	1.0
23	826	1	1.0
23	845	1	1.0
23	851	1	1.0
23	887	1	1.0
23	899	1	1.0
23	924	1	1.0
23	925	1	1.0
23	945	1	1.0
23	979	1	1.0
23	994	1	1.0
23	1002	1	1.0
23	1042	1	1.0
23	1047	1	1.0
23	1066	1	1.0
23	1067	1	1.0
23	1087	1	1.0
23	1088	1	1.0
23	1107	1	1.0
23	1154	1	1.0
23	1169	1	1.0
23	1197	1	1.0
23	1227	1	1.0
23	1234	1	1.0
23	1242	1	1.0
23	1249	1	1.0
23	1250	1	1.0
23	1254	1	1.0
23	1259	1	1.0
23	1270	1	1.0
23	1273	1	1.0
23	1283	1	1.0
23	1293	1	1.0
23	1295	1	1.0
23	1304	1	1.0
23	1308	1	1.0
23	1312	1	1.0
23	1317	1	1.0
23	1318	1	1.0
23	1336	1	1.0
23	1337	1	1.0
23	1346	1	1.0
23	1350	1	1.0
23	1358	1	1.0
23	1359	1	1.0
23	1367	1	1.0
23	1371	1	1.0
23	1380	1	1.0
23	1386	1	1.0
23	1388	1	1.0
23	1391	1	1.0
23	1392	1	1.0
23	1393	1	1.0
23	1398	1	1.0
23	1400	1	1.0
23	1401	1	1.0
23	1402	1	1.0
23	1405	1	1.0
23	1406	1	1.0
23	1407	1	1.0
23	1408	1	1.0
23	1414	1	1.0
23	1415	1	1.0
23	1417	1	1.0
23	1427	1	1.0
23	1431	1	1.0
23	1432	1	1.0
23	1436	1	1.0
23	1437	1	1.0
23	1438	1	1.0
23	1439	1	1.0
23	1446	1	1.0
23	1447	1	1.0
23	1450	1	1.0
23	1451	1	1.0
23	1457	1	1.0
23	1459	1	1.0
23	1469	1	1.0
23	1470	1	1.0
23	1476	1	1.0
23	1478	1	1.0
23	1482	1	1.0
23	1487	1	1.0
23	1488	1	1.0
23	1493	1	1.0
23	1494	1	1.0
23	1498	1	1.0
23	1501	1	1.0
23	1502	1	1.0
23	1506	1	1.0
23	1509	1	1.0
23	1511	1	1.0
23	1512	1	1.0
23	1514	1	1.0
23	1515	1	1.0
23	1516	1	1.0
23	1532	1	1.0
23	1543	1	1.0
23	1544	1	1.0
23	1546	1	1.0
23	1550	1	1.0
23	1556	1	1.0
23	1561	1	1.0
23	1564	1	1.0
23	1567	1	1.0
23	1569	1	1.0
23	1577	1	1.0
23	1579	1	1.0
23	1581	1	1.0
23	1590	1	1.0
23	1595	1	1.0
23	1596	1	1.0
23	1599	1	1.0
23	1600	1	1.0
23	1601	1	1.0
23	1602	1	1.0
23	1603	1	1.0
23	1611	1	1.0
23	1618	1	1.0
23	1619	1	1.0
23	1620	1	1.0
23	1624	1	1.0
23	1627	1	1.0
23	1640	1	1.0
23	1644	1	1.0
23	1648	1	1.0
23	1651	1	1.0
23	1657	1	1.0
23	1666	1	1.0
23	1669	1	1.0
23	1675	1	1.0
23	1676	1	1.0
23	1677	1	1.0
23	1685	1	1.0
23	1687	1	1.0
23	1709	1	1.0
23	1710	1	1.0
23	1729	1	1.0
23	1731	1	1.0
23	1734	1	1.0
23	1739	1	1.0
23	1740	1	1.0
23	1743	1	1.0
23	1747	1	1.0
23	1751	1	1.0
23	1753	1	1.0
23	1757	1	1.0
23	1759	1	1.0
23	1768	1	1.0
23	1778	1	1.0
23	1780	1	1.0
23	1782	1	1.0
23	1784	1	1.0
23	1806	1	1.0
23	1818	1	1.0
23	1828	1	1.0
23	1833	1	1.0
23	1841	1	1.0
23	1844	1	1.0
23	1845	1	1.0
23	1847	1	1.0
23	1854	1	1.0
23	1862	1	1.0
23	1864	1	1.0
23	1867	1	1.0
23	1868	1	1.0
23	1872	1	1.0
23	1874	1	1.0
23	1875	1	1.0
23	1881	1	1.0
23	1891	1	1.0
23	1897	1	1.0
23	1902	1	1.0
23	1903	1	1.0
23	1904	1	1.0
23	1905	1	1.0
23	1908	1	1.0
23	1910	1	1.0
23	1917	1	1.0
23	1918	1	1.0
23	1920	1	1.0
23	1923	1	1.0
23	1924	1	1.0
23	1926	1	1.0
23	1928	1	1.0
23	1939	1	1.0
23	1944	1	1.0
23	1949	1	1.0
23	1950	1	1.0
23	1971	1	1.0
23	1974	1	1.0
23	1985	1	1.0
23	1995	1	1.0
23	2010	1	1.0
23	2014	1	1.0
23	2018	1	1.0
23	2029	1	1.0
23	2033	1	1.0
23	2052	1	1.0
23	2059	1	1.0
23	2060	1	1.0
23	2062	1	1.0
23	2064	1	1.0
23	2070	1	1.0
23	2073	1	1.0
23	2086	1	1.0
23	2112	1	1.0
23	2114	1	1.0
23	2119	1	1.0
23	2132	1	1.0
23	2133	1	1.0
23	2134	1	1.0
23	2135	1	1.0
23	2155	1	1.0
23	2161	1	1.0
23	2187	1	1.0
23	2188	1	1.0
23	2199	1	1.0
23	2203	1	1.0
23	2234	1	1.0
23	2237	1	1.0
23	2238	1	1.0
23	2241	1	1.0
23	2251	1	1.0
23	2252	1	1.0
23	2253	1	1.0
23	2269	1	1.0
23	2270	1	1.0
23	2276	1	1.0
23	2288	1	1.0
23	2298	1	1.0
23	2308	1	1.0
23	2309	1	1.0
23	2320	1	1.0
23	2324	1	1.0
23	2328	1	1.0
23	2330	1	1.0
23	2338	1	1.0
23	2356	1	1.0
23	2361	1	1.0
23	2362	1	1.0
23	2377	1	1.0
23	2379	1	1.0
23	2380	1	1.0
23	2383	1	1.0
23	2391	1	1.0
23	2392	1	1.0
23	2394	1	1.0
23	2399	1	1.0
23	2405	1	1.0
23	2410	1	1.0
23	2411	1	1.0
23	2414	1	1.0
23	2417	1	1.0
23	2425	1	1.0
23	2426	1	1.0
23	2430	1	1.0
23	2437	1	1.0
23	2440	1	1.0
23	2444	1	1.0
23	2455	1	1.0
23	2458	1	1.0
23	2459	1	1.0
23	2462	1	1.0
23	2470	1	1.0
23	2479	1	1.0
23	2483	1	1.0
23	2489	1	1.0
23	2493	1	1.0
23	2506	1	1.0
23	2508	1	1.0
23	2517	1	1.0
23	2519	1	1.0
23	2523	1	1.0
23	2524	1	1.0
23	2525	1	1.0
23	2528	1	1.0
23	2540	1	1.0
23	2541	1	1.0
23	2543	1	1.0
23	2569	1	1.0
23	2575	1	1.0
23	2576	1	1.0
23	2580	1	1.0
23	2581	1	1.0
23	2583	1	1.0
23	2588	1	1.0
23	2612	1	1.0
23	2616	1	1.0
23	2634	1	1.0
23	2637	1	1.0
23	2646	1	1.0
23	2647	1	1.0
23	2662	1	1.0
23	2675	1	1.0
23	2683	1	1.0
23	2689	1	1.0
23	2692	1	1.0
23	2694	1	1.0
23	2695	1	1.0
23	2698	1	1.0
23	2701	1	1.0
23	2705	1	1.0
23	2706	1	1.0
23	2709	1	1.0
23	2710	1	1.0
23	2712	1	1.0
23	2718	1	1.0
23	2724	1	1.0
23	2730	1	1.0
23	2743	1	1.0
23	2744	1	1.0
23	2745	1	1.0
23	2753	1	1.0
23	2754	1	1.0
23	2759	1	1.0
23	2762	1	1.0
23	2766	1	1.0
23	2793	1	1.0
23	2797	1	1.0
23	2833	1	1.0
23	2850	1	1.0
23	2851	1	1.0
23	2864	1	1.0
23	2868	1	1.0
23	2878	1	1.0
23	2885	1	1.0
23	2886	1	1.0
23	2888	1	1.0
23	2890	1	1.0
23	2893	1	1.0
23	2895	1	1.0
23	2897	1	1.0
23	2900	1	1.0
23	2901	1	1.0
23	2904	1	1.0
23	2905	1	1.0
23	2919	1	1.0
23	2922	1	1.0
23	2929	1	1.0
23	2936	1	1.0
23	2937	1	1.0
23	2943	1	1.0
23	2953	1	1.0
23	2955	1	1.0
23	2956	1	1.0
23	2963	1	1.0
23	2965	1	1.0
23	2973	1	1.0
23	2976	1	1.0
23	3003	1	1.0
23	3008	1	1.0
23	3011	1	1.0
23	3012	1	1.0
23	3013	1	1.0
23	3016	1	1.0
23	3022	1	1.0
23	3023	1	1.0
23	3028	1	1.0
23	3031	1	1.0
23	3032	1	1.0
23	3041	1	1.0
23	3051	1	1.0
23	3052	1	1.0
23	3053	1	1.0
23	3060	1	1.0
23	3071	1	1.0
23	3072	1	1.0
23	3073	1	1.0
23	3074	1	1.0
23	3075	1	1.0
23	3078	1	1.0
23	3095	1	1.0
23	3096	1	1.0
23	3101	1	1.0
23	3104	1	1.0
23	3105	1	1.0
23	3107	1	1.0
23	3108	1	1.0
23	3109	1	1.0
23	3110	1	1.0
23	3123	1	1.0
23	3124	1	1.0
23	3139	1	1.0
23	3164	1	1.0
23	3166	1	1.0
23	3168	1	1.0
23	3170	1	1.0
23	3184	1	1.0
23	3185	1	1.0
23	3186	1	1.0
23	3187	1	1.0
23	3196	1	1.0
23	3204	1	1.0
23	3205	1	1.0
23	3216	1	1.0
23	3224	1	1.0
23	3225	1	1.0
23	3232	1	1.0
23	3257	1	1.0
23	3258	1	1.0
23	3259	1	1.0
23	3274	1	1.0
23	3279	1	1.0
23	3286	1	1.0
23	3294	1	1.0
23	3300	1	1.0
23	3302	1	1.0
23	3307	1	1.0
23	3308	1	1.0
23	3309	1	1.0
23	3319	1	1.0
23	3320	1	1.0
23	3326	1	1.0
23	3330	1	1.0
23	3340	1	1.0
23	3341	1	1.0
23	3342	1	1.0
23	3349	1	1.0
23	3352	1	1.0
23	3353	1	1.0
23	3358	1	1.0
23	3373	1	1.0
23	3379	1	1.0
23	3381	1	1.0
23	3383	1	1.0
23	3388	1	1.0
23	3400	1	1.0
23	3402	1	1.0
23	3404	1	1.0
23	3406	1	1.0
23	3407	1	1.0
23	3412	1	1.0
23	3413	1	1.0
23	3427	1	1.0
23	3428	1	1.0
23	3429	1	1.0
23	3430	1	1.0
23	3475	1	1.0
23	3476	1	1.0
23	3484	1	1.0
23	3486	1	1.0
23	3492	1	1.0
23	3504	1	1.0
23	3512	1	1.0
23	3513	1	1.0
23	3514	1	1.0
23	3515	1	1.0
23	3516	1	1.0
23	3527	1	1.0
23	3528	1	1.0
23	3529	1	1.0
23	3530	1	1.0
23	3531	1	1.0
23	3545	1	1.0
23	3558	1	1.0
23	3562	1	1.0
23	3574	1	1.0
23	3587	1	1.0
23	3588	1	1.0
23	3589	1	1.0
23	3590	1	1.0
23	3593	1	1.0
23	3615	1	1.0
23	3616	1	1.0
23	3619	1	1.0
23	3626	1	1.0
23	3638	1	1.0
23	3643	1	1.0
23	3644	1	1.0
23	3645	1	1.0
23	3646	1	1.0
23	3653	1	1.0
23	3657	1	1.0
23	3661	1	1.0
23	3669	1	1.0
23	3675	1	1.0
23	3676	1	1.0
23	3703	1	1.0
23	3704	1	1.0
23	3705	1	1.0
23	3708	1	1.0
23	3710	1	1.0
23	3716	1	1.0
23	3718	1	1.0
23	3719	1	1.0
23	3724	1	1.0
23	3728	1	1.0
23	3729	1	1.0
23	3731	1	1.0
23	3756	1	1.0
23	3775	1	1.0
23	3786	1	1.0
23	3803	1	1.0
23	3804	1	1.0
23	3805	1	1.0
23	3812	1	1.0
23	3842	1	1.0
23	3852	1	1.0
23	3861	1	1.0
23	3863	1	1.0
23	3864	1	1.0
23	3873	1	1.0
23	3874	1	1.0
23	3882	1	1.0
23	3889	1	1.0
23	3891	1	1.0
23	3905	1	1.0
23	3923	1	1.0
23	3937	1	1.0
23	3938	1	1.0
23	3939	1	1.0
23	3940	1	1.0
23	3941	1	1.0
23	3956	1	1.0
23	3957	1	1.0
23	3969	1	1.0
23	3973	1	1.0
23	3982	1	1.0
23	3994	1	1.0
23	3998	1	1.0
23	4009	1	1.0
23	4019	1	1.0
23	4087	1	1.0
23	4091	1	1.0
23	4096	1	1.0
23	4097	1	1.0
23	4099	1	1.0
23	4102	1	1.0
23	4111	1	1.0
23	4112	1	1.0
23	4141	1	1.0
23	4150	1	1.0
23	4161	1	1.0
23	4169	1	1.0
23	4172	1	1.0
23	4179	1	1.0
23	4201	1	1.0
23	4215	1	1.0
23	4221	1	1.0
23	4227	1	1.0
23	4236	1	1.0
23	4237	1	1.0
23	4239	1	1.0
23	4249	1	1.0
23	4257	1	1.0
23	4301	1	1.0
23	4311	1	1.0
23	4312	1	1.0
23	4324	1	1.0
23	4328	1	1.0
23	4337	1	1.0
23	4341	1	1.0
23	4360	1	1.0
23	4366	1	1.0
23	4377	1	1.0
23	4378	1	1.0
23	4389	1	1.0
23	4393	1	1.0
23	4403	1	1.0
23	4416	1	1.0
23	4427	1	1.0
23	4428	1	1.0
23	4434	1	1.0
23	4439	1	1.0
23	4444	1	1.0
23	4472	1	1.0
23	4476	1	1.0
23	4482	1	1.0
23	4509	1	1.0
23	4511	1	1.0
23	4512	1	1.0
23	4513	1	1.0
23	4515	1	1.0
23	4516	1	1.0
23	4517	1	1.0
23	4543	1	1.0
23	4546	1	1.0
23	4579	1	1.0
23	4581	1	1.0
23	4589	1	1.0
23	4627	1	1.0
23	4631	1	1.0
23	4632	1	1.0
23	4633	1	1.0
23	4692	1	1.0
23	4695	1	1.0
23	4705	1	1.0
23	4722	1	1.0
23	4723	1	1.0
23	4727	1	1.0
23	4737	1	1.0
23	4738	1	1.0
23	4743	1	1.0
23	4750	1	1.0
23	4752	1	1.0
23	4759	1	1.0
23	4760	1	1.0
23	4764	1	1.0
23	4765	1	1.0
23	4776	1	1.0
23	4777	1	1.0
23	4778	1	1.0
23	4784	1	1.0
23	4795	1	1.0
23	4826	1	1.0
23	4860	1	1.0
23	4873	1	1.0
23	4874	1	1.0
23	4886	1	1.0
23	4894	1	1.0
23	4918	1	1.0
23	4922	1	1.0
23	4923	1	1.0
23	4927	1	1.0
23	4929	1	1.0
23	4946	1	1.0
23	4947	1	1.0
23	4948	1	1.0
23	4949	1	1.0
23	4959	1	1.0
23	4976	1	1.0
23	4993	1	1.0
23	4994	1	1.0
23	4998	1	1.0
23	5030	1	1.0
23	5035	1	1.0
23	5036	1	1.0
23	5037	1	1.0
23	5038	1	1.0
23	5041	1	1.0
23	5042	1	1.0
23	5055	1	1.0
23	5056	1	1.0
23	5114	1	1.0
23	5136	1	1.0
23	5141	1	1.0
23	5147	1	1.0
23	5148	1	1.0
23	5149	1	1.0
23	5156	1	1.0
23	5157	1	1.0
23	5167	1	1.0
23	5175	1	1.0
23	5176	1	1.0
23	5195	1	1.0
23	5250	1	1.0
23	5251	1	1.0
23	5314	1	1.0
23	5333	1	1.0
23	5351	1	1.0
23	5370	1	1.0
23	5377	1	1.0
23	5378	1	1.0
23	5396	1	1.0
23	5405	1	1.0
23	5406	1	1.0
23	5407	1	1.0
23	5435	1	1.0
23	5436	1	1.0
23	5451	1	1.0
23	5462	1	1.0
23	5463	1	1.0
23	5473	1	1.0
23	5475	1	1.0
23	5485	1	1.0
23	5488	1	1.0
23	5495	1	1.0
23	5505	1	1.0
23	5510	1	1.0
23	5539	1	1.0
23	5540	1	1.0
23	5574	1	1.0
23	5582	1	1.0
23	5583	1	1.0
23	5594	1	1.0
23	5600	1	1.0
23	5625	1	1.0
23	5634	1	1.0
23	5635	1	1.0
23	5655	1	1.0
23	5662	1	1.0
23	5670	1	1.0
23	5678	1	1.0
23	5690	1	1.0
23	5691	1	1.0
23	5702	1	1.0
23	5707	1	1.0
23	5709	1	1.0
23	5717	1	1.0
23	5724	1	1.0
23	5727	1	1.0
23	5729	1	1.0
23	5730	1	1.0
23	5742	1	1.0
23	5743	1	1.0
23	5753	1	1.0
23	5756	1	1.0
23	5760	1	1.0
23	5761	1	1.0
23	5764	1	1.0
23	5765	1	1.0
23	5768	1	1.0
23	5771	1	1.0
23	5776	1	1.0
23	5778	1	1.0
23	5793	1	1.0
23	5794	1	1.0
23	5796	1	1.0
23	5798	1	1.0
23	5800	1	1.0
23	5801	1	1.0
23	5802	1	1.0
23	5806	1	1.0
23	5807	1	1.0
23	5808	1	1.0
23	5809	1	1.0
23	5813	1	1.0
23	5822	1	1.0
23	5835	1	1.0
23	5836	1	1.0
23	5841	1	1.0
23	5854	1	1.0
23	5855	1	1.0
23	5856	1	1.0
23	5858	1	1.0
23	5870	1	1.0
23	5872	1	1.0
23	5873	1	1.0
23	5874	1	1.0
23	5879	1	1.0
23	5880	1	1.0
23	407	0	1.0
23	1344	0	1.0
23	2008	0	1.0
23	2535	0	1.0
23	3816	0	1.0
23	4131	0	1.0
23	5123	0	1.0
23	5452	0	1.0
23	5677	0	1.0
23	5868	0	1.0
24	25	1	1.0
24	30	1	1.0
24	36	1	1.0
24	53	1	1.0
24	69	1	1.0
24	159	1	1.0
24	194	1	1.0
24	328	1	1.0
24	434	1	1.0
24	442	1	1.0
24	627	1	1.0
24	789	1	1.0
24	1169	1	1.0
24	1180	1	1.0
24	1394	1	1.0
24	1397	1	1.0
24	1510	1	1.0
24	1516	1	1.0
24	1564	1	1.0
24	1601	1	1.0
24	1691	1	1.0
24	1705	1	1.0
24	1706	1	1.0
24	1764	1	1.0
24	1767	1	1.0
24	1777	1	1.0
24	1781	1	1.0
24	1791	1	1.0
24	1889	1	1.0
24	2019	1	1.0
24	3345	1	1.0
24	3491	1	1.0
25	26	1	1.0
25	52	1	1.0
25	98	1	1.0
25	107	1	1.0
25	176	1	1.0
25	194	1	1.0
25	256	1	1.0
25	629	1	1.0
25	764	1	1.0
25	1294	1	1.0
25	1337	1	1.0
25	2933	1	1.0
26	27	1	1.0
26	1337	0	1.0
27	28	1	1.0
27	43	1	1.0
27	52	1	1.0
27	77	1	1.0
27	81	1	1.0
27	82	1	1.0
27	101	1	1.0
27	108	1	1.0
27	123	1	1.0
27	178	1	1.0
27	194	1	1.0
27	200	1	1.0
27	254	1	1.0
27	264	1	1.0
27	353	1	1.0
27	585	1	1.0
27	794	1	1.0
27	1169	1	1.0
27	1308	1	1.0
27	740	0	1.0
28	34	1	1.0
28	35	1	1.0
28	58	1	1.0
28	127	1	1.0
28	132	1	1.0
28	180	1	1.0
28	270	1	1.0
28	271	1	1.0
28	274	1	1.0
28	369	1	1.0
28	637	1	1.0
29	50	1	1.0
29	280	1	1.0
29	499	1	1.0
29	618	1	1.0
29	686	1	1.0
29	855	1	1.0
29	2944	1	1.0
29	3647	0	1.0
32	60	1	1.0
32	66	1	1.0
32	145	1	1.0
32	321	1	1.0
32	343	1	1.0
32	386	1	1.0
32	388	1	1.0
32	489	1	1.0
32	1002	1	1.0
32	1461	1	1.0
32	1942	1	1.0
32	1990	1	1.0
32	2199	1	1.0
32	2956	1	1.0
32	3347	1	1.0
32	3479	1	1.0
32	4071	1	1.0
32	4131	1	1.0
32	4183	1	1.0
32	4393	1	1.0
32	5031	1	1.0
32	5141	1	1.0
32	5159	1	1.0
32	5595	1	1.0
32	5741	1	1.0
32	5796	1	1.0
32	5822	1	1.0
32	5838	1	1.0
32	5858	1	1.0
35	58	1	1.0
35	86	1	1.0
36	44	1	1.0
36	48	1	1.0
36	49	1	1.0
36	50	1	1.0
36	54	1	1.0
36	59	1	1.0
36	60	1	1.0
36	61	1	1.0
36	63	1	1.0
36	73	1	1.0
36	78	1	1.0
36	89	1	1.0
36	95	1	1.0
36	97	1	1.0
36	98	1	1.0
36	105	1	1.0
36	106	1	1.0
36	109	1	1.0
36	115	1	1.0
36	119	1	1.0
36	120	1	1.0
36	123	1	1.0
36	124	1	1.0
36	130	1	1.0
36	158	1	1.0
36	159	1	1.0
36	186	1	1.0
36	212	1	1.0
36	220	1	1.0
36	259	1	1.0
36	301	1	1.0
36	311	1	1.0
36	488	1	1.0
36	491	1	1.0
36	667	1	1.0
36	680	1	1.0
36	729	1	1.0
36	811	1	1.0
36	967	1	1.0
36	1002	1	1.0
36	1003	1	1.0
36	1169	1	1.0
36	1272	1	1.0
36	1273	1	1.0
36	1275	1	1.0
36	1304	1	1.0
36	1308	1	1.0
36	1331	1	1.0
36	1337	1	1.0
36	1338	1	1.0
36	1350	1	1.0
36	1352	1	1.0
36	1368	1	1.0
36	1376	1	1.0
36	1390	1	1.0
36	1402	1	1.0
36	1430	1	1.0
36	1442	1	1.0
36	1452	1	1.0
36	1460	1	1.0
36	1468	1	1.0
36	1516	1	1.0
36	1526	1	1.0
36	1537	1	1.0
36	1568	1	1.0
36	1584	1	1.0
36	1684	1	1.0
36	1743	1	1.0
36	1785	1	1.0
36	1834	1	1.0
36	1942	1	1.0
36	1980	1	1.0
36	1987	1	1.0
36	2006	1	1.0
36	2033	1	1.0
36	2062	1	1.0
36	2385	1	1.0
36	2569	1	1.0
36	2571	1	1.0
36	2664	1	1.0
36	2728	1	1.0
36	3013	1	1.0
36	3170	1	1.0
36	3186	1	1.0
36	3216	1	1.0
36	3316	1	1.0
36	3335	1	1.0
36	3357	1	1.0
36	3369	1	1.0
36	3724	1	1.0
36	4089	1	1.0
36	4169	1	1.0
36	4236	1	1.0
36	4470	1	1.0
36	4506	1	1.0
36	5849	1	1.0
38	50	1	1.0
38	78	1	1.0
38	91	1	1.0
38	102	1	1.0
38	134	1	1.0
38	145	1	1.0
38	182	1	1.0
38	297	1	1.0
38	340	1	1.0
38	471	1	1.0
38	488	1	1.0
38	491	1	1.0
38	504	1	1.0
38	589	1	1.0
38	649	1	1.0
38	967	1	1.0
38	1002	1	1.0
38	1154	1	1.0
38	1197	1	1.0
38	1272	1	1.0
38	1273	1	1.0
38	1319	1	1.0
38	1350	1	1.0
38	1355	1	1.0
38	1402	1	1.0
38	1461	1	1.0
38	1526	1	1.0
38	1594	1	1.0
38	1618	1	1.0
38	1785	1	1.0
38	1796	1	1.0
38	1846	1	1.0
38	1867	1	1.0
38	1869	1	1.0
38	1942	1	1.0
38	1976	1	1.0
38	1990	1	1.0
38	1996	1	1.0
38	2067	1	1.0
38	2115	1	1.0
38	2116	1	1.0
38	2154	1	1.0
38	2238	1	1.0
38	2247	1	1.0
38	2297	1	1.0
38	2298	1	1.0
38	2329	1	1.0
38	2335	1	1.0
38	2339	1	1.0
38	2382	1	1.0
38	2562	1	1.0
38	2569	1	1.0
38	2571	1	1.0
38	2713	1	1.0
38	2717	1	1.0
38	2737	1	1.0
38	2783	1	1.0
38	2800	1	1.0
38	2863	1	1.0
38	3358	1	1.0
38	3618	1	1.0
38	3630	1	1.0
38	3775	1	1.0
38	3891	1	1.0
38	4071	1	1.0
38	4089	1	1.0
38	4107	1	1.0
38	4169	1	1.0
38	4316	1	1.0
38	4434	1	1.0
38	4494	1	1.0
38	4638	1	1.0
38	4733	1	1.0
38	5141	1	1.0
38	499	0	1.0
38	945	0	1.0
38	1980	0	1.0
38	2956	0	1.0
38	4521	0	1.0
38	5595	0	1.0
39	52	1	1.0
39	77	1	1.0
39	80	1	1.0
39	107	1	1.0
39	1308	0	1.0
39	1913	0	1.0
39	1996	0	1.0
41	54	1	1.0
41	82	1	1.0
41	159	1	1.0
43	57	1	1.0
43	58	1	1.0
43	68	1	1.0
43	81	1	1.0
43	1138	1	1.0
44	65	1	1.0
44	66	1	1.0
44	1564	1	1.0
46	89	1	1.0
46	91	1	1.0
46	543	1	1.0
46	618	1	1.0
46	891	1	1.0
46	1116	1	1.0
46	1650	1	1.0
46	2297	1	1.0
46	2330	1	1.0
48	54	1	1.0
48	58	1	1.0
48	89	1	1.0
48	110	1	1.0
48	135	1	1.0
48	615	1	1.0
48	2206	0	1.0
48	2803	0	1.0
48	2858	0	1.0
49	50	1	1.0
49	67	1	1.0
50	56	1	1.0
50	60	1	1.0
50	64	1	1.0
50	71	1	1.0
50	80	1	1.0
50	100	1	1.0
50	108	1	1.0
50	122	1	1.0
50	123	1	1.0
50	143	1	1.0
50	147	1	1.0
50	159	1	1.0
50	176	1	1.0
50	193	1	1.0
50	194	1	1.0
50	206	1	1.0
50	211	1	1.0
50	225	1	1.0
50	228	1	1.0
50	229	1	1.0
50	245	1	1.0
50	256	1	1.0
50	259	1	1.0
50	265	1	1.0
50	268	1	1.0
50	272	1	1.0
50	273	1	1.0
50	295	1	1.0
50	297	1	1.0
50	320	1	1.0
50	338	1	1.0
50	346	1	1.0
50	355	1	1.0
50	374	1	1.0
50	415	1	1.0
50	430	1	1.0
50	431	1	1.0
50	434	1	1.0
50	445	1	1.0
50	446	1	1.0
50	464	1	1.0
50	467	1	1.0
50	489	1	1.0
50	492	1	1.0
50	499	1	1.0
50	500	1	1.0
50	520	1	1.0
50	557	1	1.0
50	558	1	1.0
50	587	1	1.0
50	588	1	1.0
50	596	1	1.0
50	608	1	1.0
50	670	1	1.0
50	674	1	1.0
50	723	1	1.0
50	835	1	1.0
50	859	1	1.0
50	945	1	1.0
50	1046	1	1.0
50	1060	1	1.0
50	1154	1	1.0
50	1294	1	1.0
50	1402	1	1.0
50	1426	1	1.0
50	1537	1	1.0
50	3006	1	1.0
50	3032	1	1.0
50	3242	1	1.0
50	3467	1	1.0
50	3638	1	1.0
50	3648	1	1.0
50	407	0	1.0
50	792	0	1.0
50	1090	0	1.0
50	1091	0	1.0
50	1094	0	1.0
50	1096	0	1.0
50	1309	0	1.0
50	3537	0	1.0
51	78	1	1.0
52	54	1	1.0
52	80	1	1.0
52	81	1	1.0
52	88	1	1.0
52	92	1	1.0
52	211	1	1.0
52	221	1	1.0
52	264	1	1.0
52	295	1	1.0
52	336	1	1.0
52	351	1	1.0
52	1639	1	1.0
52	2746	0	1.0
53	54	1	1.0
53	81	1	1.0
53	84	1	1.0
53	89	1	1.0
53	102	1	1.0
53	104	1	1.0
53	108	1	1.0
54	60	1	1.0
54	62	1	1.0
54	69	1	1.0
54	71	1	1.0
54	76	1	1.0
54	80	1	1.0
54	100	1	1.0
54	105	1	1.0
54	106	1	1.0
54	117	1	1.0
54	128	1	1.0
54	134	1	1.0
54	138	1	1.0
54	149	1	1.0
54	151	1	1.0
54	152	1	1.0
54	155	1	1.0
54	156	1	1.0
54	159	1	1.0
54	162	1	1.0
54	165	1	1.0
54	169	1	1.0
54	170	1	1.0
54	171	1	1.0
54	174	1	1.0
54	175	1	1.0
54	178	1	1.0
54	179	1	1.0
54	182	1	1.0
54	183	1	1.0
54	184	1	1.0
54	187	1	1.0
54	197	1	1.0
54	198	1	1.0
54	199	1	1.0
54	204	1	1.0
54	205	1	1.0
54	207	1	1.0
54	208	1	1.0
54	210	1	1.0
54	212	1	1.0
54	216	1	1.0
54	219	1	1.0
54	220	1	1.0
54	221	1	1.0
54	224	1	1.0
54	226	1	1.0
54	229	1	1.0
54	232	1	1.0
54	235	1	1.0
54	236	1	1.0
54	242	1	1.0
54	255	1	1.0
54	260	1	1.0
54	268	1	1.0
54	276	1	1.0
54	293	1	1.0
54	302	1	1.0
54	303	1	1.0
54	352	1	1.0
54	374	1	1.0
54	466	1	1.0
54	996	1	1.0
54	1002	1	1.0
54	1350	1	1.0
56	57	1	1.0
56	101	1	1.0
56	108	1	1.0
56	121	1	1.0
56	161	1	1.0
56	196	1	1.0
56	243	1	1.0
56	331	1	1.0
56	342	1	1.0
56	871	1	1.0
56	1046	1	1.0
56	1319	1	1.0
56	1324	1	1.0
56	1364	1	1.0
56	1369	1	1.0
56	2803	0	1.0
57	75	1	1.0
57	101	1	1.0
57	107	1	1.0
57	108	1	1.0
57	2700	0	1.0
58	107	1	1.0
58	108	1	1.0
58	154	1	1.0
58	157	1	1.0
58	159	1	1.0
58	161	1	1.0
58	187	1	1.0
58	206	1	1.0
58	223	1	1.0
58	233	1	1.0
58	242	1	1.0
58	249	1	1.0
58	259	1	1.0
58	268	1	1.0
58	274	1	1.0
58	280	1	1.0
58	289	1	1.0
58	337	1	1.0
58	373	1	1.0
58	439	1	1.0
58	1745	1	1.0
58	2135	1	1.0
58	2456	1	1.0
58	5284	1	1.0
58	81	0	1.0
58	477	0	1.0
58	967	0	1.0
58	1308	0	1.0
58	1944	0	1.0
58	2071	0	1.0
58	2583	0	1.0
58	3469	0	1.0
58	3507	0	1.0
58	3607	0	1.0
58	3622	0	1.0
58	3891	0	1.0
58	4086	0	1.0
58	4262	0	1.0
58	4434	0	1.0
58	4799	0	1.0
58	5003	0	1.0
58	5252	0	1.0
58	5255	0	1.0
60	66	1	1.0
60	69	1	1.0
60	76	1	1.0
60	78	1	1.0
60	79	1	1.0
60	89	1	1.0
60	91	1	1.0
60	108	1	1.0
60	111	1	1.0
60	127	1	1.0
60	133	1	1.0
60	147	1	1.0
60	148	1	1.0
60	149	1	1.0
60	156	1	1.0
60	159	1	1.0
60	212	1	1.0
60	252	1	1.0
60	280	1	1.0
60	300	1	1.0
60	312	1	1.0
60	354	1	1.0
60	360	1	1.0
60	404	1	1.0
60	433	1	1.0
60	441	1	1.0
60	486	1	1.0
60	656	1	1.0
60	664	1	1.0
60	705	1	1.0
60	711	1	1.0
60	835	1	1.0
60	842	1	1.0
60	867	1	1.0
60	967	1	1.0
60	1003	1	1.0
60	1350	1	1.0
60	1418	1	1.0
60	1442	1	1.0
60	1505	1	1.0
60	1581	1	1.0
60	1594	1	1.0
60	1993	1	1.0
60	2232	1	1.0
60	3618	1	1.0
60	3891	1	1.0
60	4089	1	1.0
60	4201	1	1.0
60	4240	1	1.0
60	4378	1	1.0
60	4521	1	1.0
60	5718	1	1.0
60	135	0	1.0
65	209	1	1.0
65	353	1	1.0
65	880	1	1.0
65	889	1	1.0
65	1393	1	1.0
66	74	1	1.0
66	75	1	1.0
66	80	1	1.0
66	107	1	1.0
66	141	1	1.0
66	1482	1	1.0
66	1594	1	1.0
66	1796	1	1.0
66	1846	1	1.0
66	1990	1	1.0
66	2006	1	1.0
66	2269	1	1.0
66	2323	1	1.0
66	2773	1	1.0
66	2829	1	1.0
66	2863	1	1.0
66	3347	1	1.0
66	3724	1	1.0
66	3793	1	1.0
66	4240	1	1.0
66	4406	1	1.0
66	4581	1	1.0
66	5047	1	1.0
66	5141	1	1.0
66	5465	1	1.0
66	5702	1	1.0
66	5704	1	1.0
66	5737	1	1.0
66	197	0	1.0
66	1319	0	1.0
66	1795	0	1.0
66	2827	0	1.0
66	3242	0	1.0
66	4060	0	1.0
67	843	1	1.0
67	1118	1	1.0
69	70	1	1.0
69	511	1	1.0
69	1454	1	1.0
69	1754	1	1.0
70	71	1	1.0
70	72	1	1.0
70	94	1	1.0
70	183	1	1.0
70	389	1	1.0
70	1222	1	1.0
70	271	0	1.0
71	79	1	1.0
71	89	1	1.0
71	159	1	1.0
71	734	1	1.0
71	1785	1	1.0
71	2995	1	1.0
71	4078	0	1.0
73	212	1	1.0
76	92	1	1.0
76	230	1	1.0
77	176	1	1.0
77	1000	1	1.0
77	1137	1	1.0
78	80	1	1.0
78	94	1	1.0
78	100	1	1.0
78	101	1	1.0
78	102	1	1.0
78	113	1	1.0
78	176	1	1.0
79	441	1	1.0
79	3032	1	1.0
80	81	1	1.0
80	107	1	1.0
80	130	1	1.0
80	178	1	1.0
80	189	1	1.0
80	727	1	1.0
80	1310	1	1.0
80	1432	1	1.0
80	1453	1	1.0
80	1472	1	1.0
80	1626	1	1.0
80	1639	1	1.0
80	1650	1	1.0
80	2079	1	1.0
80	2135	1	1.0
80	2461	1	1.0
80	2941	1	1.0
81	382	1	1.0
81	498	1	1.0
81	613	1	1.0
81	1155	1	1.0
81	1308	1	1.0
81	1594	1	1.0
81	1678	1	1.0
81	1894	1	1.0
81	2225	1	1.0
81	3469	1	1.0
81	3507	1	1.0
81	3561	1	1.0
81	3622	1	1.0
81	3775	1	1.0
81	4262	1	1.0
81	4434	1	1.0
81	5003	1	1.0
81	5057	1	1.0
81	5255	1	1.0
81	5400	1	1.0
81	5410	1	1.0
81	5426	1	1.0
81	5433	1	1.0
81	5440	1	1.0
81	5486	1	1.0
81	5513	1	1.0
81	5759	1	1.0
81	1959	0	1.0
81	1990	0	1.0
81	3362	0	1.0
81	5818	0	1.0
82	104	1	1.0
82	108	1	1.0
82	198	1	1.0
82	4313	1	1.0
83	85	1	1.0
83	380	1	1.0
85	89	1	1.0
85	159	1	1.0
86	108	1	1.0
86	1350	1	1.0
86	1426	1	1.0
86	2002	1	1.0
89	91	1	1.0
89	94	1	1.0
89	96	1	1.0
89	99	1	1.0
89	100	1	1.0
89	102	1	1.0
89	108	1	1.0
89	110	1	1.0
89	114	1	1.0
89	115	1	1.0
89	119	1	1.0
89	125	1	1.0
89	137	1	1.0
89	138	1	1.0
89	155	1	1.0
89	159	1	1.0
89	169	1	1.0
89	230	1	1.0
89	432	1	1.0
89	720	1	1.0
89	804	1	1.0
89	1337	0	1.0
90	4071	1	1.0
91	92	1	1.0
91	93	1	1.0
91	116	1	1.0
91	122	1	1.0
91	127	1	1.0
91	129	1	1.0
91	160	1	1.0
91	176	1	1.0
91	198	1	1.0
91	251	1	1.0
91	273	1	1.0
91	401	1	1.0
91	471	1	1.0
91	504	1	1.0
91	629	1	1.0
91	637	1	1.0
91	640	1	1.0
91	680	1	1.0
91	945	1	1.0
91	1003	1	1.0
91	1009	1	1.0
91	1018	1	1.0
91	1154	1	1.0
91	1159	1	1.0
91	1247	1	1.0
91	1296	1	1.0
91	1350	1	1.0
91	1726	1	1.0
91	3347	1	1.0
91	3638	1	1.0
91	3793	1	1.0
91	3981	1	1.0
91	3986	1	1.0
91	4132	1	1.0
91	4201	1	1.0
92	127	1	1.0
92	873	1	1.0
92	1350	1	1.0
93	101	1	1.0
93	110	1	1.0
93	123	1	1.0
93	134	1	1.0
93	137	1	1.0
93	144	1	1.0
93	150	1	1.0
93	159	1	1.0
93	165	1	1.0
93	171	1	1.0
93	178	1	1.0
93	200	1	1.0
93	233	1	1.0
93	249	1	1.0
93	258	1	1.0
93	259	1	1.0
93	265	1	1.0
93	270	1	1.0
93	297	1	1.0
93	299	1	1.0
93	410	1	1.0
93	477	1	1.0
93	488	1	1.0
93	680	1	1.0
93	725	1	1.0
93	748	1	1.0
93	945	1	1.0
93	1002	1	1.0
93	1154	1	1.0
93	1273	1	1.0
93	1294	1	1.0
93	1304	1	1.0
93	1319	1	1.0
93	1350	1	1.0
93	1402	1	1.0
93	1408	1	1.0
93	1537	1	1.0
93	1594	1	1.0
93	1751	1	1.0
93	1785	1	1.0
93	1792	1	1.0
93	1846	1	1.0
93	1878	1	1.0
93	1907	1	1.0
93	1914	1	1.0
93	1929	1	1.0
93	1951	1	1.0
93	2002	1	1.0
93	2010	1	1.0
93	2125	1	1.0
93	2172	1	1.0
93	2238	1	1.0
93	2456	1	1.0
93	2509	1	1.0
93	2864	1	1.0
93	3059	1	1.0
93	3526	1	1.0
93	3533	1	1.0
93	3618	1	1.0
93	3884	1	1.0
93	3891	1	1.0
93	4162	1	1.0
93	4169	1	1.0
93	4183	1	1.0
93	4262	1	1.0
93	4455	1	1.0
93	4460	1	1.0
93	5497	1	1.0
93	5541	1	1.0
93	5842	1	1.0
93	135	0	1.0
93	161	0	1.0
93	331	0	1.0
93	334	0	1.0
93	335	0	1.0
93	1230	0	1.0
93	1248	0	1.0
93	1308	0	1.0
93	1497	0	1.0
93	1885	0	1.0
93	1901	0	1.0
93	1962	0	1.0
93	2031	0	1.0
93	2101	0	1.0
93	2430	0	1.0
93	2569	0	1.0
93	2582	0	1.0
93	2606	0	1.0
93	2607	0	1.0
93	2608	0	1.0
93	2609	0	1.0
93	2771	0	1.0
93	2803	0	1.0
93	2877	0	1.0
93	2940	0	1.0
93	3213	0	1.0
93	3338	0	1.0
93	3339	0	1.0
93	3440	0	1.0
93	3561	0	1.0
93	3622	0	1.0
93	3800	0	1.0
93	4048	0	1.0
93	4131	0	1.0
93	4151	0	1.0
93	4229	0	1.0
93	4282	0	1.0
93	5003	0	1.0
93	5427	0	1.0
93	5469	0	1.0
93	5595	0	1.0
93	5695	0	1.0
94	98	1	1.0
94	159	1	1.0
94	297	1	1.0
94	327	1	1.0
94	328	1	1.0
94	401	1	1.0
94	504	1	1.0
94	1523	0	1.0
98	143	1	1.0
98	159	1	1.0
98	197	1	1.0
98	207	1	1.0
98	211	1	1.0
98	229	1	1.0
98	231	1	1.0
98	242	1	1.0
98	427	1	1.0
98	440	1	1.0
98	1684	1	1.0
98	2071	1	1.0
98	2125	1	1.0
98	2256	1	1.0
98	2710	1	1.0
98	4316	1	1.0
98	2713	0	1.0
99	159	1	1.0
99	954	1	1.0
100	101	1	1.0
100	126	1	1.0
100	160	1	1.0
100	276	1	1.0
100	484	1	1.0
101	102	1	1.0
101	111	1	1.0
101	129	1	1.0
101	140	1	1.0
101	150	1	1.0
101	159	1	1.0
101	172	1	1.0
101	318	1	1.0
101	332	1	1.0
101	336	1	1.0
101	726	1	1.0
101	1020	1	1.0
101	1688	1	1.0
101	2385	1	1.0
101	4468	1	1.0
102	111	1	1.0
102	118	1	1.0
102	134	1	1.0
102	137	1	1.0
102	155	1	1.0
102	159	1	1.0
102	179	1	1.0
102	229	1	1.0
102	239	1	1.0
102	240	1	1.0
102	297	1	1.0
102	305	1	1.0
102	333	1	1.0
102	340	1	1.0
102	347	1	1.0
102	401	1	1.0
102	427	1	1.0
102	478	1	1.0
102	488	1	1.0
102	586	1	1.0
102	598	1	1.0
102	604	1	1.0
102	610	1	1.0
102	618	1	1.0
102	629	1	1.0
102	649	1	1.0
102	669	1	1.0
102	683	1	1.0
102	695	1	1.0
102	696	1	1.0
102	727	1	1.0
102	732	1	1.0
102	758	1	1.0
102	773	1	1.0
102	847	1	1.0
102	1024	1	1.0
102	1191	1	1.0
102	2206	0	1.0
104	1250	1	1.0
104	1272	1	1.0
104	2571	1	1.0
104	2778	1	1.0
104	3638	1	1.0
104	3717	1	1.0
104	3817	1	1.0
104	3859	1	1.0
104	3899	1	1.0
104	3913	1	1.0
104	4052	1	1.0
104	4056	1	1.0
104	4071	1	1.0
105	135	1	1.0
106	139	1	1.0
106	326	1	1.0
106	348	1	1.0
107	233	1	1.0
107	259	1	1.0
107	1274	1	1.0
107	1458	1	1.0
107	1698	1	1.0
107	1834	1	1.0
107	4196	1	1.0
107	5161	1	1.0
108	109	1	1.0
108	123	1	1.0
108	129	1	1.0
108	165	1	1.0
108	174	1	1.0
108	193	1	1.0
108	221	1	1.0
108	265	1	1.0
108	380	1	1.0
108	401	1	1.0
108	486	1	1.0
108	542	1	1.0
108	813	1	1.0
108	1154	1	1.0
108	1246	1	1.0
108	1274	1	1.0
108	1319	1	1.0
108	1337	1	1.0
108	1350	1	1.0
108	1402	1	1.0
108	1564	1	1.0
108	135	0	1.0
109	155	1	1.0
109	467	1	1.0
109	686	1	1.0
110	112	1	1.0
110	122	1	1.0
110	191	1	1.0
110	483	1	1.0
110	589	1	1.0
110	957	1	1.0
110	3747	0	1.0
111	159	1	1.0
111	211	1	1.0
113	2130	1	1.0
114	122	1	1.0
114	297	1	1.0
114	2863	0	1.0
116	122	1	1.0
116	159	1	1.0
117	237	1	1.0
117	387	1	1.0
117	674	1	1.0
117	2280	1	1.0
117	3440	1	1.0
118	133	1	1.0
120	199	1	1.0
120	274	1	1.0
120	347	1	1.0
120	360	1	1.0
120	387	1	1.0
120	413	1	1.0
120	1337	1	1.0
120	1350	1	1.0
122	136	1	1.0
122	163	1	1.0
122	211	1	1.0
122	343	1	1.0
122	481	1	1.0
122	483	1	1.0
122	2803	0	1.0
123	168	1	1.0
123	178	1	1.0
123	200	1	1.0
123	206	1	1.0
123	445	1	1.0
123	1319	1	1.0
123	1402	1	1.0
125	3509	1	1.0
127	155	1	1.0
127	179	1	1.0
127	189	1	1.0
127	225	1	1.0
127	229	1	1.0
127	240	1	1.0
127	265	1	1.0
127	280	1	1.0
127	289	1	1.0
127	321	1	1.0
127	328	1	1.0
127	344	1	1.0
127	347	1	1.0
127	435	1	1.0
127	445	1	1.0
127	469	1	1.0
127	504	1	1.0
127	583	1	1.0
127	586	1	1.0
127	605	1	1.0
127	651	1	1.0
127	665	1	1.0
127	884	1	1.0
127	943	1	1.0
127	967	1	1.0
127	1350	1	1.0
127	1643	1	1.0
127	1727	1	1.0
127	1778	1	1.0
127	1821	1	1.0
127	1990	1	1.0
127	2010	1	1.0
127	2071	1	1.0
127	2082	1	1.0
127	2086	1	1.0
127	2101	1	1.0
127	2115	1	1.0
127	2225	1	1.0
127	2335	1	1.0
127	2367	1	1.0
127	2675	1	1.0
127	2698	1	1.0
127	2864	1	1.0
127	2915	1	1.0
127	2939	1	1.0
127	3125	1	1.0
127	266	0	1.0
130	1537	1	1.0
130	1650	1	1.0
132	159	1	1.0
132	176	1	1.0
132	177	1	1.0
133	212	1	1.0
133	280	1	1.0
133	598	1	1.0
133	674	1	1.0
133	765	1	1.0
133	1868	1	1.0
133	1955	1	1.0
133	1308	0	1.0
134	137	1	1.0
134	152	1	1.0
134	321	1	1.0
134	338	1	1.0
134	460	1	1.0
134	636	1	1.0
134	835	1	1.0
134	845	1	1.0
134	884	1	1.0
134	990	1	1.0
134	999	1	1.0
134	1001	1	1.0
134	1002	1	1.0
134	1135	1	1.0
134	1154	1	1.0
134	1319	1	1.0
134	1350	1	1.0
134	1402	1	1.0
134	1408	1	1.0
134	1418	1	1.0
134	1598	1	1.0
134	1643	1	1.0
134	1701	1	1.0
134	1714	1	1.0
134	1715	1	1.0
134	1717	1	1.0
134	1733	1	1.0
134	1740	1	1.0
134	2335	1	1.0
134	2569	1	1.0
134	3565	1	1.0
134	3685	1	1.0
134	3701	1	1.0
135	157	0	1.0
136	163	1	1.0
136	379	1	1.0
136	2309	1	1.0
136	2336	1	1.0
136	2571	1	1.0
136	3032	1	1.0
136	3411	1	1.0
136	4071	1	1.0
137	140	1	1.0
137	410	1	1.0
138	229	1	1.0
138	232	1	1.0
138	245	1	1.0
138	316	1	1.0
138	422	1	1.0
138	532	1	1.0
138	533	1	1.0
138	537	1	1.0
138	552	1	1.0
138	553	1	1.0
138	554	1	1.0
138	559	1	1.0
138	564	1	1.0
138	574	1	1.0
138	586	1	1.0
138	597	1	1.0
138	612	1	1.0
138	677	1	1.0
138	1319	1	1.0
138	5541	1	1.0
138	1337	0	1.0
138	2686	0	1.0
140	143	1	1.0
141	233	1	1.0
141	370	1	1.0
141	373	1	1.0
141	486	1	1.0
141	669	1	1.0
141	945	1	1.0
141	1273	1	1.0
141	1294	1	1.0
141	1402	1	1.0
141	1537	1	1.0
141	1571	1	1.0
141	1587	1	1.0
141	1670	1	1.0
141	1676	1	1.0
141	1726	1	1.0
141	1755	1	1.0
141	1809	1	1.0
141	1979	1	1.0
141	1980	1	1.0
141	4506	1	1.0
141	1605	0	1.0
141	1608	0	1.0
141	1916	0	1.0
142	156	1	1.0
143	161	1	1.0
143	226	1	1.0
143	259	1	1.0
143	318	1	1.0
143	413	1	1.0
143	432	1	1.0
143	1369	1	1.0
145	159	1	1.0
145	172	1	1.0
145	280	1	1.0
145	578	1	1.0
145	665	1	1.0
145	1002	1	1.0
145	1589	1	1.0
145	1594	1	1.0
145	1684	1	1.0
145	1785	1	1.0
145	1799	1	1.0
145	1942	1	1.0
145	1990	1	1.0
145	2863	1	1.0
145	3013	1	1.0
145	3347	1	1.0
145	3618	1	1.0
145	3704	1	1.0
145	3724	1	1.0
145	3775	1	1.0
145	4071	1	1.0
145	4169	1	1.0
145	4494	1	1.0
145	5351	1	1.0
145	5466	1	1.0
145	5796	1	1.0
145	5857	1	1.0
145	5867	1	1.0
146	2571	1	1.0
149	1245	1	1.0
150	488	1	1.0
150	847	1	1.0
150	1002	1	1.0
150	1274	1	1.0
150	1294	1	1.0
150	1308	1	1.0
150	1319	1	1.0
150	1350	1	1.0
150	1402	1	1.0
150	1564	1	1.0
150	1785	1	1.0
150	1990	1	1.0
150	1991	1	1.0
150	2010	1	1.0
150	3815	1	1.0
150	3891	1	1.0
150	4240	1	1.0
150	5541	1	1.0
150	3561	0	1.0
150	5562	0	1.0
152	158	1	1.0
155	163	1	1.0
155	172	1	1.0
155	179	1	1.0
155	183	1	1.0
155	206	1	1.0
155	217	1	1.0
155	240	1	1.0
155	242	1	1.0
155	245	1	1.0
155	297	1	1.0
155	316	1	1.0
155	323	1	1.0
155	325	1	1.0
155	331	1	1.0
155	338	1	1.0
155	344	1	1.0
155	349	1	1.0
155	350	1	1.0
155	351	1	1.0
155	356	1	1.0
155	364	1	1.0
155	376	1	1.0
155	390	1	1.0
155	392	1	1.0
155	393	1	1.0
155	407	1	1.0
155	441	1	1.0
155	443	1	1.0
155	467	1	1.0
155	485	1	1.0
155	488	1	1.0
155	497	1	1.0
155	512	1	1.0
155	538	1	1.0
155	561	1	1.0
155	653	1	1.0
155	887	1	1.0
155	907	1	1.0
155	913	1	1.0
155	1009	1	1.0
155	2206	0	1.0
155	2803	0	1.0
156	176	1	1.0
156	3528	1	1.0
157	223	1	1.0
157	481	1	1.0
157	484	1	1.0
157	575	1	1.0
157	2803	0	1.0
158	163	1	1.0
158	349	1	1.0
159	161	1	1.0
159	163	1	1.0
159	168	1	1.0
159	169	1	1.0
159	171	1	1.0
159	172	1	1.0
159	176	1	1.0
159	183	1	1.0
159	189	1	1.0
159	191	1	1.0
159	192	1	1.0
159	195	1	1.0
159	198	1	1.0
159	205	1	1.0
159	211	1	1.0
159	225	1	1.0
159	227	1	1.0
159	236	1	1.0
159	237	1	1.0
159	243	1	1.0
159	245	1	1.0
159	248	1	1.0
159	256	1	1.0
159	259	1	1.0
159	266	1	1.0
159	277	1	1.0
159	279	1	1.0
159	282	1	1.0
159	290	1	1.0
159	291	1	1.0
159	297	1	1.0
159	300	1	1.0
159	308	1	1.0
159	312	1	1.0
159	314	1	1.0
159	360	1	1.0
159	374	1	1.0
159	422	1	1.0
159	431	1	1.0
159	435	1	1.0
159	437	1	1.0
159	477	1	1.0
159	486	1	1.0
159	488	1	1.0
159	504	1	1.0
159	542	1	1.0
159	588	1	1.0
159	592	1	1.0
159	601	1	1.0
159	649	1	1.0
159	651	1	1.0
159	660	1	1.0
159	665	1	1.0
159	707	1	1.0
159	713	1	1.0
159	732	1	1.0
159	734	1	1.0
159	738	1	1.0
159	745	1	1.0
159	856	1	1.0
159	897	1	1.0
159	918	1	1.0
159	966	1	1.0
159	967	1	1.0
159	1123	1	1.0
159	1156	1	1.0
159	1256	1	1.0
159	1461	1	1.0
159	1471	1	1.0
159	1526	1	1.0
159	1571	1	1.0
159	1639	1	1.0
159	1643	1	1.0
159	1846	1	1.0
159	1894	1	1.0
159	1977	1	1.0
159	1980	1	1.0
159	1989	1	1.0
159	2012	1	1.0
159	2032	1	1.0
159	2034	1	1.0
159	2094	1	1.0
159	2105	1	1.0
159	2126	1	1.0
159	2130	1	1.0
159	2138	1	1.0
159	2238	1	1.0
159	2520	1	1.0
159	2647	1	1.0
159	2686	1	1.0
159	2727	1	1.0
159	3006	1	1.0
159	3285	1	1.0
159	3633	1	1.0
159	3793	1	1.0
159	3971	1	1.0
159	3976	1	1.0
159	4019	1	1.0
159	4078	1	1.0
159	4356	1	1.0
159	4823	1	1.0
159	545	0	1.0
159	934	0	1.0
159	1955	0	1.0
160	316	1	1.0
160	320	1	1.0
160	333	1	1.0
160	338	1	1.0
160	373	1	1.0
160	943	1	1.0
160	1044	1	1.0
161	212	1	1.0
161	230	1	1.0
161	249	1	1.0
161	279	1	1.0
161	722	1	1.0
161	835	1	1.0
161	871	1	1.0
161	1122	1	1.0
161	1247	1	1.0
161	1267	1	1.0
161	1402	1	1.0
161	1429	1	1.0
161	1463	1	1.0
161	1698	1	1.0
161	2247	1	1.0
161	2492	1	1.0
161	1319	0	1.0
161	1715	0	1.0
161	1899	0	1.0
161	2429	0	1.0
161	2430	0	1.0
161	2561	0	1.0
161	3433	0	1.0
161	3617	0	1.0
161	4071	0	1.0
161	4085	0	1.0
161	4399	0	1.0
163	186	1	1.0
163	188	1	1.0
163	195	1	1.0
163	211	1	1.0
163	225	1	1.0
163	229	1	1.0
163	239	1	1.0
163	263	1	1.0
163	2803	0	1.0
164	217	1	1.0
164	499	1	1.0
164	583	1	1.0
164	680	1	1.0
164	857	1	1.0
164	1046	1	1.0
165	169	1	1.0
165	180	1	1.0
165	297	1	1.0
165	325	1	1.0
165	504	1	1.0
165	588	1	1.0
165	771	1	1.0
165	773	1	1.0
165	794	1	1.0
165	795	1	1.0
165	853	1	1.0
165	945	1	1.0
165	998	1	1.0
165	1022	1	1.0
165	1024	1	1.0
165	1072	1	1.0
165	1079	1	1.0
165	1118	1	1.0
165	1174	1	1.0
165	1246	1	1.0
165	1295	1	1.0
165	1331	1	1.0
165	1356	1	1.0
165	1376	1	1.0
165	2243	1	1.0
165	2329	1	1.0
165	2432	1	1.0
167	691	1	1.0
167	1199	1	1.0
167	1594	1	1.0
169	486	1	1.0
171	173	1	1.0
171	212	1	1.0
171	225	1	1.0
171	334	1	1.0
171	364	1	1.0
171	366	1	1.0
171	376	1	1.0
171	438	1	1.0
171	1225	1	1.0
171	2675	1	1.0
171	3794	1	1.0
172	206	1	1.0
172	224	1	1.0
172	225	1	1.0
172	230	1	1.0
172	245	1	1.0
172	246	1	1.0
172	279	1	1.0
172	282	1	1.0
172	297	1	1.0
172	316	1	1.0
172	343	1	1.0
172	368	1	1.0
172	374	1	1.0
172	967	1	1.0
172	1002	1	1.0
172	1273	1	1.0
172	1526	1	1.0
172	1594	1	1.0
172	1639	1	1.0
172	1778	1	1.0
172	1793	1	1.0
172	1813	1	1.0
172	2006	1	1.0
172	2010	1	1.0
172	2012	1	1.0
172	2031	1	1.0
172	2071	1	1.0
172	2120	1	1.0
172	2129	1	1.0
172	2272	1	1.0
172	2571	1	1.0
172	3006	1	1.0
172	3594	1	1.0
172	3603	1	1.0
172	3724	1	1.0
172	4019	1	1.0
172	4089	1	1.0
172	4342	1	1.0
172	4625	1	1.0
172	4733	1	1.0
172	4995	1	1.0
172	5043	1	1.0
172	5141	1	1.0
172	5322	1	1.0
172	5374	1	1.0
172	5590	1	1.0
172	945	0	1.0
172	1337	0	1.0
172	1980	0	1.0
172	3537	0	1.0
172	3647	0	1.0
173	251	1	1.0
173	370	1	1.0
173	603	1	1.0
173	636	1	1.0
173	798	1	1.0
173	1899	1	1.0
173	2569	1	1.0
173	4089	1	1.0
173	451	0	1.0
174	212	1	1.0
175	212	1	1.0
176	194	1	1.0
176	214	1	1.0
176	302	1	1.0
176	313	1	1.0
176	328	1	1.0
176	380	1	1.0
176	459	1	1.0
176	511	1	1.0
176	2206	0	1.0
176	2803	0	1.0
178	1002	1	1.0
178	1319	1	1.0
178	1483	1	1.0
178	3561	0	1.0
179	212	1	1.0
179	404	1	1.0
179	541	1	1.0
179	2071	1	1.0
180	1021	1	1.0
180	1324	1	1.0
180	1509	1	1.0
181	229	1	1.0
181	336	1	1.0
181	674	1	1.0
181	720	1	1.0
181	874	1	1.0
182	212	1	1.0
182	249	1	1.0
182	280	1	1.0
182	427	1	1.0
182	469	1	1.0
182	542	1	1.0
182	598	1	1.0
182	802	1	1.0
182	858	1	1.0
182	1324	1	1.0
182	2256	1	1.0
182	2296	1	1.0
183	340	1	1.0
183	721	1	1.0
183	874	1	1.0
183	934	1	1.0
183	967	1	1.0
183	1834	1	1.0
183	2010	1	1.0
183	2067	1	1.0
183	2737	1	1.0
183	2851	1	1.0
183	2878	1	1.0
183	2894	1	1.0
183	2928	1	1.0
183	3209	1	1.0
183	3216	1	1.0
183	3236	1	1.0
183	3277	1	1.0
183	3301	1	1.0
183	3566	1	1.0
183	3612	1	1.0
183	3955	1	1.0
183	4048	1	1.0
183	4129	1	1.0
183	4178	1	1.0
183	4293	1	1.0
183	4483	1	1.0
183	4757	1	1.0
183	4875	1	1.0
183	5757	1	1.0
184	196	1	1.0
184	1076	1	1.0
186	221	1	1.0
188	212	1	1.0
189	324	1	1.0
189	345	1	1.0
189	390	1	1.0
189	396	1	1.0
189	560	1	1.0
189	882	1	1.0
189	2017	1	1.0
189	2805	0	1.0
190	221	1	1.0
190	232	1	1.0
190	251	1	1.0
190	311	1	1.0
190	312	1	1.0
190	472	1	1.0
190	530	1	1.0
190	582	1	1.0
190	874	1	1.0
190	928	1	1.0
190	1251	1	1.0
190	1568	1	1.0
191	341	1	1.0
193	695	1	1.0
193	1257	1	1.0
193	1509	1	1.0
193	2571	1	1.0
193	4071	1	1.0
193	856	0	1.0
194	295	1	1.0
194	1308	1	1.0
194	2039	1	1.0
194	1888	0	1.0
195	212	1	1.0
196	206	1	1.0
196	293	1	1.0
196	1308	1	1.0
196	1319	1	1.0
196	792	0	1.0
197	212	1	1.0
197	230	1	1.0
197	1222	1	1.0
197	1846	1	1.0
197	1951	1	1.0
197	2248	1	1.0
197	2470	1	1.0
197	2561	1	1.0
197	2571	1	1.0
197	2588	1	1.0
197	2680	1	1.0
197	2705	1	1.0
197	2716	1	1.0
197	2804	1	1.0
197	2736	0	1.0
198	200	1	1.0
198	212	1	1.0
199	416	1	1.0
199	589	1	1.0
199	1299	1	1.0
200	204	1	1.0
200	205	1	1.0
200	247	1	1.0
200	1319	1	1.0
200	1308	0	1.0
201	212	1	1.0
201	2071	1	1.0
201	2115	1	1.0
201	2234	1	1.0
203	320	1	1.0
203	414	1	1.0
204	212	1	1.0
205	212	1	1.0
205	499	1	1.0
205	2010	1	1.0
206	278	1	1.0
206	292	1	1.0
206	306	1	1.0
206	310	1	1.0
206	333	1	1.0
206	445	1	1.0
206	717	1	1.0
206	724	1	1.0
206	726	1	1.0
206	729	1	1.0
206	760	1	1.0
206	770	1	1.0
206	1430	1	1.0
207	328	1	1.0
207	498	1	1.0
207	597	1	1.0
207	629	1	1.0
207	641	1	1.0
207	727	1	1.0
207	801	1	1.0
207	1169	1	1.0
207	1234	1	1.0
207	2803	0	1.0
210	2010	1	1.0
211	212	1	1.0
211	244	1	1.0
211	251	1	1.0
211	282	1	1.0
211	341	1	1.0
211	344	1	1.0
211	361	1	1.0
211	403	1	1.0
211	460	1	1.0
211	469	1	1.0
211	472	1	1.0
211	582	1	1.0
211	583	1	1.0
211	588	1	1.0
211	598	1	1.0
211	613	1	1.0
211	734	1	1.0
211	967	1	1.0
211	1643	1	1.0
211	1679	1	1.0
211	1835	1	1.0
211	2427	1	1.0
211	2743	1	1.0
211	3045	1	1.0
211	3638	1	1.0
211	3738	1	1.0
211	5505	1	1.0
211	4449	0	1.0
212	216	1	1.0
212	219	1	1.0
212	220	1	1.0
212	221	1	1.0
212	223	1	1.0
212	224	1	1.0
212	226	1	1.0
212	229	1	1.0
212	230	1	1.0
212	231	1	1.0
212	232	1	1.0
212	234	1	1.0
212	235	1	1.0
212	236	1	1.0
212	240	1	1.0
212	241	1	1.0
212	251	1	1.0
212	253	1	1.0
212	260	1	1.0
212	265	1	1.0
212	266	1	1.0
212	268	1	1.0
212	269	1	1.0
212	276	1	1.0
212	277	1	1.0
212	282	1	1.0
212	284	1	1.0
212	286	1	1.0
212	287	1	1.0
212	289	1	1.0
212	293	1	1.0
212	294	1	1.0
212	302	1	1.0
212	303	1	1.0
212	304	1	1.0
212	311	1	1.0
212	314	1	1.0
212	324	1	1.0
212	330	1	1.0
212	332	1	1.0
212	334	1	1.0
212	337	1	1.0
212	339	1	1.0
212	345	1	1.0
212	347	1	1.0
212	352	1	1.0
212	353	1	1.0
212	358	1	1.0
212	359	1	1.0
212	363	1	1.0
212	374	1	1.0
212	381	1	1.0
212	384	1	1.0
212	409	1	1.0
212	410	1	1.0
212	411	1	1.0
212	419	1	1.0
212	420	1	1.0
212	421	1	1.0
212	452	1	1.0
212	463	1	1.0
212	465	1	1.0
212	466	1	1.0
212	468	1	1.0
212	470	1	1.0
212	474	1	1.0
212	475	1	1.0
212	477	1	1.0
212	495	1	1.0
212	503	1	1.0
212	544	1	1.0
212	594	1	1.0
212	2803	0	1.0
212	2827	0	1.0
213	214	1	1.0
214	2385	1	1.0
215	337	0	1.0
216	451	1	1.0
216	606	1	1.0
216	705	1	1.0
216	900	1	1.0
216	1046	1	1.0
217	467	1	1.0
217	481	1	1.0
217	500	1	1.0
217	515	1	1.0
217	2803	0	1.0
218	1171	1	1.0
220	1230	1	1.0
220	3032	1	1.0
221	295	1	1.0
221	301	1	1.0
221	370	1	1.0
221	412	1	1.0
221	583	1	1.0
221	604	1	1.0
221	605	1	1.0
221	619	1	1.0
221	623	1	1.0
221	1081	1	1.0
221	1516	1	1.0
221	1979	1	1.0
223	320	1	1.0
223	355	1	1.0
224	253	1	1.0
225	226	1	1.0
225	228	1	1.0
225	268	1	1.0
228	387	1	1.0
228	491	1	1.0
228	581	1	1.0
228	583	1	1.0
228	613	1	1.0
228	656	1	1.0
228	1086	1	1.0
228	1154	1	1.0
228	1684	1	1.0
229	338	1	1.0
229	398	1	1.0
229	444	1	1.0
229	485	1	1.0
229	499	1	1.0
229	534	1	1.0
229	543	1	1.0
229	581	1	1.0
229	586	1	1.0
229	715	1	1.0
229	720	1	1.0
229	723	1	1.0
229	733	1	1.0
229	792	1	1.0
229	913	1	1.0
229	928	1	1.0
229	950	1	1.0
229	960	1	1.0
229	1130	1	1.0
229	2803	0	1.0
230	251	1	1.0
230	272	1	1.0
230	282	1	1.0
230	283	1	1.0
230	366	1	1.0
230	442	1	1.0
230	1650	1	1.0
230	1793	1	1.0
230	1986	1	1.0
230	2055	1	1.0
230	2071	1	1.0
230	2129	1	1.0
230	2863	1	1.0
230	3032	1	1.0
230	3209	1	1.0
230	3594	1	1.0
232	393	1	1.0
232	583	1	1.0
233	234	1	1.0
233	265	1	1.0
233	325	1	1.0
233	336	1	1.0
233	356	1	1.0
233	387	1	1.0
233	393	1	1.0
233	469	1	1.0
233	504	1	1.0
233	563	1	1.0
233	579	1	1.0
233	588	1	1.0
233	630	1	1.0
233	695	1	1.0
233	727	1	1.0
233	735	1	1.0
233	736	1	1.0
233	766	1	1.0
233	945	1	1.0
233	967	1	1.0
233	1009	1	1.0
233	1072	1	1.0
233	1127	1	1.0
233	1151	1	1.0
233	1156	1	1.0
233	1159	1	1.0
233	1256	1	1.0
233	1272	1	1.0
233	1290	1	1.0
233	1324	1	1.0
233	1350	1	1.0
233	1785	1	1.0
233	2083	1	1.0
233	2339	1	1.0
233	792	0	1.0
233	2956	0	1.0
233	3647	0	1.0
233	3659	0	1.0
233	3660	0	1.0
233	3662	0	1.0
233	3663	0	1.0
236	337	1	1.0
236	688	1	1.0
237	238	1	1.0
237	325	1	1.0
237	376	1	1.0
237	401	1	1.0
237	427	1	1.0
237	438	1	1.0
237	444	1	1.0
237	504	1	1.0
237	945	1	1.0
237	1003	1	1.0
237	1046	1	1.0
237	1169	1	1.0
237	1376	1	1.0
237	1390	1	1.0
237	1401	1	1.0
237	1411	1	1.0
237	1418	1	1.0
237	1426	1	1.0
237	1442	1	1.0
237	1443	1	1.0
237	1444	1	1.0
237	1461	1	1.0
237	1485	1	1.0
237	1594	1	1.0
237	2571	1	1.0
237	2915	1	1.0
237	2956	1	1.0
237	3242	1	1.0
237	3479	1	1.0
237	3580	1	1.0
237	3603	1	1.0
237	3715	1	1.0
237	3812	1	1.0
237	4013	1	1.0
237	4127	1	1.0
237	4169	1	1.0
237	4238	1	1.0
237	4281	1	1.0
237	4378	1	1.0
237	4393	1	1.0
237	4403	1	1.0
237	4427	1	1.0
237	4509	1	1.0
237	4515	1	1.0
237	4738	1	1.0
237	4740	1	1.0
237	4928	1	1.0
237	5078	1	1.0
237	5155	1	1.0
237	5156	1	1.0
237	5199	1	1.0
237	5207	1	1.0
237	5208	1	1.0
237	5209	1	1.0
237	5335	1	1.0
237	1799	0	1.0
239	261	1	1.0
239	262	1	1.0
239	266	1	1.0
240	241	1	1.0
240	251	1	1.0
240	336	1	1.0
240	354	1	1.0
240	361	1	1.0
240	418	1	1.0
240	453	1	1.0
240	464	1	1.0
240	559	1	1.0
240	1510	1	1.0
241	275	1	1.0
241	695	1	1.0
241	754	1	1.0
241	806	1	1.0
241	858	1	1.0
241	1044	1	1.0
241	2583	1	1.0
242	304	1	1.0
245	263	1	1.0
245	343	1	1.0
245	2803	0	1.0
248	1510	1	1.0
249	252	1	1.0
249	2206	0	1.0
251	295	1	1.0
251	401	1	1.0
251	444	1	1.0
251	472	1	1.0
251	542	1	1.0
251	583	1	1.0
251	617	1	1.0
251	618	1	1.0
251	674	1	1.0
251	723	1	1.0
251	792	1	1.0
251	812	1	1.0
251	813	1	1.0
251	818	1	1.0
251	853	1	1.0
251	870	1	1.0
251	935	1	1.0
251	1043	1	1.0
252	260	1	1.0
252	296	1	1.0
254	255	1	1.0
254	351	1	1.0
254	380	1	1.0
254	482	1	1.0
254	504	1	1.0
254	566	1	1.0
254	569	1	1.0
254	637	1	1.0
254	867	1	1.0
256	371	1	1.0
259	277	1	1.0
259	297	1	1.0
259	312	1	1.0
259	334	1	1.0
259	398	1	1.0
259	401	1	1.0
259	427	1	1.0
259	428	1	1.0
259	434	1	1.0
259	445	1	1.0
259	499	1	1.0
259	510	1	1.0
259	568	1	1.0
259	589	1	1.0
259	629	1	1.0
259	636	1	1.0
259	651	1	1.0
259	652	1	1.0
259	680	1	1.0
259	775	1	1.0
259	793	1	1.0
259	799	1	1.0
259	835	1	1.0
259	858	1	1.0
259	878	1	1.0
259	884	1	1.0
259	945	1	1.0
259	1003	1	1.0
259	1044	1	1.0
259	1272	1	1.0
259	1273	1	1.0
259	1337	1	1.0
259	1350	1	1.0
259	1402	1	1.0
259	1453	1	1.0
259	1535	1	1.0
259	1537	1	1.0
259	1589	1	1.0
259	1607	1	1.0
259	1616	1	1.0
259	1626	1	1.0
259	1635	1	1.0
259	1638	1	1.0
259	1643	1	1.0
259	1653	1	1.0
259	1695	1	1.0
259	1697	1	1.0
259	1715	1	1.0
259	1726	1	1.0
259	1734	1	1.0
259	1738	1	1.0
259	1745	1	1.0
259	1763	1	1.0
259	1785	1	1.0
259	1796	1	1.0
259	1799	1	1.0
259	1809	1	1.0
259	1846	1	1.0
259	1852	1	1.0
259	1899	1	1.0
259	1976	1	1.0
259	1979	1	1.0
259	1990	1	1.0
259	1994	1	1.0
259	2002	1	1.0
259	2027	1	1.0
259	2031	1	1.0
259	2060	1	1.0
259	2071	1	1.0
259	2076	1	1.0
259	2120	1	1.0
259	2125	1	1.0
259	2154	1	1.0
259	2172	1	1.0
259	2173	1	1.0
259	2193	1	1.0
259	2195	1	1.0
259	2201	1	1.0
259	2206	1	1.0
259	2207	1	1.0
259	2214	1	1.0
259	2225	1	1.0
259	2236	1	1.0
259	2238	1	1.0
259	2243	1	1.0
259	2256	1	1.0
259	2266	1	1.0
259	2299	1	1.0
259	2315	1	1.0
259	2343	1	1.0
259	2349	1	1.0
259	2364	1	1.0
259	2412	1	1.0
259	2563	1	1.0
259	2571	1	1.0
259	2733	1	1.0
259	2783	1	1.0
259	2799	1	1.0
259	2876	1	1.0
259	3348	1	1.0
259	4072	1	1.0
259	4089	1	1.0
259	4395	1	1.0
259	2511	0	1.0
260	506	1	1.0
264	343	1	1.0
264	583	1	1.0
264	967	1	1.0
264	2062	1	1.0
264	2335	1	1.0
264	2569	1	1.0
264	3006	1	1.0
264	3261	1	1.0
265	319	1	1.0
265	373	1	1.0
265	380	1	1.0
265	410	1	1.0
265	488	1	1.0
265	598	1	1.0
265	617	1	1.0
265	662	1	1.0
265	835	1	1.0
265	945	1	1.0
265	1017	1	1.0
265	1109	1	1.0
265	1116	1	1.0
265	1154	1	1.0
265	1272	1	1.0
265	1273	1	1.0
265	1294	1	1.0
265	1308	1	1.0
265	1319	1	1.0
265	1324	1	1.0
265	1337	1	1.0
265	1350	1	1.0
265	1369	1	1.0
265	1402	1	1.0
265	1453	1	1.0
265	1564	1	1.0
265	1571	1	1.0
265	1662	1	1.0
265	1785	1	1.0
265	1980	1	1.0
265	2002	1	1.0
265	2115	1	1.0
265	792	0	1.0
265	856	0	1.0
265	1094	0	1.0
265	1096	0	1.0
265	1138	0	1.0
265	1262	0	1.0
265	1344	0	1.0
265	1598	0	1.0
265	1624	0	1.0
265	1626	0	1.0
265	1696	0	1.0
265	1715	0	1.0
265	1755	0	1.0
265	1811	0	1.0
265	1863	0	1.0
265	1901	0	1.0
266	277	0	1.0
266	297	0	1.0
266	427	0	1.0
268	348	1	1.0
268	3261	1	1.0
268	3339	1	1.0
268	3347	1	1.0
268	3521	1	1.0
268	3548	1	1.0
268	2799	0	1.0
270	4733	1	1.0
272	413	1	1.0
273	488	1	1.0
273	602	1	1.0
274	370	1	1.0
274	2135	1	1.0
274	1337	0	1.0
275	438	1	1.0
275	620	1	1.0
275	621	1	1.0
275	639	1	1.0
275	679	1	1.0
275	1129	1	1.0
275	1257	1	1.0
276	349	1	1.0
276	376	1	1.0
277	285	1	1.0
277	317	1	1.0
277	418	1	1.0
277	427	1	1.0
277	1402	1	1.0
277	1803	1	1.0
279	743	1	1.0
280	297	1	1.0
280	545	1	1.0
280	604	1	1.0
280	605	1	1.0
280	1223	1	1.0
282	288	1	1.0
284	1899	1	1.0
288	289	1	1.0
288	374	1	1.0
289	305	1	1.0
289	315	1	1.0
289	338	1	1.0
289	394	1	1.0
289	423	1	1.0
289	585	1	1.0
289	597	1	1.0
289	607	1	1.0
289	627	1	1.0
289	727	1	1.0
289	789	1	1.0
289	823	1	1.0
289	880	1	1.0
289	889	1	1.0
289	938	1	1.0
289	1074	1	1.0
289	1362	1	1.0
289	1371	1	1.0
289	5141	1	1.0
289	792	0	1.0
289	3647	0	1.0
291	295	1	1.0
291	301	1	1.0
291	333	1	1.0
291	344	1	1.0
291	1432	1	1.0
291	4071	0	1.0
293	867	1	1.0
293	1639	1	1.0
293	1726	1	1.0
293	2055	1	1.0
293	3006	1	1.0
295	297	1	1.0
295	407	1	1.0
295	432	1	1.0
295	434	1	1.0
295	467	1	1.0
295	488	1	1.0
295	500	1	1.0
295	540	1	1.0
295	583	1	1.0
295	598	1	1.0
295	602	1	1.0
295	680	1	1.0
295	732	1	1.0
295	845	1	1.0
295	871	1	1.0
295	1402	1	1.0
295	1470	1	1.0
295	1516	1	1.0
295	3032	1	1.0
297	323	1	1.0
297	348	1	1.0
297	367	1	1.0
297	401	1	1.0
297	410	1	1.0
297	418	1	1.0
297	427	1	1.0
297	435	1	1.0
297	436	1	1.0
297	486	1	1.0
297	499	1	1.0
297	543	1	1.0
297	613	1	1.0
297	679	1	1.0
297	680	1	1.0
297	829	1	1.0
297	884	1	1.0
297	887	1	1.0
297	945	1	1.0
297	996	1	1.0
297	1009	1	1.0
297	1116	1	1.0
297	1153	1	1.0
297	1273	1	1.0
297	1322	1	1.0
297	1337	1	1.0
297	1350	1	1.0
297	1365	1	1.0
297	1402	1	1.0
297	1455	1	1.0
297	1516	1	1.0
297	1526	1	1.0
297	1537	1	1.0
297	1556	1	1.0
297	1558	1	1.0
297	1594	1	1.0
297	1745	1	1.0
297	1785	1	1.0
297	1929	1	1.0
297	1940	1	1.0
297	1980	1	1.0
297	1990	1	1.0
297	2010	1	1.0
297	2125	1	1.0
297	2183	1	1.0
297	2225	1	1.0
297	2238	1	1.0
297	2247	1	1.0
297	2280	1	1.0
297	2329	1	1.0
297	2332	1	1.0
297	2379	1	1.0
297	2427	1	1.0
297	2569	1	1.0
297	2571	1	1.0
297	2863	1	1.0
297	3348	1	1.0
297	3358	1	1.0
297	3476	1	1.0
297	3499	1	1.0
297	3735	1	1.0
297	3891	1	1.0
297	4071	1	1.0
297	4169	1	1.0
297	4237	1	1.0
297	4241	1	1.0
297	4406	1	1.0
297	4434	1	1.0
297	4444	1	1.0
297	4481	1	1.0
297	4509	1	1.0
297	4750	1	1.0
297	4789	1	1.0
297	545	0	1.0
300	309	1	1.0
301	422	1	1.0
301	867	1	1.0
301	2677	1	1.0
302	447	1	1.0
302	472	1	1.0
302	473	1	1.0
302	1402	1	1.0
302	1526	1	1.0
302	1594	1	1.0
302	1676	1	1.0
302	1986	1	1.0
302	2135	1	1.0
302	3537	1	1.0
302	792	0	1.0
302	1463	0	1.0
302	4262	0	1.0
303	320	1	1.0
305	366	1	1.0
305	3603	1	1.0
305	3638	1	1.0
305	3706	1	1.0
305	349	0	1.0
311	318	1	1.0
311	322	1	1.0
311	476	1	1.0
312	385	1	1.0
312	472	1	1.0
312	680	1	1.0
312	945	1	1.0
312	967	1	1.0
312	1129	1	1.0
312	1294	1	1.0
312	1320	1	1.0
312	1322	1	1.0
312	1526	1	1.0
312	1587	1	1.0
312	1662	1	1.0
312	1688	1	1.0
312	1785	1	1.0
312	1809	1	1.0
312	2031	1	1.0
312	2071	1	1.0
312	2566	1	1.0
312	2571	1	1.0
312	2675	1	1.0
312	3032	1	1.0
312	3233	1	1.0
312	3339	1	1.0
312	3519	1	1.0
312	3565	1	1.0
312	3800	1	1.0
312	4071	1	1.0
312	4089	1	1.0
312	4132	1	1.0
312	4158	1	1.0
312	4398	1	1.0
312	4510	1	1.0
312	1337	0	1.0
312	1980	0	1.0
312	3647	0	1.0
313	396	1	1.0
313	491	1	1.0
314	323	1	1.0
315	498	1	1.0
315	727	1	1.0
315	789	1	1.0
315	880	1	1.0
315	899	1	1.0
315	938	1	1.0
315	1042	1	1.0
315	2206	0	1.0
315	2803	0	1.0
316	395	1	1.0
316	597	1	1.0
316	625	1	1.0
316	755	1	1.0
316	2803	0	1.0
320	324	1	1.0
320	340	1	1.0
320	357	1	1.0
320	425	1	1.0
320	430	1	1.0
320	440	1	1.0
320	462	1	1.0
320	727	1	1.0
320	841	1	1.0
320	1055	1	1.0
320	2247	0	1.0
320	4004	0	1.0
321	336	1	1.0
321	393	1	1.0
321	413	1	1.0
321	485	1	1.0
321	547	1	1.0
321	1210	1	1.0
321	1273	1	1.0
321	2225	1	1.0
323	324	1	1.0
323	325	1	1.0
323	401	1	1.0
323	436	1	1.0
323	583	1	1.0
323	667	1	1.0
323	2803	0	1.0
325	333	1	1.0
325	340	1	1.0
325	347	1	1.0
325	357	1	1.0
325	407	1	1.0
325	435	1	1.0
325	481	1	1.0
325	583	1	1.0
325	678	1	1.0
325	1120	1	1.0
325	1302	1	1.0
325	2206	0	1.0
325	2803	0	1.0
327	472	1	1.0
328	329	1	1.0
328	514	1	1.0
328	586	1	1.0
328	815	1	1.0
330	336	1	1.0
330	351	1	1.0
331	1998	1	1.0
331	2012	1	1.0
331	2135	1	1.0
331	3100	1	1.0
331	4041	1	1.0
333	334	1	1.0
333	344	1	1.0
333	347	1	1.0
333	364	1	1.0
333	418	1	1.0
333	683	1	1.0
334	335	1	1.0
334	438	1	1.0
334	662	1	1.0
334	835	1	1.0
334	1046	1	1.0
334	1594	1	1.0
334	1684	1	1.0
334	1778	1	1.0
334	2064	1	1.0
334	2071	1	1.0
334	4133	1	1.0
334	2430	0	1.0
335	680	1	1.0
335	1234	1	1.0
335	1754	1	1.0
335	1785	1	1.0
335	1980	1	1.0
335	2241	1	1.0
335	2256	1	1.0
335	2423	1	1.0
335	3440	1	1.0
335	4048	1	1.0
335	4521	1	1.0
335	2418	0	1.0
335	4540	0	1.0
335	4545	0	1.0
335	4547	0	1.0
335	4551	0	1.0
335	4552	0	1.0
335	4553	0	1.0
335	4554	0	1.0
335	4555	0	1.0
335	4558	0	1.0
335	4560	0	1.0
336	467	1	1.0
336	478	1	1.0
336	583	1	1.0
336	3371	0	1.0
338	347	1	1.0
338	427	1	1.0
338	490	1	1.0
338	494	1	1.0
338	543	1	1.0
338	576	1	1.0
338	583	1	1.0
338	598	1	1.0
338	602	1	1.0
338	652	1	1.0
338	407	0	1.0
340	341	1	1.0
340	413	1	1.0
341	586	1	1.0
341	598	1	1.0
341	887	1	1.0
341	909	1	1.0
341	928	1	1.0
343	367	1	1.0
344	347	1	1.0
344	357	1	1.0
344	367	1	1.0
344	415	1	1.0
344	501	1	1.0
344	530	1	1.0
344	540	1	1.0
344	569	1	1.0
344	618	1	1.0
344	665	1	1.0
344	1102	1	1.0
344	1103	1	1.0
344	856	0	1.0
344	1785	0	1.0
344	2206	0	1.0
345	1143	1	1.0
346	488	1	1.0
347	389	1	1.0
347	398	1	1.0
347	403	1	1.0
347	405	1	1.0
347	1509	1	1.0
347	3032	1	1.0
349	366	0	1.0
349	376	0	1.0
350	445	1	1.0
351	406	1	1.0
351	542	1	1.0
351	407	0	1.0
351	719	0	1.0
351	3358	0	1.0
351	4494	0	1.0
353	451	1	1.0
353	525	1	1.0
353	1169	1	1.0
353	1234	1	1.0
353	1371	1	1.0
353	1447	1	1.0
353	2173	1	1.0
353	2227	1	1.0
353	2252	1	1.0
353	2375	1	1.0
353	2828	1	1.0
353	3177	1	1.0
353	3476	1	1.0
353	3891	1	1.0
353	4403	1	1.0
353	1715	0	1.0
354	432	1	1.0
354	583	1	1.0
354	588	1	1.0
354	597	1	1.0
354	640	1	1.0
354	695	1	1.0
354	727	1	1.0
354	839	1	1.0
354	879	1	1.0
354	2206	0	1.0
355	480	1	1.0
356	357	1	1.0
356	367	1	1.0
356	407	1	1.0
357	401	1	1.0
357	454	1	1.0
360	374	1	1.0
360	383	1	1.0
360	445	1	1.0
360	446	1	1.0
360	462	1	1.0
360	472	1	1.0
360	546	1	1.0
360	583	1	1.0
360	608	1	1.0
360	631	1	1.0
360	400	0	1.0
360	402	0	1.0
361	401	1	1.0
361	1948	1	1.0
363	2933	1	1.0
363	3054	1	1.0
363	3424	1	1.0
364	365	1	1.0
364	436	1	1.0
364	461	1	1.0
364	500	1	1.0
364	510	1	1.0
364	513	1	1.0
364	805	1	1.0
364	887	1	1.0
364	1044	1	1.0
367	370	1	1.0
369	422	1	1.0
370	382	1	1.0
370	609	1	1.0
370	921	1	1.0
370	2227	1	1.0
370	2234	1	1.0
370	3640	1	1.0
370	4028	1	1.0
371	401	1	1.0
371	1571	1	1.0
372	397	1	1.0
373	396	1	1.0
373	1441	1	1.0
374	404	1	1.0
374	490	1	1.0
376	391	1	1.0
376	395	1	1.0
376	443	1	1.0
376	511	1	1.0
376	527	1	1.0
376	530	1	1.0
376	772	1	1.0
376	883	1	1.0
376	885	1	1.0
376	895	1	1.0
376	1100	1	1.0
376	2803	0	1.0
377	378	1	1.0
378	407	0	1.0
380	471	1	1.0
380	497	1	1.0
380	542	1	1.0
380	945	1	1.0
380	1166	1	1.0
380	1294	1	1.0
380	1461	1	1.0
380	1616	1	1.0
380	1785	1	1.0
380	2024	1	1.0
380	2241	1	1.0
380	3435	1	1.0
380	3812	1	1.0
380	4071	1	1.0
380	4089	1	1.0
380	1959	0	1.0
380	3647	0	1.0
381	1202	1	1.0
382	1002	1	1.0
382	1688	1	1.0
382	3116	1	1.0
383	396	1	1.0
383	984	1	1.0
383	1350	1	1.0
386	387	1	1.0
387	445	1	1.0
387	472	1	1.0
387	504	1	1.0
387	529	1	1.0
387	563	1	1.0
387	613	1	1.0
387	665	1	1.0
387	697	1	1.0
387	704	1	1.0
387	884	1	1.0
387	1003	1	1.0
387	1050	1	1.0
387	1051	1	1.0
387	1221	1	1.0
387	1252	1	1.0
387	1278	1	1.0
387	2929	1	1.0
387	2349	0	1.0
387	3876	0	1.0
388	389	1	1.0
388	1877	1	1.0
390	985	1	1.0
390	1044	1	1.0
390	2677	1	1.0
390	3467	1	1.0
390	3339	0	1.0
392	729	1	1.0
393	401	1	1.0
393	559	1	1.0
393	588	1	1.0
393	636	1	1.0
393	640	1	1.0
393	662	1	1.0
393	723	1	1.0
393	755	1	1.0
393	792	1	1.0
393	993	1	1.0
393	3347	1	1.0
395	412	1	1.0
395	710	1	1.0
397	505	1	1.0
397	643	1	1.0
398	835	1	1.0
398	945	1	1.0
398	1060	1	1.0
398	1169	1	1.0
398	1308	1	1.0
398	1337	1	1.0
398	1402	1	1.0
398	1510	1	1.0
398	1809	1	1.0
398	2026	1	1.0
399	412	1	1.0
400	401	0	1.0
400	402	0	1.0
401	402	1	1.0
401	405	1	1.0
401	431	1	1.0
401	432	1	1.0
401	434	1	1.0
401	438	1	1.0
401	461	1	1.0
401	471	1	1.0
401	498	1	1.0
401	499	1	1.0
401	514	1	1.0
401	519	1	1.0
401	542	1	1.0
401	580	1	1.0
401	589	1	1.0
401	593	1	1.0
401	656	1	1.0
401	674	1	1.0
401	680	1	1.0
401	683	1	1.0
401	835	1	1.0
401	871	1	1.0
401	874	1	1.0
401	983	1	1.0
401	1003	1	1.0
401	1159	1	1.0
401	1174	1	1.0
401	1203	1	1.0
401	1227	1	1.0
401	1244	1	1.0
401	1257	1	1.0
401	1273	1	1.0
401	1288	1	1.0
401	1307	1	1.0
401	1308	1	1.0
401	1322	1	1.0
401	1337	1	1.0
401	1353	1	1.0
401	1354	1	1.0
401	1368	1	1.0
401	1370	1	1.0
401	1377	1	1.0
401	1383	1	1.0
401	1384	1	1.0
401	1390	1	1.0
401	3607	1	1.0
401	5156	1	1.0
401	3647	0	1.0
402	404	1	1.0
402	410	1	1.0
403	486	1	1.0
403	488	1	1.0
403	504	1	1.0
403	542	1	1.0
403	663	1	1.0
403	682	1	1.0
403	874	1	1.0
403	1402	1	1.0
403	1483	1	1.0
403	3603	1	1.0
403	3735	1	1.0
403	4201	1	1.0
403	2929	0	1.0
404	426	1	1.0
404	439	1	1.0
404	504	1	1.0
404	528	1	1.0
404	529	1	1.0
404	573	1	1.0
404	603	1	1.0
404	624	1	1.0
404	705	1	1.0
404	1062	1	1.0
404	1181	1	1.0
404	2803	0	1.0
407	413	1	1.0
407	410	0	1.0
407	424	0	1.0
407	427	0	1.0
407	436	0	1.0
410	413	1	1.0
410	416	1	1.0
410	488	1	1.0
410	1154	1	1.0
410	1272	1	1.0
410	1273	1	1.0
410	1308	1	1.0
410	1322	1	1.0
410	1337	1	1.0
410	1350	1	1.0
410	1402	1	1.0
410	1483	1	1.0
410	1509	1	1.0
410	1526	1	1.0
410	1564	1	1.0
410	1594	1	1.0
410	1698	1	1.0
410	1718	1	1.0
410	1787	1	1.0
410	2238	1	1.0
410	1497	0	1.0
410	2606	0	1.0
410	2607	0	1.0
410	2609	0	1.0
411	435	1	1.0
411	661	1	1.0
411	746	1	1.0
411	945	1	1.0
411	989	1	1.0
411	1376	1	1.0
411	1428	1	1.0
411	1796	1	1.0
412	476	1	1.0
412	491	1	1.0
412	709	1	1.0
412	730	1	1.0
412	805	1	1.0
412	827	1	1.0
413	436	1	1.0
413	462	1	1.0
413	467	1	1.0
413	481	1	1.0
413	752	1	1.0
413	855	1	1.0
413	875	1	1.0
413	990	1	1.0
413	992	1	1.0
413	758	0	1.0
413	3721	0	1.0
414	1308	1	1.0
415	418	1	1.0
416	433	1	1.0
417	484	1	1.0
417	2071	1	1.0
418	472	1	1.0
422	431	1	1.0
422	438	1	1.0
422	444	1	1.0
422	488	1	1.0
422	494	1	1.0
422	500	1	1.0
422	636	1	1.0
422	777	1	1.0
422	845	1	1.0
422	866	1	1.0
422	1015	1	1.0
424	477	1	1.0
424	499	1	1.0
424	1002	1	1.0
424	1294	1	1.0
424	1402	1	1.0
424	1778	1	1.0
424	1785	1	1.0
424	2184	1	1.0
424	2238	1	1.0
424	2571	1	1.0
424	3155	1	1.0
424	3347	1	1.0
424	3399	1	1.0
424	3537	1	1.0
424	3617	1	1.0
424	3618	1	1.0
424	3630	1	1.0
424	3704	1	1.0
424	3775	1	1.0
424	3789	1	1.0
424	3891	1	1.0
424	4169	1	1.0
424	4316	1	1.0
424	4365	1	1.0
424	4406	1	1.0
424	4420	1	1.0
424	4461	1	1.0
424	5365	1	1.0
424	5504	1	1.0
424	5541	1	1.0
424	5554	1	1.0
424	5698	1	1.0
424	1937	0	1.0
424	2279	0	1.0
424	2569	0	1.0
424	2883	0	1.0
424	3238	0	1.0
424	3647	0	1.0
424	3659	0	1.0
424	3660	0	1.0
424	3662	0	1.0
424	3663	0	1.0
424	3800	0	1.0
424	4229	0	1.0
424	4371	0	1.0
424	4405	0	1.0
424	4418	0	1.0
424	4526	0	1.0
424	4533	0	1.0
424	4538	0	1.0
427	467	1	1.0
427	478	1	1.0
427	481	1	1.0
427	484	1	1.0
427	555	1	1.0
427	577	1	1.0
427	583	1	1.0
427	588	1	1.0
427	636	1	1.0
427	742	1	1.0
427	743	1	1.0
427	797	1	1.0
427	1009	1	1.0
427	1010	1	1.0
427	1073	1	1.0
429	2238	1	1.0
429	4163	1	1.0
429	4494	1	1.0
431	435	1	1.0
431	453	1	1.0
431	483	1	1.0
431	488	1	1.0
431	515	1	1.0
432	723	1	1.0
432	874	1	1.0
432	937	1	1.0
432	975	1	1.0
434	504	1	1.0
434	665	1	1.0
434	680	1	1.0
434	684	1	1.0
434	858	1	1.0
434	930	1	1.0
434	950	1	1.0
434	955	1	1.0
434	1003	1	1.0
434	1018	1	1.0
434	1024	1	1.0
434	1044	1	1.0
434	1046	1	1.0
434	1051	1	1.0
434	1054	1	1.0
434	1061	1	1.0
434	1067	1	1.0
434	1068	1	1.0
434	1070	1	1.0
434	1244	1	1.0
434	1246	1	1.0
434	1251	1	1.0
434	1254	1	1.0
434	1255	1	1.0
434	1257	1	1.0
434	1446	1	1.0
434	1455	1	1.0
434	1483	1	1.0
434	1511	1	1.0
434	1560	1	1.0
434	1697	1	1.0
434	1778	1	1.0
434	1874	1	1.0
434	1990	1	1.0
434	2225	1	1.0
434	2335	1	1.0
434	2414	1	1.0
434	2634	1	1.0
434	2675	1	1.0
434	2690	1	1.0
434	2705	1	1.0
434	2816	1	1.0
434	3012	1	1.0
434	3079	1	1.0
434	4270	1	1.0
434	792	0	1.0
434	1069	0	1.0
434	2491	0	1.0
435	945	1	1.0
435	1051	1	1.0
435	1294	1	1.0
435	1679	1	1.0
435	1688	1	1.0
435	1846	1	1.0
435	2076	1	1.0
435	2225	1	1.0
435	2800	1	1.0
435	2995	1	1.0
435	3116	1	1.0
435	3291	1	1.0
435	3563	1	1.0
435	3647	1	1.0
436	522	1	1.0
436	683	1	1.0
437	486	1	1.0
438	483	1	1.0
438	542	1	1.0
438	563	1	1.0
438	583	1	1.0
438	636	1	1.0
438	786	1	1.0
438	1278	1	1.0
439	441	1	1.0
439	1064	1	1.0
440	548	1	1.0
440	1771	1	1.0
441	733	1	1.0
441	792	1	1.0
441	3440	0	1.0
442	1144	1	1.0
442	2055	1	1.0
442	2130	1	1.0
442	3469	1	1.0
442	4724	1	1.0
442	4725	1	1.0
443	485	1	1.0
443	542	1	1.0
444	478	1	1.0
444	507	1	1.0
444	586	1	1.0
444	600	1	1.0
444	1057	1	1.0
444	1288	1	1.0
444	2206	0	1.0
444	2803	0	1.0
445	459	1	1.0
445	485	1	1.0
445	496	1	1.0
445	2086	1	1.0
445	2173	1	1.0
445	2360	1	1.0
445	2710	1	1.0
445	3032	1	1.0
445	3104	1	1.0
445	4163	1	1.0
445	457	0	1.0
449	1138	1	1.0
449	1294	1	1.0
449	2224	1	1.0
450	498	1	1.0
450	2060	1	1.0
451	705	1	1.0
451	2115	1	1.0
452	453	1	1.0
453	477	1	1.0
454	455	1	1.0
454	457	1	1.0
454	458	1	1.0
455	457	1	1.0
457	458	1	1.0
459	484	1	1.0
459	489	1	1.0
459	586	1	1.0
461	921	1	1.0
464	481	1	1.0
464	1314	1	1.0
467	490	1	1.0
467	493	1	1.0
467	499	1	1.0
467	502	1	1.0
467	508	1	1.0
467	509	1	1.0
467	636	1	1.0
467	857	1	1.0
467	993	1	1.0
467	1115	1	1.0
467	1980	1	1.0
469	471	1	1.0
469	583	1	1.0
469	1003	1	1.0
469	1273	1	1.0
469	2082	1	1.0
471	477	1	1.0
471	488	1	1.0
471	613	1	1.0
471	620	1	1.0
471	665	1	1.0
471	711	1	1.0
471	749	1	1.0
471	805	1	1.0
471	868	1	1.0
471	1003	1	1.0
471	1116	1	1.0
471	1159	1	1.0
471	1211	1	1.0
471	1272	1	1.0
471	1273	1	1.0
471	1350	1	1.0
471	1369	1	1.0
471	1497	1	1.0
471	1643	1	1.0
471	1649	1	1.0
471	1846	1	1.0
471	2130	1	1.0
471	2154	1	1.0
471	3964	1	1.0
471	675	0	1.0
471	2803	0	1.0
472	485	1	1.0
472	486	1	1.0
472	487	1	1.0
472	498	1	1.0
472	499	1	1.0
472	537	1	1.0
472	538	1	1.0
472	583	1	1.0
472	584	1	1.0
472	588	1	1.0
472	605	1	1.0
472	610	1	1.0
472	625	1	1.0
472	637	1	1.0
472	638	1	1.0
472	640	1	1.0
472	652	1	1.0
472	653	1	1.0
472	665	1	1.0
472	680	1	1.0
472	722	1	1.0
472	727	1	1.0
472	757	1	1.0
472	832	1	1.0
472	855	1	1.0
472	856	1	1.0
472	858	1	1.0
472	962	1	1.0
472	1169	1	1.0
472	1313	1	1.0
472	1337	1	1.0
472	1395	1	1.0
472	1439	1	1.0
472	1526	1	1.0
472	1594	1	1.0
472	1624	1	1.0
472	1650	1	1.0
472	1698	1	1.0
472	1710	1	1.0
472	1718	1	1.0
472	1767	1	1.0
472	1772	1	1.0
472	1809	1	1.0
472	1813	1	1.0
472	1815	1	1.0
472	1821	1	1.0
472	1824	1	1.0
472	1838	1	1.0
472	1839	1	1.0
472	1843	1	1.0
472	1850	1	1.0
472	1860	1	1.0
472	2929	1	1.0
472	2376	0	1.0
477	499	1	1.0
477	579	1	1.0
477	945	1	1.0
477	1154	1	1.0
477	1272	1	1.0
477	1273	1	1.0
477	1294	1	1.0
477	1308	1	1.0
477	1594	1	1.0
477	1684	1	1.0
477	1778	1	1.0
477	1784	1	1.0
477	1799	1	1.0
477	1942	1	1.0
477	1951	1	1.0
477	1990	1	1.0
477	2010	1	1.0
477	2141	1	1.0
477	2170	1	1.0
477	2190	1	1.0
477	2551	1	1.0
477	2569	1	1.0
477	2571	1	1.0
477	2583	1	1.0
477	2589	1	1.0
477	2710	1	1.0
477	2778	1	1.0
477	2826	1	1.0
477	3133	1	1.0
477	3242	1	1.0
477	3347	1	1.0
477	3348	1	1.0
477	3613	1	1.0
477	3618	1	1.0
477	3672	1	1.0
477	3704	1	1.0
477	3793	1	1.0
477	3853	1	1.0
477	3867	1	1.0
477	3891	1	1.0
477	4000	1	1.0
477	4071	1	1.0
477	4162	1	1.0
477	4169	1	1.0
477	4170	1	1.0
477	4406	1	1.0
477	4521	1	1.0
477	4799	1	1.0
477	4823	1	1.0
477	4932	1	1.0
477	5047	1	1.0
477	5351	1	1.0
477	5410	1	1.0
477	5444	1	1.0
477	5467	1	1.0
477	1230	0	1.0
477	1796	0	1.0
477	1980	0	1.0
477	2151	0	1.0
477	2154	0	1.0
477	2430	0	1.0
477	2665	0	1.0
477	2675	0	1.0
477	2791	0	1.0
477	2940	0	1.0
477	3554	0	1.0
477	3650	0	1.0
477	4565	0	1.0
477	5053	0	1.0
477	5299	0	1.0
477	5374	0	1.0
477	5451	0	1.0
477	5471	0	1.0
479	1942	1	1.0
481	484	1	1.0
481	680	1	1.0
481	1116	1	1.0
481	2803	0	1.0
484	519	1	1.0
484	539	1	1.0
484	792	1	1.0
484	884	1	1.0
484	1020	1	1.0
484	1785	1	1.0
484	2061	1	1.0
484	2071	1	1.0
484	2225	1	1.0
485	487	1	1.0
485	665	1	1.0
485	784	1	1.0
485	848	1	1.0
486	649	1	1.0
486	695	1	1.0
486	707	1	1.0
486	720	1	1.0
486	748	1	1.0
486	848	1	1.0
486	1119	1	1.0
486	1264	1	1.0
486	1273	1	1.0
486	1322	1	1.0
486	1350	1	1.0
486	1432	1	1.0
486	1662	1	1.0
486	2385	1	1.0
486	2456	1	1.0
486	2751	1	1.0
486	3006	1	1.0
486	3150	1	1.0
486	3647	1	1.0
486	4086	1	1.0
487	754	1	1.0
487	1138	1	1.0
488	499	1	1.0
488	510	1	1.0
488	613	1	1.0
488	636	1	1.0
488	673	1	1.0
488	676	1	1.0
488	687	1	1.0
488	727	1	1.0
488	732	1	1.0
488	734	1	1.0
488	748	1	1.0
488	771	1	1.0
488	840	1	1.0
488	862	1	1.0
488	945	1	1.0
488	959	1	1.0
488	969	1	1.0
488	1003	1	1.0
488	1084	1	1.0
488	1111	1	1.0
488	1134	1	1.0
488	1154	1	1.0
488	1216	1	1.0
488	1236	1	1.0
488	1244	1	1.0
488	1273	1	1.0
488	1304	1	1.0
488	1322	1	1.0
488	1402	1	1.0
488	1516	1	1.0
488	1526	1	1.0
488	1536	1	1.0
488	1537	1	1.0
488	1564	1	1.0
488	1589	1	1.0
488	1636	1	1.0
488	1643	1	1.0
488	1785	1	1.0
488	2894	1	1.0
488	3261	1	1.0
488	777	0	1.0
488	856	0	1.0
488	1262	0	1.0
488	3647	0	1.0
489	680	1	1.0
489	975	1	1.0
489	1009	1	1.0
489	3242	1	1.0
490	613	1	1.0
490	723	1	1.0
490	803	1	1.0
490	1002	1	1.0
490	1350	1	1.0
490	1508	1	1.0
490	1766	1	1.0
490	1849	1	1.0
490	1858	1	1.0
490	2291	1	1.0
490	2806	1	1.0
490	2863	1	1.0
490	3910	1	1.0
490	4434	1	1.0
490	4478	1	1.0
490	2569	0	1.0
490	2940	0	1.0
490	3565	0	1.0
491	580	1	1.0
491	683	1	1.0
491	739	1	1.0
491	785	1	1.0
491	786	1	1.0
491	887	1	1.0
491	1116	1	1.0
491	1268	1	1.0
491	1273	1	1.0
491	1304	1	1.0
491	1322	1	1.0
491	1355	1	1.0
491	1402	1	1.0
491	1426	1	1.0
491	1439	1	1.0
491	1453	1	1.0
491	1470	1	1.0
491	1526	1	1.0
491	1568	1	1.0
491	1698	1	1.0
491	1742	1	1.0
491	1846	1	1.0
491	1980	1	1.0
491	1990	1	1.0
491	2050	1	1.0
491	2172	1	1.0
491	2225	1	1.0
491	2329	1	1.0
491	2571	1	1.0
491	2700	1	1.0
491	2778	1	1.0
491	2915	1	1.0
491	2946	1	1.0
491	3812	1	1.0
491	4071	1	1.0
491	4089	1	1.0
491	4169	1	1.0
491	4733	1	1.0
491	5141	1	1.0
491	1285	0	1.0
493	586	1	1.0
493	600	1	1.0
493	733	1	1.0
493	759	1	1.0
493	761	1	1.0
493	1327	1	1.0
494	500	1	1.0
498	727	1	1.0
498	737	1	1.0
498	780	1	1.0
498	789	1	1.0
498	1041	1	1.0
498	1132	1	1.0
498	1234	1	1.0
498	1294	1	1.0
498	1304	1	1.0
498	1308	1	1.0
498	1324	1	1.0
498	1350	1	1.0
498	1375	1	1.0
498	1402	1	1.0
498	1426	1	1.0
498	1449	1	1.0
498	1468	1	1.0
498	1493	1	1.0
498	1510	1	1.0
498	1522	1	1.0
498	1535	1	1.0
498	1537	1	1.0
498	1595	1	1.0
498	1600	1	1.0
498	1610	1	1.0
498	1639	1	1.0
498	1670	1	1.0
498	1678	1	1.0
498	1759	1	1.0
498	1791	1	1.0
498	1868	1	1.0
498	1889	1	1.0
498	1913	1	1.0
498	1918	1	1.0
498	1996	1	1.0
498	2019	1	1.0
498	2069	1	1.0
498	2075	1	1.0
498	2086	1	1.0
498	2135	1	1.0
498	2173	1	1.0
498	2219	1	1.0
498	2358	1	1.0
498	2494	1	1.0
498	2751	1	1.0
498	3159	1	1.0
498	3469	1	1.0
498	3491	1	1.0
498	3561	1	1.0
498	3607	1	1.0
498	3622	1	1.0
498	3653	1	1.0
498	4089	1	1.0
498	4262	1	1.0
498	4284	1	1.0
498	4871	1	1.0
498	5003	1	1.0
498	5057	1	1.0
498	5255	1	1.0
498	5341	1	1.0
498	5385	1	1.0
498	5386	1	1.0
498	5410	1	1.0
498	5411	1	1.0
498	5416	1	1.0
498	5427	1	1.0
498	5457	1	1.0
498	5526	1	1.0
498	5698	1	1.0
498	1108	0	1.0
498	1287	0	1.0
498	1526	0	1.0
498	1643	0	1.0
498	1795	0	1.0
498	1955	0	1.0
498	1990	0	1.0
498	2129	0	1.0
499	500	1	1.0
499	504	1	1.0
499	519	1	1.0
499	589	1	1.0
499	720	1	1.0
499	723	1	1.0
499	830	1	1.0
499	874	1	1.0
499	919	1	1.0
499	967	1	1.0
499	994	1	1.0
499	1003	1	1.0
499	1169	1	1.0
499	1174	1	1.0
499	1197	1	1.0
499	1246	1	1.0
499	1257	1	1.0
499	1267	1	1.0
499	1294	1	1.0
499	1298	1	1.0
499	1304	1	1.0
499	1308	1	1.0
499	1338	1	1.0
499	1350	1	1.0
499	1369	1	1.0
499	1395	1	1.0
499	1402	1	1.0
499	1406	1	1.0
499	1411	1	1.0
499	1430	1	1.0
499	1433	1	1.0
499	1463	1	1.0
499	1469	1	1.0
499	1470	1	1.0
499	1481	1	1.0
499	1497	1	1.0
499	1502	1	1.0
499	1511	1	1.0
499	1526	1	1.0
499	1545	1	1.0
499	1583	1	1.0
499	1588	1	1.0
499	1594	1	1.0
499	1643	1	1.0
499	1698	1	1.0
499	1710	1	1.0
499	1778	1	1.0
499	1799	1	1.0
499	1821	1	1.0
499	1824	1	1.0
499	1825	1	1.0
499	1829	1	1.0
499	1840	1	1.0
499	1842	1	1.0
499	1843	1	1.0
499	1846	1	1.0
499	1878	1	1.0
499	1897	1	1.0
499	1899	1	1.0
499	1910	1	1.0
499	1932	1	1.0
499	1934	1	1.0
499	1939	1	1.0
499	1943	1	1.0
499	1979	1	1.0
499	1980	1	1.0
499	2010	1	1.0
499	2040	1	1.0
499	2060	1	1.0
499	2071	1	1.0
499	2097	1	1.0
499	2102	1	1.0
499	2136	1	1.0
499	2145	1	1.0
499	2161	1	1.0
499	2165	1	1.0
499	2184	1	1.0
499	2225	1	1.0
499	2238	1	1.0
499	2243	1	1.0
499	2283	1	1.0
499	2323	1	1.0
499	2329	1	1.0
499	2402	1	1.0
499	2404	1	1.0
499	2466	1	1.0
499	2468	1	1.0
499	2484	1	1.0
499	2492	1	1.0
499	2493	1	1.0
499	2515	1	1.0
499	2516	1	1.0
499	2517	1	1.0
499	2553	1	1.0
499	2556	1	1.0
499	2569	1	1.0
499	2617	1	1.0
499	2662	1	1.0
499	2677	1	1.0
499	2683	1	1.0
499	2700	1	1.0
499	2818	1	1.0
499	2995	1	1.0
499	3006	1	1.0
499	3091	1	1.0
499	3261	1	1.0
499	3283	1	1.0
499	3290	1	1.0
499	3347	1	1.0
499	3410	1	1.0
499	3467	1	1.0
499	3489	1	1.0
499	3625	1	1.0
499	3630	1	1.0
499	3653	1	1.0
499	3669	1	1.0
499	3733	1	1.0
499	3735	1	1.0
499	3738	1	1.0
499	3793	1	1.0
499	3812	1	1.0
499	3891	1	1.0
499	4071	1	1.0
499	4089	1	1.0
499	4101	1	1.0
499	4169	1	1.0
499	4173	1	1.0
499	4201	1	1.0
499	4215	1	1.0
499	4232	1	1.0
499	4262	1	1.0
499	4306	1	1.0
499	4434	1	1.0
499	4733	1	1.0
499	4799	1	1.0
499	4827	1	1.0
499	4846	1	1.0
499	4912	1	1.0
499	4918	1	1.0
499	4934	1	1.0
499	4942	1	1.0
499	4997	1	1.0
499	5090	1	1.0
499	5141	1	1.0
499	5351	1	1.0
499	5843	1	1.0
499	5857	1	1.0
499	5858	1	1.0
499	5862	1	1.0
499	1313	0	1.0
499	1715	0	1.0
499	2571	0	1.0
499	3617	0	1.0
499	3647	0	1.0
499	3910	0	1.0
500	507	1	1.0
500	542	1	1.0
500	636	1	1.0
500	835	1	1.0
500	945	1	1.0
500	2285	1	1.0
500	4462	1	1.0
500	4934	1	1.0
501	640	1	1.0
501	654	1	1.0
501	860	1	1.0
502	525	1	1.0
504	575	1	1.0
504	675	1	1.0
504	680	1	1.0
504	884	1	1.0
504	945	1	1.0
504	1169	1	1.0
504	1227	1	1.0
504	1402	1	1.0
504	1461	1	1.0
504	1594	1	1.0
504	1684	1	1.0
504	1778	1	1.0
504	1785	1	1.0
504	1980	1	1.0
504	2010	1	1.0
504	2044	1	1.0
504	2071	1	1.0
504	2206	1	1.0
504	2225	1	1.0
504	2232	1	1.0
504	2329	1	1.0
504	2331	1	1.0
504	2569	1	1.0
504	2571	1	1.0
504	2651	1	1.0
504	2956	1	1.0
504	3362	1	1.0
504	3793	1	1.0
504	3891	1	1.0
504	4071	1	1.0
504	4089	1	1.0
504	4169	1	1.0
504	4201	1	1.0
504	4434	1	1.0
504	4733	1	1.0
504	4738	1	1.0
504	3647	0	1.0
506	651	1	1.0
507	537	1	1.0
507	586	1	1.0
507	587	1	1.0
507	949	1	1.0
507	961	1	1.0
507	1350	1	1.0
507	3912	1	1.0
508	802	1	1.0
509	2894	1	1.0
510	969	1	1.0
512	650	1	1.0
512	683	1	1.0
513	790	1	1.0
514	586	1	1.0
514	598	1	1.0
514	806	1	1.0
514	864	1	1.0
514	1184	1	1.0
514	1207	1	1.0
514	2206	0	1.0
514	2803	0	1.0
516	517	1	1.0
516	523	1	1.0
516	550	1	1.0
516	1575	1	1.0
516	1624	1	1.0
516	2727	1	1.0
516	3032	1	1.0
516	3122	1	1.0
516	3520	1	1.0
517	523	1	1.0
517	550	1	1.0
517	556	1	1.0
517	693	1	1.0
518	519	1	1.0
519	801	1	1.0
519	1169	1	1.0
519	1430	1	1.0
519	792	0	1.0
519	1426	0	1.0
521	535	1	1.0
521	636	1	1.0
522	835	1	1.0
523	524	1	1.0
523	526	1	1.0
523	614	1	1.0
523	632	1	1.0
523	646	1	1.0
523	647	1	1.0
523	655	1	1.0
523	659	1	1.0
523	690	1	1.0
523	714	1	1.0
523	716	1	1.0
523	769	1	1.0
523	1097	1	1.0
523	1113	1	1.0
523	1136	1	1.0
523	1206	1	1.0
523	2708	0	1.0
524	526	1	1.0
524	655	1	1.0
524	659	1	1.0
524	1165	1	1.0
524	2238	0	1.0
526	691	1	1.0
526	1416	1	1.0
526	1513	1	1.0
529	602	1	1.0
529	658	1	1.0
529	835	1	1.0
529	878	1	1.0
529	1046	1	1.0
529	2803	0	1.0
530	563	1	1.0
530	581	1	1.0
530	827	1	1.0
530	885	1	1.0
530	891	1	1.0
530	1050	1	1.0
533	535	1	1.0
534	586	1	1.0
535	792	1	1.0
535	2576	1	1.0
537	598	1	1.0
537	633	1	1.0
537	640	1	1.0
537	1846	1	1.0
537	2062	1	1.0
537	3848	1	1.0
537	4083	1	1.0
538	542	1	1.0
538	977	1	1.0
539	549	1	1.0
539	591	1	1.0
539	739	1	1.0
539	1350	1	1.0
541	1942	1	1.0
541	3724	1	1.0
541	3801	1	1.0
541	3822	1	1.0
541	5663	1	1.0
542	558	1	1.0
542	576	1	1.0
542	586	1	1.0
542	588	1	1.0
542	727	1	1.0
542	739	1	1.0
542	757	1	1.0
542	835	1	1.0
542	871	1	1.0
542	884	1	1.0
542	887	1	1.0
542	967	1	1.0
542	1046	1	1.0
542	1273	1	1.0
542	1294	1	1.0
542	1304	1	1.0
542	1308	1	1.0
542	1324	1	1.0
542	1350	1	1.0
542	1365	1	1.0
542	1402	1	1.0
542	1516	1	1.0
542	1526	1	1.0
542	1537	1	1.0
542	1643	1	1.0
542	1662	1	1.0
542	1763	1	1.0
542	1785	1	1.0
542	1834	1	1.0
542	1843	1	1.0
542	1899	1	1.0
542	1990	1	1.0
542	2071	1	1.0
542	2117	1	1.0
542	2190	1	1.0
542	2206	1	1.0
542	2225	1	1.0
542	2569	1	1.0
542	2571	1	1.0
542	2688	1	1.0
543	636	1	1.0
543	945	1	1.0
543	1003	1	1.0
543	1294	1	1.0
543	1304	1	1.0
543	1587	1	1.0
543	2206	0	1.0
543	2803	0	1.0
546	1002	1	1.0
548	668	1	1.0
548	2135	1	1.0
549	589	1	1.0
549	591	1	1.0
550	551	1	1.0
550	562	1	1.0
550	567	1	1.0
550	655	1	1.0
550	690	1	1.0
550	691	1	1.0
550	2803	0	1.0
557	2082	1	1.0
557	2159	1	1.0
558	581	1	1.0
559	581	1	1.0
559	586	1	1.0
559	595	1	1.0
559	605	1	1.0
559	613	1	1.0
559	616	1	1.0
559	858	1	1.0
559	872	1	1.0
559	945	1	1.0
559	2335	1	1.0
559	3638	1	1.0
559	3669	1	1.0
559	3647	0	1.0
561	613	1	1.0
561	654	1	1.0
561	792	1	1.0
561	859	1	1.0
561	887	1	1.0
561	1003	1	1.0
561	1308	1	1.0
563	884	1	1.0
563	926	1	1.0
567	659	1	1.0
569	792	1	1.0
569	858	1	1.0
571	572	1	1.0
573	727	1	1.0
573	1003	1	1.0
573	1258	1	1.0
573	1271	1	1.0
573	1390	1	1.0
573	1526	1	1.0
575	777	0	1.0
576	587	1	1.0
576	627	1	1.0
576	2064	1	1.0
577	941	1	1.0
579	1246	1	1.0
579	1294	1	1.0
579	1324	1	1.0
579	1785	1	1.0
579	2569	1	1.0
579	3347	1	1.0
579	3348	1	1.0
579	3618	1	1.0
579	3630	1	1.0
579	3806	1	1.0
579	4019	1	1.0
579	4101	1	1.0
579	4163	1	1.0
579	4169	1	1.0
579	4242	1	1.0
579	4403	1	1.0
579	4420	1	1.0
579	4586	1	1.0
579	4774	1	1.0
579	5141	1	1.0
580	648	1	1.0
580	730	1	1.0
580	974	1	1.0
580	1027	1	1.0
580	3273	1	1.0
581	601	1	1.0
581	820	1	1.0
581	851	1	1.0
581	884	1	1.0
581	928	1	1.0
581	1003	1	1.0
581	1203	1	1.0
581	1331	1	1.0
581	1350	1	1.0
581	1146	0	1.0
581	2297	0	1.0
581	2803	0	1.0
583	587	1	1.0
583	598	1	1.0
583	601	1	1.0
583	638	1	1.0
583	684	1	1.0
583	803	1	1.0
583	3032	1	1.0
583	2803	0	1.0
583	3647	0	1.0
585	628	1	1.0
585	1105	1	1.0
586	598	1	1.0
586	680	1	1.0
586	773	1	1.0
586	874	1	1.0
586	948	1	1.0
586	968	1	1.0
586	1186	1	1.0
586	2206	0	1.0
587	588	1	1.0
587	695	1	1.0
587	698	1	1.0
587	2803	0	1.0
588	595	1	1.0
588	597	1	1.0
588	630	1	1.0
588	652	1	1.0
588	656	1	1.0
588	715	1	1.0
588	741	1	1.0
588	755	1	1.0
588	756	1	1.0
588	758	1	1.0
588	764	1	1.0
588	867	1	1.0
588	1060	1	1.0
588	1098	1	1.0
588	1127	1	1.0
588	1179	1	1.0
588	1195	1	1.0
588	1196	1	1.0
588	1220	1	1.0
588	1324	1	1.0
588	906	0	1.0
588	2206	0	1.0
588	2783	0	1.0
588	2803	0	1.0
589	590	1	1.0
589	615	1	1.0
589	680	1	1.0
589	757	1	1.0
589	775	1	1.0
589	835	1	1.0
589	1232	1	1.0
589	1246	1	1.0
589	1273	1	1.0
589	1274	1	1.0
589	1308	1	1.0
589	1328	1	1.0
589	1338	1	1.0
589	1430	1	1.0
589	1497	1	1.0
589	1509	1	1.0
589	1796	1	1.0
589	1852	1	1.0
589	2010	1	1.0
589	2115	1	1.0
589	2225	1	1.0
589	2373	1	1.0
589	2374	1	1.0
589	2388	1	1.0
589	2489	1	1.0
592	721	1	1.0
595	618	1	1.0
595	657	1	1.0
595	694	1	1.0
595	765	1	1.0
595	768	1	1.0
595	1184	1	1.0
595	2206	0	1.0
596	608	1	1.0
596	927	1	1.0
597	627	1	1.0
597	641	1	1.0
597	2571	1	1.0
597	4733	1	1.0
597	5309	1	1.0
597	740	0	1.0
598	599	1	1.0
598	602	1	1.0
598	613	1	1.0
598	623	1	1.0
598	636	1	1.0
598	665	1	1.0
598	673	1	1.0
598	711	1	1.0
598	717	1	1.0
598	732	1	1.0
598	780	1	1.0
598	835	1	1.0
598	943	1	1.0
598	1244	1	1.0
598	2260	1	1.0
598	1598	0	1.0
601	602	1	1.0
601	605	1	1.0
601	613	1	1.0
601	635	1	1.0
601	934	0	1.0
602	667	1	1.0
602	1009	1	1.0
602	1142	1	1.0
603	705	1	1.0
604	622	1	1.0
605	630	1	1.0
605	636	1	1.0
605	689	1	1.0
605	792	1	1.0
605	851	1	1.0
605	878	1	1.0
605	2206	0	1.0
605	2803	0	1.0
606	632	1	1.0
608	723	1	1.0
608	872	1	1.0
609	1499	1	1.0
610	611	1	1.0
610	884	1	1.0
612	616	1	1.0
613	945	1	1.0
613	977	1	1.0
613	990	1	1.0
613	1003	1	1.0
613	1018	1	1.0
613	1116	1	1.0
613	1154	1	1.0
613	1215	1	1.0
613	1294	1	1.0
613	1303	1	1.0
613	1308	1	1.0
613	1346	1	1.0
613	1369	1	1.0
613	1455	1	1.0
613	1581	1	1.0
613	1678	1	1.0
613	1778	1	1.0
613	1949	1	1.0
613	2778	1	1.0
613	2863	1	1.0
613	3565	1	1.0
613	3652	1	1.0
613	3812	1	1.0
613	4242	1	1.0
613	4506	1	1.0
613	4692	1	1.0
613	1108	0	1.0
613	1399	0	1.0
614	4071	0	1.0
617	1116	1	1.0
618	734	1	1.0
618	1210	1	1.0
622	667	0	1.0
626	634	1	1.0
627	666	1	1.0
627	708	1	1.0
627	899	1	1.0
627	1014	1	1.0
629	642	1	1.0
629	686	1	1.0
634	671	1	1.0
634	941	1	1.0
636	638	1	1.0
636	665	1	1.0
636	674	1	1.0
636	697	1	1.0
636	699	1	1.0
636	703	1	1.0
636	720	1	1.0
636	734	1	1.0
636	746	1	1.0
636	774	1	1.0
636	792	1	1.0
636	798	1	1.0
636	799	1	1.0
636	803	1	1.0
636	807	1	1.0
636	808	1	1.0
636	814	1	1.0
636	818	1	1.0
636	819	1	1.0
636	820	1	1.0
636	835	1	1.0
636	844	1	1.0
636	858	1	1.0
636	877	1	1.0
636	887	1	1.0
636	993	1	1.0
636	1081	1	1.0
636	1274	1	1.0
636	1304	1	1.0
636	1509	1	1.0
636	1661	1	1.0
636	2784	1	1.0
636	2876	1	1.0
636	3642	1	1.0
636	3701	1	1.0
636	3724	1	1.0
636	3751	1	1.0
636	3771	1	1.0
636	3772	1	1.0
636	4316	1	1.0
636	3647	0	1.0
637	665	1	1.0
637	884	1	1.0
638	788	1	1.0
638	797	1	1.0
638	904	1	1.0
639	3406	1	1.0
640	783	1	1.0
644	645	1	1.0
645	834	1	1.0
651	706	1	1.0
651	1778	1	1.0
651	2225	1	1.0
651	2364	1	1.0
651	2413	1	1.0
651	2571	1	1.0
651	2700	1	1.0
651	3638	1	1.0
651	3732	1	1.0
652	732	1	1.0
652	784	1	1.0
655	681	1	1.0
655	1280	1	1.0
655	1416	1	1.0
656	779	1	1.0
656	1169	1	1.0
656	1294	1	1.0
656	1350	1	1.0
656	1402	1	1.0
656	1662	1	1.0
656	1695	1	1.0
656	2331	1	1.0
656	2379	1	1.0
656	2071	0	1.0
656	4733	0	1.0
658	910	1	1.0
658	1319	1	1.0
659	681	1	1.0
659	761	1	1.0
659	980	1	1.0
661	662	1	1.0
661	3032	1	1.0
662	727	1	1.0
662	835	1	1.0
662	1083	1	1.0
662	1085	1	1.0
662	1511	1	1.0
662	1778	1	1.0
662	1785	1	1.0
662	1862	1	1.0
662	2466	1	1.0
662	2484	1	1.0
662	2819	1	1.0
662	3815	1	1.0
662	4089	1	1.0
662	4263	1	1.0
662	4288	1	1.0
662	4565	1	1.0
662	4793	1	1.0
662	4846	1	1.0
662	4950	1	1.0
662	5504	1	1.0
662	1090	0	1.0
662	1094	0	1.0
662	1096	0	1.0
662	2101	0	1.0
665	674	1	1.0
665	744	1	1.0
665	792	1	1.0
665	858	1	1.0
665	872	1	1.0
665	920	1	1.0
665	1056	1	1.0
665	2206	0	1.0
671	672	1	1.0
671	1322	1	1.0
671	1402	1	1.0
671	1560	1	1.0
671	1571	1	1.0
671	1715	1	1.0
671	1772	1	1.0
673	674	1	1.0
674	686	1	1.0
674	720	1	1.0
674	733	1	1.0
674	765	1	1.0
674	768	1	1.0
674	828	1	1.0
674	857	1	1.0
674	870	1	1.0
674	872	1	1.0
674	923	1	1.0
674	940	1	1.0
674	993	1	1.0
674	1050	1	1.0
674	1089	1	1.0
674	1314	1	1.0
674	1337	1	1.0
674	1402	1	1.0
675	833	1	1.0
675	962	1	1.0
675	975	1	1.0
675	1029	1	1.0
675	1044	1	1.0
675	792	0	1.0
676	678	1	1.0
677	2238	1	1.0
677	2863	1	1.0
677	3789	1	1.0
677	3891	1	1.0
677	4119	1	1.0
677	4434	1	1.0
679	835	1	1.0
680	733	1	1.0
680	792	1	1.0
680	828	1	1.0
680	835	1	1.0
680	884	1	1.0
680	936	1	1.0
680	945	1	1.0
680	1046	1	1.0
680	1116	1	1.0
680	1154	1	1.0
680	1210	1	1.0
680	1234	1	1.0
680	1244	1	1.0
680	1350	1	1.0
680	1455	1	1.0
680	1461	1	1.0
680	1483	1	1.0
680	1684	1	1.0
680	1698	1	1.0
680	1763	1	1.0
680	1809	1	1.0
680	1846	1	1.0
680	2010	1	1.0
680	2082	1	1.0
680	2116	1	1.0
680	2225	1	1.0
680	2238	1	1.0
680	2330	1	1.0
680	2571	1	1.0
680	2634	1	1.0
680	3024	1	1.0
680	3116	1	1.0
680	967	0	1.0
680	1262	0	1.0
680	1594	0	1.0
680	1980	0	1.0
680	3059	0	1.0
681	942	1	1.0
683	685	1	1.0
683	700	1	1.0
683	701	1	1.0
683	702	1	1.0
683	731	1	1.0
683	762	1	1.0
683	814	1	1.0
683	844	1	1.0
683	850	1	1.0
683	858	1	1.0
683	861	1	1.0
683	862	1	1.0
683	986	1	1.0
683	1509	1	1.0
683	1684	1	1.0
683	1710	1	1.0
683	1729	1	1.0
683	1778	1	1.0
683	2006	1	1.0
683	2125	1	1.0
683	2286	1	1.0
683	2863	1	1.0
683	3242	1	1.0
683	3440	1	1.0
683	3711	1	1.0
683	3801	1	1.0
683	3881	1	1.0
683	792	0	1.0
683	846	0	1.0
683	856	0	1.0
683	3213	0	1.0
684	715	1	1.0
684	731	1	1.0
684	1007	1	1.0
684	1024	1	1.0
684	1025	1	1.0
684	1942	0	1.0
684	2349	0	1.0
685	692	1	1.0
685	709	1	1.0
686	723	1	1.0
686	792	1	1.0
686	798	1	1.0
686	814	1	1.0
686	2803	0	1.0
690	691	1	1.0
690	1112	1	1.0
690	1324	1	1.0
691	2086	1	1.0
695	696	1	1.0
695	733	1	1.0
695	763	1	1.0
695	792	1	1.0
695	853	1	1.0
695	922	1	1.0
695	956	1	1.0
695	975	1	1.0
695	2206	0	1.0
695	2803	0	1.0
696	751	1	1.0
701	734	1	1.0
705	721	1	1.0
707	791	1	1.0
709	790	1	1.0
709	819	1	1.0
709	885	1	1.0
709	939	1	1.0
709	946	1	1.0
710	1882	1	1.0
711	744	1	1.0
711	747	1	1.0
711	750	1	1.0
711	752	1	1.0
711	753	1	1.0
711	902	1	1.0
711	1139	1	1.0
711	2803	0	1.0
720	746	1	1.0
720	881	1	1.0
720	1009	1	1.0
720	3638	1	1.0
720	3642	1	1.0
721	771	1	1.0
721	1085	1	1.0
721	1149	1	1.0
721	3032	1	1.0
722	792	1	1.0
722	799	1	1.0
723	732	1	1.0
723	773	1	1.0
723	775	1	1.0
723	792	1	1.0
723	814	1	1.0
723	817	1	1.0
723	865	1	1.0
723	875	1	1.0
723	876	1	1.0
723	877	1	1.0
723	914	1	1.0
723	916	1	1.0
723	972	1	1.0
723	777	0	1.0
723	934	0	1.0
723	945	0	1.0
723	2824	0	1.0
727	728	1	1.0
727	733	1	1.0
727	792	1	1.0
727	796	1	1.0
727	847	1	1.0
727	978	1	1.0
727	979	1	1.0
727	1077	1	1.0
727	1110	1	1.0
727	1116	1	1.0
727	1120	1	1.0
727	1132	1	1.0
727	1169	1	1.0
727	1188	1	1.0
727	1234	1	1.0
727	1242	1	1.0
727	1300	1	1.0
727	1310	1	1.0
727	1360	1	1.0
727	1363	1	1.0
727	1379	1	1.0
727	1394	1	1.0
727	1396	1	1.0
727	1409	1	1.0
727	1417	1	1.0
727	1419	1	1.0
727	1432	1	1.0
727	1446	1	1.0
727	1456	1	1.0
727	1464	1	1.0
727	1493	1	1.0
727	1504	1	1.0
727	1516	1	1.0
727	1524	1	1.0
727	1552	1	1.0
727	1564	1	1.0
727	1576	1	1.0
727	1586	1	1.0
727	1601	1	1.0
727	1615	1	1.0
727	1635	1	1.0
727	1667	1	1.0
727	1687	1	1.0
727	1736	1	1.0
727	1904	1	1.0
727	2803	0	1.0
728	765	1	1.0
728	788	1	1.0
729	928	1	1.0
729	1003	1	1.0
729	1008	1	1.0
729	1046	1	1.0
729	1058	1	1.0
729	1116	1	1.0
729	1169	1	1.0
729	1191	1	1.0
729	1350	1	1.0
729	1754	1	1.0
729	1955	1	1.0
729	4071	0	1.0
730	785	1	1.0
730	786	1	1.0
730	895	1	1.0
730	921	1	1.0
730	969	1	1.0
730	1026	1	1.0
730	1027	1	1.0
730	1035	1	1.0
730	1790	0	1.0
732	773	1	1.0
732	934	0	1.0
733	767	1	1.0
733	1281	1	1.0
733	1333	1	1.0
733	1337	1	1.0
733	1980	0	1.0
733	2206	0	1.0
734	779	1	1.0
734	1003	1	1.0
734	1080	1	1.0
734	1116	1	1.0
734	1369	0	1.0
735	737	1	1.0
735	2803	0	1.0
737	741	1	1.0
739	815	1	1.0
739	1159	1	1.0
739	1227	1	1.0
739	1402	1	1.0
739	1337	0	1.0
739	4334	0	1.0
740	741	0	1.0
741	2803	0	1.0
744	1046	1	1.0
744	2583	1	1.0
745	2571	1	1.0
747	913	1	1.0
747	1116	1	1.0
748	782	1	1.0
751	792	1	1.0
751	814	1	1.0
752	792	1	1.0
752	898	1	1.0
754	894	1	1.0
754	917	1	1.0
754	1028	1	1.0
754	1138	1	1.0
754	1210	1	1.0
754	1241	1	1.0
754	4196	1	1.0
755	792	1	1.0
755	837	1	1.0
755	852	1	1.0
755	1509	1	1.0
757	858	1	1.0
757	1044	1	1.0
757	2571	1	1.0
757	3874	1	1.0
757	1090	0	1.0
757	1094	0	1.0
757	1096	0	1.0
758	990	0	1.0
761	858	1	1.0
764	867	1	1.0
770	1065	1	1.0
772	3989	1	1.0
773	792	1	1.0
773	858	1	1.0
775	945	1	1.0
775	1304	1	1.0
775	1308	1	1.0
775	1359	1	1.0
775	1452	1	1.0
775	1796	1	1.0
775	1809	1	1.0
775	1868	1	1.0
775	1882	1	1.0
775	1885	1	1.0
775	2014	1	1.0
775	2020	1	1.0
775	2088	1	1.0
775	2222	1	1.0
775	2232	1	1.0
775	1715	0	1.0
777	778	1	1.0
777	792	1	1.0
777	963	1	1.0
777	779	0	1.0
778	779	1	1.0
779	792	1	1.0
779	849	1	1.0
779	1138	1	1.0
779	1274	1	1.0
779	2803	0	1.0
781	914	1	1.0
782	794	1	1.0
782	1205	1	1.0
785	891	1	1.0
786	891	1	1.0
789	880	1	1.0
789	890	1	1.0
789	947	1	1.0
789	2803	0	1.0
792	793	1	1.0
792	794	1	1.0
792	800	1	1.0
792	803	1	1.0
792	809	1	1.0
792	816	1	1.0
792	819	1	1.0
792	821	1	1.0
792	825	1	1.0
792	826	1	1.0
792	833	1	1.0
792	837	1	1.0
792	849	1	1.0
792	855	1	1.0
792	858	1	1.0
792	860	1	1.0
792	865	1	1.0
792	870	1	1.0
792	874	1	1.0
792	876	1	1.0
792	877	1	1.0
792	882	1	1.0
792	884	1	1.0
792	905	1	1.0
792	906	1	1.0
792	907	1	1.0
792	908	1	1.0
792	915	1	1.0
792	927	1	1.0
792	955	1	1.0
792	958	1	1.0
792	959	1	1.0
792	973	1	1.0
792	976	1	1.0
792	981	1	1.0
792	982	1	1.0
792	989	1	1.0
792	993	1	1.0
792	994	1	1.0
792	997	1	1.0
792	1000	1	1.0
792	1012	1	1.0
792	1133	1	1.0
792	1145	1	1.0
792	1159	1	1.0
792	845	0	1.0
792	856	0	1.0
792	945	0	1.0
792	975	0	1.0
792	983	0	1.0
792	1016	0	1.0
792	1210	0	1.0
792	1230	0	1.0
792	1257	0	1.0
792	1296	0	1.0
792	1309	0	1.0
792	1402	0	1.0
792	1626	0	1.0
792	1639	0	1.0
792	1686	0	1.0
793	967	1	1.0
793	2071	1	1.0
796	944	1	1.0
798	858	1	1.0
798	1003	1	1.0
798	1698	1	1.0
798	1715	1	1.0
798	2256	1	1.0
799	805	1	1.0
799	913	1	1.0
803	944	1	1.0
805	858	1	1.0
805	885	1	1.0
805	959	1	1.0
805	1225	1	1.0
805	2803	0	1.0
808	809	1	1.0
808	810	1	1.0
808	1308	1	1.0
808	1350	1	1.0
808	1688	1	1.0
808	1868	1	1.0
808	2456	1	1.0
808	2571	1	1.0
808	3006	1	1.0
808	3011	1	1.0
808	3070	1	1.0
808	3242	1	1.0
808	1337	0	1.0
808	2430	0	1.0
808	3647	0	1.0
808	5424	0	1.0
813	887	1	1.0
813	1516	1	1.0
813	1537	1	1.0
813	1684	1	1.0
813	1692	1	1.0
813	2512	1	1.0
814	822	1	1.0
814	829	1	1.0
814	830	1	1.0
814	2803	0	1.0
816	824	1	1.0
816	828	1	1.0
819	832	1	1.0
820	858	1	1.0
822	1350	1	1.0
823	1017	1	1.0
823	1350	1	1.0
823	1793	1	1.0
823	1287	0	1.0
823	1308	0	1.0
823	1337	0	1.0
823	1402	0	1.0
823	2135	0	1.0
824	2062	1	1.0
824	2456	1	1.0
825	1009	1	1.0
825	4169	1	1.0
828	855	1	1.0
828	887	1	1.0
835	836	1	1.0
835	855	1	1.0
835	870	1	1.0
835	874	1	1.0
835	887	1	1.0
835	945	1	1.0
835	967	1	1.0
835	993	1	1.0
835	1003	1	1.0
835	1046	1	1.0
835	1072	1	1.0
835	1078	1	1.0
835	1116	1	1.0
835	1159	1	1.0
835	1181	1	1.0
835	1209	1	1.0
835	1210	1	1.0
835	1227	1	1.0
835	1235	1	1.0
835	1271	1	1.0
835	1273	1	1.0
835	1287	1	1.0
835	1294	1	1.0
835	1298	1	1.0
835	1304	1	1.0
835	1337	1	1.0
835	1339	1	1.0
835	1345	1	1.0
835	1350	1	1.0
835	1395	1	1.0
835	1402	1	1.0
835	1537	1	1.0
835	1589	1	1.0
835	1643	1	1.0
835	1809	1	1.0
835	1819	1	1.0
835	1837	1	1.0
835	3910	1	1.0
835	4240	1	1.0
835	1053	0	1.0
835	3093	0	1.0
835	3647	0	1.0
842	3347	1	1.0
842	4236	1	1.0
842	5252	1	1.0
842	5682	1	1.0
844	1322	1	1.0
844	1699	0	1.0
845	872	1	1.0
845	930	1	1.0
845	986	1	1.0
845	987	1	1.0
845	1116	1	1.0
845	1203	1	1.0
845	1310	1	1.0
845	1397	1	1.0
845	1402	1	1.0
845	2803	0	1.0
845	2866	0	1.0
847	968	1	1.0
847	1526	1	1.0
847	1785	1	1.0
847	3560	1	1.0
850	1191	1	1.0
850	1526	1	1.0
850	1593	1	1.0
851	857	1	1.0
851	1990	1	1.0
851	2494	1	1.0
851	2551	1	1.0
851	3104	1	1.0
851	3383	1	1.0
851	3653	1	1.0
851	4506	1	1.0
851	4881	1	1.0
851	4887	1	1.0
853	854	1	1.0
854	885	1	1.0
854	891	1	1.0
854	921	1	1.0
854	1653	1	1.0
854	1962	1	1.0
855	944	1	1.0
855	1050	1	1.0
856	857	0	1.0
857	924	1	1.0
857	985	1	1.0
858	860	1	1.0
858	863	1	1.0
858	867	1	1.0
858	869	1	1.0
858	874	1	1.0
858	877	1	1.0
858	878	1	1.0
858	887	1	1.0
858	888	1	1.0
858	902	1	1.0
858	903	1	1.0
858	909	1	1.0
858	921	1	1.0
858	924	1	1.0
858	962	1	1.0
858	964	1	1.0
858	965	1	1.0
858	968	1	1.0
858	973	1	1.0
858	975	1	1.0
858	989	1	1.0
858	1019	1	1.0
858	1024	1	1.0
858	1044	1	1.0
858	1045	1	1.0
858	1046	1	1.0
858	1047	1	1.0
858	1057	1	1.0
858	1059	1	1.0
858	1067	1	1.0
858	1210	1	1.0
858	1230	1	1.0
858	1679	1	1.0
858	1926	1	1.0
858	1955	1	1.0
858	1991	1	1.0
858	1025	0	1.0
860	1282	1	1.0
861	865	1	1.0
861	879	1	1.0
862	887	1	1.0
862	1350	1	1.0
867	901	1	1.0
867	970	1	1.0
867	1128	1	1.0
867	1227	1	1.0
870	871	1	1.0
870	874	1	1.0
870	887	1	1.0
870	1001	1	1.0
870	1004	1	1.0
871	1203	1	1.0
871	1246	1	1.0
871	1264	1	1.0
871	1338	1	1.0
871	1349	1	1.0
871	1350	1	1.0
872	921	1	1.0
872	927	1	1.0
872	1075	1	1.0
872	1273	1	1.0
874	887	1	1.0
874	913	1	1.0
874	945	1	1.0
874	962	1	1.0
874	967	1	1.0
874	977	1	1.0
874	1003	1	1.0
874	1018	1	1.0
874	1203	1	1.0
874	2576	0	1.0
875	896	1	1.0
876	945	1	1.0
877	903	1	1.0
877	950	1	1.0
877	962	1	1.0
878	1060	1	1.0
878	1116	1	1.0
878	1263	1	1.0
878	1265	1	1.0
878	1273	1	1.0
878	3358	1	1.0
878	3724	1	1.0
878	4169	1	1.0
878	4420	1	1.0
878	4506	1	1.0
880	2803	0	1.0
884	887	1	1.0
884	945	1	1.0
884	975	1	1.0
884	993	1	1.0
884	994	1	1.0
884	1003	1	1.0
884	1013	1	1.0
884	1152	1	1.0
884	1197	1	1.0
884	1228	1	1.0
884	1257	1	1.0
884	1272	1	1.0
884	1273	1	1.0
884	1275	1	1.0
884	1281	1	1.0
884	1283	1	1.0
884	1295	1	1.0
884	1354	1	1.0
884	1378	1	1.0
884	1442	1	1.0
884	1455	1	1.0
884	1474	1	1.0
884	1481	1	1.0
884	1556	1	1.0
884	1624	1	1.0
884	1626	1	1.0
884	1715	1	1.0
884	1821	1	1.0
884	1846	1	1.0
884	1867	1	1.0
884	1878	1	1.0
884	1886	1	1.0
884	1926	1	1.0
884	1943	1	1.0
884	1976	1	1.0
884	2086	1	1.0
884	2139	1	1.0
884	2140	1	1.0
884	2159	1	1.0
884	2250	1	1.0
884	1558	0	1.0
885	893	1	1.0
886	887	1	1.0
886	1979	1	1.0
887	913	1	1.0
887	926	1	1.0
887	927	1	1.0
887	957	1	1.0
887	972	1	1.0
887	1003	1	1.0
887	1007	1	1.0
887	1044	1	1.0
887	1050	1	1.0
887	1063	1	1.0
887	1116	1	1.0
887	1185	1	1.0
887	1210	1	1.0
887	1239	1	1.0
887	2206	0	1.0
887	2803	0	1.0
888	1331	1	1.0
890	1228	1	1.0
891	892	1	1.0
891	912	1	1.0
891	3032	1	1.0
893	1050	1	1.0
897	1330	1	1.0
897	1389	1	1.0
899	932	1	1.0
902	2071	0	1.0
906	928	0	1.0
907	1012	1	1.0
908	928	1	1.0
909	1322	1	1.0
909	1337	1	1.0
910	1261	1	1.0
910	1269	1	1.0
910	1304	1	1.0
910	3650	1	1.0
913	959	1	1.0
913	1057	1	1.0
913	1058	1	1.0
913	1072	1	1.0
913	1025	0	1.0
915	1192	1	1.0
915	1516	1	1.0
915	1846	1	1.0
915	1862	1	1.0
921	937	1	1.0
921	1044	1	1.0
922	931	1	1.0
924	927	1	1.0
924	1044	1	1.0
927	936	1	1.0
927	1066	1	1.0
927	1053	0	1.0
928	929	1	1.0
928	953	1	1.0
928	962	1	1.0
928	974	1	1.0
928	1015	1	1.0
928	1083	1	1.0
928	1134	1	1.0
928	1197	1	1.0
928	1288	1	1.0
931	932	1	1.0
932	933	1	1.0
932	938	1	1.0
932	1014	1	1.0
934	967	0	1.0
938	1105	1	1.0
938	1993	1	1.0
938	2242	1	1.0
938	2252	1	1.0
938	2306	1	1.0
938	2405	1	1.0
938	3622	1	1.0
938	3969	1	1.0
938	5192	1	1.0
938	5256	1	1.0
938	3647	0	1.0
944	1106	1	1.0
945	967	1	1.0
945	994	1	1.0
945	1003	1	1.0
945	1116	1	1.0
945	1145	1	1.0
945	1154	1	1.0
945	1169	1	1.0
945	1174	1	1.0
945	1230	1	1.0
945	1246	1	1.0
945	1272	1	1.0
945	1273	1	1.0
945	1288	1	1.0
945	1304	1	1.0
945	1309	1	1.0
945	1322	1	1.0
945	1337	1	1.0
945	1338	1	1.0
945	1350	1	1.0
945	1353	1	1.0
945	1355	1	1.0
945	1369	1	1.0
945	1391	1	1.0
945	1402	1	1.0
945	1430	1	1.0
945	1432	1	1.0
945	1453	1	1.0
945	1455	1	1.0
945	1458	1	1.0
945	1473	1	1.0
945	1482	1	1.0
945	1483	1	1.0
945	1489	1	1.0
945	1495	1	1.0
945	1518	1	1.0
945	1526	1	1.0
945	1528	1	1.0
945	1535	1	1.0
945	1537	1	1.0
945	1559	1	1.0
945	1568	1	1.0
945	1581	1	1.0
945	1598	1	1.0
945	1607	1	1.0
945	1626	1	1.0
945	1661	1	1.0
945	1662	1	1.0
945	1672	1	1.0
945	1681	1	1.0
945	1685	1	1.0
945	1698	1	1.0
945	1722	1	1.0
945	1734	1	1.0
945	1745	1	1.0
945	1746	1	1.0
945	1756	1	1.0
945	1766	1	1.0
945	1776	1	1.0
945	1778	1	1.0
945	1779	1	1.0
945	1783	1	1.0
945	1788	1	1.0
945	1795	1	1.0
945	1796	1	1.0
945	1810	1	1.0
945	1821	1	1.0
945	1829	1	1.0
945	1834	1	1.0
945	1837	1	1.0
945	1838	1	1.0
945	1846	1	1.0
945	1854	1	1.0
945	1868	1	1.0
945	1878	1	1.0
945	1881	1	1.0
945	1885	1	1.0
945	1894	1	1.0
945	1897	1	1.0
945	1899	1	1.0
945	1910	1	1.0
945	1913	1	1.0
945	1935	1	1.0
945	1943	1	1.0
945	1951	1	1.0
945	1965	1	1.0
945	1975	1	1.0
945	1982	1	1.0
945	1986	1	1.0
945	2002	1	1.0
945	2006	1	1.0
945	2010	1	1.0
945	2059	1	1.0
945	2062	1	1.0
945	2063	1	1.0
945	2071	1	1.0
945	2076	1	1.0
945	2081	1	1.0
945	2086	1	1.0
945	2089	1	1.0
945	2102	1	1.0
945	2109	1	1.0
945	2115	1	1.0
945	2117	1	1.0
945	2118	1	1.0
945	2129	1	1.0
945	2135	1	1.0
945	2152	1	1.0
945	2154	1	1.0
945	2210	1	1.0
945	2221	1	1.0
945	2222	1	1.0
945	2225	1	1.0
945	2232	1	1.0
945	2238	1	1.0
945	2241	1	1.0
945	2243	1	1.0
945	2247	1	1.0
945	2256	1	1.0
945	2323	1	1.0
945	2335	1	1.0
945	2349	1	1.0
945	2378	1	1.0
945	2396	1	1.0
945	2412	1	1.0
945	2414	1	1.0
945	2484	1	1.0
945	2494	1	1.0
945	2528	1	1.0
945	2569	1	1.0
945	2571	1	1.0
945	2606	1	1.0
945	2609	1	1.0
945	2651	1	1.0
945	2675	1	1.0
945	2686	1	1.0
945	2700	1	1.0
945	2724	1	1.0
945	2863	1	1.0
945	2869	1	1.0
945	2873	1	1.0
945	2891	1	1.0
945	2915	1	1.0
945	3172	1	1.0
945	3219	1	1.0
945	3348	1	1.0
945	3382	1	1.0
945	3476	1	1.0
945	3509	1	1.0
945	3537	1	1.0
945	3554	1	1.0
945	3580	1	1.0
945	3603	1	1.0
945	3617	1	1.0
945	3618	1	1.0
945	3625	1	1.0
945	3630	1	1.0
945	3704	1	1.0
945	3715	1	1.0
945	3724	1	1.0
945	3793	1	1.0
945	3908	1	1.0
945	3967	1	1.0
945	4000	1	1.0
945	4006	1	1.0
945	4008	1	1.0
945	4018	1	1.0
945	4048	1	1.0
945	4065	1	1.0
945	4074	1	1.0
945	4078	1	1.0
945	4089	1	1.0
945	4121	1	1.0
945	4162	1	1.0
945	4163	1	1.0
945	4165	1	1.0
945	4169	1	1.0
945	4195	1	1.0
945	4201	1	1.0
945	4213	1	1.0
945	4215	1	1.0
945	4228	1	1.0
945	4236	1	1.0
945	4283	1	1.0
945	4291	1	1.0
945	4303	1	1.0
945	4317	1	1.0
945	4427	1	1.0
945	4434	1	1.0
945	4444	1	1.0
945	4461	1	1.0
945	4462	1	1.0
945	4478	1	1.0
945	4492	1	1.0
945	4494	1	1.0
945	4506	1	1.0
945	4509	1	1.0
945	4521	1	1.0
945	4564	1	1.0
945	4565	1	1.0
945	4693	1	1.0
945	4733	1	1.0
945	4886	1	1.0
945	4890	1	1.0
945	4893	1	1.0
945	4932	1	1.0
945	4979	1	1.0
945	5023	1	1.0
945	5045	1	1.0
945	5153	1	1.0
945	5181	1	1.0
945	5220	1	1.0
945	5309	1	1.0
945	5310	1	1.0
945	1159	0	1.0
945	1294	0	1.0
945	1308	0	1.0
945	1313	0	1.0
945	1319	0	1.0
945	1549	0	1.0
945	1594	0	1.0
945	1643	0	1.0
945	1684	0	1.0
945	1699	0	1.0
945	1715	0	1.0
945	1755	0	1.0
945	1785	0	1.0
945	1802	0	1.0
945	1901	0	1.0
945	1980	0	1.0
945	1990	0	1.0
945	2031	0	1.0
945	2038	0	1.0
945	2166	0	1.0
945	2244	0	1.0
945	2321	0	1.0
945	2625	0	1.0
945	2815	0	1.0
945	2827	0	1.0
945	3347	0	1.0
945	3358	0	1.0
945	3642	0	1.0
945	3775	0	1.0
945	3815	0	1.0
945	3891	0	1.0
945	3910	0	1.0
945	3961	0	1.0
945	4071	0	1.0
945	4183	0	1.0
945	4282	0	1.0
945	4405	0	1.0
945	4517	0	1.0
945	4526	0	1.0
945	4533	0	1.0
945	4538	0	1.0
945	4539	0	1.0
945	4540	0	1.0
945	4544	0	1.0
945	4545	0	1.0
945	4547	0	1.0
945	4548	0	1.0
945	4550	0	1.0
945	4551	0	1.0
945	4552	0	1.0
945	4553	0	1.0
945	4554	0	1.0
945	4555	0	1.0
945	4558	0	1.0
945	4560	0	1.0
945	4578	0	1.0
945	4583	0	1.0
945	4590	0	1.0
945	4600	0	1.0
945	4784	0	1.0
945	4790	0	1.0
945	4823	0	1.0
945	4911	0	1.0
945	4940	0	1.0
945	5032	0	1.0
945	5095	0	1.0
945	5097	0	1.0
945	5116	0	1.0
945	5120	0	1.0
945	5536	0	1.0
947	1169	1	1.0
947	2803	0	1.0
950	951	1	1.0
950	952	1	1.0
950	1350	1	1.0
950	1661	1	1.0
950	1726	1	1.0
950	3006	1	1.0
950	3469	1	1.0
950	3494	1	1.0
950	3794	1	1.0
950	1308	0	1.0
950	3647	0	1.0
953	989	1	1.0
957	1005	1	1.0
957	1006	1	1.0
957	1011	1	1.0
957	1048	1	1.0
957	1050	1	1.0
958	998	1	1.0
958	1003	1	1.0
960	1337	1	1.0
961	970	1	1.0
962	988	1	1.0
962	989	1	1.0
962	998	1	1.0
962	1044	1	1.0
962	1080	1	1.0
967	968	1	1.0
967	1002	1	1.0
967	1108	1	1.0
967	1113	1	1.0
967	1119	1	1.0
967	1154	1	1.0
967	1234	1	1.0
967	1272	1	1.0
967	1308	1	1.0
967	1319	1	1.0
967	1346	1	1.0
967	1391	1	1.0
967	1442	1	1.0
967	1455	1	1.0
967	1502	1	1.0
967	1571	1	1.0
967	1594	1	1.0
967	1662	1	1.0
967	1684	1	1.0
967	1763	1	1.0
967	1774	1	1.0
967	1778	1	1.0
967	1785	1	1.0
967	1796	1	1.0
967	1834	1	1.0
967	1846	1	1.0
967	1858	1	1.0
967	1874	1	1.0
967	1913	1	1.0
967	1942	1	1.0
967	1990	1	1.0
967	2010	1	1.0
967	2062	1	1.0
967	2067	1	1.0
967	2071	1	1.0
967	2120	1	1.0
967	2199	1	1.0
967	2207	1	1.0
967	2225	1	1.0
967	2238	1	1.0
967	2243	1	1.0
967	2270	1	1.0
967	2293	1	1.0
967	2297	1	1.0
967	2330	1	1.0
967	2335	1	1.0
967	2340	1	1.0
967	2344	1	1.0
967	2413	1	1.0
967	2456	1	1.0
967	2470	1	1.0
967	2523	1	1.0
967	2528	1	1.0
967	2551	1	1.0
967	2569	1	1.0
967	2571	1	1.0
967	2651	1	1.0
967	2675	1	1.0
967	2679	1	1.0
967	2683	1	1.0
967	2701	1	1.0
967	2737	1	1.0
967	2755	1	1.0
967	2806	1	1.0
967	2851	1	1.0
967	2863	1	1.0
967	2876	1	1.0
967	2878	1	1.0
967	2894	1	1.0
967	2915	1	1.0
967	2928	1	1.0
967	2929	1	1.0
967	2935	1	1.0
967	2950	1	1.0
967	2991	1	1.0
967	3013	1	1.0
967	3030	1	1.0
967	3040	1	1.0
967	3059	1	1.0
967	3061	1	1.0
967	3081	1	1.0
967	3085	1	1.0
967	3089	1	1.0
967	3090	1	1.0
967	3094	1	1.0
967	3102	1	1.0
967	3116	1	1.0
967	3120	1	1.0
967	3125	1	1.0
967	3130	1	1.0
967	3133	1	1.0
967	3136	1	1.0
967	3138	1	1.0
967	3139	1	1.0
967	3144	1	1.0
967	3150	1	1.0
967	3172	1	1.0
967	3193	1	1.0
967	3195	1	1.0
967	3209	1	1.0
967	3216	1	1.0
967	3226	1	1.0
967	3236	1	1.0
967	3251	1	1.0
967	3261	1	1.0
967	3267	1	1.0
967	3277	1	1.0
967	3294	1	1.0
967	3301	1	1.0
967	3327	1	1.0
967	3329	1	1.0
967	3369	1	1.0
967	3380	1	1.0
967	3403	1	1.0
967	3417	1	1.0
967	3444	1	1.0
967	3446	1	1.0
967	3464	1	1.0
967	3467	1	1.0
967	3542	1	1.0
967	3546	1	1.0
967	3550	1	1.0
967	3554	1	1.0
967	3566	1	1.0
967	3568	1	1.0
967	3596	1	1.0
967	3607	1	1.0
967	3610	1	1.0
967	3612	1	1.0
967	3613	1	1.0
967	3618	1	1.0
967	3630	1	1.0
967	3638	1	1.0
967	3704	1	1.0
967	3724	1	1.0
967	3744	1	1.0
967	3812	1	1.0
967	3854	1	1.0
967	3923	1	1.0
967	3953	1	1.0
967	3955	1	1.0
967	3999	1	1.0
967	4030	1	1.0
967	4031	1	1.0
967	4053	1	1.0
967	4071	1	1.0
967	4072	1	1.0
967	4078	1	1.0
967	4089	1	1.0
967	4090	1	1.0
967	4101	1	1.0
967	4108	1	1.0
967	4117	1	1.0
967	4129	1	1.0
967	4132	1	1.0
967	4147	1	1.0
967	4160	1	1.0
967	4169	1	1.0
967	4178	1	1.0
967	4240	1	1.0
967	4246	1	1.0
967	4250	1	1.0
967	4293	1	1.0
967	4316	1	1.0
967	4367	1	1.0
967	4369	1	1.0
967	4395	1	1.0
967	4406	1	1.0
967	4409	1	1.0
967	4441	1	1.0
967	4449	1	1.0
967	4479	1	1.0
967	4483	1	1.0
967	4520	1	1.0
967	4587	1	1.0
967	4604	1	1.0
967	4754	1	1.0
967	4757	1	1.0
967	4820	1	1.0
967	4875	1	1.0
967	5310	1	1.0
967	5404	1	1.0
967	5444	1	1.0
967	5466	1	1.0
967	5754	1	1.0
967	5757	1	1.0
967	5769	1	1.0
967	1980	0	1.0
967	2430	0	1.0
967	3398	0	1.0
967	3647	0	1.0
967	5471	0	1.0
967	5627	0	1.0
968	969	1	1.0
968	1005	1	1.0
969	971	1	1.0
970	1050	1	1.0
971	1035	1	1.0
975	993	1	1.0
975	1009	1	1.0
975	1308	0	1.0
977	1050	1	1.0
977	1104	1	1.0
977	1121	1	1.0
977	1153	1	1.0
977	1178	1	1.0
977	1273	1	1.0
977	1278	1	1.0
977	1402	1	1.0
977	1692	1	1.0
977	2803	0	1.0
983	1116	1	1.0
983	1169	1	1.0
983	1288	1	1.0
983	1294	1	1.0
983	1304	1	1.0
983	4196	1	1.0
983	4491	1	1.0
983	4692	1	1.0
985	1044	1	1.0
986	1210	1	1.0
986	1213	1	1.0
986	1220	1	1.0
986	1426	1	1.0
989	990	1	1.0
989	995	1	1.0
989	998	1	1.0
989	1000	1	1.0
989	1008	1	1.0
989	1058	1	1.0
989	1090	1	1.0
989	1147	1	1.0
989	1243	1	1.0
992	1025	0	1.0
993	1099	1	1.0
993	1980	1	1.0
993	2349	0	1.0
994	1698	1	1.0
994	1715	1	1.0
994	1867	1	1.0
994	1868	1	1.0
994	1980	1	1.0
994	2010	1	1.0
994	2086	1	1.0
994	2238	0	1.0
995	1035	1	1.0
996	1347	1	1.0
1002	1322	1	1.0
1002	1468	1	1.0
1002	1688	1	1.0
1002	1785	1	1.0
1002	1899	1	1.0
1002	1951	1	1.0
1002	1980	1	1.0
1002	1990	1	1.0
1002	2082	1	1.0
1002	2238	1	1.0
1002	2494	1	1.0
1002	2569	1	1.0
1002	2571	1	1.0
1002	2583	1	1.0
1002	2863	1	1.0
1002	2894	1	1.0
1002	3032	1	1.0
1002	3775	1	1.0
1002	3815	1	1.0
1002	4089	1	1.0
1002	4169	1	1.0
1002	4316	1	1.0
1002	4434	1	1.0
1002	4565	1	1.0
1002	5082	1	1.0
1002	5141	1	1.0
1002	5200	1	1.0
1002	5340	1	1.0
1002	5365	1	1.0
1002	5381	1	1.0
1002	5484	1	1.0
1002	5504	1	1.0
1002	5719	1	1.0
1002	5866	1	1.0
1002	1337	0	1.0
1002	2430	0	1.0
1003	1046	1	1.0
1003	1156	1	1.0
1003	1227	1	1.0
1003	1244	1	1.0
1003	1247	1	1.0
1003	1264	1	1.0
1003	1272	1	1.0
1003	1273	1	1.0
1003	1277	1	1.0
1003	1346	1	1.0
1003	1371	1	1.0
1003	1402	1	1.0
1003	1526	1	1.0
1003	1580	1	1.0
1003	1594	1	1.0
1003	1867	1	1.0
1003	1980	1	1.0
1003	2045	1	1.0
1003	2385	1	1.0
1004	2760	1	1.0
1006	1124	1	1.0
1008	1009	1	1.0
1009	1071	1	1.0
1009	1082	1	1.0
1009	1083	1	1.0
1009	1108	1	1.0
1009	1116	1	1.0
1009	2349	0	1.0
1014	1023	1	1.0
1014	1132	1	1.0
1014	1363	1	1.0
1014	1381	1	1.0
1015	1044	1	1.0
1016	1017	1	1.0
1016	1082	1	1.0
1016	1122	1	1.0
1017	1072	1	1.0
1017	1161	1	1.0
1017	1196	1	1.0
1020	1116	1	1.0
1020	1117	1	1.0
1021	2199	1	1.0
1029	1030	1	1.0
1029	1031	1	1.0
1029	1032	1	1.0
1029	1033	1	1.0
1029	1034	1	1.0
1029	1036	1	1.0
1029	1037	1	1.0
1029	1038	1	1.0
1029	1039	1	1.0
1029	1040	1	1.0
1035	1050	1	1.0
1042	1297	1	1.0
1042	1305	1	1.0
1044	1045	1	1.0
1044	1047	1	1.0
1044	1057	1	1.0
1044	1059	1	1.0
1044	1067	1	1.0
1044	1068	1	1.0
1044	1080	1	1.0
1046	1126	1	1.0
1046	1189	1	1.0
1046	1194	1	1.0
1046	1227	1	1.0
1046	1228	1	1.0
1046	1247	1	1.0
1046	1253	1	1.0
1046	1254	1	1.0
1046	1256	1	1.0
1046	1275	1	1.0
1046	1294	1	1.0
1046	1304	1	1.0
1046	1351	1	1.0
1046	1352	1	1.0
1046	1365	1	1.0
1046	1402	1	1.0
1046	1942	1	1.0
1046	3698	0	1.0
1047	1294	1	1.0
1047	1402	1	1.0
1047	1734	1	1.0
1047	1745	1	1.0
1047	1749	1	1.0
1048	1049	1	1.0
1048	1133	1	1.0
1050	1084	1	1.0
1050	1187	1	1.0
1050	2206	0	1.0
1051	1350	1	1.0
1051	1616	1	1.0
1051	1639	1	1.0
1051	1793	1	1.0
1051	2016	1	1.0
1051	3032	1	1.0
1051	3291	1	1.0
1051	4126	1	1.0
1051	4169	1	1.0
1051	4213	1	1.0
1051	4262	0	1.0
1051	5424	0	1.0
1057	1067	1	1.0
1057	1069	1	1.0
1057	1116	1	1.0
1060	1082	1	1.0
1060	1179	1	1.0
1060	1834	1	1.0
1064	1161	1	1.0
1064	1163	0	1.0
1066	1131	1	1.0
1067	3603	1	1.0
1072	1123	1	1.0
1074	2181	1	1.0
1081	1196	1	1.0
1081	1273	1	1.0
1081	1331	1	1.0
1081	4872	1	1.0
1083	1116	1	1.0
1085	1086	1	1.0
1085	1096	0	1.0
1090	1091	1	1.0
1090	1092	1	1.0
1090	1093	1	1.0
1090	1094	1	1.0
1090	1296	0	1.0
1091	1094	1	1.0
1091	1296	0	1.0
1092	1296	0	1.0
1093	1296	0	1.0
1094	1095	1	1.0
1094	1096	1	1.0
1094	1296	0	1.0
1095	1296	0	1.0
1098	1101	1	1.0
1098	1240	1	1.0
1098	1273	1	1.0
1108	1662	1	1.0
1108	2115	1	1.0
1108	2135	1	1.0
1108	2583	1	1.0
1108	2586	1	1.0
1108	3331	1	1.0
1108	3339	1	1.0
1108	4196	1	1.0
1108	1308	0	1.0
1108	1678	0	1.0
1108	3469	0	1.0
1108	4262	0	1.0
1108	4434	0	1.0
1113	1114	1	1.0
1113	1273	1	1.0
1113	2778	1	1.0
1113	3497	1	1.0
1116	1145	1	1.0
1116	1148	1	1.0
1116	1155	1	1.0
1116	1157	1	1.0
1116	1160	1	1.0
1116	1167	1	1.0
1116	1169	1	1.0
1116	1173	1	1.0
1116	1176	1	1.0
1116	1177	1	1.0
1116	1178	1	1.0
1116	1182	1	1.0
1116	1194	1	1.0
1116	1195	1	1.0
1116	1200	1	1.0
1116	1201	1	1.0
1116	1203	1	1.0
1116	1210	1	1.0
1116	1215	1	1.0
1116	1217	1	1.0
1116	1218	1	1.0
1116	1219	1	1.0
1116	1220	1	1.0
1116	1222	1	1.0
1116	1261	1	1.0
1116	1267	1	1.0
1116	1271	1	1.0
1116	1273	1	1.0
1116	1275	1	1.0
1116	1276	1	1.0
1116	1279	1	1.0
1116	1281	1	1.0
1116	1286	1	1.0
1116	1288	1	1.0
1116	1289	1	1.0
1116	1302	1	1.0
1116	1304	1	1.0
1116	1324	1	1.0
1116	1329	1	1.0
1116	1331	1	1.0
1116	1333	1	1.0
1116	1357	1	1.0
1116	1402	1	1.0
1116	1404	1	1.0
1116	1509	1	1.0
1116	2803	0	1.0
1119	1233	1	1.0
1120	1213	1	1.0
1122	1158	1	1.0
1127	1324	1	1.0
1129	1276	1	1.0
1129	1285	0	1.0
1138	1241	1	1.0
1138	1273	1	1.0
1138	1274	1	1.0
1138	1294	1	1.0
1138	1510	1	1.0
1138	1564	1	1.0
1138	1616	1	1.0
1138	1773	1	1.0
1138	1786	1	1.0
1138	1787	1	1.0
1138	1796	1	1.0
1138	1813	1	1.0
1138	1817	1	1.0
1138	1846	1	1.0
1138	1880	1	1.0
1138	1913	1	1.0
1138	1955	1	1.0
1138	2007	1	1.0
1138	2068	1	1.0
1138	2069	1	1.0
1138	2084	1	1.0
1138	2093	1	1.0
1138	2103	1	1.0
1138	2107	1	1.0
1138	2115	1	1.0
1138	2135	1	1.0
1138	2171	1	1.0
1138	2438	1	1.0
1138	2507	1	1.0
1138	3006	1	1.0
1138	3339	1	1.0
1138	3608	1	1.0
1138	3627	1	1.0
1138	4191	1	1.0
1138	4196	1	1.0
1138	4231	1	1.0
1138	4692	1	1.0
1138	5158	1	1.0
1138	1308	0	1.0
1138	2456	0	1.0
1138	4262	0	1.0
1139	1140	1	1.0
1140	1141	1	1.0
1143	1256	1	1.0
1143	1980	1	1.0
1144	2055	1	1.0
1144	2135	1	1.0
1144	4725	1	1.0
1145	1146	1	1.0
1149	1150	1	1.0
1149	2803	0	1.0
1150	1181	0	1.0
1151	1152	1	1.0
1153	1154	1	1.0
1153	1162	1	1.0
1153	1164	1	1.0
1154	1181	1	1.0
1154	1195	1	1.0
1154	1227	1	1.0
1154	1272	1	1.0
1154	1273	1	1.0
1154	1294	1	1.0
1154	1308	1	1.0
1154	1319	1	1.0
1154	1322	1	1.0
1154	1324	1	1.0
1154	1337	1	1.0
1154	1338	1	1.0
1154	1350	1	1.0
1154	1402	1	1.0
1154	1406	1	1.0
1154	1432	1	1.0
1154	1453	1	1.0
1154	1483	1	1.0
1154	1526	1	1.0
1154	1564	1	1.0
1154	1639	1	1.0
1154	1643	1	1.0
1154	1662	1	1.0
1154	1690	1	1.0
1154	1745	1	1.0
1154	1793	1	1.0
1154	1809	1	1.0
1154	1834	1	1.0
1154	1837	1	1.0
1154	1899	1	1.0
1154	1986	1	1.0
1154	1991	1	1.0
1154	2109	1	1.0
1154	2122	1	1.0
1154	2135	1	1.0
1154	2154	1	1.0
1154	2172	1	1.0
1154	2225	1	1.0
1154	2238	1	1.0
1154	2250	1	1.0
1154	2260	1	1.0
1154	2366	1	1.0
1154	2607	1	1.0
1154	3622	1	1.0
1154	4026	1	1.0
1154	4121	1	1.0
1154	4175	1	1.0
1154	4235	1	1.0
1154	1399	0	1.0
1154	1497	0	1.0
1154	1755	0	1.0
1154	1980	0	1.0
1154	2170	0	1.0
1154	2503	0	1.0
1154	2626	0	1.0
1154	2643	0	1.0
1154	2644	0	1.0
1154	2645	0	1.0
1154	5618	0	1.0
1155	1168	1	1.0
1156	1273	1	1.0
1156	1684	1	1.0
1156	1846	1	1.0
1156	1980	1	1.0
1156	2027	1	1.0
1156	2071	1	1.0
1156	2091	1	1.0
1156	2125	1	1.0
1156	2280	1	1.0
1156	2283	1	1.0
1157	1158	1	1.0
1159	1178	1	1.0
1159	1232	1	1.0
1159	1273	1	1.0
1159	1333	1	1.0
1159	1343	1	1.0
1159	2206	0	1.0
1165	2541	1	1.0
1166	1179	1	1.0
1169	1177	1	1.0
1169	1181	1	1.0
1169	1189	1	1.0
1169	1191	1	1.0
1169	1203	1	1.0
1169	1212	1	1.0
1169	1216	1	1.0
1169	1217	1	1.0
1169	1234	1	1.0
1169	1255	1	1.0
1169	1267	1	1.0
1169	1283	1	1.0
1169	1292	1	1.0
1169	1294	1	1.0
1169	1300	1	1.0
1169	1310	1	1.0
1169	1337	1	1.0
1169	1366	1	1.0
1169	1374	1	1.0
1169	1394	1	1.0
1169	1413	1	1.0
1169	1417	1	1.0
1169	1435	1	1.0
1169	1439	1	1.0
1169	1446	1	1.0
1169	1447	1	1.0
1169	1493	1	1.0
1169	1497	1	1.0
1169	1503	1	1.0
1169	1504	1	1.0
1169	1516	1	1.0
1169	1560	1	1.0
1169	1564	1	1.0
1169	1573	1	1.0
1169	1601	1	1.0
1169	1615	1	1.0
1169	1641	1	1.0
1169	1730	1	1.0
1169	1921	1	1.0
1169	1931	1	1.0
1169	1944	1	1.0
1169	1959	1	1.0
1169	2086	1	1.0
1169	2134	1	1.0
1169	2150	1	1.0
1169	2178	1	1.0
1169	2219	1	1.0
1169	2252	1	1.0
1169	2271	1	1.0
1169	2319	1	1.0
1169	2355	1	1.0
1169	2399	1	1.0
1169	2419	1	1.0
1169	2742	1	1.0
1169	2754	1	1.0
1169	2831	1	1.0
1169	2923	1	1.0
1169	3032	1	1.0
1169	3085	1	1.0
1169	3269	1	1.0
1169	3487	1	1.0
1169	4036	1	1.0
1169	4075	1	1.0
1170	1171	1	1.0
1174	1322	1	1.0
1174	1337	1	1.0
1174	1526	1	1.0
1174	1696	1	1.0
1174	1745	1	1.0
1174	2035	1	1.0
1174	2250	1	1.0
1178	1195	1	1.0
1179	2952	1	1.0
1179	3638	1	1.0
1181	1182	1	1.0
1181	1183	1	1.0
1181	1215	1	1.0
1181	1244	1	1.0
1181	1434	1	1.0
1181	3381	0	1.0
1181	3865	0	1.0
1183	1191	1	1.0
1183	1193	1	1.0
1184	1266	1	1.0
1189	1190	1	1.0
1190	1257	1	1.0
1191	1195	1	1.0
1191	1205	1	1.0
1191	1210	1	1.0
1191	1219	1	1.0
1193	1194	1	1.0
1196	1294	1	1.0
1196	1350	1	1.0
1196	1616	1	1.0
1196	2125	1	1.0
1196	1736	0	1.0
1197	1337	1	1.0
1197	1402	1	1.0
1197	1493	1	1.0
1197	1526	1	1.0
1197	1626	1	1.0
1197	1681	1	1.0
1197	1697	1	1.0
1197	1698	1	1.0
1197	1722	1	1.0
1197	1726	1	1.0
1197	1785	1	1.0
1197	1809	1	1.0
1197	1874	1	1.0
1197	1895	1	1.0
1197	1906	1	1.0
1197	1940	1	1.0
1197	1964	1	1.0
1197	1990	1	1.0
1197	2048	1	1.0
1197	2049	1	1.0
1197	2070	1	1.0
1197	2077	1	1.0
1197	2079	1	1.0
1197	2080	1	1.0
1197	2106	1	1.0
1197	3006	1	1.0
1197	3975	1	1.0
1197	4071	1	1.0
1197	5192	1	1.0
1199	1204	1	1.0
1201	1208	1	1.0
1203	1257	1	1.0
1203	1271	1	1.0
1203	1273	1	1.0
1203	1420	1	1.0
1203	1526	1	1.0
1203	1344	0	1.0
1204	1237	1	1.0
1206	1260	1	1.0
1210	1216	1	1.0
1210	1231	1	1.0
1210	1235	1	1.0
1210	1243	1	1.0
1210	1244	1	1.0
1210	2238	0	1.0
1210	4071	0	1.0
1211	1785	1	1.0
1211	2235	1	1.0
1211	3080	1	1.0
1213	1214	1	1.0
1220	1221	1	1.0
1221	1227	1	1.0
1222	1250	1	1.0
1222	1743	1	1.0
1222	1937	1	1.0
1222	1951	1	1.0
1222	1980	1	1.0
1222	2071	1	1.0
1222	2243	1	1.0
1222	2551	1	1.0
1222	2571	1	1.0
1222	2724	1	1.0
1222	2806	1	1.0
1222	3006	1	1.0
1222	3042	1	1.0
1222	3099	1	1.0
1222	3196	1	1.0
1222	3204	1	1.0
1222	3214	1	1.0
1222	2746	0	1.0
1222	3089	0	1.0
1222	3213	0	1.0
1223	1224	1	1.0
1223	2238	1	1.0
1223	2576	1	1.0
1223	2859	1	1.0
1223	3032	1	1.0
1223	3638	1	1.0
1223	3682	1	1.0
1223	3735	1	1.0
1223	3801	1	1.0
1223	4089	1	1.0
1223	4143	1	1.0
1223	2071	0	1.0
1223	2845	0	1.0
1223	3617	0	1.0
1225	1226	1	1.0
1225	1229	1	1.0
1227	1230	1	1.0
1227	1281	1	1.0
1227	1293	1	1.0
1227	1294	1	1.0
1228	1294	1	1.0
1228	1324	1	1.0
1230	1245	1	1.0
1230	1248	1	1.0
1230	3032	1	1.0
1230	4799	0	1.0
1234	1350	1	1.0
1234	1483	1	1.0
1234	1493	1	1.0
1234	1564	1	1.0
1234	1566	1	1.0
1234	1594	1	1.0
1234	1611	1	1.0
1234	1614	1	1.0
1234	1643	1	1.0
1234	1672	1	1.0
1234	1687	1	1.0
1234	1698	1	1.0
1234	1710	1	1.0
1234	1742	1	1.0
1234	1746	1	1.0
1234	1785	1	1.0
1234	1790	1	1.0
1234	1840	1	1.0
1234	1861	1	1.0
1234	1864	1	1.0
1234	1868	1	1.0
1234	1877	1	1.0
1234	1886	1	1.0
1234	1905	1	1.0
1234	1918	1	1.0
1234	1920	1	1.0
1234	1921	1	1.0
1234	1933	1	1.0
1234	1955	1	1.0
1234	1962	1	1.0
1234	1965	1	1.0
1234	1966	1	1.0
1234	2005	1	1.0
1234	2010	1	1.0
1234	2015	1	1.0
1234	2023	1	1.0
1234	2031	1	1.0
1234	2036	1	1.0
1234	2043	1	1.0
1234	2067	1	1.0
1234	2086	1	1.0
1234	2170	1	1.0
1234	2300	1	1.0
1234	1619	0	1.0
1234	1715	0	1.0
1234	2008	0	1.0
1243	1273	1	1.0
1243	1564	1	1.0
1243	1763	1	1.0
1243	2071	1	1.0
1243	2206	1	1.0
1243	2249	1	1.0
1243	3006	1	1.0
1243	3219	1	1.0
1243	3491	1	1.0
1243	3637	1	1.0
1244	1273	1	1.0
1244	1470	1	1.0
1244	1582	1	1.0
1244	1587	1	1.0
1244	2206	0	1.0
1246	1283	1	1.0
1246	1322	1	1.0
1246	1348	1	1.0
1246	1350	1	1.0
1246	1373	1	1.0
1246	1745	1	1.0
1246	1785	1	1.0
1246	1958	1	1.0
1246	2551	1	1.0
1246	3347	1	1.0
1246	3801	1	1.0
1246	1344	0	1.0
1247	1266	1	1.0
1250	1264	1	1.0
1250	2571	1	1.0
1250	3032	1	1.0
1250	3938	1	1.0
1256	1294	1	1.0
1257	1301	1	1.0
1266	1278	1	1.0
1266	1288	1	1.0
1266	1306	1	1.0
1266	1308	1	1.0
1266	1312	1	1.0
1266	1313	1	1.0
1266	1318	1	1.0
1266	1321	1	1.0
1266	1327	1	1.0
1266	1380	1	1.0
1267	2551	1	1.0
1271	1575	1	1.0
1271	1932	1	1.0
1272	1273	1	1.0
1272	1294	1	1.0
1272	1304	1	1.0
1272	1322	1	1.0
1272	1337	1	1.0
1272	1350	1	1.0
1272	1402	1	1.0
1272	1453	1	1.0
1272	1526	1	1.0
1272	1537	1	1.0
1272	1564	1	1.0
1272	1594	1	1.0
1272	1607	1	1.0
1272	1692	1	1.0
1272	1745	1	1.0
1272	1785	1	1.0
1272	1796	1	1.0
1272	1846	1	1.0
1272	1878	1	1.0
1272	1897	1	1.0
1272	1990	1	1.0
1272	2010	1	1.0
1272	2225	1	1.0
1272	2238	1	1.0
1272	2551	1	1.0
1272	2863	1	1.0
1272	2915	1	1.0
1272	3622	1	1.0
1272	3630	1	1.0
1272	3891	1	1.0
1272	3995	1	1.0
1272	4071	1	1.0
1272	4089	1	1.0
1272	4240	1	1.0
1272	5358	1	1.0
1272	5466	1	1.0
1272	1308	0	1.0
1272	3647	0	1.0
1272	3659	0	1.0
1272	3660	0	1.0
1272	3663	0	1.0
1273	1274	1	1.0
1273	1294	1	1.0
1273	1298	1	1.0
1273	1304	1	1.0
1273	1308	1	1.0
1273	1309	1	1.0
1273	1319	1	1.0
1273	1322	1	1.0
1273	1324	1	1.0
1273	1326	1	1.0
1273	1337	1	1.0
1273	1350	1	1.0
1273	1365	1	1.0
1273	1369	1	1.0
1273	1385	1	1.0
1273	1402	1	1.0
1273	1408	1	1.0
1273	1426	1	1.0
1273	1431	1	1.0
1273	1445	1	1.0
1273	1453	1	1.0
1273	1455	1	1.0
1273	1458	1	1.0
1273	1461	1	1.0
1273	1468	1	1.0
1273	1473	1	1.0
1273	1483	1	1.0
1273	1495	1	1.0
1273	1509	1	1.0
1273	1526	1	1.0
1273	1535	1	1.0
1273	1537	1	1.0
1273	1548	1	1.0
1273	1564	1	1.0
1273	1565	1	1.0
1273	1571	1	1.0
1273	1572	1	1.0
1273	1581	1	1.0
1273	1607	1	1.0
1273	1624	1	1.0
1273	1626	1	1.0
1273	1629	1	1.0
1273	1637	1	1.0
1273	1639	1	1.0
1273	1643	1	1.0
1273	1662	1	1.0
1273	1697	1	1.0
1273	1700	1	1.0
1273	1707	1	1.0
1273	1715	1	1.0
1273	1720	1	1.0
1273	1724	1	1.0
1273	1730	1	1.0
1273	1746	1	1.0
1273	1774	1	1.0
1273	1789	1	1.0
1273	1793	1	1.0
1273	1798	1	1.0
1273	1799	1	1.0
1273	1885	1	1.0
1273	1888	1	1.0
1273	1929	1	1.0
1273	1977	1	1.0
1273	1979	1	1.0
1273	2039	1	1.0
1273	2067	1	1.0
1273	2115	1	1.0
1273	2117	1	1.0
1273	2123	1	1.0
1273	2137	1	1.0
1273	2154	1	1.0
1273	2172	1	1.0
1273	2250	1	1.0
1273	2277	1	1.0
1273	2799	1	1.0
1273	2806	1	1.0
1273	1912	0	1.0
1273	2033	0	1.0
1274	1594	1	1.0
1274	1796	1	1.0
1274	1826	1	1.0
1274	2071	1	1.0
1274	2206	1	1.0
1274	2238	1	1.0
1274	2583	1	1.0
1274	2894	1	1.0
1274	2940	1	1.0
1274	3242	1	1.0
1274	3339	1	1.0
1274	3713	1	1.0
1274	4196	1	1.0
1274	4266	1	1.0
1274	5324	1	1.0
1274	1962	0	1.0
1274	1980	0	1.0
1274	2806	0	1.0
1274	2827	0	1.0
1274	3327	0	1.0
1274	3365	0	1.0
1274	3622	0	1.0
1274	3647	0	1.0
1274	3659	0	1.0
1274	3660	0	1.0
1274	3662	0	1.0
1274	3663	0	1.0
1274	3711	0	1.0
1274	4371	0	1.0
1274	5451	0	1.0
1275	1350	1	1.0
1276	1284	0	1.0
1278	1337	1	1.0
1278	1526	1	1.0
1278	1698	1	1.0
1278	1734	1	1.0
1278	2803	0	1.0
1280	5153	1	1.0
1281	1301	1	1.0
1283	1331	1	1.0
1284	1285	1	1.0
1287	1899	1	1.0
1287	1986	1	1.0
1287	2016	1	1.0
1287	2135	1	1.0
1287	1308	0	1.0
1287	1350	0	1.0
1287	1537	0	1.0
1287	1643	0	1.0
1287	1913	0	1.0
1287	1996	0	1.0
1287	2456	0	1.0
1287	2569	0	1.0
1288	1318	1	1.0
1288	2803	0	1.0
1290	1304	1	1.0
1294	1322	1	1.0
1294	1324	1	1.0
1294	1350	1	1.0
1294	1365	1	1.0
1294	1426	1	1.0
1294	1434	1	1.0
1294	1442	1	1.0
1294	1453	1	1.0
1294	1461	1	1.0
1294	1473	1	1.0
1294	1478	1	1.0
1294	1479	1	1.0
1294	1481	1	1.0
1294	1497	1	1.0
1294	1502	1	1.0
1294	1508	1	1.0
1294	1509	1	1.0
1294	1518	1	1.0
1294	1537	1	1.0
1294	1564	1	1.0
1294	1569	1	1.0
1294	1587	1	1.0
1294	1594	1	1.0
1294	1616	1	1.0
1294	1622	1	1.0
1294	1623	1	1.0
1294	1624	1	1.0
1294	1626	1	1.0
1294	1643	1	1.0
1294	1662	1	1.0
1294	1679	1	1.0
1294	1684	1	1.0
1294	1694	1	1.0
1294	1696	1	1.0
1294	1698	1	1.0
1294	1715	1	1.0
1294	1745	1	1.0
1294	1763	1	1.0
1294	1766	1	1.0
1294	1778	1	1.0
1294	1784	1	1.0
1294	1785	1	1.0
1294	1809	1	1.0
1294	1846	1	1.0
1294	1913	1	1.0
1294	1922	1	1.0
1294	1951	1	1.0
1294	1958	1	1.0
1294	1964	1	1.0
1294	1979	1	1.0
1294	1990	1	1.0
1294	2002	1	1.0
1294	2029	1	1.0
1294	2071	1	1.0
1294	2097	1	1.0
1294	2101	1	1.0
1294	2115	1	1.0
1294	2116	1	1.0
1294	2117	1	1.0
1294	2125	1	1.0
1294	2141	1	1.0
1294	2159	1	1.0
1294	2183	1	1.0
1294	2199	1	1.0
1294	2206	1	1.0
1294	2243	1	1.0
1294	2285	1	1.0
1294	2335	1	1.0
1294	2385	1	1.0
1294	2412	1	1.0
1294	2486	1	1.0
1294	2528	1	1.0
1294	2551	1	1.0
1294	2569	1	1.0
1294	2571	1	1.0
1294	2683	1	1.0
1294	2701	1	1.0
1294	2705	1	1.0
1294	2751	1	1.0
1294	2778	1	1.0
1294	2799	1	1.0
1294	2827	1	1.0
1294	2842	1	1.0
1294	2930	1	1.0
1294	3006	1	1.0
1294	3013	1	1.0
1294	3016	1	1.0
1294	3041	1	1.0
1294	3143	1	1.0
1294	3173	1	1.0
1294	3219	1	1.0
1294	3246	1	1.0
1294	3261	1	1.0
1294	3347	1	1.0
1294	3348	1	1.0
1294	3349	1	1.0
1294	3443	1	1.0
1294	3476	1	1.0
1294	3497	1	1.0
1294	3548	1	1.0
1294	3617	1	1.0
1294	3618	1	1.0
1294	3630	1	1.0
1294	3638	1	1.0
1294	3648	1	1.0
1294	3678	1	1.0
1294	3704	1	1.0
1294	3715	1	1.0
1294	3724	1	1.0
1294	3793	1	1.0
1294	3818	1	1.0
1294	3849	1	1.0
1294	3891	1	1.0
1294	3934	1	1.0
1294	3967	1	1.0
1294	4000	1	1.0
1294	4048	1	1.0
1294	4071	1	1.0
1294	4078	1	1.0
1294	4084	1	1.0
1294	4089	1	1.0
1294	4097	1	1.0
1294	4121	1	1.0
1294	4127	1	1.0
1294	4163	1	1.0
1294	4169	1	1.0
1294	4183	1	1.0
1294	4273	1	1.0
1294	4313	1	1.0
1294	4317	1	1.0
1294	4318	1	1.0
1294	4322	1	1.0
1294	4331	1	1.0
1294	4455	1	1.0
1294	4506	1	1.0
1294	4531	1	1.0
1294	4565	1	1.0
1294	4583	1	1.0
1294	4613	1	1.0
1294	4696	1	1.0
1294	4719	1	1.0
1294	4728	1	1.0
1294	4733	1	1.0
1294	4740	1	1.0
1294	4825	1	1.0
1294	4889	1	1.0
1294	5719	1	1.0
1294	1337	0	1.0
1294	1402	0	1.0
1294	1736	0	1.0
1294	1980	0	1.0
1294	2154	0	1.0
1294	2592	0	1.0
1294	3197	0	1.0
1294	3238	0	1.0
1294	3266	0	1.0
1294	3280	0	1.0
1294	3292	0	1.0
1294	3295	0	1.0
1294	3622	0	1.0
1294	3647	0	1.0
1294	3659	0	1.0
1294	3663	0	1.0
1294	4028	0	1.0
1294	4042	0	1.0
1294	4158	0	1.0
1294	4316	0	1.0
1294	4742	0	1.0
1301	1334	1	1.0
1301	1350	1	1.0
1301	1359	1	1.0
1301	1468	1	1.0
1301	2086	1	1.0
1301	2803	0	1.0
1304	1309	1	1.0
1304	1337	1	1.0
1304	1350	1	1.0
1304	1356	1	1.0
1304	1413	1	1.0
1304	1431	1	1.0
1304	1436	1	1.0
1304	1496	1	1.0
1304	1509	1	1.0
1304	1518	1	1.0
1304	1624	1	1.0
1304	1663	1	1.0
1304	1715	1	1.0
1304	1745	1	1.0
1304	1754	1	1.0
1304	4071	0	1.0
1305	1310	1	1.0
1305	1311	1	1.0
1308	1309	1	1.0
1308	1326	1	1.0
1308	1350	1	1.0
1308	1402	1	1.0
1308	1432	1	1.0
1308	1453	1	1.0
1308	1468	1	1.0
1308	1482	1	1.0
1308	1483	1	1.0
1308	1509	1	1.0
1308	1537	1	1.0
1308	1594	1	1.0
1308	1643	1	1.0
1308	1661	1	1.0
1308	1662	1	1.0
1308	1671	1	1.0
1308	1678	1	1.0
1308	1716	1	1.0
1308	1778	1	1.0
1308	1899	1	1.0
1308	1913	1	1.0
1308	1949	1	1.0
1308	1996	1	1.0
1308	2017	1	1.0
1308	2069	1	1.0
1308	2173	1	1.0
1308	2263	1	1.0
1308	2510	1	1.0
1308	2541	1	1.0
1308	2569	1	1.0
1308	2751	1	1.0
1308	2869	1	1.0
1308	2944	1	1.0
1308	3100	1	1.0
1308	3150	1	1.0
1308	3159	1	1.0
1308	3331	1	1.0
1308	3362	1	1.0
1308	3469	1	1.0
1308	3561	1	1.0
1308	3607	1	1.0
1308	3622	1	1.0
1308	3670	1	1.0
1308	3759	1	1.0
1308	3775	1	1.0
1308	3800	1	1.0
1308	3891	1	1.0
1308	4086	1	1.0
1308	4092	1	1.0
1308	4117	1	1.0
1308	4169	1	1.0
1308	4262	1	1.0
1308	4434	1	1.0
1308	4626	1	1.0
1308	4668	1	1.0
1308	4823	1	1.0
1308	4827	1	1.0
1308	4871	1	1.0
1308	4909	1	1.0
1308	5003	1	1.0
1308	5057	1	1.0
1308	5216	1	1.0
1308	5217	1	1.0
1308	5255	1	1.0
1308	5341	1	1.0
1308	5385	1	1.0
1308	5386	1	1.0
1308	5391	1	1.0
1308	5410	1	1.0
1308	5411	1	1.0
1308	5413	1	1.0
1308	5415	1	1.0
1308	5416	1	1.0
1308	5422	1	1.0
1308	5424	1	1.0
1308	5425	1	1.0
1308	5427	1	1.0
1308	5437	1	1.0
1308	5438	1	1.0
1308	5457	1	1.0
1308	5508	1	1.0
1308	5512	1	1.0
1308	5513	1	1.0
1308	5517	1	1.0
1308	5518	1	1.0
1308	5526	1	1.0
1308	5542	1	1.0
1308	5548	1	1.0
1308	5562	1	1.0
1308	5615	1	1.0
1308	5663	1	1.0
1308	5675	1	1.0
1308	5684	1	1.0
1308	5694	1	1.0
1308	5695	1	1.0
1308	5697	1	1.0
1308	5705	1	1.0
1308	5707	1	1.0
1308	5716	1	1.0
1308	5735	1	1.0
1308	5770	1	1.0
1308	1319	0	1.0
1308	1337	0	1.0
1308	1526	0	1.0
1308	1755	0	1.0
1308	1793	0	1.0
1308	1795	0	1.0
1308	1796	0	1.0
1308	1955	0	1.0
1308	1986	0	1.0
1308	1990	0	1.0
1308	2129	0	1.0
1308	2135	0	1.0
1308	2206	0	1.0
1308	2280	0	1.0
1308	2456	0	1.0
1308	2586	0	1.0
1308	4521	0	1.0
1308	5004	0	1.0
1308	5389	0	1.0
1308	5412	0	1.0
1308	5449	0	1.0
1308	5487	0	1.0
1308	5541	0	1.0
1308	5581	0	1.0
1308	5636	0	1.0
1308	5687	0	1.0
1308	5731	0	1.0
1309	1316	1	1.0
1309	1337	1	1.0
1309	1350	1	1.0
1309	1432	1	1.0
1309	1492	1	1.0
1309	1402	0	1.0
1310	1419	1	1.0
1313	1745	1	1.0
1314	1315	1	1.0
1314	1353	1	1.0
1315	1324	1	1.0
1319	1350	1	1.0
1319	1408	1	1.0
1319	1479	1	1.0
1319	1482	1	1.0
1319	1589	1	1.0
1319	1726	1	1.0
1319	1796	1	1.0
1319	1891	1	1.0
1319	1913	1	1.0
1319	1990	1	1.0
1319	1991	1	1.0
1319	2101	1	1.0
1319	2238	1	1.0
1319	2260	1	1.0
1319	2569	1	1.0
1319	3267	1	1.0
1319	3291	1	1.0
1319	3433	1	1.0
1319	3815	1	1.0
1319	3838	1	1.0
1319	1616	0	1.0
1319	1736	0	1.0
1319	1867	0	1.0
1319	1932	0	1.0
1319	1962	0	1.0
1319	1980	0	1.0
1319	2436	0	1.0
1319	2445	0	1.0
1319	2447	0	1.0
1319	2545	0	1.0
1319	2624	0	1.0
1319	2625	0	1.0
1319	2626	0	1.0
1319	2675	0	1.0
1319	2778	0	1.0
1319	2824	0	1.0
1319	2877	0	1.0
1319	2907	0	1.0
1319	3089	0	1.0
1319	3133	0	1.0
1319	3173	0	1.0
1319	3213	0	1.0
1319	3292	0	1.0
1319	3622	0	1.0
1319	3647	0	1.0
1319	3659	0	1.0
1319	3660	0	1.0
1319	3662	0	1.0
1319	3663	0	1.0
1319	4131	0	1.0
1319	4151	0	1.0
1319	4282	0	1.0
1322	1323	1	1.0
1322	1350	1	1.0
1322	1354	1	1.0
1322	1380	1	1.0
1322	1402	1	1.0
1322	1408	1	1.0
1322	1468	1	1.0
1322	1518	1	1.0
1322	1564	1	1.0
1322	1643	1	1.0
1322	1662	1	1.0
1322	1684	1	1.0
1322	1695	1	1.0
1322	1700	1	1.0
1322	1724	1	1.0
1322	1745	1	1.0
1322	1760	1	1.0
1322	1762	1	1.0
1322	1765	1	1.0
1322	1787	1	1.0
1322	1913	1	1.0
1322	2067	1	1.0
1322	2071	1	1.0
1322	2154	1	1.0
1322	2225	1	1.0
1322	2675	1	1.0
1322	2800	1	1.0
1322	1337	0	1.0
1324	1335	1	1.0
1324	1361	1	1.0
1324	1365	1	1.0
1324	1421	1	1.0
1324	1426	1	1.0
1324	2803	0	1.0
1325	1337	1	1.0
1325	1402	1	1.0
1326	1333	1	1.0
1326	1337	1	1.0
1331	1332	1	1.0
1331	1333	1	1.0
1331	1341	1	1.0
1331	1342	1	1.0
1331	1364	1	1.0
1331	1340	0	1.0
1331	2349	0	1.0
1333	1402	0	1.0
1337	1343	1	1.0
1337	1352	1	1.0
1337	1354	1	1.0
1337	1401	1	1.0
1337	1402	1	1.0
1337	1403	1	1.0
1337	1418	1	1.0
1337	1432	1	1.0
1337	1453	1	1.0
1337	1474	1	1.0
1337	1495	1	1.0
1337	1502	1	1.0
1337	1516	1	1.0
1337	1518	1	1.0
1337	1521	1	1.0
1337	1526	1	1.0
1337	1529	1	1.0
1337	1536	1	1.0
1337	1537	1	1.0
1337	1568	1	1.0
1337	1569	1	1.0
1337	1574	1	1.0
1337	1581	1	1.0
1337	1594	1	1.0
1337	1607	1	1.0
1337	1616	1	1.0
1337	1619	1	1.0
1337	1639	1	1.0
1337	1649	1	1.0
1337	1670	1	1.0
1337	1671	1	1.0
1337	1712	1	1.0
1337	1718	1	1.0
1337	2042	1	1.0
1337	2157	1	1.0
1337	1350	0	1.0
1337	1482	0	1.0
1337	1511	0	1.0
1337	1535	0	1.0
1337	1643	0	1.0
1337	1676	0	1.0
1337	1745	0	1.0
1337	1774	0	1.0
1337	1793	0	1.0
1337	1809	0	1.0
1337	1827	0	1.0
1337	1899	0	1.0
1337	1996	0	1.0
1337	2071	0	1.0
1337	2115	0	1.0
1337	2116	0	1.0
1337	2130	0	1.0
1337	2135	0	1.0
1337	2176	0	1.0
1337	2184	0	1.0
1337	2196	0	1.0
1337	2230	0	1.0
1337	2238	0	1.0
1337	2297	0	1.0
1337	2456	0	1.0
1337	2583	0	1.0
1337	3607	0	1.0
1337	3622	0	1.0
1337	3647	0	1.0
1337	3659	0	1.0
1338	1339	1	1.0
1345	1402	1	1.0
1346	1402	1	1.0
1346	1458	1	1.0
1346	1526	1	1.0
1346	2571	1	1.0
1346	3618	1	1.0
1346	3891	1	1.0
1346	4506	1	1.0
1346	4565	1	1.0
1346	4933	1	1.0
1346	2569	0	1.0
1350	1352	1	1.0
1350	1356	1	1.0
1350	1400	1	1.0
1350	1402	1	1.0
1350	1422	1	1.0
1350	1423	1	1.0
1350	1424	1	1.0
1350	1426	1	1.0
1350	1430	1	1.0
1350	1436	1	1.0
1350	1455	1	1.0
1350	1458	1	1.0
1350	1478	1	1.0
1350	1482	1	1.0
1350	1483	1	1.0
1350	1484	1	1.0
1350	1489	1	1.0
1350	1493	1	1.0
1350	1508	1	1.0
1350	1509	1	1.0
1350	1526	1	1.0
1350	1531	1	1.0
1350	1537	1	1.0
1350	1564	1	1.0
1350	1581	1	1.0
1350	1594	1	1.0
1350	1618	1	1.0
1350	1623	1	1.0
1350	1630	1	1.0
1350	1636	1	1.0
1350	1643	1	1.0
1350	1649	1	1.0
1350	1650	1	1.0
1350	1651	1	1.0
1350	1654	1	1.0
1350	1661	1	1.0
1350	1662	1	1.0
1350	1678	1	1.0
1350	1690	1	1.0
1350	1708	1	1.0
1350	1717	1	1.0
1350	1726	1	1.0
1350	1734	1	1.0
1350	1778	1	1.0
1350	1785	1	1.0
1350	1796	1	1.0
1350	1858	1	1.0
1350	1862	1	1.0
1350	1878	1	1.0
1350	1899	1	1.0
1350	1955	1	1.0
1350	1978	1	1.0
1350	2006	1	1.0
1350	2010	1	1.0
1350	2062	1	1.0
1350	2067	1	1.0
1350	2082	1	1.0
1350	2115	1	1.0
1350	2135	1	1.0
1350	2154	1	1.0
1350	2162	1	1.0
1350	2170	1	1.0
1350	2198	1	1.0
1350	2199	1	1.0
1350	2205	1	1.0
1350	2225	1	1.0
1350	2232	1	1.0
1350	2243	1	1.0
1350	2256	1	1.0
1350	2381	1	1.0
1350	2407	1	1.0
1350	2563	1	1.0
1350	2583	1	1.0
1350	2661	1	1.0
1350	2675	1	1.0
1350	2677	1	1.0
1350	2778	1	1.0
1350	2864	1	1.0
1350	2911	1	1.0
1350	2933	1	1.0
1350	3013	1	1.0
1350	3091	1	1.0
1350	3132	1	1.0
1350	3199	1	1.0
1350	3216	1	1.0
1350	3281	1	1.0
1350	3375	1	1.0
1350	3383	1	1.0
1350	3386	1	1.0
1350	3622	1	1.0
1350	3775	1	1.0
1350	4071	1	1.0
1350	4169	1	1.0
1350	4183	1	1.0
1350	4956	1	1.0
1350	5412	1	1.0
1350	5802	1	1.0
1350	1497	0	1.0
1350	1696	0	1.0
1350	1736	0	1.0
1350	1901	0	1.0
1350	1962	0	1.0
1350	2038	0	1.0
1350	2515	0	1.0
1350	2529	0	1.0
1350	2531	0	1.0
1350	2887	0	1.0
1350	2934	0	1.0
1350	2940	0	1.0
1350	3242	0	1.0
1351	4756	1	1.0
1352	1402	1	1.0
1352	1497	1	1.0
1352	1785	1	1.0
1352	1787	1	1.0
1352	1958	1	1.0
1352	2016	1	1.0
1352	2027	1	1.0
1352	2045	1	1.0
1352	2067	1	1.0
1352	2183	1	1.0
1352	2225	1	1.0
1353	1372	1	1.0
1355	1537	1	1.0
1355	1594	1	1.0
1355	1717	1	1.0
1355	1785	1	1.0
1355	1942	1	1.0
1355	2238	1	1.0
1355	2335	1	1.0
1355	2569	1	1.0
1355	2571	1	1.0
1355	3347	1	1.0
1355	3623	1	1.0
1355	3800	1	1.0
1355	4133	1	1.0
1355	4183	1	1.0
1355	4378	1	1.0
1355	4406	1	1.0
1355	4420	1	1.0
1355	4574	1	1.0
1355	3173	0	1.0
1355	4417	0	1.0
1355	4565	0	1.0
1356	1472	1	1.0
1356	2071	1	1.0
1357	1402	1	1.0
1357	1980	1	1.0
1359	1413	1	1.0
1365	1402	1	1.0
1365	1727	1	1.0
1365	2193	1	1.0
1365	2249	1	1.0
1365	2569	1	1.0
1365	2833	1	1.0
1365	3006	1	1.0
1365	3024	1	1.0
1365	3358	1	1.0
1365	3548	1	1.0
1365	3565	1	1.0
1365	4089	1	1.0
1365	4733	1	1.0
1365	4773	1	1.0
1366	1402	1	1.0
1366	1466	1	1.0
1366	1483	1	1.0
1369	1399	0	1.0
1369	4111	0	1.0
1374	4981	1	1.0
1375	1402	1	1.0
1386	1387	1	1.0
1391	1395	1	1.0
1391	1418	1	1.0
1402	1411	1	1.0
1402	1412	1	1.0
1402	1418	1	1.0
1402	1426	1	1.0
1402	1432	1	1.0
1402	1433	1	1.0
1402	1439	1	1.0
1402	1440	1	1.0
1402	1442	1	1.0
1402	1449	1	1.0
1402	1453	1	1.0
1402	1455	1	1.0
1402	1458	1	1.0
1402	1460	1	1.0
1402	1461	1	1.0
1402	1465	1	1.0
1402	1466	1	1.0
1402	1468	1	1.0
1402	1469	1	1.0
1402	1470	1	1.0
1402	1471	1	1.0
1402	1475	1	1.0
1402	1477	1	1.0
1402	1478	1	1.0
1402	1479	1	1.0
1402	1480	1	1.0
1402	1482	1	1.0
1402	1483	1	1.0
1402	1490	1	1.0
1402	1493	1	1.0
1402	1495	1	1.0
1402	1500	1	1.0
1402	1502	1	1.0
1402	1507	1	1.0
1402	1509	1	1.0
1402	1516	1	1.0
1402	1526	1	1.0
1402	1531	1	1.0
1402	1537	1	1.0
1402	1545	1	1.0
1402	1564	1	1.0
1402	1568	1	1.0
1402	1571	1	1.0
1402	1574	1	1.0
1402	1580	1	1.0
1402	1581	1	1.0
1402	1585	1	1.0
1402	1587	1	1.0
1402	1594	1	1.0
1402	1607	1	1.0
1402	1608	1	1.0
1402	1623	1	1.0
1402	1624	1	1.0
1402	1625	1	1.0
1402	1631	1	1.0
1402	1639	1	1.0
1402	1641	1	1.0
1402	1643	1	1.0
1402	1662	1	1.0
1402	1670	1	1.0
1402	1672	1	1.0
1402	1684	1	1.0
1402	1716	1	1.0
1402	1745	1	1.0
1402	1749	1	1.0
1402	1756	1	1.0
1402	1774	1	1.0
1402	1793	1	1.0
1402	1809	1	1.0
1402	1852	1	1.0
1402	1858	1	1.0
1402	1980	1	1.0
1402	1986	1	1.0
1402	2002	1	1.0
1402	2062	1	1.0
1402	2135	1	1.0
1402	2238	1	1.0
1402	2243	1	1.0
1402	2384	1	1.0
1402	2428	1	1.0
1402	2682	1	1.0
1402	3755	1	1.0
1402	4169	1	1.0
1402	1463	0	1.0
1402	1497	0	1.0
1402	1518	0	1.0
1402	1598	0	1.0
1402	1701	0	1.0
1402	1715	0	1.0
1402	1796	0	1.0
1402	1811	0	1.0
1402	1962	0	1.0
1402	2170	0	1.0
1402	2200	0	1.0
1402	2304	0	1.0
1402	2503	0	1.0
1402	2582	0	1.0
1402	2598	0	1.0
1402	2600	0	1.0
1402	2603	0	1.0
1402	2604	0	1.0
1402	2623	0	1.0
1402	2624	0	1.0
1402	2625	0	1.0
1402	2626	0	1.0
1402	2627	0	1.0
1402	2628	0	1.0
1402	2629	0	1.0
1402	2630	0	1.0
1402	2631	0	1.0
1402	2632	0	1.0
1402	2633	0	1.0
1402	2639	0	1.0
1402	2640	0	1.0
1402	2641	0	1.0
1402	2643	0	1.0
1402	2644	0	1.0
1402	2645	0	1.0
1402	2658	0	1.0
1402	2659	0	1.0
1402	2806	0	1.0
1402	2877	0	1.0
1402	3662	0	1.0
1402	3663	0	1.0
1402	4229	0	1.0
1402	4262	0	1.0
1402	4282	0	1.0
1402	5383	0	1.0
1406	1410	1	1.0
1406	1458	1	1.0
1406	1469	1	1.0
1406	1526	1	1.0
1406	1936	1	1.0
1408	1785	1	1.0
1408	1980	1	1.0
1408	2154	1	1.0
1408	2431	1	1.0
1408	3618	1	1.0
1411	1412	1	1.0
1413	1425	1	1.0
1418	1754	1	1.0
1419	1564	1	1.0
1419	1668	1	1.0
1419	1845	1	1.0
1422	1430	1	1.0
1424	2569	1	1.0
1424	3242	1	1.0
1424	3859	1	1.0
1424	3995	1	1.0
1424	4740	1	1.0
1424	4968	1	1.0
1426	1477	1	1.0
1426	1485	1	1.0
1426	1725	1	1.0
1426	1809	1	1.0
1426	1846	1	1.0
1426	1852	1	1.0
1426	1980	1	1.0
1426	2006	1	1.0
1426	2012	1	1.0
1426	2071	1	1.0
1426	3433	0	1.0
1428	1482	1	1.0
1428	1581	1	1.0
1429	1698	1	1.0
1430	1448	1	1.0
1431	1785	1	1.0
1432	1461	1	1.0
1432	1493	1	1.0
1432	1526	1	1.0
1432	1535	1	1.0
1432	1554	1	1.0
1432	1560	1	1.0
1432	1670	1	1.0
1432	1716	1	1.0
1432	1793	1	1.0
1432	1913	1	1.0
1432	1986	1	1.0
1432	2012	1	1.0
1432	2135	1	1.0
1432	2355	1	1.0
1434	1461	1	1.0
1436	1624	1	1.0
1436	1787	1	1.0
1442	1516	1	1.0
1442	1594	1	1.0
1442	1719	1	1.0
1442	2571	1	1.0
1442	3505	1	1.0
1442	3433	0	1.0
1446	1560	1	1.0
1446	1615	1	1.0
1446	1736	1	1.0
1446	2353	1	1.0
1446	3562	1	1.0
1446	3765	1	1.0
1453	1468	1	1.0
1453	1471	1	1.0
1453	1478	1	1.0
1453	1509	1	1.0
1453	1510	1	1.0
1453	1526	1	1.0
1453	1537	1	1.0
1453	1545	1	1.0
1453	1564	1	1.0
1453	1580	1	1.0
1453	1581	1	1.0
1453	1594	1	1.0
1453	1643	1	1.0
1453	1756	1	1.0
1453	1789	1	1.0
1453	1794	1	1.0
1453	1804	1	1.0
1453	1965	1	1.0
1453	1598	0	1.0
1453	1699	0	1.0
1455	1483	1	1.0
1455	1598	1	1.0
1455	1643	1	1.0
1455	1662	1	1.0
1455	1684	1	1.0
1455	1785	1	1.0
1455	1809	1	1.0
1455	1980	1	1.0
1455	2010	1	1.0
1455	2125	1	1.0
1455	2135	1	1.0
1455	2225	1	1.0
1455	2241	1	1.0
1455	2329	1	1.0
1455	2405	1	1.0
1455	2571	1	1.0
1455	2710	1	1.0
1455	2894	1	1.0
1455	2921	1	1.0
1455	2994	1	1.0
1455	3638	1	1.0
1455	4043	1	1.0
1455	4071	1	1.0
1458	1459	1	1.0
1458	1461	1	1.0
1458	1509	1	1.0
1458	1537	1	1.0
1458	1565	1	1.0
1458	1587	1	1.0
1458	1607	1	1.0
1458	1624	1	1.0
1458	1626	1	1.0
1458	1662	1	1.0
1458	1678	1	1.0
1458	1726	1	1.0
1458	1778	1	1.0
1458	1793	1	1.0
1458	1947	1	1.0
1458	1980	1	1.0
1458	1998	1	1.0
1458	2010	1	1.0
1458	2101	1	1.0
1458	2115	1	1.0
1458	2205	1	1.0
1458	2206	1	1.0
1458	2250	1	1.0
1458	2329	1	1.0
1458	2571	1	1.0
1458	4071	1	1.0
1458	4422	1	1.0
1458	4425	1	1.0
1458	1755	0	1.0
1458	2170	0	1.0
1460	1461	1	1.0
1461	1462	1	1.0
1461	1684	1	1.0
1461	1710	1	1.0
1461	1978	1	1.0
1461	1980	1	1.0
1461	2256	1	1.0
1461	2401	1	1.0
1461	2571	1	1.0
1461	3032	1	1.0
1461	3437	1	1.0
1461	3503	1	1.0
1461	3735	1	1.0
1461	3793	1	1.0
1461	3812	1	1.0
1461	4240	1	1.0
1461	4521	1	1.0
1461	5001	1	1.0
1463	1643	1	1.0
1464	2086	1	1.0
1464	2142	1	1.0
1464	3766	1	1.0
1465	3814	1	1.0
1466	1467	1	1.0
1468	1497	1	1.0
1468	1537	1	1.0
1468	1594	1	1.0
1468	1643	1	1.0
1468	1678	1	1.0
1468	1698	1	1.0
1468	1722	1	1.0
1468	1748	1	1.0
1468	1756	1	1.0
1468	1785	1	1.0
1468	1796	1	1.0
1468	2751	1	1.0
1468	3469	1	1.0
1468	3561	1	1.0
1468	3607	1	1.0
1468	3622	1	1.0
1468	3670	1	1.0
1468	4434	1	1.0
1468	5003	1	1.0
1468	5216	1	1.0
1468	5255	1	1.0
1468	5341	1	1.0
1468	5385	1	1.0
1468	5386	1	1.0
1468	5410	1	1.0
1468	5411	1	1.0
1468	5424	1	1.0
1468	5698	1	1.0
1470	1846	1	1.0
1470	3876	1	1.0
1473	1493	1	1.0
1473	1495	1	1.0
1473	1510	1	1.0
1474	1502	1	1.0
1474	1867	1	1.0
1474	1979	1	1.0
1475	1526	1	1.0
1478	1497	1	1.0
1478	1715	1	1.0
1479	1516	1	1.0
1479	1595	1	1.0
1479	1707	1	1.0
1479	2185	0	1.0
1481	1526	1	1.0
1481	1696	1	1.0
1482	1483	1	1.0
1482	1643	1	1.0
1482	1678	1	1.0
1482	1913	1	1.0
1482	1955	1	1.0
1482	2135	1	1.0
1482	2170	1	1.0
1482	2234	1	1.0
1482	2256	1	1.0
1482	3091	1	1.0
1482	3173	1	1.0
1482	3219	1	1.0
1482	3253	1	1.0
1482	3339	1	1.0
1482	3469	1	1.0
1482	4101	1	1.0
1482	4179	1	1.0
1482	4262	1	1.0
1482	4616	1	1.0
1482	5293	1	1.0
1482	5410	1	1.0
1482	1793	0	1.0
1482	1980	0	1.0
1482	3647	0	1.0
1482	4229	0	1.0
1483	1486	1	1.0
1483	1526	1	1.0
1483	1594	1	1.0
1483	1646	1	1.0
1483	1715	1	1.0
1483	1778	1	1.0
1483	1787	1	1.0
1483	1808	1	1.0
1483	1834	1	1.0
1483	1846	1	1.0
1483	1980	1	1.0
1483	2010	1	1.0
1483	2198	1	1.0
1483	2225	1	1.0
1483	2335	1	1.0
1483	2404	1	1.0
1483	2646	1	1.0
1483	2651	1	1.0
1483	2662	1	1.0
1483	2700	1	1.0
1483	2863	1	1.0
1483	3347	1	1.0
1483	3622	1	1.0
1483	4071	1	1.0
1483	4195	1	1.0
1483	1497	0	1.0
1489	2863	1	1.0
1489	3618	0	1.0
1489	4071	0	1.0
1489	4169	0	1.0
1493	1497	1	1.0
1493	1502	1	1.0
1493	1516	1	1.0
1493	1564	1	1.0
1493	1643	1	1.0
1493	1673	1	1.0
1493	1698	1	1.0
1493	2803	0	1.0
1495	1526	1	1.0
1495	1608	1	1.0
1495	2456	1	1.0
1496	1510	1	1.0
1497	1498	1	1.0
1497	1510	1	1.0
1497	1526	1	1.0
1497	1531	1	1.0
1497	1533	1	1.0
1497	1537	1	1.0
1497	1571	1	1.0
1497	1756	1	1.0
1497	1785	1	1.0
1497	1808	1	1.0
1497	1809	1	1.0
1497	1843	1	1.0
1497	1846	1	1.0
1497	1956	1	1.0
1497	2006	1	1.0
1497	2027	1	1.0
1497	2071	1	1.0
1497	2081	1	1.0
1497	2086	1	1.0
1497	2097	1	1.0
1497	2125	1	1.0
1497	2195	1	1.0
1497	2554	1	1.0
1497	2559	1	1.0
1497	2594	1	1.0
1497	2606	1	1.0
1497	2607	1	1.0
1497	2608	1	1.0
1497	2609	1	1.0
1497	1594	0	1.0
1497	1643	0	1.0
1497	1899	0	1.0
1497	1948	0	1.0
1497	1980	0	1.0
1497	2115	0	1.0
1497	2206	0	1.0
1497	2209	0	1.0
1497	2225	0	1.0
1497	2230	0	1.0
1497	2238	0	1.0
1497	2297	0	1.0
1497	2484	0	1.0
1497	2596	0	1.0
1498	1502	1	1.0
1498	1526	1	1.0
1498	2402	1	1.0
1500	1518	1	1.0
1500	1537	1	1.0
1500	1785	1	1.0
1500	4470	0	1.0
1502	1511	1	1.0
1502	1517	1	1.0
1502	1710	1	1.0
1502	1726	1	1.0
1502	3843	1	1.0
1502	4089	1	1.0
1502	4325	1	1.0
1502	4509	1	1.0
1502	4823	1	1.0
1504	3269	1	1.0
1504	4423	1	1.0
1508	1809	1	1.0
1509	1516	1	1.0
1509	1525	1	1.0
1509	1526	1	1.0
1509	1535	1	1.0
1509	1536	1	1.0
1509	1537	1	1.0
1509	1543	1	1.0
1509	1551	1	1.0
1509	1555	1	1.0
1509	1556	1	1.0
1509	1568	1	1.0
1509	1594	1	1.0
1509	1643	1	1.0
1509	1684	1	1.0
1509	1698	1	1.0
1509	1722	1	1.0
1509	1726	1	1.0
1509	1727	1	1.0
1509	1809	1	1.0
1509	1910	1	1.0
1509	1952	1	1.0
1509	1990	1	1.0
1509	2010	1	1.0
1509	2086	1	1.0
1509	2117	1	1.0
1509	2159	1	1.0
1509	2165	1	1.0
1509	2186	1	1.0
1509	2206	1	1.0
1509	2225	1	1.0
1509	2329	1	1.0
1509	2335	1	1.0
1509	2419	1	1.0
1509	2551	1	1.0
1509	2569	1	1.0
1509	2677	1	1.0
1509	2710	1	1.0
1509	3042	1	1.0
1509	3548	1	1.0
1509	3701	1	1.0
1509	3708	1	1.0
1509	3793	1	1.0
1509	4071	1	1.0
1509	4303	1	1.0
1509	4434	1	1.0
1509	4701	1	1.0
1509	2179	0	1.0
1510	1626	1	1.0
1510	1643	1	1.0
1510	1679	1	1.0
1510	1698	1	1.0
1510	1715	1	1.0
1510	2256	1	1.0
1511	1980	1	1.0
1511	2010	1	1.0
1511	2066	1	1.0
1511	2125	1	1.0
1511	2335	1	1.0
1511	2414	1	1.0
1511	2504	1	1.0
1511	2519	1	1.0
1511	5605	1	1.0
1516	1520	1	1.0
1516	1530	1	1.0
1516	1557	1	1.0
1516	1564	1	1.0
1516	1580	1	1.0
1516	1581	1	1.0
1516	1639	1	1.0
1516	1642	1	1.0
1516	1679	1	1.0
1516	1698	1	1.0
1516	1723	1	1.0
1516	1852	1	1.0
1516	1699	0	1.0
1516	2238	0	1.0
1518	1519	1	1.0
1518	1537	1	1.0
1518	1547	1	1.0
1518	1557	1	1.0
1518	1562	1	1.0
1518	1569	1	1.0
1518	1609	1	1.0
1518	1655	1	1.0
1518	1664	1	1.0
1518	1665	1	1.0
1518	1683	1	1.0
1518	1734	1	1.0
1520	1527	1	1.0
1523	1549	1	1.0
1524	1564	1	1.0
1525	1526	1	1.0
1526	1534	1	1.0
1526	1536	1	1.0
1526	1537	1	1.0
1526	1538	1	1.0
1526	1539	1	1.0
1526	1540	1	1.0
1526	1543	1	1.0
1526	1545	1	1.0
1526	1546	1	1.0
1526	1547	1	1.0
1526	1551	1	1.0
1526	1556	1	1.0
1526	1560	1	1.0
1526	1562	1	1.0
1526	1563	1	1.0
1526	1564	1	1.0
1526	1567	1	1.0
1526	1568	1	1.0
1526	1569	1	1.0
1526	1570	1	1.0
1526	1571	1	1.0
1526	1577	1	1.0
1526	1578	1	1.0
1526	1585	1	1.0
1526	1589	1	1.0
1526	1594	1	1.0
1526	1597	1	1.0
1526	1599	1	1.0
1526	1602	1	1.0
1526	1603	1	1.0
1526	1604	1	1.0
1526	1605	1	1.0
1526	1607	1	1.0
1526	1611	1	1.0
1526	1612	1	1.0
1526	1613	1	1.0
1526	1614	1	1.0
1526	1619	1	1.0
1526	1621	1	1.0
1526	1624	1	1.0
1526	1626	1	1.0
1526	1632	1	1.0
1526	1635	1	1.0
1526	1639	1	1.0
1526	1647	1	1.0
1526	1660	1	1.0
1526	1670	1	1.0
1526	1716	1	1.0
1526	1793	1	1.0
1526	1980	1	1.0
1526	1986	1	1.0
1526	2012	1	1.0
1526	2016	1	1.0
1526	2183	1	1.0
1526	2196	1	1.0
1526	2317	1	1.0
1526	2385	1	1.0
1526	2441	1	1.0
1526	2551	1	1.0
1529	1542	1	1.0
1529	1560	1	1.0
1533	1684	1	1.0
1534	1594	1	1.0
1534	1785	1	1.0
1535	1545	1	1.0
1535	1571	1	1.0
1535	1575	1	1.0
1535	1643	1	1.0
1535	1778	1	1.0
1535	1853	1	1.0
1535	1942	1	1.0
1535	1979	1	1.0
1535	1990	1	1.0
1535	2055	1	1.0
1535	2135	1	1.0
1535	2145	1	1.0
1535	2154	1	1.0
1535	2219	1	1.0
1535	2225	1	1.0
1535	2297	1	1.0
1535	2331	1	1.0
1535	2456	1	1.0
1535	2894	1	1.0
1535	3476	1	1.0
1535	1608	0	1.0
1535	3647	0	1.0
1536	1537	1	1.0
1536	1594	1	1.0
1536	1619	1	1.0
1536	1663	1	1.0
1536	1696	1	1.0
1536	1715	1	1.0
1536	2248	1	1.0
1536	2461	1	1.0
1536	3433	0	1.0
1537	1541	1	1.0
1537	1553	1	1.0
1537	1559	1	1.0
1537	1571	1	1.0
1537	1572	1	1.0
1537	1581	1	1.0
1537	1588	1	1.0
1537	1592	1	1.0
1537	1594	1	1.0
1537	1616	1	1.0
1537	1619	1	1.0
1537	1625	1	1.0
1537	1643	1	1.0
1537	1662	1	1.0
1537	1692	1	1.0
1537	1696	1	1.0
1537	1710	1	1.0
1537	1718	1	1.0
1537	1745	1	1.0
1537	1756	1	1.0
1537	1785	1	1.0
1537	1796	1	1.0
1537	1809	1	1.0
1537	1832	1	1.0
1537	1837	1	1.0
1537	1840	1	1.0
1537	1858	1	1.0
1537	1863	1	1.0
1537	1871	1	1.0
1537	1955	1	1.0
1537	1969	1	1.0
1537	1980	1	1.0
1537	1989	1	1.0
1537	2035	1	1.0
1537	2037	1	1.0
1537	2040	1	1.0
1537	2071	1	1.0
1537	2115	1	1.0
1537	2125	1	1.0
1537	2184	1	1.0
1537	2195	1	1.0
1537	2225	1	1.0
1537	2243	1	1.0
1537	2263	1	1.0
1537	2329	1	1.0
1537	2482	1	1.0
1537	2491	1	1.0
1537	2528	1	1.0
1537	2844	1	1.0
1537	2913	1	1.0
1537	2920	1	1.0
1537	3348	1	1.0
1537	5466	1	1.0
1537	1558	0	1.0
1537	1699	0	1.0
1537	1793	0	1.0
1537	1802	0	1.0
1538	1846	1	1.0
1539	1684	1	1.0
1543	1874	1	1.0
1545	1942	1	1.0
1551	1564	1	1.0
1551	1578	1	1.0
1560	2014	1	1.0
1564	1601	1	1.0
1564	1602	1	1.0
1564	1603	1	1.0
1564	1610	1	1.0
1564	1626	1	1.0
1564	1635	1	1.0
1564	1641	1	1.0
1564	1642	1	1.0
1564	1678	1	1.0
1564	1689	1	1.0
1564	1704	1	1.0
1564	1713	1	1.0
1564	1730	1	1.0
1564	1741	1	1.0
1564	1759	1	1.0
1564	1789	1	1.0
1564	1854	1	1.0
1564	1920	1	1.0
1564	1939	1	1.0
1564	1953	1	1.0
1564	1955	1	1.0
1564	1973	1	1.0
1564	2014	1	1.0
1564	2023	1	1.0
1564	2060	1	1.0
1564	2065	1	1.0
1564	2086	1	1.0
1564	2095	1	1.0
1564	2117	1	1.0
1564	2121	1	1.0
1564	2134	1	1.0
1564	2173	1	1.0
1564	2181	1	1.0
1564	2219	1	1.0
1564	2246	1	1.0
1564	2252	1	1.0
1564	2260	1	1.0
1564	2295	1	1.0
1564	2404	1	1.0
1564	2417	1	1.0
1564	2569	1	1.0
1564	2591	1	1.0
1564	2670	1	1.0
1564	2783	1	1.0
1564	2968	1	1.0
1564	2971	1	1.0
1564	3032	1	1.0
1564	3052	1	1.0
1564	3237	1	1.0
1564	3293	1	1.0
1564	4213	1	1.0
1564	4841	1	1.0
1564	4967	1	1.0
1564	4996	1	1.0
1564	1617	0	1.0
1564	1659	0	1.0
1564	1736	0	1.0
1565	2238	1	1.0
1565	3312	1	1.0
1568	1594	1	1.0
1568	1658	1	1.0
1568	1669	1	1.0
1568	1702	1	1.0
1568	1703	1	1.0
1568	2183	1	1.0
1568	1699	0	1.0
1570	1785	1	1.0
1571	1575	1	1.0
1571	1594	1	1.0
1571	1635	1	1.0
1571	1684	1	1.0
1571	1745	1	1.0
1571	1774	1	1.0
1571	1986	1	1.0
1571	1990	1	1.0
1571	2002	1	1.0
1571	2140	1	1.0
1571	2183	1	1.0
1571	2194	1	1.0
1571	2256	1	1.0
1571	2315	1	1.0
1571	2330	1	1.0
1571	2456	1	1.0
1571	2528	1	1.0
1571	2571	1	1.0
1571	2654	1	1.0
1571	2819	1	1.0
1571	2827	1	1.0
1571	3024	1	1.0
1571	3116	1	1.0
1571	3130	1	1.0
1571	3294	1	1.0
1571	3345	1	1.0
1575	1698	1	1.0
1575	1751	1	1.0
1575	2011	1	1.0
1575	2073	1	1.0
1575	2293	1	1.0
1575	2991	1	1.0
1575	3494	1	1.0
1578	1587	1	1.0
1580	1581	1	1.0
1580	1591	1	1.0
1580	2206	0	1.0
1581	1606	1	1.0
1581	1611	1	1.0
1581	1616	1	1.0
1581	1643	1	1.0
1581	1645	1	1.0
1581	1660	1	1.0
1581	1679	1	1.0
1581	1698	1	1.0
1581	1722	1	1.0
1581	1785	1	1.0
1581	1795	1	1.0
1581	1808	1	1.0
1581	1834	1	1.0
1581	1865	1	1.0
1581	1867	1	1.0
1581	1884	1	1.0
1581	1885	1	1.0
1581	1980	1	1.0
1581	2006	1	1.0
1581	2010	1	1.0
1581	2015	1	1.0
1581	2134	1	1.0
1581	2323	1	1.0
1581	2328	1	1.0
1581	2335	1	1.0
1581	2651	1	1.0
1581	2778	1	1.0
1581	3349	1	1.0
1581	3439	1	1.0
1581	3467	1	1.0
1581	3594	1	1.0
1581	3618	1	1.0
1581	3644	1	1.0
1581	3801	1	1.0
1581	4071	1	1.0
1581	4089	1	1.0
1581	4181	1	1.0
1581	4233	1	1.0
1581	4467	1	1.0
1581	3647	0	1.0
1584	2675	1	1.0
1585	2010	1	1.0
1586	2355	1	1.0
1587	1612	1	1.0
1587	1619	1	1.0
1587	1622	1	1.0
1587	1625	1	1.0
1587	1638	1	1.0
1589	1594	1	1.0
1589	1785	1	1.0
1589	1809	1	1.0
1589	1990	1	1.0
1589	2010	1	1.0
1589	2071	1	1.0
1589	3347	1	1.0
1589	3443	1	1.0
1589	3617	1	1.0
1589	3724	1	1.0
1589	4028	1	1.0
1589	4048	1	1.0
1589	4071	1	1.0
1589	4084	1	1.0
1589	4089	1	1.0
1589	4101	1	1.0
1589	4406	1	1.0
1589	4733	1	1.0
1589	1989	0	1.0
1589	4205	0	1.0
1592	2095	1	1.0
1594	1596	1	1.0
1594	1643	1	1.0
1594	1661	1	1.0
1594	1662	1	1.0
1594	1679	1	1.0
1594	1684	1	1.0
1594	1692	1	1.0
1594	1726	1	1.0
1594	1743	1	1.0
1594	1745	1	1.0
1594	1774	1	1.0
1594	1778	1	1.0
1594	1785	1	1.0
1594	1787	1	1.0
1594	1795	1	1.0
1594	1796	1	1.0
1594	1846	1	1.0
1594	1899	1	1.0
1594	1937	1	1.0
1594	1980	1	1.0
1594	1990	1	1.0
1594	2071	1	1.0
1594	2101	1	1.0
1594	2115	1	1.0
1594	2117	1	1.0
1594	2125	1	1.0
1594	2130	1	1.0
1594	2154	1	1.0
1594	2206	1	1.0
1594	2247	1	1.0
1594	2256	1	1.0
1594	2260	1	1.0
1594	2280	1	1.0
1594	2315	1	1.0
1594	2569	1	1.0
1594	2571	1	1.0
1594	2675	1	1.0
1594	2778	1	1.0
1594	2819	1	1.0
1594	2863	1	1.0
1594	3091	1	1.0
1594	3100	1	1.0
1594	3135	1	1.0
1594	3227	1	1.0
1594	3242	1	1.0
1594	3347	1	1.0
1594	3348	1	1.0
1594	3362	1	1.0
1594	3440	1	1.0
1594	3469	1	1.0
1594	3553	1	1.0
1594	3560	1	1.0
1594	3596	1	1.0
1594	3617	1	1.0
1594	3618	1	1.0
1594	3682	1	1.0
1594	3775	1	1.0
1594	3793	1	1.0
1594	3822	1	1.0
1594	3849	1	1.0
1594	4000	1	1.0
1594	4071	1	1.0
1594	4087	1	1.0
1594	4132	1	1.0
1594	4163	1	1.0
1594	4169	1	1.0
1594	4183	1	1.0
1594	4311	1	1.0
1594	4968	1	1.0
1594	5263	1	1.0
1594	5410	1	1.0
1594	1715	0	1.0
1594	1913	0	1.0
1594	1962	0	1.0
1594	2152	0	1.0
1594	2615	0	1.0
1594	4229	0	1.0
1594	4405	0	1.0
1594	4526	0	1.0
1594	4533	0	1.0
1594	4538	0	1.0
1594	4539	0	1.0
1594	4540	0	1.0
1594	4551	0	1.0
1594	4552	0	1.0
1594	4553	0	1.0
1594	4554	0	1.0
1594	4555	0	1.0
1594	4558	0	1.0
1596	3603	1	1.0
1598	1641	0	1.0
1599	1980	1	1.0
1599	5153	1	1.0
1599	5374	1	1.0
1599	2803	0	1.0
1599	5016	0	1.0
1600	2309	1	1.0
1601	1715	1	1.0
1601	1862	1	1.0
1601	1868	1	1.0
1601	1920	1	1.0
1601	1957	1	1.0
1602	1603	1	1.0
1603	1639	0	1.0
1607	1698	1	1.0
1607	1715	1	1.0
1607	1755	1	1.0
1607	1785	1	1.0
1607	1808	1	1.0
1607	1834	1	1.0
1607	1913	1	1.0
1607	1980	1	1.0
1607	2238	1	1.0
1607	2484	1	1.0
1607	2571	1	1.0
1607	2651	1	1.0
1607	2664	1	1.0
1607	2698	1	1.0
1607	2863	1	1.0
1607	3116	1	1.0
1607	3261	1	1.0
1607	3347	1	1.0
1607	3440	1	1.0
1607	3580	1	1.0
1607	3617	1	1.0
1607	3638	1	1.0
1607	3642	1	1.0
1607	3653	1	1.0
1607	3793	1	1.0
1607	3812	1	1.0
1607	3891	1	1.0
1607	4144	1	1.0
1607	4146	1	1.0
1607	4152	1	1.0
1607	4169	1	1.0
1607	4195	1	1.0
1607	4258	1	1.0
1607	4303	1	1.0
1607	4481	1	1.0
1607	4071	0	1.0
1608	1634	1	1.0
1608	1650	1	1.0
1608	1643	0	1.0
1613	1721	1	1.0
1613	1980	1	1.0
1615	1652	1	1.0
1615	1680	1	1.0
1615	2206	0	1.0
1615	2803	0	1.0
1616	1623	1	1.0
1616	1624	1	1.0
1616	1628	1	1.0
1616	1843	1	1.0
1616	1913	1	1.0
1616	1990	1	1.0
1616	2071	1	1.0
1616	2115	1	1.0
1616	2141	1	1.0
1616	2241	1	1.0
1616	2288	1	1.0
1616	2321	1	1.0
1616	2359	1	1.0
1616	3088	1	1.0
1616	3291	1	1.0
1616	3476	1	1.0
1616	3622	1	1.0
1616	4089	1	1.0
1616	4143	1	1.0
1616	4216	1	1.0
1616	4434	1	1.0
1616	5423	1	1.0
1616	1962	0	1.0
1616	3647	0	1.0
1616	5431	0	1.0
1618	1623	1	1.0
1619	1785	1	1.0
1619	1684	0	1.0
1621	1790	1	1.0
1623	1662	1	1.0
1623	1711	1	1.0
1623	2571	1	1.0
1623	3638	1	1.0
1623	2803	0	1.0
1624	1643	1	1.0
1624	1662	1	1.0
1624	1676	1	1.0
1624	1684	1	1.0
1624	1697	1	1.0
1624	1698	1	1.0
1624	1751	1	1.0
1624	1778	1	1.0
1624	1846	1	1.0
1624	1852	1	1.0
1624	1862	1	1.0
1624	1874	1	1.0
1624	1926	1	1.0
1624	1943	1	1.0
1624	1980	1	1.0
1624	1999	1	1.0
1624	2010	1	1.0
1624	2071	1	1.0
1624	2131	1	1.0
1624	2157	1	1.0
1624	2206	1	1.0
1624	2215	1	1.0
1624	2225	1	1.0
1624	2285	1	1.0
1624	2337	1	1.0
1624	2338	1	1.0
1624	2484	1	1.0
1624	2489	1	1.0
1624	2514	1	1.0
1624	2520	1	1.0
1624	2551	1	1.0
1624	2571	1	1.0
1624	2810	1	1.0
1624	2915	1	1.0
1624	3521	1	1.0
1624	3548	1	1.0
1624	3565	1	1.0
1624	3594	1	1.0
1624	3703	1	1.0
1624	1785	0	1.0
1624	2238	0	1.0
1625	1637	1	1.0
1626	1643	1	1.0
1626	1698	1	1.0
1626	1745	1	1.0
1626	1754	1	1.0
1626	1771	1	1.0
1626	1806	1	1.0
1626	1809	1	1.0
1626	1827	1	1.0
1626	1834	1	1.0
1626	1882	1	1.0
1626	1969	1	1.0
1626	2002	1	1.0
1633	1634	1	1.0
1634	1786	1	1.0
1634	1787	1	1.0
1634	1946	1	1.0
1635	1639	1	1.0
1635	1692	1	1.0
1635	1805	1	1.0
1635	1809	1	1.0
1635	2536	1	1.0
1638	1715	1	1.0
1638	2006	1	1.0
1638	2033	1	1.0
1638	2062	1	1.0
1638	2528	1	1.0
1638	2551	1	1.0
1638	2675	1	1.0
1638	2863	1	1.0
1638	3638	1	1.0
1638	3793	1	1.0
1638	3891	1	1.0
1638	4048	1	1.0
1638	4218	1	1.0
1638	4283	1	1.0
1638	4420	1	1.0
1638	1962	0	1.0
1638	3647	0	1.0
1639	1716	1	1.0
1639	1774	1	1.0
1639	1793	1	1.0
1639	1823	1	1.0
1639	1827	1	1.0
1639	1846	1	1.0
1639	1955	1	1.0
1639	1986	1	1.0
1639	1992	1	1.0
1639	2007	1	1.0
1639	2013	1	1.0
1639	2130	1	1.0
1639	3469	1	1.0
1639	1802	0	1.0
1639	4262	0	1.0
1642	1674	1	1.0
1643	1662	1	1.0
1643	1678	1	1.0
1643	1684	1	1.0
1643	1692	1	1.0
1643	1698	1	1.0
1643	1718	1	1.0
1643	1733	1	1.0
1643	1761	1	1.0
1643	1785	1	1.0
1643	1808	1	1.0
1643	1868	1	1.0
1643	1899	1	1.0
1643	1913	1	1.0
1643	1935	1	1.0
1643	2069	1	1.0
1643	2456	1	1.0
1643	2510	1	1.0
1643	2654	1	1.0
1643	2751	1	1.0
1643	2869	1	1.0
1643	3561	1	1.0
1643	2135	0	1.0
1646	1894	1	1.0
1646	5821	1	1.0
1649	1656	1	1.0
1650	1651	1	1.0
1650	1662	1	1.0
1650	1684	1	1.0
1650	1698	1	1.0
1650	1809	1	1.0
1650	1984	1	1.0
1650	3006	0	1.0
1652	2803	0	1.0
1653	1715	1	1.0
1660	1790	1	1.0
1661	1809	1	1.0
1661	1843	1	1.0
1661	1846	1	1.0
1661	1881	1	1.0
1661	1715	0	1.0
1662	1678	1	1.0
1662	1692	1	1.0
1662	1745	1	1.0
1662	1746	1	1.0
1662	1748	1	1.0
1662	1763	1	1.0
1662	1786	1	1.0
1662	1846	1	1.0
1662	1899	1	1.0
1662	1951	1	1.0
1662	1958	1	1.0
1662	1976	1	1.0
1662	1979	1	1.0
1662	2031	1	1.0
1662	2056	1	1.0
1662	2057	1	1.0
1662	2071	1	1.0
1662	1715	0	1.0
1663	1979	1	1.0
1663	2035	1	1.0
1663	2108	1	1.0
1666	1698	1	1.0
1670	2115	1	1.0
1670	2413	1	1.0
1670	2827	1	1.0
1670	2995	1	1.0
1671	4262	0	1.0
1672	1922	1	1.0
1673	1678	1	1.0
1676	1716	1	1.0
1676	1852	1	1.0
1676	2441	1	1.0
1676	2470	1	1.0
1676	2551	1	1.0
1676	3006	1	1.0
1676	1899	0	1.0
1678	1929	1	1.0
1678	1963	1	1.0
1678	2023	1	1.0
1678	2125	1	1.0
1678	2135	1	1.0
1678	2173	1	1.0
1678	2510	1	1.0
1678	2638	1	1.0
1678	2751	1	1.0
1678	2783	1	1.0
1678	3100	1	1.0
1678	3219	1	1.0
1678	3338	1	1.0
1678	3469	1	1.0
1678	3561	1	1.0
1678	3607	1	1.0
1678	3622	1	1.0
1678	3735	1	1.0
1678	4086	1	1.0
1678	4262	1	1.0
1678	4434	1	1.0
1678	4685	1	1.0
1678	4827	1	1.0
1678	4909	1	1.0
1678	5003	1	1.0
1678	5057	1	1.0
1678	5255	1	1.0
1678	5386	1	1.0
1678	5410	1	1.0
1678	5411	1	1.0
1678	5417	1	1.0
1678	5424	1	1.0
1678	5426	1	1.0
1678	5427	1	1.0
1678	5507	1	1.0
1678	5513	1	1.0
1678	5692	1	1.0
1678	5697	1	1.0
1678	5843	1	1.0
1678	1793	0	1.0
1678	5659	0	1.0
1679	1684	1	1.0
1679	1734	1	1.0
1679	1682	0	1.0
1683	1698	1	1.0
1684	1692	1	1.0
1684	1778	1	1.0
1684	1796	1	1.0
1684	1809	1	1.0
1684	1846	1	1.0
1684	1913	1	1.0
1684	2006	1	1.0
1684	2010	1	1.0
1684	2027	1	1.0
1684	2039	1	1.0
1684	2044	1	1.0
1684	2046	1	1.0
1684	2057	1	1.0
1684	2071	1	1.0
1684	2088	1	1.0
1684	2101	1	1.0
1684	2115	1	1.0
1684	2154	1	1.0
1684	2238	1	1.0
1684	2309	1	1.0
1684	2329	1	1.0
1684	2467	1	1.0
1684	2470	1	1.0
1684	2520	1	1.0
1684	2546	1	1.0
1684	2569	1	1.0
1684	2571	1	1.0
1684	2635	1	1.0
1684	2654	1	1.0
1684	2675	1	1.0
1684	2778	1	1.0
1684	2806	1	1.0
1684	2819	1	1.0
1684	2863	1	1.0
1684	3025	1	1.0
1684	3348	1	1.0
1684	3603	1	1.0
1684	3618	1	1.0
1684	3704	1	1.0
1684	3793	1	1.0
1684	3855	1	1.0
1684	3891	1	1.0
1684	3999	1	1.0
1684	4071	1	1.0
1684	4089	1	1.0
1684	4132	1	1.0
1684	4169	1	1.0
1684	4183	1	1.0
1684	4240	1	1.0
1684	4316	1	1.0
1684	4393	1	1.0
1684	4406	1	1.0
1684	4494	1	1.0
1684	4565	1	1.0
1684	4665	1	1.0
1684	4719	1	1.0
1684	4733	1	1.0
1684	4866	1	1.0
1684	5215	1	1.0
1684	5488	1	1.0
1684	5498	1	1.0
1684	1715	0	1.0
1684	1980	0	1.0
1684	2038	0	1.0
1688	1959	1	1.0
1688	3032	1	1.0
1688	3055	1	1.0
1688	3116	1	1.0
1688	3117	1	1.0
1688	3255	1	1.0
1688	3647	1	1.0
1690	4121	1	1.0
1692	1715	1	1.0
1692	1748	1	1.0
1692	1785	1	1.0
1692	1955	1	1.0
1692	2225	1	1.0
1692	2269	1	1.0
1692	2551	1	1.0
1692	2861	1	1.0
1692	3006	1	1.0
1692	3025	1	1.0
1692	5365	1	1.0
1692	5593	1	1.0
1692	1980	0	1.0
1694	2141	1	1.0
1694	3822	1	1.0
1694	4071	0	1.0
1695	1697	1	1.0
1695	1698	1	1.0
1695	1769	1	1.0
1695	3374	1	1.0
1696	1700	1	1.0
1696	1710	1	1.0
1696	1767	1	1.0
1696	1779	1	1.0
1696	1796	1	1.0
1696	2100	1	1.0
1696	2116	1	1.0
1696	2404	1	1.0
1696	2571	1	1.0
1696	2731	1	1.0
1696	2765	1	1.0
1696	2811	1	1.0
1696	4103	1	1.0
1696	4104	1	1.0
1696	3647	0	1.0
1697	1715	1	1.0
1697	1720	1	1.0
1697	1735	1	1.0
1697	1785	1	1.0
1697	1809	1	1.0
1697	1874	1	1.0
1697	2006	1	1.0
1697	2225	1	1.0
1697	2710	1	1.0
1697	4071	0	1.0
1698	1700	1	1.0
1698	1708	1	1.0
1698	1709	1	1.0
1698	1710	1	1.0
1698	1719	1	1.0
1698	1725	1	1.0
1698	1727	1	1.0
1698	1740	1	1.0
1698	1744	1	1.0
1698	1752	1	1.0
1698	1753	1	1.0
1698	1763	1	1.0
1698	1770	1	1.0
1698	1775	1	1.0
1698	1776	1	1.0
1698	1780	1	1.0
1698	1809	1	1.0
1698	1820	1	1.0
1698	1821	1	1.0
1698	1825	1	1.0
1698	1834	1	1.0
1698	1843	1	1.0
1698	1848	1	1.0
1698	1864	1	1.0
1698	1866	1	1.0
1698	1867	1	1.0
1698	1868	1	1.0
1698	1878	1	1.0
1698	1883	1	1.0
1698	1884	1	1.0
1698	1886	1	1.0
1698	1889	1	1.0
1698	1890	1	1.0
1698	1891	1	1.0
1698	1892	1	1.0
1698	1894	1	1.0
1698	1910	1	1.0
1698	2153	1	1.0
1698	2332	1	1.0
1698	1699	0	1.0
1698	1715	0	1.0
1698	3849	0	1.0
1698	4107	0	1.0
1700	1785	1	1.0
1700	1809	1	1.0
1700	1846	1	1.0
1700	2225	1	1.0
1700	1715	0	1.0
1700	2206	0	1.0
1700	2229	0	1.0
1700	2238	0	1.0
1707	1715	1	1.0
1707	1980	1	1.0
1709	3638	1	1.0
1709	4095	1	1.0
1710	1715	1	1.0
1710	1742	1	1.0
1710	1785	1	1.0
1710	1846	1	1.0
1710	2238	1	1.0
1710	2010	0	1.0
1712	2071	1	1.0
1715	1718	1	1.0
1715	1728	1	1.0
1715	1729	1	1.0
1715	1734	1	1.0
1715	1735	1	1.0
1715	1743	1	1.0
1715	1750	1	1.0
1715	1751	1	1.0
1715	1766	1	1.0
1715	1800	1	1.0
1715	1801	1	1.0
1715	1802	1	1.0
1715	1805	1	1.0
1715	1814	1	1.0
1715	1816	1	1.0
1715	1820	1	1.0
1715	1822	1	1.0
1715	1825	1	1.0
1715	1828	1	1.0
1715	1829	1	1.0
1715	1831	1	1.0
1715	1833	1	1.0
1715	1843	1	1.0
1715	1851	1	1.0
1715	1869	1	1.0
1715	1878	1	1.0
1715	1885	1	1.0
1715	1900	1	1.0
1715	1917	1	1.0
1715	1918	1	1.0
1715	1919	1	1.0
1715	1920	1	1.0
1715	1926	1	1.0
1715	1934	1	1.0
1715	1946	1	1.0
1715	1949	1	1.0
1715	1961	1	1.0
1715	1967	1	1.0
1715	1981	1	1.0
1715	1983	1	1.0
1715	1995	1	1.0
1715	2021	1	1.0
1715	4460	1	1.0
1715	1809	0	1.0
1715	1867	0	1.0
1715	1913	0	1.0
1715	1980	0	1.0
1716	1726	1	1.0
1716	1792	1	1.0
1716	1793	1	1.0
1716	1859	1	1.0
1716	4218	0	1.0
1718	1761	1	1.0
1718	1867	1	1.0
1718	2803	0	1.0
1719	2902	1	1.0
1722	1737	1	1.0
1722	1809	1	1.0
1722	1981	1	1.0
1722	3891	1	1.0
1726	1778	1	1.0
1726	1785	1	1.0
1726	1799	1	1.0
1726	1874	1	1.0
1726	1878	1	1.0
1726	1942	1	1.0
1726	2071	1	1.0
1726	2084	1	1.0
1726	2269	1	1.0
1726	2357	1	1.0
1726	2414	1	1.0
1726	2551	1	1.0
1726	2573	1	1.0
1726	2860	1	1.0
1726	2876	1	1.0
1726	2894	1	1.0
1726	3254	1	1.0
1726	3358	1	1.0
1726	3390	1	1.0
1726	3603	1	1.0
1726	3800	1	1.0
1726	3891	1	1.0
1726	3995	1	1.0
1726	4071	1	1.0
1726	4169	1	1.0
1726	4406	1	1.0
1726	4890	1	1.0
1726	5365	1	1.0
1726	5504	1	1.0
1726	5521	1	1.0
1726	5595	1	1.0
1727	1732	1	1.0
1727	1874	1	1.0
1727	2331	1	1.0
1727	2470	1	1.0
1728	1755	1	1.0
1731	2210	1	1.0
1734	1742	1	1.0
1734	1753	1	1.0
1734	1755	1	1.0
1734	1980	1	1.0
1734	2115	1	1.0
1734	2571	1	1.0
1734	3594	1	1.0
1735	2278	1	1.0
1736	1990	0	1.0
1736	2116	0	1.0
1736	2238	0	1.0
1736	2803	0	1.0
1738	2247	1	1.0
1738	2569	1	1.0
1741	1771	1	1.0
1743	2701	1	1.0
1745	1756	1	1.0
1745	1778	1	1.0
1745	1785	1	1.0
1745	1796	1	1.0
1745	1808	1	1.0
1745	1809	1	1.0
1745	1852	1	1.0
1745	1863	1	1.0
1745	1894	1	1.0
1745	1910	1	1.0
1745	1942	1	1.0
1745	1980	1	1.0
1745	2084	1	1.0
1745	2115	1	1.0
1745	2136	1	1.0
1745	2141	1	1.0
1745	2142	1	1.0
1745	2154	1	1.0
1745	2168	1	1.0
1745	2169	1	1.0
1745	2170	1	1.0
1745	2212	1	1.0
1745	2218	1	1.0
1745	2280	1	1.0
1745	2310	1	1.0
1745	2344	1	1.0
1745	2675	1	1.0
1745	2682	1	1.0
1745	2751	1	1.0
1745	2778	1	1.0
1745	2863	1	1.0
1745	2944	1	1.0
1745	3041	1	1.0
1745	3056	1	1.0
1745	3267	1	1.0
1745	3630	1	1.0
1745	3650	1	1.0
1745	3696	1	1.0
1745	3783	1	1.0
1745	3891	1	1.0
1745	3995	1	1.0
1745	4078	1	1.0
1745	4169	1	1.0
1745	1878	0	1.0
1745	1962	0	1.0
1745	2495	0	1.0
1745	2496	0	1.0
1745	2498	0	1.0
1745	2502	0	1.0
1745	2827	0	1.0
1745	3647	0	1.0
1746	1846	1	1.0
1746	1976	1	1.0
1746	1980	1	1.0
1751	1809	1	1.0
1751	1980	1	1.0
1751	2771	1	1.0
1754	1758	1	1.0
1754	4175	0	1.0
1755	1756	1	1.0
1755	1766	1	1.0
1756	1785	1	1.0
1756	1796	1	1.0
1756	1878	1	1.0
1756	1885	1	1.0
1756	1901	0	1.0
1761	1785	1	1.0
1761	2032	1	1.0
1763	1785	1	1.0
1763	1809	1	1.0
1763	1846	1	1.0
1763	1980	1	1.0
1763	2071	1	1.0
1763	2225	1	1.0
1763	2238	1	1.0
1763	2256	1	1.0
1763	2571	1	1.0
1763	2710	1	1.0
1763	3267	1	1.0
1763	3358	1	1.0
1763	5247	1	1.0
1767	1790	1	1.0
1768	2470	1	1.0
1774	1785	1	1.0
1774	2071	1	1.0
1774	4472	1	1.0
1774	4478	1	1.0
1778	1785	1	1.0
1778	1846	1	1.0
1778	1937	1	1.0
1778	1940	1	1.0
1778	1976	1	1.0
1778	1990	1	1.0
1778	2010	1	1.0
1778	2062	1	1.0
1778	2066	1	1.0
1778	2071	1	1.0
1778	2117	1	1.0
1778	2135	1	1.0
1778	2141	1	1.0
1778	2154	1	1.0
1778	2206	1	1.0
1778	2234	1	1.0
1778	2256	1	1.0
1778	2280	1	1.0
1778	2297	1	1.0
1778	2309	1	1.0
1778	2329	1	1.0
1778	2349	1	1.0
1778	2376	1	1.0
1778	2404	1	1.0
1778	2528	1	1.0
1778	2533	1	1.0
1778	2534	1	1.0
1778	2551	1	1.0
1778	2569	1	1.0
1778	2571	1	1.0
1778	2613	1	1.0
1778	2664	1	1.0
1778	2675	1	1.0
1778	2700	1	1.0
1778	2705	1	1.0
1778	2806	1	1.0
1778	2827	1	1.0
1778	2894	1	1.0
1778	2915	1	1.0
1778	2920	1	1.0
1778	2956	1	1.0
1778	3013	1	1.0
1778	3135	1	1.0
1778	3138	1	1.0
1778	3219	1	1.0
1778	3347	1	1.0
1778	3348	1	1.0
1778	3358	1	1.0
1778	3476	1	1.0
1778	3603	1	1.0
1778	3630	1	1.0
1778	3638	1	1.0
1778	3790	1	1.0
1778	3793	1	1.0
1778	3891	1	1.0
1778	4071	1	1.0
1778	4101	1	1.0
1778	4169	1	1.0
1778	4213	1	1.0
1778	4356	1	1.0
1778	4378	1	1.0
1778	4383	1	1.0
1778	4406	1	1.0
1778	4448	1	1.0
1778	4494	1	1.0
1778	4565	1	1.0
1778	4615	1	1.0
1778	4620	1	1.0
1778	4728	1	1.0
1778	4865	1	1.0
1778	4932	1	1.0
1778	5141	1	1.0
1778	5344	1	1.0
1778	1980	0	1.0
1778	2199	0	1.0
1778	2491	0	1.0
1778	3174	0	1.0
1778	3910	0	1.0
1778	4569	0	1.0
1778	4790	0	1.0
1780	1864	1	1.0
1783	1809	1	1.0
1784	1785	1	1.0
1785	1795	1	1.0
1785	1797	1	1.0
1785	1799	1	1.0
1785	1809	1	1.0
1785	1843	1	1.0
1785	1846	1	1.0
1785	1858	1	1.0
1785	1861	1	1.0
1785	1866	1	1.0
1785	1867	1	1.0
1785	1879	1	1.0
1785	1884	1	1.0
1785	1893	1	1.0
1785	1896	1	1.0
1785	1898	1	1.0
1785	1899	1	1.0
1785	1908	1	1.0
1785	1913	1	1.0
1785	1918	1	1.0
1785	1942	1	1.0
1785	1951	1	1.0
1785	1958	1	1.0
1785	1976	1	1.0
1785	1990	1	1.0
1785	1997	1	1.0
1785	2000	1	1.0
1785	2002	1	1.0
1785	2004	1	1.0
1785	2005	1	1.0
1785	2006	1	1.0
1785	2022	1	1.0
1785	2024	1	1.0
1785	2061	1	1.0
1785	2062	1	1.0
1785	2067	1	1.0
1785	2071	1	1.0
1785	2073	1	1.0
1785	2125	1	1.0
1785	2129	1	1.0
1785	2141	1	1.0
1785	2161	1	1.0
1785	2177	1	1.0
1785	2199	1	1.0
1785	2201	1	1.0
1785	2206	1	1.0
1785	2207	1	1.0
1785	2225	1	1.0
1785	2229	1	1.0
1785	2238	1	1.0
1785	2263	1	1.0
1785	2269	1	1.0
1785	2272	1	1.0
1785	2273	1	1.0
1785	2285	1	1.0
1785	2299	1	1.0
1785	2310	1	1.0
1785	2315	1	1.0
1785	2326	1	1.0
1785	2328	1	1.0
1785	2351	1	1.0
1785	2364	1	1.0
1785	2371	1	1.0
1785	2376	1	1.0
1785	2397	1	1.0
1785	2424	1	1.0
1785	2427	1	1.0
1785	2430	1	1.0
1785	2439	1	1.0
1785	2449	1	1.0
1785	2460	1	1.0
1785	2467	1	1.0
1785	2470	1	1.0
1785	2484	1	1.0
1785	2505	1	1.0
1785	2513	1	1.0
1785	2518	1	1.0
1785	2523	1	1.0
1785	2533	1	1.0
1785	2537	1	1.0
1785	2551	1	1.0
1785	2565	1	1.0
1785	2571	1	1.0
1785	2579	1	1.0
1785	2583	1	1.0
1785	2594	1	1.0
1785	2606	1	1.0
1785	2607	1	1.0
1785	2609	1	1.0
1785	2647	1	1.0
1785	2654	1	1.0
1785	2675	1	1.0
1785	2690	1	1.0
1785	2692	1	1.0
1785	2693	1	1.0
1785	2698	1	1.0
1785	2710	1	1.0
1785	2743	1	1.0
1785	2755	1	1.0
1785	2790	1	1.0
1785	2803	1	1.0
1785	2813	1	1.0
1785	2814	1	1.0
1785	2826	1	1.0
1785	2829	1	1.0
1785	2847	1	1.0
1785	2848	1	1.0
1785	2858	1	1.0
1785	2863	1	1.0
1785	2865	1	1.0
1785	2881	1	1.0
1785	2884	1	1.0
1785	2891	1	1.0
1785	2916	1	1.0
1785	2926	1	1.0
1785	2935	1	1.0
1785	2939	1	1.0
1785	2948	1	1.0
1785	2950	1	1.0
1785	2959	1	1.0
1785	2961	1	1.0
1785	2982	1	1.0
1785	2991	1	1.0
1785	2998	1	1.0
1785	3042	1	1.0
1785	3068	1	1.0
1785	3081	1	1.0
1785	3098	1	1.0
1785	3103	1	1.0
1785	3113	1	1.0
1785	3114	1	1.0
1785	3123	1	1.0
1785	3126	1	1.0
1785	3139	1	1.0
1785	3154	1	1.0
1785	3207	1	1.0
1785	3217	1	1.0
1785	3226	1	1.0
1785	3235	1	1.0
1785	3239	1	1.0
1785	3240	1	1.0
1785	3251	1	1.0
1785	3267	1	1.0
1785	3272	1	1.0
1785	3309	1	1.0
1785	3332	1	1.0
1785	3348	1	1.0
1785	3358	1	1.0
1785	3414	1	1.0
1785	3432	1	1.0
1785	3443	1	1.0
1785	3480	1	1.0
1785	3483	1	1.0
1785	3537	1	1.0
1785	3548	1	1.0
1785	3554	1	1.0
1785	3560	1	1.0
1785	3565	1	1.0
1785	3622	1	1.0
1785	3630	1	1.0
1785	3696	1	1.0
1785	3709	1	1.0
1785	3775	1	1.0
1785	3791	1	1.0
1785	3793	1	1.0
1785	3801	1	1.0
1785	3812	1	1.0
1785	3815	1	1.0
1785	3891	1	1.0
1785	3903	1	1.0
1785	3999	1	1.0
1785	4071	1	1.0
1785	4088	1	1.0
1785	4089	1	1.0
1785	4108	1	1.0
1785	4125	1	1.0
1785	4127	1	1.0
1785	4128	1	1.0
1785	4150	1	1.0
1785	4169	1	1.0
1785	4183	1	1.0
1785	4300	1	1.0
1785	4332	1	1.0
1785	4378	1	1.0
1785	4387	1	1.0
1785	4434	1	1.0
1785	4485	1	1.0
1785	4505	1	1.0
1785	4537	1	1.0
1785	4569	1	1.0
1785	4586	1	1.0
1785	4638	1	1.0
1785	4740	1	1.0
1785	4803	1	1.0
1785	4905	1	1.0
1785	4928	1	1.0
1785	4932	1	1.0
1785	5141	1	1.0
1785	5318	1	1.0
1785	5351	1	1.0
1785	5365	1	1.0
1785	5448	1	1.0
1785	5460	1	1.0
1785	5484	1	1.0
1785	5575	1	1.0
1785	5644	1	1.0
1785	5733	1	1.0
1785	5734	1	1.0
1785	5791	1	1.0
1785	5802	1	1.0
1785	5842	1	1.0
1785	5858	1	1.0
1785	1863	0	1.0
1785	1910	0	1.0
1785	1948	0	1.0
1785	1962	0	1.0
1785	1980	0	1.0
1785	2008	0	1.0
1785	2010	0	1.0
1785	2031	0	1.0
1785	2057	0	1.0
1785	2447	0	1.0
1785	2472	0	1.0
1785	2480	0	1.0
1785	2481	0	1.0
1785	2495	0	1.0
1785	2496	0	1.0
1785	2497	0	1.0
1785	2498	0	1.0
1785	2499	0	1.0
1785	2500	0	1.0
1785	2501	0	1.0
1785	2502	0	1.0
1785	2503	0	1.0
1785	2515	0	1.0
1785	2522	0	1.0
1785	2526	0	1.0
1785	2527	0	1.0
1785	2529	0	1.0
1785	2530	0	1.0
1785	2531	0	1.0
1785	2544	0	1.0
1785	2547	0	1.0
1785	2548	0	1.0
1785	2549	0	1.0
1785	2554	0	1.0
1785	2555	0	1.0
1785	2557	0	1.0
1785	2559	0	1.0
1785	2566	0	1.0
1785	2569	0	1.0
1785	2582	0	1.0
1785	2592	0	1.0
1785	2595	0	1.0
1785	2596	0	1.0
1785	2597	0	1.0
1785	2598	0	1.0
1785	2618	0	1.0
1785	2621	0	1.0
1785	2622	0	1.0
1785	2623	0	1.0
1785	2624	0	1.0
1785	2627	0	1.0
1785	2628	0	1.0
1785	2629	0	1.0
1785	2641	0	1.0
1785	2663	0	1.0
1785	2669	0	1.0
1785	2679	0	1.0
1785	2713	0	1.0
1785	2799	0	1.0
1785	2808	0	1.0
1785	2827	0	1.0
1785	2896	0	1.0
1785	2907	0	1.0
1785	3079	0	1.0
1785	3093	0	1.0
1785	3130	0	1.0
1785	3213	0	1.0
1785	3261	0	1.0
1785	3327	0	1.0
1785	3365	0	1.0
1785	3398	0	1.0
1785	3497	0	1.0
1785	3647	0	1.0
1785	3659	0	1.0
1785	3660	0	1.0
1785	3662	0	1.0
1785	3663	0	1.0
1785	3733	0	1.0
1785	3800	0	1.0
1785	3910	0	1.0
1785	4021	0	1.0
1785	4042	0	1.0
1785	4289	0	1.0
1785	4379	0	1.0
1785	4398	0	1.0
1785	4405	0	1.0
1785	4526	0	1.0
1785	4531	0	1.0
1785	4533	0	1.0
1785	4538	0	1.0
1785	4539	0	1.0
1785	4540	0	1.0
1785	4542	0	1.0
1785	4544	0	1.0
1785	4545	0	1.0
1785	4547	0	1.0
1785	4548	0	1.0
1785	4549	0	1.0
1785	4550	0	1.0
1785	4551	0	1.0
1785	4552	0	1.0
1785	4553	0	1.0
1785	4554	0	1.0
1785	4555	0	1.0
1785	4556	0	1.0
1785	4558	0	1.0
1785	4560	0	1.0
1785	4565	0	1.0
1785	4568	0	1.0
1785	4572	0	1.0
1785	4578	0	1.0
1785	4580	0	1.0
1785	4590	0	1.0
1785	4597	0	1.0
1785	4598	0	1.0
1785	4599	0	1.0
1785	4600	0	1.0
1785	4602	0	1.0
1785	4614	0	1.0
1785	4636	0	1.0
1785	4696	0	1.0
1785	4699	0	1.0
1785	4701	0	1.0
1785	4702	0	1.0
1785	4709	0	1.0
1785	4718	0	1.0
1785	4720	0	1.0
1785	4735	0	1.0
1785	4743	0	1.0
1785	4751	0	1.0
1785	4758	0	1.0
1785	4767	0	1.0
1785	4769	0	1.0
1785	4799	0	1.0
1785	4889	0	1.0
1785	4924	0	1.0
1785	4931	0	1.0
1785	4940	0	1.0
1785	4966	0	1.0
1785	4988	0	1.0
1785	4999	0	1.0
1785	5050	0	1.0
1785	5051	0	1.0
1785	5097	0	1.0
1785	5118	0	1.0
1785	5119	0	1.0
1785	5120	0	1.0
1785	5206	0	1.0
1785	5258	0	1.0
1785	5267	0	1.0
1785	5321	0	1.0
1785	5373	0	1.0
1785	5374	0	1.0
1785	5376	0	1.0
1785	5383	0	1.0
1785	5394	0	1.0
1785	5405	0	1.0
1785	5409	0	1.0
1785	5441	0	1.0
1785	5502	0	1.0
1785	5523	0	1.0
1785	5595	0	1.0
1785	5677	0	1.0
1786	1787	1	1.0
1786	3213	0	1.0
1787	1825	1	1.0
1787	1846	1	1.0
1787	1924	1	1.0
1787	1932	1	1.0
1787	1939	1	1.0
1787	1941	1	1.0
1787	1943	1	1.0
1787	1980	1	1.0
1787	2455	1	1.0
1787	2467	1	1.0
1787	2507	1	1.0
1787	3006	1	1.0
1787	3111	1	1.0
1787	3227	1	1.0
1787	3261	1	1.0
1787	3372	1	1.0
1787	3647	0	1.0
1790	1791	1	1.0
1790	1889	1	1.0
1790	2019	1	1.0
1790	2065	1	1.0
1790	2111	1	1.0
1790	2163	1	1.0
1790	2358	1	1.0
1791	1824	1	1.0
1791	2060	1	1.0
1791	2075	1	1.0
1792	1793	1	1.0
1792	2456	1	1.0
1793	1827	1	1.0
1793	1859	1	1.0
1793	1907	1	1.0
1793	1955	1	1.0
1793	1979	1	1.0
1793	1986	1	1.0
1793	2084	1	1.0
1793	2122	1	1.0
1793	2130	1	1.0
1793	2184	1	1.0
1793	2209	1	1.0
1793	2317	1	1.0
1793	2318	1	1.0
1793	2441	1	1.0
1793	1996	0	1.0
1793	2135	0	1.0
1793	2316	0	1.0
1794	1795	1	1.0
1795	1796	1	1.0
1795	2101	1	1.0
1795	2225	1	1.0
1795	1913	0	1.0
1795	1996	0	1.0
1796	1826	1	1.0
1796	1834	1	1.0
1796	2170	1	1.0
1796	2171	1	1.0
1796	2199	1	1.0
1796	2569	1	1.0
1796	2716	1	1.0
1796	2894	1	1.0
1796	3242	1	1.0
1796	4757	1	1.0
1796	2698	0	1.0
1796	3358	0	1.0
1796	3607	0	1.0
1796	3704	0	1.0
1796	3891	0	1.0
1796	4733	0	1.0
1797	2057	0	1.0
1798	3032	1	1.0
1798	4488	1	1.0
1798	4521	1	1.0
1798	2582	0	1.0
1798	2639	0	1.0
1798	4526	0	1.0
1799	1809	1	1.0
1799	2071	1	1.0
1799	2091	1	1.0
1799	2144	1	1.0
1799	2195	1	1.0
1799	2228	1	1.0
1799	2256	1	1.0
1799	2569	1	1.0
1799	3277	1	1.0
1799	3348	1	1.0
1799	3374	1	1.0
1799	3399	1	1.0
1799	3561	1	1.0
1799	4521	1	1.0
1799	4733	1	1.0
1799	5141	1	1.0
1799	5263	1	1.0
1799	5351	1	1.0
1799	5358	1	1.0
1799	5423	1	1.0
1799	1879	0	1.0
1800	2870	1	1.0
1800	3032	1	1.0
1804	1965	1	1.0
1804	1967	1	1.0
1805	1980	1	1.0
1808	2551	1	1.0
1808	2576	1	1.0
1808	2687	1	1.0
1808	2763	1	1.0
1808	3681	1	1.0
1808	2679	0	1.0
1809	1821	1	1.0
1809	1837	1	1.0
1809	1838	1	1.0
1809	1846	1	1.0
1809	1858	1	1.0
1809	1862	1	1.0
1809	1870	1	1.0
1809	1878	1	1.0
1809	1887	1	1.0
1809	1893	1	1.0
1809	1897	1	1.0
1809	1908	1	1.0
1809	1909	1	1.0
1809	1911	1	1.0
1809	1923	1	1.0
1809	1926	1	1.0
1809	1943	1	1.0
1809	1945	1	1.0
1809	1980	1	1.0
1809	1994	1	1.0
1809	2045	1	1.0
1809	2067	1	1.0
1809	2071	1	1.0
1809	2082	1	1.0
1809	2172	1	1.0
1809	2195	1	1.0
1809	2298	1	1.0
1810	2076	1	1.0
1813	2007	1	1.0
1815	1900	1	1.0
1821	1825	1	1.0
1821	1829	1	1.0
1821	1830	1	1.0
1821	1840	1	1.0
1821	1846	1	1.0
1821	2251	1	1.0
1821	2255	1	1.0
1824	1867	1	1.0
1824	1868	1	1.0
1824	1873	1	1.0
1824	1979	1	1.0
1824	2101	1	1.0
1824	2232	1	1.0
1826	2583	1	1.0
1827	2007	1	1.0
1827	2521	1	1.0
1828	3638	1	1.0
1828	4052	1	1.0
1828	4071	1	1.0
1834	1836	1	1.0
1834	1980	1	1.0
1834	2084	1	1.0
1834	2238	1	1.0
1834	3339	1	1.0
1834	4071	1	1.0
1834	4196	1	1.0
1834	4521	1	1.0
1834	4954	1	1.0
1834	2363	0	1.0
1834	2434	0	1.0
1834	3647	0	1.0
1835	1846	1	1.0
1835	2280	1	1.0
1835	4089	1	1.0
1835	4169	1	1.0
1835	2472	0	1.0
1840	1876	1	1.0
1841	1847	1	1.0
1841	1867	1	1.0
1841	2412	1	1.0
1841	2561	1	1.0
1841	3798	1	1.0
1841	4640	1	1.0
1843	1867	1	1.0
1843	1899	1	1.0
1843	1900	1	1.0
1843	1937	1	1.0
1843	1952	1	1.0
1843	1980	1	1.0
1843	2029	1	1.0
1843	2045	1	1.0
1843	2051	1	1.0
1843	2066	1	1.0
1843	3815	0	1.0
1846	1847	1	1.0
1846	1852	1	1.0
1846	1865	1	1.0
1846	1868	1	1.0
1846	1878	1	1.0
1846	1890	1	1.0
1846	1897	1	1.0
1846	1899	1	1.0
1846	1913	1	1.0
1846	1936	1	1.0
1846	1938	1	1.0
1846	1951	1	1.0
1846	2010	1	1.0
1846	2029	1	1.0
1846	2031	1	1.0
1846	2032	1	1.0
1846	2071	1	1.0
1846	2097	1	1.0
1846	2107	1	1.0
1846	2115	1	1.0
1846	2125	1	1.0
1846	2129	1	1.0
1846	2144	1	1.0
1846	2154	1	1.0
1846	2183	1	1.0
1846	2198	1	1.0
1846	2214	1	1.0
1846	2225	1	1.0
1846	2230	1	1.0
1846	2232	1	1.0
1846	2243	1	1.0
1846	2259	1	1.0
1846	2261	1	1.0
1846	2269	1	1.0
1846	2280	1	1.0
1846	2281	1	1.0
1846	2285	1	1.0
1846	2293	1	1.0
1846	2331	1	1.0
1846	2338	1	1.0
1846	2347	1	1.0
1846	2363	1	1.0
1846	2394	1	1.0
1846	2408	1	1.0
1846	2421	1	1.0
1846	2443	1	1.0
1846	2444	1	1.0
1846	2449	1	1.0
1846	2455	1	1.0
1846	2457	1	1.0
1846	2467	1	1.0
1846	2468	1	1.0
1846	2469	1	1.0
1846	2569	1	1.0
1846	2620	1	1.0
1846	2634	1	1.0
1846	2647	1	1.0
1846	2675	1	1.0
1846	2677	1	1.0
1846	2700	1	1.0
1846	2716	1	1.0
1846	2724	1	1.0
1846	2743	1	1.0
1846	2771	1	1.0
1846	2806	1	1.0
1846	2821	1	1.0
1846	2863	1	1.0
1846	2864	1	1.0
1846	2878	1	1.0
1846	2894	1	1.0
1846	2907	1	1.0
1846	2929	1	1.0
1846	2980	1	1.0
1846	3027	1	1.0
1846	3036	1	1.0
1846	3081	1	1.0
1846	3089	1	1.0
1846	3090	1	1.0
1846	3143	1	1.0
1846	3198	1	1.0
1846	3217	1	1.0
1846	3261	1	1.0
1846	3277	1	1.0
1846	3478	1	1.0
1846	3630	1	1.0
1846	3638	1	1.0
1846	3711	1	1.0
1846	3812	1	1.0
1846	4242	1	1.0
1846	4387	1	1.0
1846	4917	1	1.0
1846	1901	0	1.0
1846	1980	0	1.0
1846	2491	0	1.0
1846	2615	0	1.0
1848	2135	1	1.0
1852	2016	1	1.0
1852	2027	1	1.0
1852	2061	1	1.0
1852	2115	1	1.0
1852	2412	1	1.0
1852	4013	1	1.0
1852	3647	0	1.0
1853	1855	1	1.0
1856	1929	0	1.0
1858	2571	1	1.0
1861	1862	1	1.0
1861	2006	1	1.0
1862	1940	1	1.0
1862	1980	1	1.0
1862	2528	1	1.0
1862	2571	1	1.0
1862	2634	1	1.0
1862	2687	1	1.0
1862	2903	1	1.0
1862	3006	1	1.0
1862	3041	1	1.0
1862	3130	1	1.0
1862	3617	1	1.0
1862	3638	1	1.0
1862	3715	1	1.0
1862	3812	1	1.0
1862	4169	1	1.0
1862	4257	1	1.0
1862	4434	1	1.0
1862	4738	1	1.0
1862	3647	0	1.0
1863	1910	0	1.0
1865	2611	1	1.0
1865	2915	1	1.0
1865	3348	1	1.0
1865	3749	1	1.0
1865	3891	1	1.0
1865	4773	1	1.0
1865	4957	1	1.0
1865	5040	1	1.0
1865	2503	0	1.0
1865	3347	0	1.0
1866	1980	1	1.0
1867	1891	1	1.0
1867	1936	1	1.0
1867	1943	1	1.0
1867	1944	1	1.0
1867	1959	1	1.0
1867	1962	1	1.0
1867	1963	1	1.0
1867	1989	1	1.0
1867	1995	1	1.0
1867	1999	1	1.0
1867	2000	1	1.0
1867	2001	1	1.0
1867	2006	1	1.0
1867	2010	1	1.0
1867	2015	1	1.0
1867	2041	1	1.0
1867	2080	1	1.0
1867	2086	1	1.0
1867	2104	1	1.0
1867	2156	1	1.0
1867	2157	1	1.0
1867	2225	1	1.0
1867	2249	1	1.0
1867	2412	1	1.0
1868	1885	1	1.0
1868	1899	1	1.0
1868	1910	1	1.0
1868	1913	1	1.0
1868	1919	1	1.0
1868	1980	1	1.0
1868	2125	1	1.0
1868	2230	1	1.0
1868	2232	1	1.0
1868	2322	1	1.0
1868	2329	1	1.0
1868	2412	1	1.0
1868	2469	1	1.0
1868	2489	1	1.0
1868	2561	1	1.0
1868	2876	1	1.0
1868	2933	1	1.0
1868	2972	1	1.0
1868	4060	1	1.0
1868	4799	0	1.0
1869	2062	1	1.0
1869	3581	1	1.0
1874	1925	1	1.0
1874	2085	1	1.0
1874	2319	1	1.0
1874	2327	1	1.0
1874	2551	1	1.0
1874	3618	1	1.0
1878	1937	1	1.0
1878	1980	1	1.0
1878	2010	1	1.0
1878	2071	1	1.0
1878	2170	1	1.0
1878	2238	1	1.0
1878	1899	0	1.0
1881	1895	1	1.0
1881	2223	1	1.0
1881	2829	1	1.0
1881	3032	1	1.0
1881	3757	1	1.0
1881	3794	1	1.0
1885	1937	1	1.0
1885	1980	1	1.0
1885	1901	0	1.0
1889	1990	1	1.0
1889	2060	1	1.0
1889	2783	1	1.0
1889	3347	1	1.0
1892	1899	1	1.0
1893	1980	1	1.0
1893	2071	1	1.0
1893	2675	1	1.0
1894	1922	1	1.0
1894	1990	1	1.0
1894	2010	1	1.0
1894	2120	1	1.0
1894	2135	1	1.0
1894	2778	1	1.0
1894	3254	1	1.0
1894	3891	1	1.0
1894	4245	1	1.0
1894	4262	1	1.0
1894	4434	1	1.0
1894	5255	1	1.0
1894	5706	1	1.0
1897	1927	1	1.0
1899	1900	1	1.0
1899	1912	1	1.0
1899	1913	1	1.0
1899	1929	1	1.0
1899	1935	1	1.0
1899	1980	1	1.0
1899	1990	1	1.0
1899	2010	1	1.0
1899	2051	1	1.0
1899	2060	1	1.0
1899	2071	1	1.0
1899	2115	1	1.0
1899	2154	1	1.0
1899	2200	1	1.0
1899	2206	1	1.0
1899	2279	1	1.0
1899	2289	1	1.0
1899	2292	1	1.0
1899	2300	1	1.0
1899	2309	1	1.0
1899	2323	1	1.0
1899	2345	1	1.0
1899	2350	1	1.0
1899	2353	1	1.0
1899	2442	1	1.0
1899	2489	1	1.0
1899	2550	1	1.0
1899	2561	1	1.0
1899	2569	1	1.0
1899	2571	1	1.0
1899	2617	1	1.0
1899	2652	1	1.0
1899	2683	1	1.0
1899	2702	1	1.0
1899	2733	1	1.0
1899	2745	1	1.0
1899	2747	1	1.0
1899	2748	1	1.0
1899	2750	1	1.0
1899	2751	1	1.0
1899	2752	1	1.0
1899	2756	1	1.0
1899	2775	1	1.0
1899	2777	1	1.0
1899	2781	1	1.0
1899	2782	1	1.0
1899	2784	1	1.0
1899	2785	1	1.0
1899	2786	1	1.0
1899	2795	1	1.0
1899	2798	1	1.0
1899	2802	1	1.0
1899	2804	1	1.0
1899	2822	1	1.0
1899	2830	1	1.0
1899	2834	1	1.0
1899	2836	1	1.0
1899	2837	1	1.0
1899	2838	1	1.0
1899	2841	1	1.0
1899	2852	1	1.0
1899	2853	1	1.0
1899	2855	1	1.0
1899	2872	1	1.0
1899	2875	1	1.0
1899	2878	1	1.0
1899	2889	1	1.0
1899	2906	1	1.0
1899	2910	1	1.0
1899	2912	1	1.0
1899	2924	1	1.0
1899	2925	1	1.0
1899	2929	1	1.0
1899	2931	1	1.0
1899	2946	1	1.0
1899	2947	1	1.0
1899	2951	1	1.0
1899	2953	1	1.0
1899	2954	1	1.0
1899	2970	1	1.0
1899	2972	1	1.0
1899	2978	1	1.0
1899	2979	1	1.0
1899	2981	1	1.0
1899	2984	1	1.0
1899	2989	1	1.0
1899	2990	1	1.0
1899	2993	1	1.0
1899	2994	1	1.0
1899	2996	1	1.0
1899	3001	1	1.0
1899	3002	1	1.0
1899	3007	1	1.0
1899	3010	1	1.0
1899	3054	1	1.0
1899	3062	1	1.0
1899	3082	1	1.0
1899	3087	1	1.0
1899	3100	1	1.0
1899	3127	1	1.0
1899	3148	1	1.0
1899	3157	1	1.0
1899	3175	1	1.0
1899	3178	1	1.0
1899	3180	1	1.0
1899	3202	1	1.0
1899	3223	1	1.0
1899	3249	1	1.0
1899	3271	1	1.0
1899	3287	1	1.0
1899	3296	1	1.0
1899	3317	1	1.0
1899	3395	1	1.0
1899	3418	1	1.0
1899	3433	1	1.0
1899	3445	1	1.0
1899	3477	1	1.0
1899	3518	1	1.0
1899	3544	1	1.0
1899	3547	1	1.0
1899	3573	1	1.0
1899	3591	1	1.0
1899	3595	1	1.0
1899	3602	1	1.0
1899	3668	1	1.0
1899	3747	1	1.0
1899	3758	1	1.0
1899	3760	1	1.0
1899	3769	1	1.0
1899	3777	1	1.0
1899	3800	1	1.0
1899	3891	1	1.0
1899	3979	1	1.0
1899	3991	1	1.0
1899	4015	1	1.0
1899	4028	1	1.0
1899	4071	1	1.0
1899	4143	1	1.0
1899	4194	1	1.0
1899	4203	1	1.0
1899	4592	1	1.0
1899	4630	1	1.0
1899	4928	1	1.0
1899	5170	1	1.0
1899	5305	1	1.0
1899	5365	1	1.0
1899	5429	1	1.0
1899	5465	1	1.0
1899	5658	1	1.0
1899	5736	1	1.0
1899	2576	0	1.0
1899	2607	0	1.0
1899	2608	0	1.0
1899	2609	0	1.0
1899	2824	0	1.0
1899	2845	0	1.0
1899	2921	0	1.0
1899	3106	0	1.0
1899	3304	0	1.0
1899	3400	0	1.0
1899	3861	0	1.0
1899	3967	0	1.0
1899	4520	0	1.0
1899	5099	0	1.0
1899	5100	0	1.0
1899	5101	0	1.0
1899	5103	0	1.0
1899	5104	0	1.0
1899	5105	0	1.0
1899	5106	0	1.0
1899	5355	0	1.0
1899	5542	0	1.0
1900	1979	1	1.0
1900	1948	0	1.0
1900	1954	0	1.0
1900	2232	0	1.0
1902	1972	1	1.0
1902	2086	1	1.0
1902	2134	1	1.0
1902	3032	1	1.0
1903	2199	1	1.0
1908	3891	1	1.0
1908	4195	1	1.0
1908	4389	1	1.0
1908	4444	1	1.0
1910	1912	1	1.0
1910	1913	1	1.0
1910	1919	1	1.0
1910	1920	1	1.0
1910	1923	1	1.0
1913	1943	1	1.0
1913	1951	1	1.0
1913	1955	1	1.0
1913	1962	1	1.0
1913	1980	1	1.0
1913	1986	1	1.0
1913	2010	1	1.0
1913	2012	1	1.0
1913	2031	1	1.0
1913	2082	1	1.0
1913	2129	1	1.0
1913	2199	1	1.0
1913	2225	1	1.0
1913	2571	1	1.0
1913	3544	1	1.0
1913	3548	1	1.0
1913	3594	1	1.0
1913	3618	1	1.0
1913	3647	1	1.0
1913	3773	1	1.0
1913	5649	1	1.0
1913	5661	1	1.0
1913	5668	1	1.0
1914	1915	1	1.0
1918	1955	1	1.0
1918	2335	1	1.0
1918	2571	1	1.0
1918	3537	1	1.0
1918	4242	1	1.0
1918	4328	1	1.0
1918	4465	1	1.0
1918	4470	1	1.0
1918	2135	0	1.0
1922	3398	1	1.0
1922	3637	1	1.0
1922	4001	1	1.0
1923	1924	1	1.0
1924	1940	1	1.0
1926	2571	1	1.0
1932	2232	1	1.0
1934	1937	1	1.0
1936	1952	1	1.0
1936	1980	1	1.0
1936	2010	1	1.0
1936	2055	1	1.0
1936	4434	1	1.0
1937	2086	1	1.0
1937	2341	1	1.0
1937	2571	1	1.0
1937	3091	1	1.0
1937	3399	1	1.0
1937	3521	1	1.0
1937	4018	1	1.0
1937	4215	1	1.0
1937	4242	1	1.0
1937	2894	0	1.0
1937	4332	0	1.0
1937	5365	0	1.0
1938	2074	1	1.0
1940	1944	1	1.0
1942	1949	1	1.0
1942	1952	1	1.0
1942	1980	1	1.0
1942	1990	1	1.0
1942	2006	1	1.0
1942	2125	1	1.0
1942	2386	1	1.0
1942	2427	1	1.0
1942	2551	1	1.0
1942	2571	1	1.0
1942	2701	1	1.0
1942	2710	1	1.0
1942	2778	1	1.0
1942	2902	1	1.0
1942	2957	1	1.0
1942	3000	1	1.0
1942	3006	1	1.0
1942	3011	1	1.0
1942	3026	1	1.0
1942	3049	1	1.0
1942	3283	1	1.0
1942	3537	1	1.0
1942	3617	1	1.0
1942	3630	1	1.0
1942	3638	1	1.0
1942	3724	1	1.0
1942	3759	1	1.0
1942	3772	1	1.0
1942	3790	1	1.0
1942	3793	1	1.0
1942	3801	1	1.0
1942	3860	1	1.0
1942	3862	1	1.0
1942	3868	1	1.0
1942	3889	1	1.0
1942	3905	1	1.0
1942	3908	1	1.0
1942	3918	1	1.0
1942	3920	1	1.0
1942	3931	1	1.0
1942	3955	1	1.0
1942	3960	1	1.0
1942	4066	1	1.0
1942	4071	1	1.0
1942	4089	1	1.0
1942	4117	1	1.0
1942	4144	1	1.0
1942	4169	1	1.0
1942	4268	1	1.0
1942	4283	1	1.0
1942	4327	1	1.0
1942	4406	1	1.0
1942	4444	1	1.0
1942	4692	1	1.0
1942	4733	1	1.0
1942	4932	1	1.0
1942	5141	1	1.0
1942	5444	1	1.0
1942	5504	1	1.0
1942	5841	1	1.0
1942	5857	1	1.0
1942	5858	1	1.0
1942	5864	1	1.0
1942	2430	0	1.0
1942	2569	0	1.0
1942	3358	0	1.0
1942	3891	0	1.0
1942	3940	0	1.0
1943	1960	1	1.0
1943	2184	1	1.0
1943	2225	1	1.0
1944	2010	1	1.0
1944	2571	1	1.0
1944	3120	1	1.0
1944	3399	1	1.0
1944	3638	1	1.0
1944	3724	1	1.0
1944	4303	1	1.0
1944	4434	1	1.0
1944	4798	1	1.0
1944	5252	1	1.0
1944	5442	1	1.0
1946	2528	1	1.0
1948	1949	1	1.0
1949	2677	1	1.0
1949	3614	1	1.0
1949	4086	1	1.0
1949	4262	0	1.0
1951	2071	1	1.0
1951	2238	1	1.0
1951	2414	1	1.0
1951	2511	1	1.0
1951	2569	1	1.0
1951	2700	1	1.0
1951	2800	1	1.0
1951	3242	1	1.0
1951	3476	1	1.0
1951	3647	0	1.0
1951	4405	0	1.0
1951	4526	0	1.0
1951	4533	0	1.0
1951	4538	0	1.0
1951	4539	0	1.0
1951	4540	0	1.0
1951	4542	0	1.0
1951	4544	0	1.0
1951	4545	0	1.0
1951	4547	0	1.0
1951	4548	0	1.0
1951	4549	0	1.0
1951	4550	0	1.0
1951	4551	0	1.0
1951	4552	0	1.0
1951	4553	0	1.0
1951	4554	0	1.0
1951	4555	0	1.0
1951	4556	0	1.0
1951	4558	0	1.0
1951	4560	0	1.0
1951	4572	0	1.0
1951	4578	0	1.0
1951	4590	0	1.0
1951	4599	0	1.0
1951	4600	0	1.0
1951	4605	0	1.0
1955	1986	1	1.0
1955	1992	1	1.0
1955	1996	1	1.0
1955	2011	1	1.0
1955	2014	1	1.0
1955	2055	1	1.0
1955	2086	1	1.0
1955	2116	1	1.0
1955	2135	1	1.0
1955	2234	1	1.0
1955	2331	1	1.0
1955	2385	1	1.0
1955	2510	1	1.0
1955	2591	1	1.0
1955	2648	1	1.0
1955	3261	1	1.0
1955	3306	1	1.0
1955	3469	1	1.0
1955	3491	1	1.0
1955	3637	1	1.0
1955	3653	1	1.0
1955	3647	0	1.0
1955	3659	0	1.0
1955	3660	0	1.0
1958	2062	1	1.0
1958	2071	1	1.0
1958	2225	1	1.0
1958	2569	1	1.0
1958	2956	1	1.0
1958	3358	1	1.0
1958	3682	1	1.0
1958	3735	1	1.0
1958	3801	1	1.0
1958	4071	1	1.0
1958	4089	1	1.0
1959	2134	1	1.0
1959	2944	1	1.0
1959	3032	1	1.0
1959	4757	1	1.0
1962	2073	1	1.0
1962	2226	1	1.0
1962	2470	1	1.0
1962	2683	1	1.0
1962	3647	1	1.0
1962	3659	1	1.0
1962	3660	1	1.0
1962	3662	1	1.0
1962	3663	1	1.0
1962	2010	0	1.0
1962	2051	0	1.0
1962	2199	0	1.0
1962	2206	0	1.0
1962	2238	0	1.0
1962	2569	0	1.0
1962	2576	0	1.0
1962	2583	0	1.0
1962	2635	0	1.0
1962	2716	0	1.0
1962	3686	0	1.0
1962	3687	0	1.0
1962	3688	0	1.0
1962	3689	0	1.0
1962	3690	0	1.0
1962	3691	0	1.0
1962	3692	0	1.0
1962	3693	0	1.0
1962	3694	0	1.0
1962	3695	0	1.0
1962	3696	0	1.0
1962	3704	0	1.0
1962	3891	0	1.0
1963	2135	1	1.0
1963	2305	1	1.0
1963	2675	1	1.0
1963	5365	1	1.0
1964	2193	1	1.0
1965	1967	1	1.0
1967	1968	1	1.0
1967	2037	1	1.0
1967	2230	1	1.0
1969	1970	1	1.0
1969	1976	1	1.0
1969	2331	1	1.0
1976	2010	1	1.0
1976	2033	1	1.0
1976	2044	1	1.0
1976	2225	1	1.0
1976	2238	1	1.0
1976	2256	1	1.0
1976	2412	1	1.0
1976	2675	1	1.0
1976	2894	1	1.0
1978	1980	1	1.0
1979	1980	1	1.0
1979	2129	1	1.0
1979	2154	1	1.0
1979	2197	1	1.0
1979	2225	1	1.0
1979	2467	1	1.0
1979	2512	1	1.0
1979	2200	0	1.0
1980	1991	1	1.0
1980	2001	1	1.0
1980	2006	1	1.0
1980	2009	1	1.0
1980	2015	1	1.0
1980	2027	1	1.0
1980	2035	1	1.0
1980	2037	1	1.0
1980	2039	1	1.0
1980	2041	1	1.0
1980	2045	1	1.0
1980	2047	1	1.0
1980	2054	1	1.0
1980	2062	1	1.0
1980	2066	1	1.0
1980	2067	1	1.0
1980	2071	1	1.0
1980	2076	1	1.0
1980	2091	1	1.0
1980	2092	1	1.0
1980	2115	1	1.0
1980	2117	1	1.0
1980	2120	1	1.0
1980	2123	1	1.0
1980	2125	1	1.0
1980	2144	1	1.0
1980	2154	1	1.0
1980	2157	1	1.0
1980	2158	1	1.0
1980	2159	1	1.0
1980	2160	1	1.0
1980	2161	1	1.0
1980	2171	1	1.0
1980	2182	1	1.0
1980	2189	1	1.0
1980	2191	1	1.0
1980	2208	1	1.0
1980	2213	1	1.0
1980	2216	1	1.0
1980	2225	1	1.0
1980	2239	1	1.0
1980	2243	1	1.0
1980	2263	1	1.0
1980	2269	1	1.0
1980	2280	1	1.0
1980	2282	1	1.0
1980	2285	1	1.0
1980	2286	1	1.0
1980	2290	1	1.0
1980	2298	1	1.0
1980	2307	1	1.0
1980	2315	1	1.0
1980	2328	1	1.0
1980	2340	1	1.0
1980	2349	1	1.0
1980	2363	1	1.0
1980	2364	1	1.0
1980	2367	1	1.0
1980	2368	1	1.0
1980	2369	1	1.0
1980	2372	1	1.0
1980	2376	1	1.0
1980	2384	1	1.0
1980	2390	1	1.0
1980	2396	1	1.0
1980	2409	1	1.0
1980	2414	1	1.0
1980	2421	1	1.0
1980	2422	1	1.0
1980	2427	1	1.0
1980	2450	1	1.0
1980	2456	1	1.0
1980	2460	1	1.0
1980	2465	1	1.0
1980	2470	1	1.0
1980	2489	1	1.0
1980	2505	1	1.0
1980	2513	1	1.0
1980	2518	1	1.0
1980	2523	1	1.0
1980	2528	1	1.0
1980	2537	1	1.0
1980	2551	1	1.0
1980	2561	1	1.0
1980	2563	1	1.0
1980	2570	1	1.0
1980	2571	1	1.0
1980	2573	1	1.0
1980	2576	1	1.0
1980	2578	1	1.0
1980	2611	1	1.0
1980	2617	1	1.0
1980	2634	1	1.0
1980	2642	1	1.0
1980	2647	1	1.0
1980	2649	1	1.0
1980	2651	1	1.0
1980	2675	1	1.0
1980	2682	1	1.0
1980	2683	1	1.0
1980	2688	1	1.0
1980	2693	1	1.0
1980	2697	1	1.0
1980	2698	1	1.0
1980	2700	1	1.0
1980	2701	1	1.0
1980	2707	1	1.0
1980	2710	1	1.0
1980	2716	1	1.0
1980	2717	1	1.0
1980	2722	1	1.0
1980	2723	1	1.0
1980	2726	1	1.0
1980	2729	1	1.0
1980	2730	1	1.0
1980	2734	1	1.0
1980	2737	1	1.0
1980	2754	1	1.0
1980	2755	1	1.0
1980	2761	1	1.0
1980	2768	1	1.0
1980	2770	1	1.0
1980	2771	1	1.0
1980	2780	1	1.0
1980	2790	1	1.0
1980	2799	1	1.0
1980	2800	1	1.0
1980	2803	1	1.0
1980	2806	1	1.0
1980	2810	1	1.0
1980	2813	1	1.0
1980	2814	1	1.0
1980	2823	1	1.0
1980	2826	1	1.0
1980	2840	1	1.0
1980	2844	1	1.0
1980	2848	1	1.0
1980	2863	1	1.0
1980	2864	1	1.0
1980	2865	1	1.0
1980	2876	1	1.0
1980	2891	1	1.0
1980	2893	1	1.0
1980	2896	1	1.0
1980	2908	1	1.0
1980	2919	1	1.0
1980	2928	1	1.0
1980	2935	1	1.0
1980	2952	1	1.0
1980	2957	1	1.0
1980	2962	1	1.0
1980	2966	1	1.0
1980	3013	1	1.0
1980	3041	1	1.0
1980	3059	1	1.0
1980	3078	1	1.0
1980	3081	1	1.0
1980	3091	1	1.0
1980	3092	1	1.0
1980	3094	1	1.0
1980	3105	1	1.0
1980	3116	1	1.0
1980	3118	1	1.0
1980	3133	1	1.0
1980	3142	1	1.0
1980	3162	1	1.0
1980	3171	1	1.0
1980	3190	1	1.0
1980	3193	1	1.0
1980	3197	1	1.0
1980	3214	1	1.0
1980	3233	1	1.0
1980	3234	1	1.0
1980	3240	1	1.0
1980	3245	1	1.0
1980	3284	1	1.0
1980	3292	1	1.0
1980	3303	1	1.0
1980	3307	1	1.0
1980	3309	1	1.0
1980	3311	1	1.0
1980	3326	1	1.0
1980	3332	1	1.0
1980	3333	1	1.0
1980	3344	1	1.0
1980	3346	1	1.0
1980	3349	1	1.0
1980	3356	1	1.0
1980	3363	1	1.0
1980	3369	1	1.0
1980	3384	1	1.0
1980	3388	1	1.0
1980	3398	1	1.0
1980	3403	1	1.0
1980	3440	1	1.0
1980	3498	1	1.0
1980	3508	1	1.0
1980	3552	1	1.0
1980	3554	1	1.0
1980	3650	1	1.0
1980	3962	1	1.0
1980	1990	0	1.0
1980	2010	0	1.0
1980	2031	0	1.0
1980	2038	0	1.0
1980	2116	0	1.0
1980	2135	0	1.0
1980	2190	0	1.0
1980	2238	0	1.0
1980	2244	0	1.0
1980	2279	0	1.0
1980	2297	0	1.0
1980	2430	0	1.0
1980	2471	0	1.0
1980	2472	0	1.0
1980	2569	0	1.0
1980	2583	0	1.0
1980	2606	0	1.0
1980	2607	0	1.0
1980	2608	0	1.0
1980	2609	0	1.0
1980	2713	0	1.0
1980	2751	0	1.0
1980	2778	0	1.0
1980	2805	0	1.0
1980	2827	0	1.0
1980	2894	0	1.0
1980	3009	0	1.0
1980	3143	0	1.0
1980	3189	0	1.0
1980	3231	0	1.0
1980	3261	0	1.0
1980	3270	0	1.0
1980	3358	0	1.0
1980	3469	0	1.0
1980	3617	0	1.0
1980	3618	0	1.0
1980	3620	0	1.0
1980	3647	0	1.0
1980	3659	0	1.0
1980	3660	0	1.0
1980	3662	0	1.0
1980	3663	0	1.0
1980	3704	0	1.0
1986	1988	1	1.0
1986	2551	1	1.0
1986	3006	1	1.0
1988	2135	1	1.0
1988	2243	1	1.0
1988	2252	1	1.0
1988	3004	1	1.0
1988	4113	1	1.0
1989	2071	1	1.0
1989	2255	1	1.0
1989	2651	1	1.0
1989	4089	1	1.0
1989	4169	1	1.0
1989	4701	1	1.0
1989	1990	0	1.0
1990	2006	1	1.0
1990	2010	1	1.0
1990	2029	1	1.0
1990	2031	1	1.0
1990	2071	1	1.0
1990	2101	1	1.0
1990	2115	1	1.0
1990	2123	1	1.0
1990	2125	1	1.0
1990	2128	1	1.0
1990	2135	1	1.0
1990	2154	1	1.0
1990	2170	1	1.0
1990	2198	1	1.0
1990	2243	1	1.0
1990	2256	1	1.0
1990	2263	1	1.0
1990	2323	1	1.0
1990	2456	1	1.0
1990	2569	1	1.0
1990	2638	1	1.0
1990	2778	1	1.0
1990	2800	1	1.0
1990	2806	1	1.0
1990	2818	1	1.0
1990	2863	1	1.0
1990	2894	1	1.0
1990	2944	1	1.0
1990	2972	1	1.0
1990	3215	1	1.0
1990	3218	1	1.0
1990	3219	1	1.0
1990	3242	1	1.0
1990	3305	1	1.0
1990	3309	1	1.0
1990	3339	1	1.0
1990	3347	1	1.0
1990	3348	1	1.0
1990	3399	1	1.0
1990	3476	1	1.0
1990	3541	1	1.0
1990	3617	1	1.0
1990	3626	1	1.0
1990	3630	1	1.0
1990	3682	1	1.0
1990	3735	1	1.0
1990	3793	1	1.0
1990	3815	1	1.0
1990	3891	1	1.0
1990	4028	1	1.0
1990	4071	1	1.0
1990	4086	1	1.0
1990	4169	1	1.0
1990	4179	1	1.0
1990	4183	1	1.0
1990	4238	1	1.0
1990	4258	1	1.0
1990	4316	1	1.0
1990	4378	1	1.0
1990	4393	1	1.0
1990	4434	1	1.0
1990	4436	1	1.0
1990	4439	1	1.0
1990	4465	1	1.0
1990	4478	1	1.0
1990	4494	1	1.0
1990	4750	1	1.0
1990	4799	1	1.0
1990	4823	1	1.0
1990	4932	1	1.0
1990	5058	1	1.0
1990	5170	1	1.0
1990	5200	1	1.0
1990	5309	1	1.0
1990	5356	1	1.0
1990	5358	1	1.0
1990	5376	1	1.0
1990	5457	1	1.0
1990	5466	1	1.0
1990	5504	1	1.0
1990	5509	1	1.0
1990	5740	1	1.0
1990	5745	1	1.0
1990	5778	1	1.0
1990	5791	1	1.0
1990	5796	1	1.0
1990	5812	1	1.0
1990	5821	1	1.0
1990	5834	1	1.0
1990	5840	1	1.0
1990	5841	1	1.0
1990	2430	0	1.0
1990	2805	0	1.0
1990	2826	0	1.0
1990	2877	0	1.0
1990	2878	0	1.0
1990	2956	0	1.0
1990	3006	0	1.0
1990	3091	0	1.0
1990	3172	0	1.0
1990	3382	0	1.0
1990	3554	0	1.0
1990	3622	0	1.0
1990	3647	0	1.0
1990	3659	0	1.0
1990	3660	0	1.0
1990	3662	0	1.0
1990	3663	0	1.0
1990	4019	0	1.0
1990	4405	0	1.0
1990	4526	0	1.0
1990	4533	0	1.0
1990	4538	0	1.0
1990	4539	0	1.0
1990	4540	0	1.0
1990	4544	0	1.0
1990	4545	0	1.0
1990	4547	0	1.0
1990	4895	0	1.0
1990	5059	0	1.0
1990	5064	0	1.0
1990	5099	0	1.0
1990	5100	0	1.0
1990	5101	0	1.0
1990	5103	0	1.0
1990	5104	0	1.0
1990	5105	0	1.0
1990	5106	0	1.0
1990	5107	0	1.0
1990	5108	0	1.0
1990	5109	0	1.0
1990	5116	0	1.0
1990	5146	0	1.0
1990	5255	0	1.0
1990	5374	0	1.0
1990	5382	0	1.0
1990	5388	0	1.0
1990	5392	0	1.0
1990	5393	0	1.0
1990	5411	0	1.0
1990	5414	0	1.0
1990	5432	0	1.0
1990	5499	0	1.0
1990	5695	0	1.0
1993	2157	1	1.0
1993	2249	1	1.0
1993	2651	1	1.0
1993	3153	1	1.0
1996	2017	1	1.0
1996	3850	1	1.0
1998	3100	1	1.0
1998	4169	1	1.0
1998	5263	1	1.0
2002	2003	1	1.0
2002	2066	1	1.0
2002	2210	1	1.0
2002	2265	1	1.0
2002	2279	1	1.0
2002	2583	1	1.0
2002	2732	1	1.0
2002	3854	1	1.0
2002	3855	1	1.0
2002	5326	1	1.0
2006	2024	1	1.0
2006	2063	1	1.0
2006	2206	1	1.0
2006	2215	1	1.0
2006	2238	1	1.0
2006	2243	1	1.0
2006	2249	1	1.0
2006	2519	1	1.0
2006	2551	1	1.0
2006	2571	1	1.0
2006	2778	1	1.0
2006	2827	1	1.0
2006	2863	1	1.0
2006	3116	1	1.0
2006	3347	1	1.0
2006	3399	1	1.0
2006	3603	1	1.0
2006	3724	1	1.0
2006	3891	1	1.0
2006	4058	1	1.0
2006	4071	1	1.0
2006	4089	1	1.0
2006	4119	1	1.0
2006	4195	1	1.0
2006	4240	1	1.0
2006	4393	1	1.0
2006	4406	1	1.0
2006	4506	1	1.0
2006	4521	1	1.0
2006	4639	1	1.0
2006	5309	1	1.0
2006	5504	1	1.0
2006	5704	1	1.0
2006	5796	1	1.0
2006	5802	1	1.0
2006	5819	1	1.0
2006	2511	0	1.0
2006	2569	0	1.0
2007	2055	1	1.0
2007	2089	1	1.0
2007	2130	1	1.0
2007	3032	1	1.0
2007	3447	1	1.0
2007	3491	1	1.0
2010	2012	1	1.0
2010	2027	1	1.0
2010	2045	1	1.0
2010	2058	1	1.0
2010	2061	1	1.0
2010	2067	1	1.0
2010	2071	1	1.0
2010	2082	1	1.0
2010	2105	1	1.0
2010	2108	1	1.0
2010	2110	1	1.0
2010	2130	1	1.0
2010	2131	1	1.0
2010	2135	1	1.0
2010	2161	1	1.0
2010	2168	1	1.0
2010	2199	1	1.0
2010	2210	1	1.0
2010	2229	1	1.0
2010	2233	1	1.0
2010	2238	1	1.0
2010	2239	1	1.0
2010	2251	1	1.0
2010	2255	1	1.0
2010	2263	1	1.0
2010	2268	1	1.0
2010	2285	1	1.0
2010	2286	1	1.0
2010	2379	1	1.0
2010	2383	1	1.0
2010	2402	1	1.0
2010	2404	1	1.0
2010	2451	1	1.0
2010	2460	1	1.0
2010	2487	1	1.0
2010	2490	1	1.0
2010	2569	1	1.0
2010	2571	1	1.0
2010	2799	1	1.0
2010	2917	1	1.0
2010	3261	1	1.0
2010	3347	1	1.0
2010	3358	1	1.0
2010	3368	1	1.0
2010	3396	1	1.0
2010	3472	1	1.0
2010	3537	1	1.0
2010	3618	1	1.0
2010	3630	1	1.0
2010	3664	1	1.0
2010	3704	1	1.0
2010	3724	1	1.0
2010	3793	1	1.0
2010	3891	1	1.0
2010	4028	1	1.0
2010	4048	1	1.0
2010	4071	1	1.0
2010	4084	1	1.0
2010	4086	1	1.0
2010	4089	1	1.0
2010	4169	1	1.0
2010	4183	1	1.0
2010	4315	1	1.0
2010	4393	1	1.0
2010	4406	1	1.0
2010	4520	1	1.0
2010	4521	1	1.0
2010	4586	1	1.0
2010	5141	1	1.0
2010	5351	1	1.0
2010	5368	1	1.0
2010	5411	1	1.0
2010	5588	1	1.0
2010	5796	1	1.0
2010	5799	1	1.0
2010	5843	1	1.0
2010	5865	1	1.0
2010	2031	0	1.0
2010	2038	0	1.0
2010	2170	0	1.0
2010	2198	0	1.0
2010	2200	0	1.0
2010	2304	0	1.0
2010	2351	0	1.0
2010	2365	0	1.0
2010	2436	0	1.0
2010	2445	0	1.0
2010	2463	0	1.0
2010	2472	0	1.0
2010	2480	0	1.0
2010	2481	0	1.0
2010	2495	0	1.0
2010	2496	0	1.0
2010	2497	0	1.0
2010	2498	0	1.0
2010	2499	0	1.0
2010	2500	0	1.0
2010	2501	0	1.0
2010	2502	0	1.0
2010	2503	0	1.0
2010	2515	0	1.0
2010	2522	0	1.0
2010	2526	0	1.0
2010	2527	0	1.0
2010	2529	0	1.0
2010	2530	0	1.0
2010	2531	0	1.0
2010	2532	0	1.0
2010	2534	0	1.0
2010	2544	0	1.0
2010	2547	0	1.0
2010	2548	0	1.0
2010	2549	0	1.0
2010	2554	0	1.0
2010	2555	0	1.0
2010	2557	0	1.0
2010	2558	0	1.0
2010	2559	0	1.0
2010	2560	0	1.0
2010	2566	0	1.0
2010	2567	0	1.0
2010	2577	0	1.0
2010	2582	0	1.0
2010	2595	0	1.0
2010	2596	0	1.0
2010	2597	0	1.0
2010	2598	0	1.0
2010	2599	0	1.0
2010	2604	0	1.0
2010	2812	0	1.0
2010	2934	0	1.0
2010	3270	0	1.0
2010	3348	0	1.0
2010	3647	0	1.0
2010	3659	0	1.0
2010	3660	0	1.0
2010	3662	0	1.0
2010	3663	0	1.0
2010	3686	0	1.0
2010	3687	0	1.0
2010	3688	0	1.0
2010	3689	0	1.0
2010	3690	0	1.0
2010	3691	0	1.0
2010	3692	0	1.0
2010	3693	0	1.0
2010	3694	0	1.0
2010	3695	0	1.0
2010	3696	0	1.0
2010	5414	0	1.0
2010	5502	0	1.0
2012	2055	1	1.0
2012	2063	1	1.0
2012	2135	1	1.0
2012	2248	1	1.0
2014	2023	1	1.0
2014	2648	1	1.0
2014	2683	1	1.0
2014	3012	1	1.0
2014	3039	1	1.0
2014	3201	1	1.0
2014	3969	1	1.0
2014	3647	0	1.0
2016	2129	1	1.0
2016	2238	1	1.0
2016	2254	1	1.0
2016	2456	1	1.0
2016	2206	0	1.0
2017	2885	1	1.0
2017	5845	1	1.0
2021	2571	1	1.0
2021	3843	1	1.0
2023	2025	1	1.0
2023	2086	1	1.0
2023	2134	1	1.0
2023	2180	1	1.0
2023	2219	1	1.0
2023	2232	1	1.0
2023	2252	1	1.0
2023	2403	1	1.0
2023	2404	1	1.0
2023	2420	1	1.0
2023	2895	1	1.0
2023	2031	0	1.0
2023	2238	0	1.0
2023	4048	0	1.0
2027	2028	1	1.0
2027	2030	1	1.0
2027	2035	1	1.0
2027	2046	1	1.0
2027	2124	1	1.0
2027	2167	1	1.0
2027	3726	1	1.0
2027	4785	1	1.0
2027	2033	0	1.0
2027	2164	0	1.0
2029	2037	1	1.0
2029	2038	1	1.0
2030	2035	1	1.0
2031	2051	1	1.0
2031	2071	1	1.0
2031	2078	1	1.0
2031	2115	1	1.0
2031	2117	1	1.0
2031	2275	1	1.0
2031	2206	0	1.0
2031	2210	0	1.0
2031	2297	0	1.0
2031	2894	0	1.0
2032	2045	1	1.0
2033	2061	1	1.0
2035	3122	0	1.0
2037	2115	1	1.0
2037	2038	0	1.0
2039	2071	1	1.0
2044	2053	1	1.0
2044	2073	0	1.0
2045	2206	0	1.0
2045	2803	0	1.0
2046	4240	1	1.0
2048	2091	1	1.0
2051	2569	1	1.0
2051	2771	1	1.0
2055	2084	1	1.0
2055	2100	1	1.0
2055	2183	1	1.0
2055	2196	1	1.0
2055	2209	1	1.0
2055	2234	1	1.0
2055	2317	1	1.0
2055	2318	1	1.0
2055	2441	1	1.0
2055	2533	1	1.0
2055	2538	1	1.0
2055	3032	1	1.0
2055	3043	1	1.0
2055	4198	1	1.0
2055	3647	0	1.0
2056	2057	1	1.0
2060	2065	1	1.0
2060	2075	1	1.0
2060	2080	1	1.0
2060	2085	1	1.0
2060	2171	1	1.0
2060	2219	1	1.0
2060	2251	1	1.0
2060	2258	1	1.0
2060	2284	1	1.0
2060	2287	1	1.0
2060	2301	1	1.0
2060	2355	1	1.0
2060	2451	1	1.0
2060	2710	1	1.0
2060	3034	1	1.0
2060	3182	1	1.0
2060	3269	1	1.0
2061	2130	1	1.0
2062	2071	1	1.0
2062	2086	1	1.0
2062	2238	1	1.0
2062	2329	1	1.0
2062	2528	1	1.0
2062	2551	1	1.0
2062	2569	1	1.0
2062	2571	1	1.0
2062	2586	1	1.0
2062	2778	1	1.0
2062	2806	1	1.0
2062	2827	1	1.0
2062	2865	1	1.0
2062	2891	1	1.0
2062	2952	1	1.0
2062	3049	1	1.0
2062	3078	1	1.0
2062	3079	1	1.0
2062	3200	1	1.0
2062	3291	1	1.0
2062	3357	1	1.0
2062	3618	1	1.0
2062	3638	1	1.0
2062	3642	1	1.0
2062	3793	1	1.0
2062	3812	1	1.0
2062	3927	1	1.0
2062	4089	1	1.0
2062	4091	1	1.0
2062	4229	1	1.0
2062	4242	1	1.0
2062	4308	1	1.0
2062	4417	1	1.0
2062	4462	1	1.0
2062	4494	1	1.0
2062	4506	1	1.0
2062	4565	1	1.0
2062	4880	1	1.0
2062	4918	1	1.0
2062	5374	1	1.0
2062	5488	1	1.0
2062	5503	1	1.0
2062	2907	0	1.0
2062	2942	0	1.0
2062	2969	0	1.0
2062	5237	0	1.0
2063	2090	1	1.0
2064	2069	1	1.0
2066	2556	1	1.0
2066	5326	1	1.0
2067	2071	1	1.0
2067	2082	1	1.0
2067	2117	1	1.0
2067	2125	1	1.0
2067	2225	1	1.0
2067	2283	1	1.0
2067	4565	0	1.0
2069	2194	1	1.0
2069	2683	1	1.0
2069	3339	1	1.0
2069	4191	1	1.0
2069	4692	1	1.0
2069	3537	0	1.0
2071	2115	1	1.0
2071	2116	1	1.0
2071	2120	1	1.0
2071	2125	1	1.0
2071	2129	1	1.0
2071	2136	1	1.0
2071	2143	1	1.0
2071	2144	1	1.0
2071	2145	1	1.0
2071	2154	1	1.0
2071	2172	1	1.0
2071	2193	1	1.0
2071	2195	1	1.0
2071	2206	1	1.0
2071	2210	1	1.0
2071	2212	1	1.0
2071	2214	1	1.0
2071	2238	1	1.0
2071	2243	1	1.0
2071	2244	1	1.0
2071	2256	1	1.0
2071	2263	1	1.0
2071	2269	1	1.0
2071	2283	1	1.0
2071	2329	1	1.0
2071	2334	1	1.0
2071	2335	1	1.0
2071	2348	1	1.0
2071	2349	1	1.0
2071	2367	1	1.0
2071	2368	1	1.0
2071	2372	1	1.0
2071	2387	1	1.0
2071	2425	1	1.0
2071	2456	1	1.0
2071	2467	1	1.0
2071	2468	1	1.0
2071	2484	1	1.0
2071	2485	1	1.0
2071	2522	1	1.0
2071	2552	1	1.0
2071	2562	1	1.0
2071	2569	1	1.0
2071	2571	1	1.0
2071	2589	1	1.0
2071	2593	1	1.0
2071	2609	1	1.0
2071	2653	1	1.0
2071	2675	1	1.0
2071	2677	1	1.0
2071	2683	1	1.0
2071	2698	1	1.0
2071	2699	1	1.0
2071	2717	1	1.0
2071	2766	1	1.0
2071	2799	1	1.0
2071	2806	1	1.0
2071	2814	1	1.0
2071	2827	1	1.0
2071	2832	1	1.0
2071	2858	1	1.0
2071	2863	1	1.0
2071	2864	1	1.0
2071	2878	1	1.0
2071	2898	1	1.0
2071	2929	1	1.0
2071	2969	1	1.0
2071	3013	1	1.0
2071	3032	1	1.0
2071	3041	1	1.0
2071	3059	1	1.0
2071	3120	1	1.0
2071	3125	1	1.0
2071	3135	1	1.0
2071	3172	1	1.0
2071	3209	1	1.0
2071	3217	1	1.0
2071	3221	1	1.0
2071	3226	1	1.0
2071	3242	1	1.0
2071	3243	1	1.0
2071	3244	1	1.0
2071	3250	1	1.0
2071	3260	1	1.0
2071	3285	1	1.0
2071	3329	1	1.0
2071	3334	1	1.0
2071	3356	1	1.0
2071	3358	1	1.0
2071	3361	1	1.0
2071	3399	1	1.0
2071	3407	1	1.0
2071	3464	1	1.0
2071	3493	1	1.0
2071	3523	1	1.0
2071	3534	1	1.0
2071	3542	1	1.0
2071	3550	1	1.0
2071	3560	1	1.0
2071	3565	1	1.0
2071	3581	1	1.0
2071	3603	1	1.0
2071	3638	1	1.0
2071	3647	1	1.0
2071	3674	1	1.0
2071	3700	1	1.0
2071	3783	1	1.0
2071	3793	1	1.0
2071	3846	1	1.0
2071	4000	1	1.0
2071	4022	1	1.0
2071	4071	1	1.0
2071	4132	1	1.0
2071	4147	1	1.0
2071	4158	1	1.0
2071	4169	1	1.0
2071	4175	1	1.0
2071	4178	1	1.0
2071	4184	1	1.0
2071	4242	1	1.0
2071	4248	1	1.0
2071	4256	1	1.0
2071	4316	1	1.0
2071	4342	1	1.0
2071	4356	1	1.0
2071	4369	1	1.0
2071	4393	1	1.0
2071	4409	1	1.0
2071	4448	1	1.0
2071	4477	1	1.0
2071	4494	1	1.0
2071	4506	1	1.0
2071	4604	1	1.0
2071	4620	1	1.0
2071	4680	1	1.0
2071	4719	1	1.0
2071	4733	1	1.0
2071	4756	1	1.0
2071	4787	1	1.0
2071	4902	1	1.0
2071	5141	1	1.0
2071	5258	1	1.0
2071	5351	1	1.0
2071	5374	1	1.0
2071	5376	1	1.0
2071	5450	1	1.0
2071	5466	1	1.0
2071	5484	1	1.0
2071	5488	1	1.0
2071	5595	1	1.0
2071	5665	1	1.0
2071	5796	1	1.0
2071	2190	0	1.0
2071	2205	0	1.0
2071	2430	0	1.0
2071	2916	0	1.0
2071	3733	0	1.0
2071	4213	0	1.0
2071	4405	0	1.0
2071	4463	0	1.0
2071	4474	0	1.0
2071	4484	0	1.0
2071	4517	0	1.0
2071	4518	0	1.0
2071	4526	0	1.0
2071	4533	0	1.0
2071	4534	0	1.0
2071	4535	0	1.0
2071	4536	0	1.0
2071	4538	0	1.0
2071	4539	0	1.0
2071	4540	0	1.0
2071	4542	0	1.0
2071	4544	0	1.0
2071	4545	0	1.0
2071	4547	0	1.0
2071	4548	0	1.0
2071	4549	0	1.0
2071	4550	0	1.0
2071	4551	0	1.0
2071	4552	0	1.0
2071	4553	0	1.0
2071	4555	0	1.0
2071	4556	0	1.0
2071	4558	0	1.0
2071	4559	0	1.0
2071	4560	0	1.0
2071	4572	0	1.0
2071	4578	0	1.0
2071	4596	0	1.0
2071	4597	0	1.0
2071	4598	0	1.0
2071	4599	0	1.0
2071	4600	0	1.0
2071	4602	0	1.0
2071	4605	0	1.0
2071	4624	0	1.0
2071	4811	0	1.0
2071	4812	0	1.0
2071	4813	0	1.0
2071	4814	0	1.0
2071	4815	0	1.0
2071	4816	0	1.0
2071	4867	0	1.0
2071	4868	0	1.0
2071	4869	0	1.0
2071	4891	0	1.0
2071	4895	0	1.0
2071	4900	0	1.0
2071	4919	0	1.0
2071	4920	0	1.0
2071	4924	0	1.0
2071	4931	0	1.0
2071	4969	0	1.0
2071	4970	0	1.0
2071	4971	0	1.0
2071	4972	0	1.0
2071	4973	0	1.0
2071	4974	0	1.0
2071	4975	0	1.0
2071	4980	0	1.0
2071	4984	0	1.0
2071	4985	0	1.0
2071	5008	0	1.0
2071	5009	0	1.0
2071	5010	0	1.0
2071	5011	0	1.0
2071	5012	0	1.0
2071	5013	0	1.0
2071	5014	0	1.0
2071	5015	0	1.0
2071	5016	0	1.0
2071	5048	0	1.0
2071	5049	0	1.0
2071	5050	0	1.0
2071	5051	0	1.0
2071	5053	0	1.0
2071	5054	0	1.0
2071	5059	0	1.0
2071	5060	0	1.0
2071	5061	0	1.0
2071	5064	0	1.0
2071	5066	0	1.0
2071	5067	0	1.0
2071	5068	0	1.0
2071	5069	0	1.0
2071	5070	0	1.0
2071	5071	0	1.0
2071	5072	0	1.0
2071	5073	0	1.0
2071	5074	0	1.0
2071	5075	0	1.0
2071	5076	0	1.0
2071	5077	0	1.0
2071	5079	0	1.0
2071	5080	0	1.0
2071	5084	0	1.0
2071	5085	0	1.0
2071	5088	0	1.0
2071	5092	0	1.0
2071	5093	0	1.0
2071	5094	0	1.0
2071	5095	0	1.0
2071	5097	0	1.0
2071	5098	0	1.0
2071	5099	0	1.0
2071	5100	0	1.0
2071	5101	0	1.0
2071	5103	0	1.0
2071	5104	0	1.0
2071	5105	0	1.0
2071	5106	0	1.0
2071	5107	0	1.0
2071	5108	0	1.0
2071	5110	0	1.0
2071	5112	0	1.0
2071	5113	0	1.0
2071	5116	0	1.0
2071	5118	0	1.0
2071	5119	0	1.0
2071	5120	0	1.0
2071	5124	0	1.0
2071	5125	0	1.0
2071	5127	0	1.0
2071	5130	0	1.0
2071	5131	0	1.0
2071	5132	0	1.0
2071	5133	0	1.0
2071	5135	0	1.0
2071	5137	0	1.0
2071	5139	0	1.0
2071	5140	0	1.0
2071	5144	0	1.0
2071	5163	0	1.0
2071	5171	0	1.0
2071	5174	0	1.0
2071	5177	0	1.0
2071	5178	0	1.0
2071	5182	0	1.0
2071	5186	0	1.0
2071	5188	0	1.0
2071	5189	0	1.0
2071	5191	0	1.0
2071	5196	0	1.0
2071	5199	0	1.0
2071	5202	0	1.0
2071	5204	0	1.0
2071	5206	0	1.0
2071	5212	0	1.0
2071	5213	0	1.0
2071	5214	0	1.0
2071	5218	0	1.0
2071	5219	0	1.0
2071	5222	0	1.0
2071	5223	0	1.0
2071	5224	0	1.0
2071	5225	0	1.0
2071	5226	0	1.0
2071	5227	0	1.0
2071	5228	0	1.0
2071	5229	0	1.0
2071	5230	0	1.0
2071	5231	0	1.0
2071	5232	0	1.0
2071	5233	0	1.0
2071	5234	0	1.0
2071	5236	0	1.0
2071	5237	0	1.0
2071	5239	0	1.0
2071	5240	0	1.0
2071	5241	0	1.0
2071	5242	0	1.0
2071	5243	0	1.0
2071	5246	0	1.0
2071	5248	0	1.0
2071	5249	0	1.0
2071	5253	0	1.0
2071	5257	0	1.0
2071	5262	0	1.0
2071	5267	0	1.0
2071	5269	0	1.0
2071	5272	0	1.0
2071	5273	0	1.0
2071	5274	0	1.0
2071	5275	0	1.0
2071	5276	0	1.0
2071	5277	0	1.0
2071	5278	0	1.0
2071	5279	0	1.0
2071	5280	0	1.0
2071	5281	0	1.0
2071	5285	0	1.0
2071	5286	0	1.0
2071	5287	0	1.0
2071	5288	0	1.0
2071	5289	0	1.0
2071	5291	0	1.0
2071	5292	0	1.0
2071	5294	0	1.0
2071	5295	0	1.0
2071	5302	0	1.0
2071	5303	0	1.0
2071	5304	0	1.0
2071	5306	0	1.0
2071	5307	0	1.0
2071	5308	0	1.0
2071	5329	0	1.0
2071	5330	0	1.0
2071	5336	0	1.0
2071	5369	0	1.0
2071	5382	0	1.0
2071	5387	0	1.0
2071	5388	0	1.0
2071	5592	0	1.0
2073	2330	1	1.0
2073	2378	1	1.0
2073	3443	1	1.0
2073	3494	1	1.0
2073	5141	1	1.0
2073	5358	1	1.0
2073	5563	1	1.0
2076	2082	1	1.0
2076	2086	1	1.0
2076	2102	1	1.0
2076	2115	1	1.0
2076	2283	1	1.0
2076	2803	0	1.0
2077	4565	1	1.0
2082	2086	1	1.0
2082	2088	1	1.0
2082	2192	1	1.0
2082	2193	1	1.0
2082	4048	1	1.0
2083	2097	1	1.0
2083	2430	0	1.0
2084	2115	1	1.0
2084	4196	1	1.0
2086	2139	1	1.0
2086	2173	1	1.0
2086	2174	1	1.0
2086	2185	1	1.0
2086	2186	1	1.0
2086	3542	1	1.0
2086	4804	1	1.0
2086	5538	1	1.0
2086	3647	0	1.0
2087	2088	1	1.0
2090	2098	1	1.0
2090	2099	1	1.0
2090	2113	1	1.0
2090	2108	0	1.0
2091	2225	1	1.0
2091	3403	1	1.0
2091	3793	1	1.0
2091	4201	1	1.0
2091	4316	1	1.0
2091	4733	1	1.0
2091	4928	1	1.0
2091	5023	1	1.0
2091	5156	1	1.0
2091	4435	0	1.0
2092	2096	1	1.0
2099	2113	1	1.0
2101	2127	1	1.0
2101	2170	1	1.0
2101	2225	1	1.0
2101	2569	1	1.0
2102	2238	1	1.0
2102	2561	1	1.0
2103	2583	1	1.0
2107	2148	1	1.0
2107	2443	1	1.0
2107	4119	1	1.0
2109	2250	1	1.0
2109	2863	1	1.0
2109	3032	1	1.0
2109	3382	1	1.0
2109	3812	1	1.0
2109	4071	1	1.0
2109	4121	1	1.0
2109	4136	1	1.0
2109	4146	1	1.0
2109	4175	1	1.0
2109	4196	1	1.0
2109	4255	1	1.0
2109	4276	1	1.0
2109	4282	1	1.0
2109	4293	1	1.0
2109	4302	1	1.0
2109	4308	1	1.0
2109	4692	1	1.0
2109	5571	0	1.0
2115	2125	1	1.0
2115	2135	1	1.0
2115	2136	1	1.0
2115	2159	1	1.0
2115	2170	1	1.0
2115	2184	1	1.0
2115	2194	1	1.0
2115	2206	1	1.0
2115	2211	1	1.0
2115	2217	1	1.0
2115	2227	1	1.0
2115	2247	1	1.0
2115	2249	1	1.0
2115	2256	1	1.0
2115	2277	1	1.0
2115	2278	1	1.0
2115	2297	1	1.0
2115	2302	1	1.0
2115	2319	1	1.0
2115	2321	1	1.0
2115	2325	1	1.0
2115	2393	1	1.0
2115	2438	1	1.0
2115	2563	1	1.0
2115	2576	1	1.0
2115	2613	1	1.0
2115	2635	1	1.0
2115	2854	1	1.0
2115	3647	1	1.0
2115	2200	0	1.0
2115	2244	0	1.0
2115	2606	0	1.0
2115	2607	0	1.0
2115	2608	0	1.0
2115	2609	0	1.0
2116	2117	1	1.0
2116	2571	1	1.0
2116	3110	1	1.0
2116	3622	1	1.0
2116	3626	1	1.0
2116	3891	1	1.0
2116	4090	1	1.0
2116	5591	1	1.0
2116	2154	0	1.0
2116	2430	0	1.0
2116	2942	0	1.0
2116	5523	0	1.0
2116	5601	0	1.0
2117	2146	1	1.0
2117	2225	1	1.0
2117	2569	1	1.0
2117	2430	0	1.0
2118	2120	1	1.0
2118	3299	1	1.0
2118	4071	1	1.0
2118	4434	1	1.0
2118	4774	1	1.0
2120	2206	1	1.0
2120	2379	1	1.0
2120	3024	1	1.0
2120	3120	1	1.0
2123	2154	1	1.0
2125	2148	1	1.0
2125	2250	1	1.0
2125	2256	1	1.0
2125	2277	1	1.0
2125	2297	1	1.0
2125	2329	1	1.0
2125	2374	1	1.0
2125	2376	1	1.0
2125	2412	1	1.0
2125	2421	1	1.0
2125	2426	1	1.0
2125	2528	1	1.0
2125	2569	1	1.0
2125	2571	1	1.0
2125	2583	1	1.0
2125	2586	1	1.0
2125	2606	1	1.0
2125	2607	1	1.0
2125	2638	1	1.0
2125	2675	1	1.0
2125	2698	1	1.0
2125	2778	1	1.0
2125	2800	1	1.0
2125	2916	1	1.0
2125	3135	1	1.0
2125	3167	1	1.0
2125	3335	1	1.0
2125	3358	1	1.0
2125	3724	1	1.0
2125	3849	1	1.0
2125	4162	1	1.0
2125	2497	0	1.0
2125	2713	0	1.0
2129	2135	1	1.0
2129	2219	1	1.0
2129	2220	1	1.0
2129	2461	1	1.0
2129	2832	1	1.0
2129	2863	1	1.0
2129	3006	1	1.0
2129	3638	1	1.0
2129	4071	1	1.0
2129	4195	1	1.0
2129	5164	1	1.0
2129	3469	0	1.0
2129	3607	0	1.0
2129	3647	0	1.0
2129	4262	0	1.0
2130	3006	1	1.0
2130	3261	1	1.0
2130	3386	1	1.0
2130	3491	1	1.0
2130	4034	1	1.0
2130	4037	1	1.0
2130	4159	1	1.0
2130	4181	1	1.0
2130	3647	0	1.0
2131	2273	1	1.0
2134	2206	1	1.0
2134	2219	1	1.0
2135	2141	1	1.0
2135	2157	1	1.0
2135	2197	1	1.0
2135	2222	1	1.0
2135	2225	1	1.0
2135	2241	1	1.0
2135	2245	1	1.0
2135	2262	1	1.0
2135	2285	1	1.0
2135	2302	1	1.0
2135	2331	1	1.0
2135	2355	1	1.0
2135	2385	1	1.0
2135	2528	1	1.0
2135	2586	1	1.0
2135	2894	1	1.0
2135	3100	1	1.0
2135	3469	1	1.0
2135	3537	1	1.0
2135	4001	1	1.0
2135	5025	1	1.0
2135	5410	1	1.0
2135	5580	1	1.0
2135	3607	0	1.0
2135	3622	0	1.0
2135	3647	0	1.0
2135	3659	0	1.0
2135	3660	0	1.0
2135	3662	0	1.0
2135	3663	0	1.0
2135	3775	0	1.0
2135	4262	0	1.0
2135	4434	0	1.0
2135	5386	0	1.0
2136	4169	1	1.0
2136	4807	1	1.0
2139	2145	1	1.0
2141	2675	1	1.0
2141	2992	1	1.0
2141	4071	1	1.0
2142	3618	1	1.0
2142	3724	1	1.0
2144	2283	1	1.0
2145	2159	1	1.0
2145	2206	1	1.0
2145	2257	1	1.0
2145	2297	1	1.0
2145	2149	0	1.0
2148	2151	1	1.0
2148	2171	1	1.0
2148	2294	1	1.0
2148	2311	1	1.0
2148	2333	1	1.0
2148	2230	0	1.0
2148	2297	0	1.0
2152	2571	1	1.0
2153	2470	1	1.0
2154	2159	1	1.0
2154	2171	1	1.0
2154	2225	1	1.0
2154	2243	1	1.0
2154	2280	1	1.0
2154	2315	1	1.0
2154	2331	1	1.0
2154	2651	1	1.0
2154	2698	1	1.0
2154	2700	1	1.0
2154	2716	1	1.0
2154	2826	1	1.0
2154	2869	1	1.0
2154	2297	0	1.0
2154	2751	0	1.0
2157	2385	1	1.0
2159	2250	1	1.0
2165	2242	1	1.0
2165	2285	1	1.0
2170	2171	1	1.0
2170	2175	1	1.0
2170	2176	1	1.0
2170	2181	1	1.0
2170	2202	1	1.0
2170	2199	0	1.0
2171	2349	1	1.0
2171	3891	1	1.0
2171	4071	1	1.0
2171	4196	1	1.0
2171	4491	1	1.0
2171	4565	1	1.0
2172	2230	1	1.0
2172	2256	1	1.0
2172	3775	1	1.0
2172	3347	0	1.0
2173	2494	1	1.0
2173	3211	1	1.0
2173	4089	1	1.0
2173	4928	1	1.0
2173	5410	1	1.0
2173	2470	0	1.0
2173	5092	0	1.0
2176	2880	1	1.0
2176	3494	1	1.0
2176	4399	1	1.0
2183	2184	1	1.0
2183	2210	1	1.0
2183	2225	1	1.0
2183	2239	1	1.0
2183	2351	1	1.0
2183	3638	1	1.0
2184	2197	1	1.0
2184	2209	1	1.0
2184	2569	1	1.0
2184	3086	1	1.0
2184	3263	1	1.0
2184	3500	1	1.0
2184	4005	1	1.0
2184	4183	1	1.0
2184	4211	1	1.0
2184	4216	1	1.0
2184	4244	1	1.0
2184	4267	1	1.0
2186	3032	1	1.0
2190	2227	1	1.0
2193	2225	1	1.0
2193	2280	1	1.0
2193	3272	1	1.0
2197	2222	1	1.0
2199	2249	1	1.0
2199	2309	1	1.0
2199	2323	1	1.0
2199	2338	1	1.0
2199	2478	1	1.0
2199	2716	1	1.0
2199	2742	1	1.0
2199	2864	1	1.0
2199	2894	1	1.0
2199	3059	1	1.0
2199	4086	1	1.0
2199	4180	1	1.0
2199	4701	1	1.0
2199	4750	1	1.0
2199	4753	1	1.0
2199	5005	1	1.0
2199	5141	1	1.0
2199	5726	1	1.0
2199	2430	0	1.0
2199	2934	0	1.0
2199	3647	0	1.0
2199	3711	0	1.0
2199	4048	0	1.0
2201	2226	1	1.0
2204	2551	1	1.0
2204	3638	1	1.0
2204	4389	1	1.0
2204	3898	0	1.0
2206	2225	1	1.0
2206	2229	1	1.0
2206	2238	1	1.0
2206	2240	1	1.0
2206	2243	1	1.0
2206	2247	1	1.0
2206	2280	1	1.0
2206	2285	1	1.0
2206	2303	1	1.0
2206	2323	1	1.0
2206	2334	1	1.0
2206	2344	1	1.0
2206	2401	1	1.0
2206	2415	1	1.0
2206	2435	1	1.0
2206	2569	1	1.0
2206	2583	1	1.0
2206	2716	1	1.0
2206	2874	1	1.0
2206	2894	1	1.0
2206	3120	1	1.0
2206	3133	1	1.0
2206	3143	1	1.0
2206	3219	1	1.0
2206	3227	1	1.0
2206	3246	1	1.0
2206	3250	1	1.0
2206	3267	1	1.0
2206	3491	1	1.0
2206	3548	1	1.0
2206	3603	1	1.0
2206	3620	1	1.0
2206	3628	1	1.0
2206	3795	1	1.0
2206	4565	1	1.0
2206	2279	0	1.0
2206	2292	0	1.0
2206	2369	0	1.0
2206	2400	0	1.0
2206	2430	0	1.0
2206	2436	0	1.0
2206	2445	0	1.0
2206	2447	0	1.0
2206	2453	0	1.0
2206	2463	0	1.0
2206	2471	0	1.0
2206	2472	0	1.0
2206	2473	0	1.0
2206	2474	0	1.0
2206	2475	0	1.0
2206	2476	0	1.0
2206	2477	0	1.0
2206	2653	0	1.0
2206	2694	0	1.0
2206	2707	0	1.0
2206	2713	0	1.0
2206	2740	0	1.0
2206	2787	0	1.0
2206	2808	0	1.0
2206	2815	0	1.0
2206	2827	0	1.0
2206	2871	0	1.0
2206	2921	0	1.0
2206	2942	0	1.0
2206	2969	0	1.0
2206	3014	0	1.0
2206	3015	0	1.0
2206	3021	0	1.0
2206	3089	0	1.0
2206	3130	0	1.0
2206	3155	0	1.0
2206	3156	0	1.0
2206	3189	0	1.0
2206	3213	0	1.0
2206	3231	0	1.0
2206	3238	0	1.0
2206	3266	0	1.0
2206	3270	0	1.0
2206	3280	0	1.0
2206	3323	0	1.0
2206	3324	0	1.0
2206	3357	0	1.0
2206	3392	0	1.0
2206	3448	0	1.0
2206	3450	0	1.0
2206	3451	0	1.0
2206	3452	0	1.0
2206	3453	0	1.0
2206	3454	0	1.0
2206	3458	0	1.0
2206	3459	0	1.0
2206	3460	0	1.0
2206	3461	0	1.0
2206	3462	0	1.0
2206	3465	0	1.0
2206	3466	0	1.0
2206	3517	0	1.0
2206	3711	0	1.0
2206	4047	0	1.0
2206	4967	0	1.0
2207	2243	1	1.0
2210	2804	1	1.0
2213	2215	1	1.0
2215	2239	1	1.0
2219	2355	1	1.0
2219	3032	1	1.0
2219	5245	1	1.0
2220	2248	1	1.0
2222	2412	1	1.0
2222	2933	1	1.0
2222	3249	1	1.0
2222	3899	1	1.0
2222	4049	1	1.0
2222	4060	1	1.0
2222	4076	1	1.0
2224	2225	1	1.0
2225	2230	1	1.0
2225	2232	1	1.0
2225	2238	1	1.0
2225	2239	1	1.0
2225	2250	1	1.0
2225	2256	1	1.0
2225	2263	1	1.0
2225	2264	1	1.0
2225	2267	1	1.0
2225	2280	1	1.0
2225	2292	1	1.0
2225	2294	1	1.0
2225	2297	1	1.0
2225	2328	1	1.0
2225	2329	1	1.0
2225	2331	1	1.0
2225	2337	1	1.0
2225	2340	1	1.0
2225	2344	1	1.0
2225	2346	1	1.0
2225	2367	1	1.0
2225	2395	1	1.0
2225	2412	1	1.0
2225	2456	1	1.0
2225	2569	1	1.0
2225	2634	1	1.0
2225	2635	1	1.0
2225	2653	1	1.0
2225	2686	1	1.0
2225	3800	1	1.0
2227	2345	1	1.0
2227	2587	1	1.0
2227	3032	1	1.0
2227	5310	1	1.0
2229	2231	1	1.0
2229	2352	1	1.0
2230	2320	1	1.0
2230	2331	1	1.0
2230	2606	0	1.0
2230	2607	0	1.0
2230	2609	0	1.0
2232	2274	0	1.0
2234	2264	1	1.0
2234	2286	1	1.0
2234	2319	1	1.0
2234	2694	1	1.0
2238	2247	1	1.0
2238	2269	1	1.0
2238	2280	1	1.0
2238	2282	1	1.0
2238	2285	1	1.0
2238	2294	1	1.0
2238	2297	1	1.0
2238	2323	1	1.0
2238	2324	1	1.0
2238	2329	1	1.0
2238	2331	1	1.0
2238	2340	1	1.0
2238	2345	1	1.0
2238	2362	1	1.0
2238	2394	1	1.0
2238	2398	1	1.0
2238	2412	1	1.0
2238	2416	1	1.0
2238	2426	1	1.0
2238	2482	1	1.0
2238	2493	1	1.0
2238	2518	1	1.0
2238	2520	1	1.0
2238	2528	1	1.0
2238	2539	1	1.0
2238	2551	1	1.0
2238	2569	1	1.0
2238	2571	1	1.0
2238	2573	1	1.0
2238	2583	1	1.0
2238	2650	1	1.0
2238	2651	1	1.0
2238	2662	1	1.0
2238	2675	1	1.0
2238	2683	1	1.0
2238	2700	1	1.0
2238	2717	1	1.0
2238	2724	1	1.0
2238	2730	1	1.0
2238	2755	1	1.0
2238	2769	1	1.0
2238	2793	1	1.0
2238	2799	1	1.0
2238	2820	1	1.0
2238	2824	1	1.0
2238	2826	1	1.0
2238	2851	1	1.0
2238	2858	1	1.0
2238	2862	1	1.0
2238	2863	1	1.0
2238	2865	1	1.0
2238	2876	1	1.0
2238	2891	1	1.0
2238	2894	1	1.0
2238	2916	1	1.0
2238	2950	1	1.0
2238	2966	1	1.0
2238	3019	1	1.0
2238	3040	1	1.0
2238	3059	1	1.0
2238	3091	1	1.0
2238	3116	1	1.0
2238	3152	1	1.0
2238	3153	1	1.0
2238	3216	1	1.0
2238	3227	1	1.0
2238	3249	1	1.0
2238	3261	1	1.0
2238	3308	1	1.0
2238	3338	1	1.0
2238	3346	1	1.0
2238	3348	1	1.0
2238	3437	1	1.0
2238	3443	1	1.0
2238	3444	1	1.0
2238	3467	1	1.0
2238	3519	1	1.0
2238	3524	1	1.0
2238	3538	1	1.0
2238	3545	1	1.0
2238	3555	1	1.0
2238	3561	1	1.0
2238	3571	1	1.0
2238	3572	1	1.0
2238	3579	1	1.0
2238	3606	1	1.0
2238	3613	1	1.0
2238	3630	1	1.0
2238	3632	1	1.0
2238	3704	1	1.0
2238	3709	1	1.0
2238	3722	1	1.0
2238	3724	1	1.0
2238	3775	1	1.0
2238	3823	1	1.0
2238	3882	1	1.0
2238	3891	1	1.0
2238	4000	1	1.0
2238	4071	1	1.0
2238	4157	1	1.0
2238	4169	1	1.0
2238	4242	1	1.0
2238	4264	1	1.0
2238	4298	1	1.0
2238	4336	1	1.0
2238	4395	1	1.0
2238	4440	1	1.0
2238	4509	1	1.0
2238	4521	1	1.0
2238	4631	1	1.0
2238	4706	1	1.0
2238	4889	1	1.0
2238	4959	1	1.0
2238	4968	1	1.0
2238	5002	1	1.0
2238	5176	1	1.0
2238	5374	1	1.0
2238	5466	1	1.0
2238	5595	1	1.0
2238	2286	0	1.0
2238	2480	0	1.0
2238	2491	0	1.0
2238	2606	0	1.0
2238	2607	0	1.0
2238	2608	0	1.0
2238	2609	0	1.0
2238	2710	0	1.0
2238	2722	0	1.0
2238	2827	0	1.0
2238	2896	0	1.0
2238	3079	0	1.0
2238	3093	0	1.0
2238	3173	0	1.0
2238	3238	0	1.0
2238	3305	0	1.0
2238	3327	0	1.0
2238	3343	0	1.0
2238	3603	0	1.0
2238	3647	0	1.0
2238	3669	0	1.0
2238	4151	0	1.0
2238	4252	0	1.0
2238	4256	0	1.0
2238	4260	0	1.0
2238	4309	0	1.0
2238	4330	0	1.0
2238	4405	0	1.0
2238	4410	0	1.0
2238	4715	0	1.0
2238	4769	0	1.0
2238	4809	0	1.0
2238	4828	0	1.0
2238	4931	0	1.0
2238	5405	0	1.0
2238	5471	0	1.0
2238	5644	0	1.0
2239	2335	1	1.0
2239	2966	0	1.0
2241	3715	1	1.0
2241	2363	0	1.0
2241	2418	0	1.0
2242	2252	1	1.0
2242	2306	1	1.0
2242	3873	1	1.0
2242	5192	1	1.0
2243	2280	1	1.0
2243	2286	1	1.0
2243	2456	1	1.0
2243	2571	1	1.0
2243	2651	1	1.0
2243	2710	1	1.0
2243	3261	1	1.0
2243	3267	1	1.0
2243	3617	1	1.0
2243	4169	1	1.0
2243	5575	1	1.0
2244	2247	0	1.0
2245	2304	0	1.0
2245	2363	0	1.0
2245	2418	0	1.0
2247	3347	1	1.0
2247	3348	1	1.0
2247	3622	1	1.0
2247	3630	1	1.0
2247	3735	1	1.0
2247	3818	1	1.0
2247	3891	1	1.0
2247	3995	1	1.0
2247	4043	1	1.0
2247	4195	1	1.0
2247	4196	1	1.0
2247	4757	1	1.0
2247	4932	1	1.0
2247	5134	1	1.0
2247	5159	1	1.0
2247	5297	1	1.0
2247	5351	1	1.0
2247	5365	1	1.0
2249	4071	1	1.0
2249	4378	1	1.0
2250	2283	1	1.0
2250	2329	1	1.0
2250	2651	1	1.0
2251	4089	1	1.0
2252	2306	1	1.0
2252	2313	1	1.0
2252	2452	1	1.0
2252	2783	1	1.0
2252	4588	1	1.0
2252	4589	1	1.0
2252	4633	1	1.0
2252	4817	1	1.0
2252	4913	1	1.0
2252	4996	1	1.0
2252	5162	1	1.0
2252	3165	0	1.0
2254	3358	1	1.0
2254	4195	1	1.0
2256	2267	1	1.0
2256	2285	1	1.0
2256	2312	1	1.0
2256	2331	1	1.0
2256	2367	1	1.0
2256	2569	1	1.0
2256	2571	1	1.0
2256	2819	1	1.0
2256	3227	1	1.0
2256	3603	1	1.0
2256	3793	1	1.0
2256	3891	1	1.0
2256	4000	1	1.0
2256	4395	1	1.0
2256	4440	1	1.0
2256	4465	1	1.0
2256	4601	1	1.0
2256	5212	1	1.0
2257	3617	1	1.0
2260	2569	1	1.0
2260	2917	1	1.0
2260	3184	1	1.0
2260	3217	1	1.0
2260	3812	1	1.0
2260	4089	1	1.0
2260	4169	1	1.0
2260	4201	1	1.0
2260	4262	1	1.0
2260	4434	1	1.0
2260	4494	1	1.0
2260	4565	1	1.0
2260	4602	1	1.0
2260	4619	1	1.0
2260	4718	1	1.0
2260	4729	1	1.0
2260	4733	1	1.0
2260	4761	1	1.0
2260	4774	1	1.0
2260	4793	1	1.0
2260	4839	1	1.0
2260	4924	1	1.0
2260	4929	1	1.0
2260	4982	1	1.0
2260	4558	0	1.0
2260	4560	0	1.0
2260	4578	0	1.0
2263	2297	1	1.0
2263	2340	1	1.0
2263	2675	1	1.0
2263	3130	1	1.0
2263	3638	1	1.0
2263	4089	1	1.0
2268	2269	1	1.0
2268	2576	1	1.0
2269	2297	1	1.0
2269	2414	1	1.0
2269	3321	1	1.0
2269	3009	0	1.0
2270	2571	1	1.0
2272	4089	1	1.0
2273	4089	1	1.0
2278	2321	1	1.0
2279	2829	1	1.0
2279	2571	0	1.0
2279	2955	0	1.0
2279	3093	0	1.0
2280	2335	1	1.0
2280	2347	1	1.0
2280	2365	1	1.0
2280	2551	1	1.0
2280	2936	1	1.0
2280	3489	1	1.0
2280	3815	1	1.0
2280	4074	1	1.0
2280	2445	0	1.0
2280	2447	0	1.0
2280	2448	0	1.0
2284	3871	1	1.0
2284	3992	1	1.0
2285	2470	1	1.0
2285	2528	1	1.0
2285	2551	1	1.0
2285	2569	1	1.0
2285	2675	1	1.0
2285	2677	1	1.0
2285	2778	1	1.0
2285	2861	1	1.0
2285	2863	1	1.0
2285	2929	1	1.0
2285	3104	1	1.0
2285	3603	1	1.0
2285	3637	1	1.0
2285	3638	1	1.0
2285	3715	1	1.0
2285	3716	1	1.0
2285	3775	1	1.0
2285	3792	1	1.0
2285	4018	1	1.0
2285	4071	1	1.0
2285	4089	1	1.0
2285	4119	1	1.0
2285	4215	1	1.0
2285	2571	0	1.0
2285	3647	0	1.0
2292	2309	1	1.0
2292	2412	1	1.0
2292	2933	1	1.0
2292	3106	1	1.0
2293	2331	1	1.0
2294	3638	1	1.0
2297	2298	1	1.0
2297	2323	1	1.0
2297	2331	1	1.0
2297	2368	1	1.0
2297	2456	1	1.0
2297	2457	1	1.0
2297	2569	1	1.0
2297	2778	1	1.0
2297	2982	1	1.0
2297	3059	1	1.0
2297	3467	1	1.0
2297	3476	1	1.0
2297	3489	1	1.0
2297	3638	1	1.0
2297	2430	0	1.0
2297	2491	0	1.0
2300	2308	1	1.0
2300	2432	1	1.0
2306	3873	1	1.0
2309	2412	1	1.0
2309	2520	1	1.0
2309	2550	1	1.0
2309	2561	1	1.0
2309	2575	1	1.0
2309	2576	1	1.0
2309	2747	1	1.0
2309	2795	1	1.0
2309	2801	1	1.0
2309	2817	1	1.0
2309	2824	1	1.0
2309	2933	1	1.0
2309	2953	1	1.0
2309	2988	1	1.0
2309	3001	1	1.0
2309	3049	1	1.0
2309	3054	1	1.0
2309	3103	1	1.0
2309	3157	1	1.0
2309	3220	1	1.0
2309	3431	1	1.0
2309	3485	1	1.0
2309	3537	1	1.0
2309	3591	1	1.0
2309	3776	1	1.0
2309	3777	1	1.0
2309	3847	1	1.0
2309	3859	1	1.0
2309	3870	1	1.0
2309	3876	1	1.0
2309	3894	1	1.0
2309	3899	1	1.0
2309	3952	1	1.0
2309	3967	1	1.0
2309	4004	1	1.0
2309	4015	1	1.0
2309	4028	1	1.0
2309	4049	1	1.0
2309	4071	1	1.0
2309	4611	1	1.0
2309	4628	1	1.0
2309	5033	1	1.0
2309	5126	1	1.0
2309	5154	1	1.0
2309	5284	1	1.0
2309	2363	0	1.0
2309	2418	0	1.0
2309	2567	0	1.0
2309	3085	0	1.0
2309	3785	0	1.0
2313	2314	1	1.0
2315	2342	1	1.0
2315	2571	1	1.0
2316	2385	1	1.0
2318	3678	0	1.0
2319	2339	1	1.0
2321	2719	1	1.0
2321	2877	1	1.0
2321	2975	1	1.0
2322	2571	1	1.0
2323	2571	1	1.0
2323	3697	1	1.0
2323	3793	1	1.0
2323	3812	1	1.0
2323	3891	1	1.0
2323	4101	1	1.0
2323	4143	1	1.0
2323	4480	1	1.0
2323	2569	0	1.0
2328	2330	1	1.0
2328	2528	1	1.0
2328	2561	1	1.0
2328	2571	1	1.0
2328	2703	1	1.0
2328	2735	1	1.0
2328	2771	1	1.0
2328	2857	1	1.0
2328	2861	1	1.0
2328	2894	1	1.0
2328	2899	1	1.0
2328	3537	1	1.0
2329	2331	1	1.0
2329	2336	1	1.0
2329	2340	1	1.0
2329	2406	1	1.0
2329	2562	1	1.0
2329	2569	1	1.0
2329	2571	1	1.0
2329	2664	1	1.0
2329	2700	1	1.0
2329	2778	1	1.0
2329	2863	1	1.0
2329	3285	1	1.0
2329	3793	1	1.0
2329	4071	1	1.0
2329	4094	1	1.0
2329	4161	1	1.0
2329	4166	1	1.0
2329	4378	1	1.0
2329	4447	1	1.0
2329	4494	1	1.0
2329	5399	1	1.0
2329	5444	1	1.0
2329	5476	1	1.0
2329	5484	1	1.0
2329	5551	1	1.0
2329	2351	0	1.0
2329	3647	0	1.0
2329	5470	0	1.0
2330	2367	1	1.0
2330	3233	1	1.0
2330	3261	1	1.0
2330	3472	1	1.0
2330	3478	1	1.0
2330	4480	1	1.0
2330	4625	1	1.0
2331	2455	1	1.0
2331	2456	1	1.0
2331	2571	1	1.0
2331	5091	0	1.0
2335	2378	1	1.0
2335	2389	1	1.0
2335	2392	1	1.0
2335	2528	1	1.0
2335	2551	1	1.0
2335	2571	1	1.0
2335	2651	1	1.0
2335	2677	1	1.0
2335	2683	1	1.0
2335	2757	1	1.0
2335	2863	1	1.0
2335	3078	1	1.0
2335	3120	1	1.0
2335	3139	1	1.0
2335	3358	1	1.0
2335	3425	1	1.0
2335	3440	1	1.0
2335	3476	1	1.0
2335	3594	1	1.0
2335	3603	1	1.0
2335	3617	1	1.0
2335	3618	1	1.0
2335	3638	1	1.0
2335	3682	1	1.0
2335	3724	1	1.0
2335	3726	1	1.0
2335	3744	1	1.0
2335	3750	1	1.0
2335	3775	1	1.0
2335	3783	1	1.0
2335	3784	1	1.0
2335	3812	1	1.0
2335	3822	1	1.0
2335	3851	1	1.0
2335	3961	1	1.0
2335	3999	1	1.0
2335	4000	1	1.0
2335	4007	1	1.0
2335	4071	1	1.0
2335	4089	1	1.0
2335	4163	1	1.0
2335	4169	1	1.0
2335	4223	1	1.0
2335	4248	1	1.0
2335	4300	1	1.0
2335	4316	1	1.0
2335	4330	1	1.0
2335	4770	1	1.0
2337	2340	1	1.0
2337	2341	1	1.0
2339	2354	1	1.0
2340	3381	0	1.0
2341	2372	1	1.0
2344	2569	1	1.0
2344	2571	1	1.0
2345	2346	1	1.0
2345	2561	1	1.0
2345	2675	1	1.0
2345	2749	1	1.0
2345	2834	1	1.0
2345	2994	1	1.0
2345	3032	1	1.0
2345	3157	1	1.0
2345	3168	1	1.0
2345	3986	1	1.0
2346	2414	1	1.0
2346	2463	0	1.0
2349	2681	1	1.0
2349	2503	0	1.0
2349	2582	0	1.0
2349	2598	0	1.0
2349	2603	0	1.0
2349	2604	0	1.0
2349	2623	0	1.0
2349	2626	0	1.0
2349	2639	0	1.0
2349	2643	0	1.0
2349	2644	0	1.0
2349	2645	0	1.0
2349	2656	0	1.0
2349	2657	0	1.0
2349	2658	0	1.0
2349	2659	0	1.0
2349	2663	0	1.0
2349	2666	0	1.0
2349	2667	0	1.0
2349	2668	0	1.0
2349	2669	0	1.0
2349	2671	0	1.0
2349	2673	0	1.0
2349	2674	0	1.0
2349	2679	0	1.0
2349	2685	0	1.0
2349	2808	0	1.0
2349	3456	0	1.0
2349	3629	0	1.0
2349	3647	0	1.0
2349	3659	0	1.0
2349	3660	0	1.0
2349	3662	0	1.0
2349	3663	0	1.0
2353	2605	1	1.0
2355	2357	1	1.0
2355	2359	1	1.0
2355	2404	1	1.0
2355	2617	1	1.0
2355	2690	1	1.0
2355	2944	1	1.0
2355	3379	1	1.0
2355	4262	1	1.0
2356	2391	1	1.0
2357	3269	1	1.0
2359	2551	1	1.0
2359	2569	1	1.0
2359	3032	1	1.0
2359	3269	1	1.0
2359	3793	1	1.0
2359	4169	1	1.0
2359	4201	1	1.0
2359	4692	1	1.0
2364	2365	1	1.0
2367	2865	1	1.0
2367	3093	1	1.0
2367	3154	1	1.0
2367	3241	1	1.0
2367	3261	1	1.0
2367	3351	1	1.0
2367	3478	1	1.0
2367	3577	1	1.0
2368	3647	1	1.0
2369	2400	1	1.0
2369	2370	0	1.0
2373	2374	1	1.0
2376	2571	1	1.0
2376	2728	1	1.0
2376	3548	1	1.0
2377	2771	1	1.0
2379	2436	1	1.0
2385	2944	1	1.0
2394	2571	1	1.0
2394	3163	1	1.0
2394	4232	1	1.0
2394	4316	1	1.0
2394	4317	0	1.0
2399	2692	1	1.0
2399	4783	1	1.0
2402	2494	1	1.0
2402	2571	1	1.0
2402	2677	1	1.0
2402	2683	1	1.0
2402	3618	1	1.0
2402	3789	1	1.0
2402	3793	1	1.0
2402	3812	1	1.0
2402	4071	1	1.0
2402	4434	1	1.0
2402	4911	1	1.0
2402	4918	1	1.0
2404	2412	1	1.0
2404	2446	1	1.0
2405	2571	1	1.0
2405	2430	0	1.0
2408	2569	1	1.0
2412	2442	1	1.0
2412	2451	1	1.0
2412	2466	1	1.0
2412	2533	1	1.0
2412	2561	1	1.0
2412	2568	1	1.0
2412	2575	1	1.0
2412	2576	1	1.0
2412	2583	1	1.0
2412	2605	1	1.0
2412	2606	1	1.0
2412	2608	1	1.0
2412	2721	1	1.0
2412	2776	1	1.0
2412	2782	1	1.0
2412	2831	1	1.0
2412	2838	1	1.0
2412	2839	1	1.0
2412	2948	1	1.0
2412	2953	1	1.0
2412	2956	1	1.0
2412	3050	1	1.0
2412	3060	1	1.0
2412	3125	1	1.0
2412	3146	1	1.0
2412	3194	1	1.0
2412	3258	1	1.0
2412	3739	1	1.0
2412	4907	1	1.0
2412	4944	1	1.0
2412	2478	0	1.0
2413	2434	1	1.0
2413	2827	1	1.0
2414	2491	1	1.0
2414	2523	1	1.0
2414	2569	1	1.0
2414	2571	1	1.0
2414	2634	1	1.0
2414	3032	1	1.0
2414	3292	1	1.0
2414	3700	1	1.0
2414	4434	0	1.0
2415	2571	1	1.0
2415	3642	1	1.0
2425	2652	1	1.0
2425	3846	1	1.0
2426	2528	1	1.0
2426	2571	1	1.0
2426	2683	1	1.0
2426	4089	1	1.0
2426	4474	1	1.0
2426	4506	1	1.0
2426	4696	1	1.0
2427	2433	1	1.0
2427	2430	0	1.0
2429	4460	1	1.0
2430	2571	1	1.0
2430	2778	1	1.0
2430	3143	1	1.0
2430	3476	1	1.0
2430	4071	1	1.0
2430	4169	1	1.0
2430	4460	1	1.0
2430	2569	0	1.0
2430	2583	0	1.0
2430	2783	0	1.0
2430	2802	0	1.0
2430	2877	0	1.0
2430	3339	0	1.0
2430	3348	0	1.0
2430	3386	0	1.0
2430	3684	0	1.0
2430	3724	0	1.0
2430	4084	0	1.0
2430	4799	0	1.0
2430	4827	0	1.0
2430	5263	0	1.0
2430	5376	0	1.0
2430	5411	0	1.0
2432	2482	1	1.0
2432	2472	0	1.0
2433	3173	1	1.0
2434	2583	0	1.0
2436	2445	1	1.0
2436	2447	1	1.0
2436	2448	0	1.0
2441	2454	1	1.0
2447	2453	1	1.0
2447	2471	1	1.0
2447	2473	1	1.0
2447	2474	1	1.0
2447	2475	1	1.0
2447	2476	1	1.0
2447	2477	1	1.0
2453	2692	0	1.0
2456	2571	1	1.0
2456	2591	1	1.0
2456	2636	1	1.0
2456	2725	1	1.0
2456	2880	1	1.0
2456	3006	1	1.0
2456	4169	1	1.0
2456	3561	0	1.0
2456	3622	0	1.0
2456	5424	0	1.0
2457	2827	1	1.0
2461	2470	1	1.0
2461	2571	1	1.0
2462	2470	1	1.0
2462	4389	1	1.0
2466	2487	1	1.0
2466	2494	1	1.0
2466	2509	1	1.0
2466	2634	1	1.0
2467	2470	1	1.0
2467	2583	1	1.0
2467	3092	1	1.0
2467	2511	0	1.0
2470	2487	1	1.0
2470	2522	1	1.0
2470	2611	1	1.0
2470	2710	1	1.0
2470	2778	1	1.0
2470	2876	1	1.0
2470	3011	1	1.0
2470	3032	1	1.0
2470	3637	1	1.0
2470	4393	1	1.0
2470	2515	0	1.0
2470	4434	0	1.0
2471	2472	1	1.0
2472	2473	1	1.0
2472	2474	1	1.0
2472	2475	1	1.0
2472	2476	1	1.0
2472	2477	1	1.0
2472	2480	1	1.0
2472	2481	1	1.0
2473	2692	0	1.0
2474	2692	0	1.0
2475	2692	0	1.0
2476	2692	0	1.0
2477	2692	0	1.0
2480	2554	1	1.0
2480	2482	0	1.0
2481	2495	1	1.0
2481	2496	1	1.0
2484	2571	1	1.0
2484	2863	1	1.0
2484	3476	1	1.0
2484	3849	1	1.0
2484	4071	1	1.0
2484	4175	1	1.0
2484	4434	1	1.0
2484	4506	1	1.0
2484	4521	1	1.0
2484	4790	1	1.0
2489	2561	1	1.0
2489	2683	1	1.0
2489	2771	1	1.0
2494	2519	1	1.0
2494	2831	1	1.0
2494	2863	1	1.0
2494	3026	1	1.0
2494	3186	1	1.0
2494	3216	1	1.0
2494	3357	1	1.0
2494	3476	1	1.0
2494	3653	1	1.0
2494	3932	1	1.0
2494	4000	1	1.0
2494	4071	1	1.0
2494	4144	1	1.0
2494	4236	1	1.0
2494	4359	1	1.0
2494	4360	1	1.0
2494	4403	1	1.0
2494	4435	1	1.0
2494	4444	1	1.0
2494	4455	1	1.0
2494	4465	1	1.0
2494	4470	1	1.0
2494	4478	1	1.0
2495	2496	1	1.0
2495	2497	1	1.0
2495	2498	1	1.0
2495	2499	1	1.0
2495	2500	1	1.0
2495	2501	1	1.0
2495	2502	1	1.0
2495	2503	1	1.0
2496	2497	1	1.0
2497	2498	1	1.0
2497	2554	1	1.0
2497	2555	1	1.0
2497	2557	1	1.0
2497	2558	1	1.0
2497	2559	1	1.0
2497	2692	0	1.0
2498	2499	1	1.0
2498	2500	1	1.0
2499	2557	1	1.0
2500	2554	1	1.0
2500	2557	1	1.0
2500	2692	0	1.0
2503	2522	1	1.0
2503	2554	1	1.0
2503	2557	1	1.0
2503	2618	1	1.0
2503	2619	1	1.0
2503	2624	1	1.0
2503	2625	1	1.0
2503	2626	1	1.0
2503	2643	1	1.0
2503	2692	0	1.0
2510	2751	1	1.0
2510	3032	1	1.0
2510	5641	1	1.0
2511	2651	0	1.0
2511	2653	0	1.0
2512	2892	1	1.0
2515	2529	1	1.0
2515	2531	1	1.0
2515	2532	1	1.0
2515	2547	1	1.0
2515	2548	1	1.0
2515	2549	1	1.0
2519	2651	1	1.0
2520	2577	1	1.0
2520	2675	1	1.0
2520	2683	1	1.0
2520	2827	1	1.0
2520	2917	1	1.0
2520	2566	0	1.0
2520	4071	0	1.0
2522	2526	1	1.0
2522	2527	1	1.0
2523	2528	1	1.0
2523	2561	1	1.0
2528	2571	1	1.0
2528	2634	1	1.0
2528	2646	1	1.0
2528	2683	1	1.0
2528	2728	1	1.0
2528	2732	1	1.0
2528	2778	1	1.0
2528	2827	1	1.0
2528	2863	1	1.0
2528	2916	1	1.0
2528	2928	1	1.0
2528	2935	1	1.0
2528	3032	1	1.0
2528	3128	1	1.0
2528	3221	1	1.0
2528	3358	1	1.0
2528	3366	1	1.0
2528	3382	1	1.0
2528	3393	1	1.0
2528	3405	1	1.0
2528	3603	1	1.0
2528	3641	1	1.0
2528	3793	1	1.0
2528	3800	1	1.0
2528	3961	1	1.0
2528	4089	1	1.0
2528	4090	1	1.0
2528	4097	1	1.0
2528	4152	1	1.0
2528	4153	1	1.0
2528	4169	1	1.0
2528	4173	1	1.0
2528	4201	1	1.0
2528	4217	1	1.0
2528	4232	1	1.0
2528	4242	1	1.0
2528	4316	1	1.0
2528	4329	1	1.0
2528	4342	1	1.0
2528	4372	1	1.0
2528	4427	1	1.0
2528	4438	1	1.0
2528	4449	1	1.0
2528	4456	1	1.0
2528	4469	1	1.0
2528	4480	1	1.0
2528	4481	1	1.0
2528	4492	1	1.0
2528	4494	1	1.0
2528	4503	1	1.0
2528	4524	1	1.0
2528	4569	1	1.0
2528	4570	1	1.0
2528	4586	1	1.0
2528	4587	1	1.0
2528	4601	1	1.0
2528	4603	1	1.0
2528	4617	1	1.0
2528	4635	1	1.0
2528	4637	1	1.0
2528	4693	1	1.0
2528	4700	1	1.0
2528	4715	1	1.0
2528	3392	0	1.0
2528	3647	0	1.0
2528	4600	0	1.0
2528	5263	0	1.0
2529	2530	1	1.0
2529	2531	1	1.0
2530	2531	1	1.0
2533	2534	1	1.0
2533	2651	1	1.0
2537	2571	1	1.0
2537	3006	1	1.0
2537	3024	1	1.0
2539	2571	1	1.0
2539	2576	1	1.0
2539	2683	1	1.0
2541	2703	1	1.0
2541	5354	1	1.0
2547	2548	1	1.0
2547	2549	1	1.0
2548	2549	1	1.0
2549	2692	0	1.0
2551	2571	1	1.0
2551	2677	1	1.0
2551	2773	1	1.0
2551	2814	1	1.0
2551	2827	1	1.0
2551	2863	1	1.0
2551	2865	1	1.0
2551	2876	1	1.0
2551	2891	1	1.0
2551	2915	1	1.0
2551	2921	1	1.0
2551	2928	1	1.0
2551	2950	1	1.0
2551	2956	1	1.0
2551	3006	1	1.0
2551	3013	1	1.0
2551	3041	1	1.0
2551	3069	1	1.0
2551	3081	1	1.0
2551	3116	1	1.0
2551	3120	1	1.0
2551	3167	1	1.0
2551	3172	1	1.0
2551	3239	1	1.0
2551	3347	1	1.0
2551	3369	1	1.0
2551	3383	1	1.0
2551	3390	1	1.0
2551	3398	1	1.0
2551	3413	1	1.0
2551	3417	1	1.0
2551	3440	1	1.0
2551	3474	1	1.0
2551	3480	1	1.0
2551	3493	1	1.0
2551	3495	1	1.0
2551	3497	1	1.0
2551	3509	1	1.0
2551	3519	1	1.0
2551	3521	1	1.0
2551	3541	1	1.0
2551	3558	1	1.0
2551	3559	1	1.0
2551	3565	1	1.0
2551	3594	1	1.0
2551	3607	1	1.0
2551	3613	1	1.0
2551	3622	1	1.0
2551	3629	1	1.0
2551	3638	1	1.0
2551	3642	1	1.0
2551	3671	1	1.0
2551	3724	1	1.0
2551	3727	1	1.0
2551	3735	1	1.0
2551	3744	1	1.0
2551	3745	1	1.0
2551	3775	1	1.0
2551	3783	1	1.0
2551	3787	1	1.0
2551	3793	1	1.0
2551	3853	1	1.0
2551	3854	1	1.0
2551	3891	1	1.0
2551	3910	1	1.0
2551	3968	1	1.0
2551	3994	1	1.0
2551	3997	1	1.0
2551	4014	1	1.0
2551	4055	1	1.0
2551	4071	1	1.0
2551	4089	1	1.0
2551	4090	1	1.0
2551	4147	1	1.0
2551	4169	1	1.0
2551	4201	1	1.0
2551	4296	1	1.0
2551	4323	1	1.0
2551	4342	1	1.0
2551	4393	1	1.0
2551	4434	1	1.0
2551	4494	1	1.0
2551	4521	1	1.0
2551	4580	1	1.0
2551	4617	1	1.0
2551	4635	1	1.0
2551	4721	1	1.0
2551	4733	1	1.0
2551	4756	1	1.0
2551	4790	1	1.0
2551	4821	1	1.0
2551	4830	1	1.0
2551	4842	1	1.0
2551	4884	1	1.0
2551	5129	1	1.0
2551	5258	1	1.0
2551	5374	1	1.0
2551	5384	1	1.0
2551	5444	1	1.0
2551	5519	1	1.0
2551	5523	1	1.0
2551	5524	1	1.0
2552	3849	1	1.0
2554	2556	1	1.0
2554	2559	1	1.0
2554	2598	1	1.0
2554	2692	0	1.0
2555	2559	1	1.0
2555	2598	1	1.0
2555	2692	0	1.0
2557	2559	1	1.0
2557	2560	1	1.0
2557	2592	1	1.0
2557	2598	1	1.0
2557	2692	0	1.0
2558	2596	1	1.0
2558	2601	1	1.0
2559	2598	1	1.0
2561	2564	1	1.0
2561	2574	1	1.0
2561	2575	1	1.0
2561	2576	1	1.0
2561	2590	1	1.0
2561	2660	1	1.0
2561	2662	1	1.0
2561	2678	1	1.0
2561	2696	1	1.0
2561	2705	1	1.0
2561	2709	1	1.0
2561	2716	1	1.0
2561	2731	1	1.0
2561	2747	1	1.0
2561	2749	1	1.0
2561	2752	1	1.0
2561	2767	1	1.0
2561	2771	1	1.0
2561	2775	1	1.0
2561	2785	1	1.0
2561	2795	1	1.0
2561	2801	1	1.0
2561	2802	1	1.0
2561	2817	1	1.0
2561	2822	1	1.0
2561	2834	1	1.0
2561	2838	1	1.0
2561	2839	1	1.0
2561	2853	1	1.0
2561	2855	1	1.0
2561	2910	1	1.0
2561	2932	1	1.0
2561	2933	1	1.0
2561	2945	1	1.0
2561	2947	1	1.0
2561	2951	1	1.0
2561	2953	1	1.0
2561	2994	1	1.0
2561	2999	1	1.0
2561	3032	1	1.0
2561	3034	1	1.0
2561	3066	1	1.0
2561	3140	1	1.0
2561	3157	1	1.0
2561	3158	1	1.0
2561	3180	1	1.0
2561	3212	1	1.0
2561	3287	1	1.0
2561	3355	1	1.0
2561	3399	1	1.0
2561	3411	1	1.0
2561	3415	1	1.0
2561	3433	1	1.0
2561	3723	1	1.0
2561	3767	1	1.0
2561	3768	1	1.0
2561	3777	1	1.0
2561	3952	1	1.0
2561	4028	1	1.0
2561	4029	1	1.0
2561	4071	1	1.0
2561	4085	1	1.0
2561	4143	1	1.0
2561	4206	1	1.0
2561	4611	1	1.0
2561	4796	1	1.0
2561	4822	1	1.0
2561	4829	1	1.0
2561	4926	1	1.0
2561	5126	1	1.0
2561	5160	1	1.0
2561	5165	1	1.0
2561	2563	0	1.0
2561	2585	0	1.0
2561	2808	0	1.0
2562	2634	1	1.0
2562	2869	1	1.0
2562	3030	1	1.0
2563	2576	1	1.0
2563	2585	1	1.0
2563	2738	1	1.0
2563	2566	0	1.0
2563	2567	0	1.0
2569	2571	1	1.0
2569	2583	1	1.0
2569	2700	1	1.0
2569	2701	1	1.0
2569	2705	1	1.0
2569	2716	1	1.0
2569	2722	1	1.0
2569	2771	1	1.0
2569	2778	1	1.0
2569	2806	1	1.0
2569	2813	1	1.0
2569	2826	1	1.0
2569	2829	1	1.0
2569	2864	1	1.0
2569	2869	1	1.0
2569	2896	1	1.0
2569	2916	1	1.0
2569	2926	1	1.0
2569	2935	1	1.0
2569	2940	1	1.0
2569	2959	1	1.0
2569	3011	1	1.0
2569	3012	1	1.0
2569	3013	1	1.0
2569	3032	1	1.0
2569	3039	1	1.0
2569	3042	1	1.0
2569	3064	1	1.0
2569	3104	1	1.0
2569	3116	1	1.0
2569	3162	1	1.0
2569	3215	1	1.0
2569	3219	1	1.0
2569	3227	1	1.0
2569	3242	1	1.0
2569	3261	1	1.0
2569	3289	1	1.0
2569	3343	1	1.0
2569	3358	1	1.0
2569	3378	1	1.0
2569	3425	1	1.0
2569	3438	1	1.0
2569	3440	1	1.0
2569	3493	1	1.0
2569	3495	1	1.0
2569	3497	1	1.0
2569	3539	1	1.0
2569	3607	1	1.0
2569	3613	1	1.0
2569	3617	1	1.0
2569	3622	1	1.0
2569	3631	1	1.0
2569	3638	1	1.0
2569	3704	1	1.0
2569	3724	1	1.0
2569	3725	1	1.0
2569	3775	1	1.0
2569	3800	1	1.0
2569	3815	1	1.0
2569	3891	1	1.0
2569	4013	1	1.0
2569	4042	1	1.0
2569	4072	1	1.0
2569	4086	1	1.0
2569	4119	1	1.0
2569	4169	1	1.0
2569	4176	1	1.0
2569	4183	1	1.0
2569	4224	1	1.0
2569	4237	1	1.0
2569	4406	1	1.0
2569	4507	1	1.0
2569	4521	1	1.0
2569	4565	1	1.0
2569	4733	1	1.0
2569	4749	1	1.0
2569	4791	1	1.0
2569	4910	1	1.0
2569	5040	1	1.0
2569	5115	1	1.0
2569	5141	1	1.0
2569	5168	1	1.0
2569	5340	1	1.0
2569	5351	1	1.0
2569	5358	1	1.0
2569	5502	1	1.0
2569	5536	1	1.0
2569	5554	1	1.0
2569	5595	1	1.0
2569	5662	1	1.0
2569	5671	1	1.0
2569	5726	1	1.0
2569	5766	1	1.0
2569	5842	1	1.0
2569	5858	1	1.0
2569	2615	0	1.0
2569	2675	0	1.0
2569	2686	0	1.0
2569	2824	0	1.0
2569	2863	0	1.0
2569	2928	0	1.0
2569	2983	0	1.0
2569	3173	0	1.0
2569	3231	0	1.0
2569	3238	0	1.0
2569	3270	0	1.0
2569	3347	0	1.0
2569	3365	0	1.0
2569	3383	0	1.0
2569	3449	0	1.0
2569	3456	0	1.0
2569	3458	0	1.0
2569	3463	0	1.0
2569	3624	0	1.0
2569	3647	0	1.0
2569	3659	0	1.0
2569	3660	0	1.0
2569	3662	0	1.0
2569	3663	0	1.0
2569	3706	0	1.0
2569	4019	0	1.0
2569	4258	0	1.0
2569	4280	0	1.0
2569	4466	0	1.0
2569	4798	0	1.0
2569	4943	0	1.0
2569	4969	0	1.0
2569	4970	0	1.0
2569	4971	0	1.0
2569	4972	0	1.0
2569	4973	0	1.0
2569	4974	0	1.0
2569	4975	0	1.0
2569	4983	0	1.0
2569	5034	0	1.0
2569	5374	0	1.0
2569	5471	0	1.0
2569	5503	0	1.0
2569	5631	0	1.0
2569	5744	0	1.0
2569	5804	0	1.0
2569	5820	0	1.0
2571	2572	1	1.0
2571	2586	1	1.0
2571	2651	1	1.0
2571	2652	1	1.0
2571	2675	1	1.0
2571	2677	1	1.0
2571	2680	1	1.0
2571	2700	1	1.0
2571	2701	1	1.0
2571	2708	1	1.0
2571	2710	1	1.0
2571	2728	1	1.0
2571	2734	1	1.0
2571	2743	1	1.0
2571	2762	1	1.0
2571	2789	1	1.0
2571	2793	1	1.0
2571	2797	1	1.0
2571	2799	1	1.0
2571	2806	1	1.0
2571	2814	1	1.0
2571	2817	1	1.0
2571	2821	1	1.0
2571	2827	1	1.0
2571	2863	1	1.0
2571	2864	1	1.0
2571	2865	1	1.0
2571	2876	1	1.0
2571	2878	1	1.0
2571	2882	1	1.0
2571	2891	1	1.0
2571	2894	1	1.0
2571	2899	1	1.0
2571	2908	1	1.0
2571	2909	1	1.0
2571	2916	1	1.0
2571	2920	1	1.0
2571	2921	1	1.0
2571	2928	1	1.0
2571	2929	1	1.0
2571	2935	1	1.0
2571	2959	1	1.0
2571	2960	1	1.0
2571	2962	1	1.0
2571	2985	1	1.0
2571	2986	1	1.0
2571	2992	1	1.0
2571	3006	1	1.0
2571	3010	1	1.0
2571	3011	1	1.0
2571	3013	1	1.0
2571	3016	1	1.0
2571	3017	1	1.0
2571	3018	1	1.0
2571	3024	1	1.0
2571	3025	1	1.0
2571	3035	1	1.0
2571	3038	1	1.0
2571	3039	1	1.0
2571	3041	1	1.0
2571	3042	1	1.0
2571	3046	1	1.0
2571	3051	1	1.0
2571	3054	1	1.0
2571	3057	1	1.0
2571	3059	1	1.0
2571	3071	1	1.0
2571	3077	1	1.0
2571	3078	1	1.0
2571	3080	1	1.0
2571	3081	1	1.0
2571	3083	1	1.0
2571	3091	1	1.0
2571	3093	1	1.0
2571	3098	1	1.0
2571	3099	1	1.0
2571	3104	1	1.0
2571	3110	1	1.0
2571	3116	1	1.0
2571	3119	1	1.0
2571	3120	1	1.0
2571	3125	1	1.0
2571	3128	1	1.0
2571	3133	1	1.0
2571	3135	1	1.0
2571	3137	1	1.0
2571	3138	1	1.0
2571	3143	1	1.0
2571	3145	1	1.0
2571	3167	1	1.0
2571	3170	1	1.0
2571	3173	1	1.0
2571	3174	1	1.0
2571	3176	1	1.0
2571	3187	1	1.0
2571	3192	1	1.0
2571	3193	1	1.0
2571	3198	1	1.0
2571	3206	1	1.0
2571	3210	1	1.0
2571	3216	1	1.0
2571	3217	1	1.0
2571	3219	1	1.0
2571	3233	1	1.0
2571	3234	1	1.0
2571	3238	1	1.0
2571	3239	1	1.0
2571	3242	1	1.0
2571	3245	1	1.0
2571	3248	1	1.0
2571	3261	1	1.0
2571	3262	1	1.0
2571	3267	1	1.0
2571	3273	1	1.0
2571	3274	1	1.0
2571	3275	1	1.0
2571	3276	1	1.0
2571	3282	1	1.0
2571	3285	1	1.0
2571	3288	1	1.0
2571	3299	1	1.0
2571	3300	1	1.0
2571	3303	1	1.0
2571	3307	1	1.0
2571	3312	1	1.0
2571	3314	1	1.0
2571	3326	1	1.0
2571	3334	1	1.0
2571	3336	1	1.0
2571	3337	1	1.0
2571	3338	1	1.0
2571	3342	1	1.0
2571	3343	1	1.0
2571	3344	1	1.0
2571	3347	1	1.0
2571	3348	1	1.0
2571	3350	1	1.0
2571	3353	1	1.0
2571	3356	1	1.0
2571	3358	1	1.0
2571	3363	1	1.0
2571	3368	1	1.0
2571	3370	1	1.0
2571	3382	1	1.0
2571	3394	1	1.0
2571	3397	1	1.0
2571	3399	1	1.0
2571	3402	1	1.0
2571	3405	1	1.0
2571	3406	1	1.0
2571	3410	1	1.0
2571	3412	1	1.0
2571	3413	1	1.0
2571	3414	1	1.0
2571	3420	1	1.0
2571	3423	1	1.0
2571	3427	1	1.0
2571	3429	1	1.0
2571	3432	1	1.0
2571	3437	1	1.0
2571	3440	1	1.0
2571	3442	1	1.0
2571	3443	1	1.0
2571	3464	1	1.0
2571	3470	1	1.0
2571	3471	1	1.0
2571	3481	1	1.0
2571	3489	1	1.0
2571	3490	1	1.0
2571	3497	1	1.0
2571	3499	1	1.0
2571	3503	1	1.0
2571	3506	1	1.0
2571	3507	1	1.0
2571	3509	1	1.0
2571	3510	1	1.0
2571	3511	1	1.0
2571	3516	1	1.0
2571	3521	1	1.0
2571	3523	1	1.0
2571	3526	1	1.0
2571	3537	1	1.0
2571	3541	1	1.0
2571	3542	1	1.0
2571	3543	1	1.0
2571	3546	1	1.0
2571	3556	1	1.0
2571	3557	1	1.0
2571	3559	1	1.0
2571	3564	1	1.0
2571	3570	1	1.0
2571	3574	1	1.0
2571	3576	1	1.0
2571	3578	1	1.0
2571	3579	1	1.0
2571	3580	1	1.0
2571	3582	1	1.0
2571	3585	1	1.0
2571	3586	1	1.0
2571	3593	1	1.0
2571	3596	1	1.0
2571	3601	1	1.0
2571	3607	1	1.0
2571	3613	1	1.0
2571	3617	1	1.0
2571	3618	1	1.0
2571	3622	1	1.0
2571	3623	1	1.0
2571	3624	1	1.0
2571	3625	1	1.0
2571	3629	1	1.0
2571	3630	1	1.0
2571	3638	1	1.0
2571	3641	1	1.0
2571	3642	1	1.0
2571	3648	1	1.0
2571	3669	1	1.0
2571	3672	1	1.0
2571	3680	1	1.0
2571	3684	1	1.0
2571	3701	1	1.0
2571	3708	1	1.0
2571	3709	1	1.0
2571	3711	1	1.0
2571	3713	1	1.0
2571	3714	1	1.0
2571	3715	1	1.0
2571	3720	1	1.0
2571	3722	1	1.0
2571	3724	1	1.0
2571	3727	1	1.0
2571	3735	1	1.0
2571	3738	1	1.0
2571	3740	1	1.0
2571	3742	1	1.0
2571	3749	1	1.0
2571	3752	1	1.0
2571	3756	1	1.0
2571	3772	1	1.0
2571	3780	1	1.0
2571	3783	1	1.0
2571	3787	1	1.0
2571	3788	1	1.0
2571	3789	1	1.0
2571	3793	1	1.0
2571	3795	1	1.0
2571	3800	1	1.0
2571	3801	1	1.0
2571	3809	1	1.0
2571	3810	1	1.0
2571	3812	1	1.0
2571	3813	1	1.0
2571	3819	1	1.0
2571	3821	1	1.0
2571	3822	1	1.0
2571	3842	1	1.0
2571	3843	1	1.0
2571	3854	1	1.0
2571	3869	1	1.0
2571	3874	1	1.0
2571	3877	1	1.0
2571	3882	1	1.0
2571	3885	1	1.0
2571	3891	1	1.0
2571	3898	1	1.0
2571	3901	1	1.0
2571	3902	1	1.0
2571	3910	1	1.0
2571	3921	1	1.0
2571	3922	1	1.0
2571	3955	1	1.0
2571	3961	1	1.0
2571	3971	1	1.0
2571	3994	1	1.0
2571	3999	1	1.0
2571	4017	1	1.0
2571	4024	1	1.0
2571	4043	1	1.0
2571	4050	1	1.0
2571	4071	1	1.0
2571	4072	1	1.0
2571	4089	1	1.0
2571	4097	1	1.0
2571	4101	1	1.0
2571	4143	1	1.0
2571	4146	1	1.0
2571	4152	1	1.0
2571	4161	1	1.0
2571	4169	1	1.0
2571	4188	1	1.0
2571	4201	1	1.0
2571	4204	1	1.0
2571	4228	1	1.0
2571	4240	1	1.0
2571	4242	1	1.0
2571	4252	1	1.0
2571	4256	1	1.0
2571	4268	1	1.0
2571	4271	1	1.0
2571	4278	1	1.0
2571	4283	1	1.0
2571	4315	1	1.0
2571	4320	1	1.0
2571	4325	1	1.0
2571	4326	1	1.0
2571	4328	1	1.0
2571	4329	1	1.0
2571	4342	1	1.0
2571	4378	1	1.0
2571	4398	1	1.0
2571	4434	1	1.0
2571	4438	1	1.0
2571	4439	1	1.0
2571	4444	1	1.0
2571	4446	1	1.0
2571	4462	1	1.0
2571	4470	1	1.0
2571	4478	1	1.0
2571	4494	1	1.0
2571	4581	1	1.0
2571	4707	1	1.0
2571	4733	1	1.0
2571	4773	1	1.0
2571	4886	1	1.0
2571	4917	1	1.0
2571	4928	1	1.0
2571	4950	1	1.0
2571	4951	1	1.0
2571	4965	1	1.0
2571	5297	1	1.0
2571	5298	1	1.0
2571	5374	1	1.0
2571	5427	1	1.0
2571	2849	0	1.0
2571	3079	0	1.0
2571	3357	0	1.0
2571	3647	0	1.0
2571	3954	0	1.0
2571	4229	0	1.0
2571	4321	0	1.0
2573	3897	1	1.0
2576	2655	1	1.0
2576	2675	1	1.0
2576	2696	1	1.0
2576	2702	1	1.0
2576	2703	1	1.0
2576	2704	1	1.0
2576	2708	1	1.0
2576	2710	1	1.0
2576	2714	1	1.0
2576	2747	1	1.0
2576	2752	1	1.0
2576	2793	1	1.0
2576	2795	1	1.0
2576	2802	1	1.0
2576	2839	1	1.0
2576	2919	1	1.0
2576	2933	1	1.0
2576	2990	1	1.0
2576	2994	1	1.0
2576	3029	1	1.0
2576	3032	1	1.0
2576	3034	1	1.0
2576	3054	1	1.0
2576	3062	1	1.0
2576	3063	1	1.0
2576	3148	1	1.0
2576	3191	1	1.0
2576	3223	1	1.0
2576	3287	1	1.0
2576	3313	1	1.0
2576	3544	1	1.0
2576	3739	1	1.0
2576	3764	1	1.0
2576	3798	1	1.0
2576	3800	1	1.0
2576	4027	1	1.0
2576	4071	1	1.0
2576	4392	1	1.0
2576	4640	1	1.0
2576	4808	1	1.0
2576	4915	1	1.0
2576	2877	0	1.0
2576	3347	0	1.0
2576	3647	0	1.0
2576	3659	0	1.0
2576	3660	0	1.0
2576	3662	0	1.0
2576	3663	0	1.0
2576	5117	0	1.0
2581	2587	1	1.0
2582	2592	1	1.0
2582	2595	1	1.0
2582	2596	1	1.0
2582	2598	1	1.0
2582	2600	1	1.0
2582	2604	1	1.0
2582	2692	0	1.0
2583	2584	1	1.0
2583	2611	1	1.0
2583	2675	1	1.0
2583	2700	1	1.0
2583	2799	1	1.0
2583	2894	1	1.0
2583	3042	1	1.0
2583	3268	1	1.0
2583	4521	1	1.0
2583	5358	1	1.0
2583	2877	0	1.0
2583	2975	0	1.0
2583	3647	0	1.0
2583	3659	0	1.0
2583	3660	0	1.0
2583	3662	0	1.0
2583	3663	0	1.0
2583	5502	0	1.0
2586	2929	1	1.0
2586	3091	1	1.0
2586	3248	1	1.0
2586	3267	1	1.0
2586	3345	1	1.0
2586	3374	1	1.0
2586	3382	1	1.0
2586	3537	1	1.0
2586	3618	1	1.0
2586	3637	1	1.0
2586	3173	0	1.0
2586	3469	0	1.0
2586	3607	0	1.0
2586	3617	0	1.0
2586	3899	0	1.0
2586	4119	0	1.0
2586	4262	0	1.0
2586	4434	0	1.0
2589	2651	1	1.0
2589	3554	1	1.0
2589	3724	1	1.0
2589	5078	1	1.0
2589	2808	0	1.0
2589	5519	0	1.0
2592	2692	0	1.0
2594	2596	0	1.0
2594	2600	0	1.0
2595	2596	1	1.0
2595	2692	0	1.0
2596	2597	1	1.0
2596	2598	1	1.0
2596	2599	1	1.0
2596	2692	0	1.0
2597	2604	1	1.0
2597	2692	0	1.0
2598	2600	1	1.0
2598	2604	1	1.0
2598	2623	1	1.0
2598	2692	0	1.0
2600	2601	1	1.0
2600	2602	1	1.0
2600	2603	1	1.0
2600	2604	1	1.0
2600	2623	1	1.0
2600	2692	0	1.0
2601	2602	1	1.0
2601	2692	0	1.0
2602	2603	1	1.0
2602	2614	1	1.0
2602	2692	0	1.0
2603	2614	1	1.0
2603	2658	1	1.0
2603	2659	1	1.0
2603	2666	1	1.0
2603	2692	0	1.0
2604	2692	0	1.0
2605	2803	0	1.0
2606	2607	1	1.0
2606	2608	1	1.0
2606	2609	1	1.0
2607	2608	1	1.0
2608	2610	1	1.0
2611	2691	1	1.0
2611	3032	1	1.0
2614	2692	0	1.0
2617	3176	1	1.0
2617	3271	1	1.0
2617	4060	1	1.0
2617	3303	0	1.0
2618	2619	1	1.0
2618	2621	1	1.0
2618	2622	1	1.0
2618	2692	0	1.0
2619	2692	0	1.0
2623	2692	0	1.0
2624	2625	1	1.0
2624	2626	1	1.0
2624	2692	0	1.0
2625	2626	1	1.0
2625	2673	1	1.0
2625	2692	0	1.0
2626	2627	1	1.0
2626	2643	1	1.0
2626	2644	1	1.0
2626	2692	0	1.0
2627	2628	1	1.0
2627	2692	0	1.0
2628	2629	1	1.0
2628	2692	0	1.0
2629	2692	0	1.0
2630	2692	0	1.0
2631	2692	0	1.0
2632	2692	0	1.0
2633	2692	0	1.0
2634	2705	1	1.0
2634	3153	1	1.0
2634	3199	1	1.0
2634	4071	1	1.0
2634	4089	1	1.0
2634	4434	1	1.0
2634	4867	1	1.0
2635	2653	0	1.0
2635	2883	0	1.0
2635	2918	0	1.0
2636	2651	1	1.0
2638	2654	1	1.0
2638	2713	1	1.0
2638	2800	1	1.0
2638	2819	1	1.0
2639	2640	1	1.0
2639	2641	1	1.0
2639	2656	1	1.0
2640	2641	1	1.0
2640	2673	1	1.0
2643	2644	1	1.0
2647	2724	1	1.0
2647	2707	0	1.0
2647	4175	0	1.0
2651	2652	1	1.0
2651	2660	1	1.0
2651	2662	1	1.0
2651	2672	1	1.0
2651	2675	1	1.0
2651	2700	1	1.0
2651	2701	1	1.0
2651	2806	1	1.0
2651	3682	1	1.0
2651	4101	1	1.0
2651	2674	0	1.0
2652	3798	1	1.0
2652	4174	1	1.0
2652	4797	1	1.0
2652	5141	1	1.0
2653	2654	0	1.0
2656	2657	1	1.0
2658	2659	1	1.0
2659	2663	1	1.0
2661	2677	1	1.0
2666	2667	1	1.0
2667	2668	1	1.0
2667	2671	1	1.0
2668	2669	1	1.0
2668	2671	1	1.0
2675	2676	1	1.0
2675	2683	1	1.0
2675	2698	1	1.0
2675	2716	1	1.0
2675	2723	1	1.0
2675	2728	1	1.0
2675	2737	1	1.0
2675	2755	1	1.0
2675	2762	1	1.0
2675	2764	1	1.0
2675	2791	1	1.0
2675	2799	1	1.0
2675	2800	1	1.0
2675	2815	1	1.0
2675	2826	1	1.0
2675	2863	1	1.0
2675	2864	1	1.0
2675	2865	1	1.0
2675	2877	1	1.0
2675	2878	1	1.0
2675	2899	1	1.0
2675	2919	1	1.0
2675	2966	1	1.0
2675	2967	1	1.0
2675	3044	1	1.0
2675	3059	1	1.0
2675	3092	1	1.0
2675	3116	1	1.0
2675	3133	1	1.0
2675	3135	1	1.0
2675	3227	1	1.0
2675	2700	0	1.0
2675	2771	0	1.0
2675	2778	0	1.0
2675	2827	0	1.0
2675	2894	0	1.0
2675	3037	0	1.0
2676	4089	1	1.0
2676	4242	1	1.0
2677	3032	1	1.0
2677	3239	1	1.0
2677	3242	1	1.0
2677	3261	1	1.0
2677	3629	1	1.0
2677	3636	1	1.0
2677	4071	1	1.0
2677	4328	1	1.0
2677	5153	0	1.0
2679	2684	1	1.0
2679	2685	1	1.0
2680	2716	1	1.0
2682	2952	1	1.0
2683	2721	1	1.0
2683	2778	1	1.0
2683	2799	1	1.0
2683	2827	1	1.0
2683	2864	1	1.0
2683	2878	1	1.0
2683	2890	1	1.0
2683	2929	1	1.0
2683	3054	1	1.0
2683	3094	1	1.0
2683	3116	1	1.0
2686	2771	1	1.0
2689	2771	1	1.0
2690	3032	1	1.0
2690	3269	1	1.0
2692	2894	1	1.0
2693	2805	1	1.0
2698	3476	1	1.0
2698	3565	1	1.0
2698	3618	1	1.0
2698	3682	1	1.0
2698	3822	1	1.0
2698	3910	1	1.0
2698	4132	1	1.0
2698	4183	1	1.0
2698	4243	1	1.0
2699	3032	1	1.0
2700	2716	1	1.0
2700	2778	1	1.0
2700	2799	1	1.0
2700	2877	1	1.0
2700	2921	1	1.0
2700	3032	1	1.0
2700	3197	1	1.0
2700	3647	0	1.0
2701	2710	1	1.0
2701	2720	1	1.0
2701	2736	1	1.0
2701	2778	1	1.0
2701	2831	1	1.0
2701	2864	1	1.0
2701	2877	1	1.0
2701	2916	1	1.0
2701	3081	1	1.0
2701	3183	1	1.0
2702	4640	1	1.0
2703	2711	1	1.0
2703	2728	1	1.0
2703	2746	1	1.0
2705	2758	1	1.0
2705	2956	1	1.0
2705	2964	1	1.0
2705	2976	1	1.0
2705	2977	1	1.0
2705	2995	1	1.0
2705	3008	1	1.0
2705	3011	1	1.0
2705	3013	1	1.0
2705	3041	1	1.0
2705	3042	1	1.0
2705	3261	1	1.0
2705	3429	1	1.0
2705	3496	1	1.0
2705	2856	0	1.0
2709	3157	1	1.0
2709	4143	1	1.0
2709	4355	1	1.0
2710	2720	1	1.0
2710	2741	1	1.0
2710	2800	1	1.0
2710	3322	1	1.0
2713	2715	1	1.0
2713	2740	1	1.0
2713	2734	0	1.0
2716	2778	1	1.0
2716	2827	1	1.0
2716	2791	0	1.0
2716	2799	0	1.0
2722	3442	1	1.0
2722	3565	1	1.0
2722	3348	0	1.0
2726	2749	1	1.0
2728	2737	1	1.0
2728	2761	1	1.0
2728	2846	1	1.0
2728	2958	1	1.0
2728	3638	1	1.0
2728	5379	0	1.0
2729	3750	0	1.0
2733	2792	1	1.0
2733	2798	1	1.0
2734	2771	1	1.0
2736	2818	0	1.0
2737	2754	1	1.0
2737	2789	1	1.0
2738	2739	1	1.0
2742	3032	1	1.0
2743	4089	1	1.0
2746	2796	1	1.0
2746	2802	1	1.0
2747	5170	1	1.0
2749	2933	1	1.0
2749	2994	1	1.0
2749	3032	1	1.0
2751	3469	1	1.0
2751	3561	1	1.0
2751	3607	1	1.0
2751	3622	1	1.0
2751	3638	1	1.0
2751	3775	1	1.0
2751	4262	1	1.0
2751	4823	1	1.0
2751	5216	1	1.0
2751	5410	1	1.0
2751	5411	1	1.0
2751	5424	1	1.0
2751	5517	1	1.0
2751	5621	1	1.0
2751	5626	1	1.0
2751	5708	1	1.0
2751	4048	0	1.0
2761	3383	1	1.0
2762	2763	1	1.0
2762	3118	1	1.0
2762	3618	1	1.0
2762	3682	1	1.0
2762	4119	1	1.0
2762	4305	1	1.0
2763	3032	1	1.0
2763	3699	1	1.0
2763	3711	1	1.0
2763	3752	1	1.0
2763	3647	0	1.0
2763	4569	0	1.0
2771	2772	1	1.0
2771	2778	1	1.0
2771	2779	1	1.0
2771	2783	1	1.0
2771	2807	1	1.0
2771	2808	1	1.0
2771	2809	1	1.0
2771	2851	1	1.0
2771	2894	1	1.0
2771	3067	1	1.0
2771	3219	1	1.0
2771	3618	1	1.0
2771	4169	1	1.0
2771	4961	1	1.0
2771	2791	0	1.0
2771	2841	0	1.0
2773	2774	1	1.0
2773	2788	1	1.0
2775	2776	1	1.0
2775	3411	1	1.0
2775	4085	1	1.0
2775	4206	1	1.0
2775	5727	1	1.0
2776	2933	1	1.0
2778	2876	1	1.0
2778	2894	1	1.0
2778	2919	1	1.0
2778	2935	1	1.0
2778	2956	1	1.0
2778	2962	1	1.0
2778	3006	1	1.0
2778	3024	1	1.0
2778	3059	1	1.0
2778	3138	1	1.0
2778	3246	1	1.0
2778	3399	1	1.0
2778	3618	1	1.0
2778	3630	1	1.0
2778	3715	1	1.0
2778	3724	1	1.0
2778	3891	1	1.0
2778	4089	1	1.0
2778	4163	1	1.0
2778	4169	1	1.0
2778	4240	1	1.0
2778	4406	1	1.0
2778	4420	1	1.0
2778	4521	1	1.0
2778	4565	1	1.0
2778	4756	1	1.0
2778	4773	1	1.0
2778	4867	1	1.0
2778	5141	1	1.0
2778	5173	1	1.0
2778	5254	1	1.0
2778	5466	1	1.0
2778	5484	1	1.0
2778	2827	0	1.0
2778	3058	0	1.0
2778	3554	0	1.0
2778	3622	0	1.0
2778	3647	0	1.0
2778	3961	0	1.0
2781	2880	1	1.0
2781	3005	1	1.0
2783	2811	1	1.0
2783	2828	1	1.0
2783	2866	1	1.0
2783	2871	1	1.0
2784	3638	1	1.0
2784	3724	1	1.0
2790	2799	0	1.0
2793	2794	1	1.0
2793	3812	1	1.0
2793	4071	1	1.0
2793	4089	1	1.0
2793	5439	1	1.0
2794	5421	1	1.0
2795	3157	1	1.0
2795	5672	1	1.0
2796	2803	0	1.0
2799	2806	1	1.0
2799	2820	1	1.0
2799	2894	1	1.0
2799	2948	1	1.0
2799	2949	1	1.0
2799	2952	1	1.0
2799	3135	1	1.0
2799	2805	0	1.0
2800	2827	1	1.0
2800	2873	1	1.0
2800	2933	1	1.0
2800	2944	1	1.0
2800	2957	1	1.0
2800	3339	1	1.0
2800	3537	1	1.0
2800	3623	1	1.0
2801	2834	1	1.0
2803	2843	0	1.0
2804	3032	1	1.0
2804	3120	1	1.0
2804	3157	1	1.0
2804	3249	1	1.0
2804	3252	1	1.0
2804	3741	1	1.0
2804	3899	1	1.0
2804	3929	1	1.0
2804	4028	1	1.0
2805	2812	0	1.0
2806	2869	1	1.0
2806	4089	1	1.0
2806	4101	1	1.0
2806	4242	1	1.0
2806	4512	1	1.0
2813	2827	0	1.0
2814	3414	1	1.0
2815	2835	1	1.0
2815	2942	1	1.0
2816	2860	1	1.0
2817	2933	1	1.0
2817	4640	1	1.0
2818	2824	1	1.0
2819	2825	1	1.0
2819	2827	1	1.0
2819	4565	1	1.0
2819	4766	1	1.0
2819	4827	1	1.0
2823	3000	1	1.0
2823	3622	1	1.0
2824	3339	1	1.0
2824	3369	1	1.0
2824	3173	0	1.0
2826	2827	1	1.0
2826	2959	1	1.0
2826	4089	1	1.0
2827	2865	1	1.0
2827	2867	1	1.0
2827	2891	1	1.0
2827	2902	1	1.0
2827	2916	1	1.0
2827	2952	1	1.0
2827	2982	1	1.0
2827	3037	1	1.0
2827	3041	1	1.0
2827	3069	1	1.0
2827	3116	1	1.0
2827	3155	1	1.0
2827	3167	1	1.0
2827	3172	1	1.0
2827	3233	1	1.0
2827	3242	1	1.0
2827	3261	1	1.0
2827	3303	1	1.0
2827	3351	1	1.0
2827	3366	1	1.0
2827	3385	1	1.0
2827	3387	1	1.0
2827	3391	1	1.0
2827	3400	1	1.0
2827	3401	1	1.0
2827	3403	1	1.0
2827	3416	1	1.0
2827	3425	1	1.0
2827	3455	1	1.0
2827	3513	1	1.0
2827	3550	1	1.0
2827	3551	1	1.0
2827	3737	1	1.0
2827	3740	1	1.0
2827	3797	1	1.0
2827	3954	1	1.0
2827	3962	1	1.0
2827	3977	1	1.0
2827	4047	1	1.0
2827	4073	1	1.0
2827	2894	0	1.0
2827	2942	0	1.0
2827	2969	0	1.0
2827	3048	0	1.0
2827	3358	0	1.0
2827	3392	0	1.0
2827	3468	0	1.0
2827	3554	0	1.0
2827	3594	0	1.0
2827	3630	0	1.0
2827	3647	0	1.0
2827	3775	0	1.0
2827	3789	0	1.0
2827	4084	0	1.0
2829	3011	1	1.0
2829	3027	1	1.0
2829	3032	1	1.0
2829	3222	1	1.0
2829	3247	1	1.0
2829	3297	1	1.0
2829	3310	1	1.0
2829	3757	1	1.0
2829	3794	1	1.0
2830	2933	1	1.0
2831	3093	1	1.0
2831	4427	1	1.0
2831	2849	0	1.0
2834	2838	1	1.0
2835	4406	0	1.0
2838	3157	1	1.0
2841	2861	1	1.0
2845	2846	1	1.0
2845	5554	0	1.0
2851	4071	1	1.0
2855	2930	1	1.0
2855	2931	1	1.0
2861	2863	1	1.0
2861	2914	1	1.0
2861	2915	1	1.0
2861	2919	1	1.0
2863	2926	1	1.0
2863	2928	1	1.0
2863	2939	1	1.0
2863	2956	1	1.0
2863	3059	1	1.0
2863	3116	1	1.0
2863	3133	1	1.0
2863	3347	1	1.0
2863	3382	1	1.0
2863	3399	1	1.0
2863	3406	1	1.0
2863	3476	1	1.0
2863	3509	1	1.0
2863	3554	1	1.0
2863	3579	1	1.0
2863	3580	1	1.0
2863	3603	1	1.0
2863	3604	1	1.0
2863	3618	1	1.0
2863	3630	1	1.0
2863	3669	1	1.0
2863	3724	1	1.0
2863	3735	1	1.0
2863	3775	1	1.0
2863	3787	1	1.0
2863	3793	1	1.0
2863	3854	1	1.0
2863	3891	1	1.0
2863	4006	1	1.0
2863	4019	1	1.0
2863	4071	1	1.0
2863	4089	1	1.0
2863	4097	1	1.0
2863	4099	1	1.0
2863	4120	1	1.0
2863	4152	1	1.0
2863	4162	1	1.0
2863	4169	1	1.0
2863	4173	1	1.0
2863	4195	1	1.0
2863	4201	1	1.0
2863	4215	1	1.0
2863	4230	1	1.0
2863	4236	1	1.0
2863	4253	1	1.0
2863	4276	1	1.0
2863	4278	1	1.0
2863	4283	1	1.0
2863	4298	1	1.0
2863	4301	1	1.0
2863	4328	1	1.0
2863	4342	1	1.0
2863	4393	1	1.0
2863	4404	1	1.0
2863	4419	1	1.0
2863	4427	1	1.0
2863	4438	1	1.0
2863	4439	1	1.0
2863	4455	1	1.0
2863	4467	1	1.0
2863	4472	1	1.0
2863	4475	1	1.0
2863	4480	1	1.0
2863	4481	1	1.0
2863	4484	1	1.0
2863	4494	1	1.0
2863	4497	1	1.0
2863	4502	1	1.0
2863	4503	1	1.0
2863	4504	1	1.0
2863	4513	1	1.0
2863	4521	1	1.0
2863	4580	1	1.0
2863	4581	1	1.0
2863	4602	1	1.0
2863	4620	1	1.0
2863	4693	1	1.0
2863	4780	1	1.0
2863	4784	1	1.0
2863	5129	1	1.0
2863	5141	1	1.0
2863	5411	1	1.0
2863	5484	1	1.0
2863	5719	1	1.0
2863	5732	1	1.0
2863	5791	1	1.0
2863	3910	0	1.0
2863	4362	0	1.0
2863	4498	0	1.0
2863	4517	0	1.0
2863	4603	0	1.0
2866	3032	1	1.0
2869	2879	1	1.0
2869	3607	1	1.0
2870	3032	1	1.0
2876	3006	1	1.0
2876	3116	1	1.0
2876	3565	1	1.0
2877	3647	1	1.0
2877	3659	1	1.0
2877	3660	1	1.0
2877	3662	1	1.0
2877	3663	1	1.0
2878	2879	1	1.0
2891	2915	1	1.0
2891	3347	1	1.0
2891	3369	1	1.0
2891	3641	1	1.0
2891	3801	1	1.0
2891	3866	1	1.0
2891	4169	1	1.0
2891	4774	1	1.0
2891	4793	1	1.0
2891	4937	1	1.0
2894	2994	1	1.0
2894	3116	1	1.0
2894	3347	1	1.0
2894	3630	1	1.0
2894	3647	1	1.0
2894	3659	1	1.0
2894	3660	1	1.0
2894	3662	1	1.0
2894	3663	1	1.0
2894	3704	1	1.0
2894	3724	1	1.0
2894	3891	1	1.0
2894	3910	1	1.0
2894	4071	1	1.0
2894	4169	1	1.0
2894	4406	1	1.0
2894	4638	1	1.0
2894	4790	1	1.0
2894	4925	1	1.0
2894	5334	1	1.0
2894	5365	1	1.0
2894	5374	1	1.0
2894	5411	1	1.0
2894	5504	1	1.0
2894	5536	1	1.0
2894	5541	1	1.0
2894	5554	1	1.0
2894	5590	1	1.0
2894	5595	1	1.0
2894	5702	1	1.0
2894	5752	1	1.0
2894	2930	0	1.0
2894	2938	0	1.0
2894	3065	0	1.0
2894	3112	0	1.0
2894	3264	0	1.0
2894	3603	0	1.0
2894	4021	0	1.0
2894	4208	0	1.0
2894	4405	0	1.0
2894	4540	0	1.0
2894	4547	0	1.0
2894	4553	0	1.0
2894	4558	0	1.0
2894	4572	0	1.0
2894	4578	0	1.0
2894	4600	0	1.0
2894	4605	0	1.0
2894	4606	0	1.0
2894	4751	0	1.0
2894	4969	0	1.0
2894	5131	0	1.0
2894	5362	0	1.0
2894	5373	0	1.0
2894	5441	0	1.0
2894	5443	0	1.0
2894	5503	0	1.0
2894	5570	0	1.0
2894	5654	0	1.0
2894	5746	0	1.0
2894	5747	0	1.0
2894	5748	0	1.0
2894	5749	0	1.0
2894	5750	0	1.0
2894	5788	0	1.0
2896	2899	1	1.0
2899	2908	1	1.0
2907	2942	1	1.0
2908	5517	0	1.0
2910	3157	1	1.0
2910	3544	1	1.0
2910	3952	1	1.0
2910	4001	1	1.0
2915	3090	1	1.0
2915	3242	1	1.0
2915	3261	1	1.0
2915	3358	1	1.0
2915	3440	1	1.0
2915	3618	1	1.0
2915	3744	1	1.0
2915	3793	1	1.0
2915	3806	1	1.0
2915	3812	1	1.0
2915	3891	1	1.0
2915	3910	1	1.0
2915	3963	1	1.0
2915	4071	1	1.0
2915	4089	1	1.0
2915	4434	1	1.0
2915	4494	1	1.0
2915	4565	1	1.0
2915	5379	1	1.0
2916	3812	1	1.0
2916	3990	1	1.0
2916	5263	0	1.0
2917	3789	1	1.0
2917	3849	1	1.0
2917	3891	1	1.0
2917	4089	1	1.0
2917	5504	1	1.0
2919	3724	1	1.0
2920	3116	1	1.0
2920	4695	1	1.0
2921	3358	1	1.0
2921	4071	1	1.0
2922	3476	1	1.0
2926	2927	1	1.0
2928	3006	1	1.0
2928	3246	1	1.0
2928	3548	1	1.0
2928	3603	1	1.0
2928	3618	1	1.0
2928	3735	1	1.0
2928	3793	1	1.0
2928	3853	1	1.0
2928	4089	1	1.0
2928	4169	1	1.0
2928	4195	1	1.0
2928	4316	1	1.0
2928	4342	1	1.0
2928	4494	1	1.0
2928	4521	1	1.0
2928	4565	1	1.0
2928	4774	1	1.0
2928	4933	1	1.0
2928	5258	1	1.0
2928	5309	1	1.0
2928	5374	1	1.0
2928	5379	1	1.0
2928	5504	1	1.0
2928	5523	1	1.0
2929	2930	1	1.0
2929	3700	1	1.0
2929	3749	1	1.0
2929	3822	1	1.0
2931	2933	1	1.0
2931	3252	1	1.0
2931	3434	1	1.0
2933	2984	1	1.0
2933	2987	1	1.0
2933	2988	1	1.0
2933	2993	1	1.0
2933	3001	1	1.0
2933	3020	1	1.0
2933	3021	1	1.0
2933	3032	1	1.0
2933	3034	1	1.0
2933	3054	1	1.0
2933	3076	1	1.0
2933	3115	1	1.0
2933	3146	1	1.0
2933	3147	1	1.0
2933	3148	1	1.0
2933	3178	1	1.0
2933	3181	1	1.0
2933	3188	1	1.0
2933	3223	1	1.0
2933	3252	1	1.0
2933	3271	1	1.0
2933	3360	1	1.0
2933	3389	1	1.0
2933	3422	1	1.0
2933	3433	1	1.0
2933	3457	1	1.0
2933	3518	1	1.0
2933	3535	1	1.0
2933	3544	1	1.0
2933	3573	1	1.0
2933	3611	1	1.0
2933	3654	1	1.0
2933	3668	1	1.0
2933	3670	1	1.0
2933	3768	1	1.0
2933	3777	1	1.0
2933	3800	1	1.0
2933	3811	1	1.0
2933	3847	1	1.0
2933	3893	1	1.0
2933	3896	1	1.0
2933	3899	1	1.0
2933	3900	1	1.0
2933	3916	1	1.0
2933	3967	1	1.0
2933	3993	1	1.0
2933	4028	1	1.0
2933	4029	1	1.0
2933	4071	1	1.0
2933	4076	1	1.0
2933	4085	1	1.0
2933	4143	1	1.0
2933	4177	1	1.0
2933	4200	1	1.0
2933	4212	1	1.0
2933	4276	1	1.0
2933	4628	1	1.0
2933	4640	1	1.0
2933	4901	1	1.0
2933	4978	1	1.0
2933	5290	1	1.0
2933	3647	0	1.0
2933	3678	0	1.0
2935	3399	1	1.0
2935	3812	1	1.0
2935	4071	1	1.0
2935	4089	1	1.0
2935	4169	1	1.0
2935	4900	1	1.0
2939	3562	1	1.0
2939	3642	1	1.0
2939	4107	1	1.0
2939	4434	1	1.0
2939	4480	1	1.0
2944	3231	0	1.0
2947	3157	1	1.0
2950	3116	1	1.0
2952	3006	1	1.0
2952	3009	0	1.0
2952	3037	0	1.0
2953	3777	1	1.0
2956	3348	1	1.0
2956	3399	1	1.0
2956	3406	1	1.0
2956	3724	1	1.0
2956	3891	1	1.0
2956	4071	1	1.0
2956	4393	1	1.0
2956	4521	1	1.0
2956	4738	1	1.0
2956	5129	1	1.0
2956	5136	1	1.0
2956	5197	1	1.0
2956	5258	1	1.0
2956	5282	1	1.0
2956	5374	1	1.0
2956	5439	1	1.0
2956	5474	1	1.0
2956	5477	1	1.0
2956	5488	1	1.0
2956	5514	1	1.0
2956	5523	1	1.0
2956	5524	1	1.0
2956	3622	0	1.0
2957	2985	1	1.0
2957	2997	1	1.0
2957	3128	1	1.0
2957	3882	1	1.0
2959	2995	1	1.0
2959	3085	1	1.0
2971	2974	1	1.0
2971	3032	1	1.0
2972	4071	1	1.0
2972	4089	1	1.0
2972	5502	1	1.0
2974	3032	1	1.0
2994	3032	1	1.0
2994	3054	1	1.0
2994	3157	1	1.0
2994	3230	1	1.0
2994	3258	1	1.0
2994	3287	1	1.0
2994	3402	1	1.0
2994	3418	1	1.0
2994	3434	1	1.0
2994	3678	1	1.0
2994	4571	1	1.0
2994	4640	1	1.0
2994	4758	1	1.0
2995	3030	1	1.0
2995	3238	1	1.0
3006	3011	1	1.0
3006	3017	1	1.0
3006	3042	1	1.0
3006	3044	1	1.0
3006	3090	1	1.0
3006	3261	1	1.0
3006	3267	1	1.0
3006	3486	1	1.0
3006	3548	1	1.0
3006	3743	1	1.0
3006	3774	1	1.0
3006	4425	1	1.0
3006	4441	1	1.0
3006	4733	1	1.0
3006	4823	1	1.0
3006	4916	1	1.0
3006	5000	1	1.0
3006	5164	1	1.0
3006	5198	1	1.0
3006	5120	0	1.0
3009	3637	1	1.0
3009	3967	0	1.0
3010	3476	1	1.0
3011	3812	1	1.0
3011	4242	1	1.0
3013	3032	1	1.0
3013	3125	1	1.0
3013	3347	1	1.0
3013	3436	1	1.0
3013	3599	1	1.0
3013	3793	1	1.0
3013	3914	1	1.0
3013	4071	1	1.0
3013	4269	1	1.0
3013	4565	1	1.0
3013	4932	1	1.0
3013	5131	1	1.0
3013	5374	1	1.0
3013	4229	0	1.0
3024	3130	1	1.0
3024	3149	1	1.0
3024	3187	1	1.0
3025	4087	1	1.0
3026	3653	1	1.0
3032	3033	1	1.0
3032	3086	1	1.0
3032	3104	1	1.0
3032	3110	1	1.0
3032	3116	1	1.0
3032	3168	1	1.0
3032	3179	1	1.0
3032	3269	1	1.0
3032	3285	1	1.0
3032	3317	1	1.0
3032	3354	1	1.0
3032	3362	1	1.0
3032	3400	1	1.0
3032	3409	1	1.0
3032	3433	1	1.0
3032	3447	1	1.0
3032	3524	1	1.0
3032	3528	1	1.0
3032	3536	1	1.0
3032	3542	1	1.0
3032	3565	1	1.0
3032	3594	1	1.0
3032	3632	1	1.0
3032	3638	1	1.0
3032	3706	1	1.0
3032	3717	1	1.0
3032	3726	1	1.0
3032	3761	1	1.0
3032	3764	1	1.0
3032	3781	1	1.0
3032	3798	1	1.0
3032	3812	1	1.0
3032	3824	1	1.0
3032	3825	1	1.0
3032	3826	1	1.0
3032	3827	1	1.0
3032	3828	1	1.0
3032	3829	1	1.0
3032	3830	1	1.0
3032	3831	1	1.0
3032	3832	1	1.0
3032	3833	1	1.0
3032	3834	1	1.0
3032	3835	1	1.0
3032	3836	1	1.0
3032	3837	1	1.0
3032	3838	1	1.0
3032	3839	1	1.0
3032	3840	1	1.0
3032	3841	1	1.0
3032	3864	1	1.0
3032	3866	1	1.0
3032	3908	1	1.0
3032	3914	1	1.0
3032	3932	1	1.0
3032	3941	1	1.0
3032	3942	1	1.0
3032	3943	1	1.0
3032	3944	1	1.0
3032	3945	1	1.0
3032	3946	1	1.0
3032	3947	1	1.0
3032	3948	1	1.0
3032	3949	1	1.0
3032	3950	1	1.0
3032	3951	1	1.0
3032	3984	1	1.0
3032	3986	1	1.0
3032	4001	1	1.0
3032	4028	1	1.0
3032	4060	1	1.0
3032	4070	1	1.0
3032	4089	1	1.0
3032	4092	1	1.0
3032	4101	1	1.0
3032	4111	1	1.0
3032	4143	1	1.0
3032	4162	1	1.0
3032	4164	1	1.0
3032	4168	1	1.0
3032	4196	1	1.0
3032	4198	1	1.0
3032	4212	1	1.0
3032	4234	1	1.0
3032	4248	1	1.0
3032	4256	1	1.0
3032	4259	1	1.0
3032	4292	1	1.0
3032	4294	1	1.0
3032	4316	1	1.0
3032	4339	1	1.0
3032	4382	1	1.0
3032	4444	1	1.0
3032	4449	1	1.0
3032	4582	1	1.0
3032	4611	1	1.0
3032	4625	1	1.0
3032	4628	1	1.0
3032	4639	1	1.0
3032	4640	1	1.0
3032	4641	1	1.0
3032	4642	1	1.0
3032	4643	1	1.0
3032	4644	1	1.0
3032	4645	1	1.0
3032	4646	1	1.0
3032	4647	1	1.0
3032	4648	1	1.0
3032	4649	1	1.0
3032	4650	1	1.0
3032	4651	1	1.0
3032	4652	1	1.0
3032	4653	1	1.0
3032	4654	1	1.0
3032	4655	1	1.0
3032	4656	1	1.0
3032	4657	1	1.0
3032	4658	1	1.0
3032	4659	1	1.0
3032	4660	1	1.0
3032	4661	1	1.0
3032	4662	1	1.0
3032	4663	1	1.0
3032	4664	1	1.0
3032	4665	1	1.0
3032	4666	1	1.0
3032	4667	1	1.0
3032	4668	1	1.0
3032	4669	1	1.0
3032	4670	1	1.0
3032	4671	1	1.0
3032	4672	1	1.0
3032	4673	1	1.0
3032	4674	1	1.0
3032	4675	1	1.0
3032	4676	1	1.0
3032	4677	1	1.0
3032	4678	1	1.0
3032	4679	1	1.0
3032	4680	1	1.0
3032	4681	1	1.0
3032	4682	1	1.0
3032	4683	1	1.0
3032	4684	1	1.0
3032	4685	1	1.0
3032	4686	1	1.0
3032	4687	1	1.0
3032	4688	1	1.0
3032	4689	1	1.0
3032	4690	1	1.0
3032	4691	1	1.0
3032	4757	1	1.0
3032	4858	1	1.0
3032	3891	0	1.0
3034	3063	1	1.0
3034	3411	1	1.0
3034	3433	1	1.0
3034	4046	1	1.0
3034	4944	1	1.0
3041	3227	1	1.0
3041	3243	1	1.0
3041	3244	1	1.0
3041	3261	1	1.0
3041	3638	1	1.0
3041	3849	1	1.0
3041	3647	0	1.0
3042	3104	1	1.0
3042	3118	1	1.0
3044	3047	1	1.0
3049	3157	1	1.0
3049	3859	1	1.0
3049	4661	1	1.0
3049	4797	1	1.0
3052	3317	1	1.0
3054	3062	1	1.0
3054	3067	1	1.0
3059	3116	1	1.0
3059	3261	1	1.0
3059	3267	1	1.0
3059	3283	1	1.0
3059	3290	1	1.0
3059	3315	1	1.0
3059	3613	1	1.0
3059	3620	1	1.0
3059	3897	1	1.0
3059	4127	1	1.0
3059	4256	1	1.0
3059	4890	1	1.0
3059	3647	0	1.0
3062	3518	1	1.0
3062	3544	1	1.0
3062	4640	1	1.0
3074	4086	0	1.0
3078	3135	1	1.0
3078	3891	1	1.0
3078	3231	0	1.0
3079	3084	0	1.0
3081	3812	1	1.0
3082	4071	1	1.0
3088	3476	1	1.0
3089	3121	1	1.0
3089	3156	1	1.0
3089	3213	1	1.0
3090	4089	1	1.0
3090	4378	1	1.0
3091	3093	1	1.0
3091	3165	1	1.0
3091	3173	1	1.0
3091	3261	1	1.0
3091	3272	1	1.0
3093	3120	1	1.0
3093	3130	1	1.0
3093	3145	1	1.0
3093	3129	0	1.0
3093	3135	0	1.0
3095	3097	1	1.0
3100	3607	1	1.0
3100	5410	1	1.0
3104	3105	1	1.0
3104	3394	1	1.0
3104	3467	0	1.0
3105	3354	1	1.0
3107	3641	1	1.0
3107	3957	1	1.0
3110	3116	1	1.0
3114	3812	1	1.0
3114	4701	1	1.0
3116	3117	1	1.0
3116	3208	1	1.0
3116	3209	1	1.0
3116	3219	1	1.0
3116	3233	1	1.0
3116	3239	1	1.0
3116	3261	1	1.0
3116	3267	1	1.0
3116	3276	1	1.0
3116	3369	1	1.0
3116	3432	1	1.0
3116	3467	1	1.0
3116	3548	1	1.0
3116	3594	1	1.0
3116	3598	1	1.0
3116	3600	1	1.0
3116	3609	1	1.0
3116	3612	1	1.0
3116	3671	1	1.0
3116	3698	1	1.0
3116	3876	1	1.0
3116	4069	1	1.0
3120	3130	1	1.0
3120	3134	1	1.0
3120	3145	1	1.0
3120	3495	1	1.0
3120	3537	1	1.0
3120	3565	1	1.0
3120	3576	1	1.0
3120	3603	1	1.0
3120	3612	1	1.0
3120	3625	1	1.0
3120	3735	1	1.0
3120	3759	1	1.0
3125	3618	1	1.0
3125	3793	1	1.0
3125	4169	1	1.0
3125	4494	1	1.0
3125	4565	1	1.0
3125	4733	1	1.0
3125	4790	1	1.0
3125	4916	1	1.0
3125	3168	0	1.0
3126	3213	0	1.0
3127	3249	1	1.0
3128	4503	1	1.0
3130	3131	1	1.0
3130	3135	1	1.0
3130	3187	1	1.0
3130	3203	1	1.0
3130	3596	0	1.0
3130	4071	0	1.0
3133	3135	1	1.0
3133	3187	1	1.0
3133	3580	1	1.0
3133	3594	1	1.0
3133	4089	1	1.0
3133	4173	1	1.0
3133	4193	1	1.0
3133	3231	0	1.0
3135	3137	1	1.0
3135	3141	1	1.0
3135	3151	1	1.0
3135	3160	1	1.0
3135	3161	1	1.0
3135	3166	1	1.0
3135	3167	1	1.0
3135	3168	1	1.0
3135	3169	1	1.0
3139	4089	1	1.0
3143	3509	1	1.0
3145	3173	1	1.0
3148	3220	1	1.0
3149	3261	1	1.0
3149	3548	1	1.0
3151	3476	1	1.0
3151	4143	1	1.0
3156	3173	1	1.0
3156	3189	1	1.0
3157	3158	1	1.0
3157	3212	1	1.0
3157	3287	1	1.0
3157	3411	1	1.0
3157	3544	1	1.0
3157	3670	1	1.0
3157	3760	1	1.0
3157	3817	1	1.0
3157	4001	1	1.0
3157	4085	1	1.0
3157	4143	1	1.0
3157	4206	1	1.0
3157	4399	1	1.0
3157	4622	1	1.0
3157	4716	1	1.0
3157	4858	1	1.0
3157	4897	1	1.0
3157	4926	1	1.0
3157	4978	1	1.0
3157	5535	1	1.0
3157	5653	1	1.0
3161	3261	1	1.0
3166	3173	1	1.0
3167	3880	1	1.0
3167	4089	1	1.0
3168	3603	1	1.0
3168	4422	1	1.0
3168	4406	0	1.0
3171	4530	1	1.0
3172	3715	1	1.0
3172	4089	1	1.0
3172	4242	1	1.0
3172	4316	1	1.0
3173	3701	0	1.0
3184	4389	1	1.0
3187	3216	1	1.0
3189	3231	1	1.0
3189	3270	1	1.0
3195	3196	1	1.0
3195	3214	1	1.0
3196	3216	1	1.0
3200	3227	0	1.0
3211	3279	1	1.0
3214	3793	1	1.0
3216	3228	1	1.0
3217	3256	1	1.0
3217	3537	1	1.0
3217	4089	1	1.0
3217	4169	1	1.0
3217	4565	1	1.0
3218	3219	1	1.0
3219	3618	1	1.0
3219	3891	1	1.0
3219	3967	1	1.0
3219	4071	1	1.0
3219	4112	1	1.0
3221	3812	1	1.0
3221	4494	1	1.0
3221	4506	1	1.0
3226	4521	1	1.0
3226	5141	1	1.0
3226	5351	1	1.0
3226	5575	1	1.0
3227	3229	1	1.0
3228	3565	1	1.0
3231	3270	1	1.0
3233	3242	1	1.0
3233	3328	1	1.0
3233	3594	1	1.0
3233	4562	1	1.0
3235	3312	1	1.0
3238	3256	1	1.0
3242	3617	1	1.0
3242	3638	1	1.0
3242	3724	1	1.0
3242	3793	1	1.0
3242	3799	1	1.0
3242	3800	1	1.0
3242	3891	1	1.0
3242	4071	1	1.0
3242	4089	1	1.0
3242	4169	1	1.0
3242	4183	1	1.0
3242	4195	1	1.0
3242	4201	1	1.0
3242	4258	1	1.0
3242	4318	1	1.0
3242	4434	1	1.0
3242	4509	1	1.0
3242	4521	1	1.0
3242	5047	1	1.0
3242	5141	1	1.0
3242	5265	1	1.0
3242	5351	1	1.0
3242	5368	1	1.0
3242	5444	1	1.0
3242	5504	1	1.0
3242	3607	0	1.0
3242	3622	0	1.0
3242	3815	0	1.0
3242	5424	0	1.0
3242	5709	0	1.0
3243	3244	1	1.0
3244	3285	1	1.0
3246	3261	1	1.0
3246	3292	1	1.0
3246	3565	1	1.0
3246	3305	0	1.0
3248	3276	1	1.0
3249	3573	1	1.0
3249	3916	1	1.0
3249	3929	1	1.0
3249	4028	1	1.0
3249	4045	1	1.0
3249	4071	1	1.0
3249	4081	1	1.0
3249	4341	1	1.0
3249	4522	1	1.0
3249	4806	1	1.0
3252	4001	1	1.0
3252	4028	0	1.0
3254	3354	1	1.0
3256	3264	0	1.0
3256	3265	0	1.0
3258	4180	1	1.0
3261	3267	1	1.0
3261	3277	1	1.0
3261	3342	1	1.0
3261	3351	1	1.0
3261	3359	1	1.0
3261	3364	1	1.0
3261	3374	1	1.0
3261	3399	1	1.0
3261	3421	1	1.0
3261	3429	1	1.0
3261	3443	1	1.0
3261	3481	1	1.0
3261	3482	1	1.0
3261	3544	1	1.0
3261	3638	1	1.0
3261	3704	1	1.0
3261	4757	1	1.0
3261	3270	0	1.0
3261	3339	0	1.0
3261	3367	0	1.0
3261	3964	0	1.0
3263	3435	1	1.0
3267	3343	1	1.0
3267	3647	0	1.0
3269	3379	1	1.0
3269	3749	0	1.0
3271	4408	1	1.0
3273	3357	1	1.0
3273	3642	1	1.0
3273	4169	1	1.0
3273	4071	0	1.0
3275	4071	1	1.0
3277	3437	1	1.0
3277	3278	0	1.0
3277	3398	0	1.0
3278	4406	0	1.0
3279	4052	1	1.0
3287	3639	1	1.0
3287	3647	1	1.0
3290	3298	0	1.0
3291	3540	1	1.0
3291	3889	1	1.0
3292	3356	1	1.0
3294	3548	1	1.0
3295	3356	1	1.0
3299	3440	1	1.0
3299	3565	1	1.0
3299	3801	1	1.0
3299	3996	1	1.0
3299	4166	1	1.0
3299	4199	1	1.0
3299	4261	1	1.0
3299	4499	1	1.0
3299	4763	1	1.0
3300	3849	1	1.0
3300	4793	1	1.0
3303	3318	1	1.0
3303	3580	1	1.0
3303	3647	1	1.0
3303	3679	1	1.0
3303	4048	1	1.0
3303	3712	0	1.0
3308	3642	1	1.0
3308	4114	1	1.0
3308	4894	1	1.0
3309	4444	1	1.0
3309	5504	1	1.0
3309	4696	0	1.0
3309	5570	0	1.0
3312	3327	0	1.0
3316	4706	1	1.0
3317	3536	1	1.0
3317	5126	1	1.0
3317	5245	1	1.0
3321	3560	1	1.0
3327	3399	0	1.0
3334	3744	1	1.0
3336	4089	1	1.0
3336	3642	0	1.0
3338	4262	1	1.0
3339	3371	1	1.0
3339	3441	1	1.0
3339	3443	1	1.0
3339	3469	1	1.0
3339	3625	1	1.0
3339	3783	1	1.0
3339	3820	1	1.0
3339	4121	1	1.0
3339	4189	1	1.0
3339	4190	1	1.0
3339	4196	1	1.0
3339	4286	1	1.0
3339	4339	1	1.0
3339	4357	1	1.0
3339	4491	1	1.0
3339	4645	1	1.0
3339	3437	0	1.0
3339	4146	0	1.0
3344	4169	1	1.0
3345	3637	1	1.0
3347	3348	1	1.0
3347	3350	1	1.0
3347	3408	1	1.0
3347	3409	1	1.0
3347	3521	1	1.0
3347	3545	1	1.0
3347	3550	1	1.0
3347	3562	1	1.0
3347	3564	1	1.0
3347	3575	1	1.0
3347	3580	1	1.0
3347	3612	1	1.0
3347	3617	1	1.0
3347	3618	1	1.0
3347	3630	1	1.0
3347	3638	1	1.0
3347	3682	1	1.0
3347	3715	1	1.0
3347	3724	1	1.0
3347	3775	1	1.0
3347	3779	1	1.0
3347	3789	1	1.0
3347	3793	1	1.0
3347	3800	1	1.0
3347	3801	1	1.0
3347	3806	1	1.0
3347	3876	1	1.0
3347	3891	1	1.0
3347	3910	1	1.0
3347	4071	1	1.0
3347	4089	1	1.0
3347	4097	1	1.0
3347	4119	1	1.0
3347	4146	1	1.0
3347	4169	1	1.0
3347	4183	1	1.0
3347	4393	1	1.0
3347	4406	1	1.0
3347	4427	1	1.0
3347	4432	1	1.0
3347	4441	1	1.0
3347	4444	1	1.0
3347	4487	1	1.0
3347	4494	1	1.0
3347	4521	1	1.0
3347	4585	1	1.0
3347	4638	1	1.0
3347	4733	1	1.0
3347	4773	1	1.0
3347	4818	1	1.0
3347	4827	1	1.0
3347	4872	1	1.0
3347	4911	1	1.0
3347	4918	1	1.0
3347	4932	1	1.0
3347	4944	1	1.0
3347	5141	1	1.0
3347	5258	1	1.0
3347	5554	1	1.0
3347	5563	1	1.0
3347	5575	1	1.0
3347	5595	1	1.0
3347	5633	1	1.0
3347	5677	1	1.0
3347	5689	1	1.0
3347	5858	1	1.0
3347	5860	1	1.0
3347	5865	1	1.0
3347	3384	0	1.0
3347	3413	0	1.0
3347	4462	0	1.0
3347	4469	0	1.0
3347	4943	0	1.0
3347	5383	0	1.0
3347	5469	0	1.0
3347	5673	0	1.0
3347	5688	0	1.0
3348	3350	1	1.0
3348	3358	1	1.0
3348	3617	1	1.0
3348	3630	1	1.0
3348	3704	1	1.0
3348	3735	1	1.0
3348	3891	1	1.0
3348	3962	1	1.0
3348	4169	1	1.0
3348	4183	1	1.0
3348	4393	1	1.0
3348	4436	1	1.0
3348	4494	1	1.0
3348	4728	1	1.0
3348	4733	1	1.0
3348	4749	1	1.0
3348	4779	1	1.0
3348	4788	1	1.0
3348	4799	1	1.0
3348	4827	1	1.0
3348	4839	1	1.0
3348	4932	1	1.0
3348	5134	1	1.0
3348	5141	1	1.0
3348	5297	1	1.0
3348	5309	1	1.0
3348	5368	1	1.0
3348	5405	1	1.0
3348	5483	1	1.0
3348	5503	1	1.0
3348	5504	1	1.0
3348	4410	0	1.0
3348	4769	0	1.0
3348	4960	0	1.0
3348	5050	0	1.0
3348	5099	0	1.0
3348	5100	0	1.0
3348	5103	0	1.0
3348	5206	0	1.0
3348	5299	0	1.0
3348	5374	0	1.0
3348	5471	0	1.0
3354	3536	1	1.0
3356	3473	1	1.0
3358	3497	1	1.0
3358	3548	1	1.0
3358	3617	1	1.0
3358	3618	1	1.0
3358	3638	1	1.0
3358	3667	1	1.0
3358	3715	1	1.0
3358	4071	1	1.0
3358	4089	1	1.0
3358	4152	1	1.0
3358	4213	1	1.0
3358	4481	1	1.0
3358	4521	1	1.0
3358	4565	1	1.0
3358	4706	1	1.0
3358	4823	1	1.0
3358	5523	1	1.0
3358	3623	0	1.0
3358	4229	0	1.0
3358	4394	0	1.0
3358	4577	0	1.0
3362	3542	1	1.0
3362	3622	1	1.0
3362	4262	1	1.0
3362	5410	1	1.0
3362	5512	1	1.0
3362	5518	1	1.0
3362	5548	1	1.0
3362	5639	1	1.0
3362	5641	1	1.0
3362	5642	1	1.0
3362	5643	1	1.0
3362	5683	1	1.0
3368	3548	1	1.0
3368	3565	1	1.0
3369	3478	1	1.0
3372	4000	1	1.0
3374	3438	1	1.0
3376	3377	1	1.0
3380	4089	1	1.0
3382	3775	1	1.0
3382	4089	1	1.0
3382	4389	1	1.0
3382	4774	1	1.0
3382	4809	1	1.0
3384	3426	1	1.0
3384	3548	1	1.0
3384	3740	1	1.0
3384	3882	1	1.0
3384	4233	1	1.0
3384	4271	1	1.0
3387	3437	1	1.0
3387	5382	0	1.0
3392	3448	1	1.0
3392	3449	1	1.0
3392	3450	1	1.0
3392	3451	1	1.0
3392	3452	1	1.0
3392	3453	1	1.0
3392	3454	1	1.0
3394	3550	1	1.0
3394	3682	1	1.0
3394	3775	1	1.0
3394	3784	1	1.0
3394	3906	1	1.0
3395	3544	1	1.0
3395	4071	1	1.0
3397	4494	1	1.0
3399	3406	1	1.0
3399	3618	1	1.0
3399	3638	1	1.0
3399	3704	1	1.0
3399	3724	1	1.0
3399	3793	1	1.0
3399	3891	1	1.0
3399	4071	1	1.0
3399	4089	1	1.0
3399	4169	1	1.0
3399	4183	1	1.0
3399	4240	1	1.0
3399	4241	1	1.0
3399	4316	1	1.0
3399	4395	1	1.0
3399	4471	1	1.0
3399	4494	1	1.0
3399	4521	1	1.0
3399	4693	1	1.0
3399	5153	1	1.0
3399	5187	1	1.0
3399	5252	1	1.0
3399	5351	1	1.0
3399	5444	1	1.0
3399	5465	1	1.0
3399	5467	1	1.0
3399	5504	1	1.0
3399	5525	1	1.0
3399	5536	1	1.0
3399	5595	1	1.0
3400	3417	1	1.0
3400	3562	1	1.0
3400	4316	1	1.0
3400	5063	1	1.0
3400	3711	0	1.0
3400	4097	0	1.0
3402	3408	1	1.0
3402	4197	1	1.0
3406	3775	1	1.0
3406	3793	1	1.0
3406	3891	1	1.0
3406	4089	1	1.0
3406	4195	1	1.0
3406	4389	1	1.0
3406	4521	1	1.0
3406	4565	1	1.0
3406	4733	1	1.0
3406	4773	1	1.0
3406	5367	1	1.0
3406	5444	1	1.0
3406	5453	1	1.0
3406	5541	1	1.0
3406	5857	1	1.0
3408	3409	1	1.0
3409	3410	1	1.0
3410	3735	1	1.0
3411	3419	1	1.0
3411	3424	1	1.0
3411	3433	1	1.0
3411	3668	1	1.0
3411	3913	1	1.0
3411	3967	1	1.0
3411	4010	1	1.0
3411	4071	0	1.0
3414	4184	0	1.0
3415	3544	1	1.0
3418	3419	1	1.0
3419	4001	1	1.0
3419	4085	1	1.0
3421	3562	1	1.0
3424	3434	1	1.0
3424	3723	1	1.0
3424	3951	1	1.0
3424	4085	1	1.0
3424	4276	1	1.0
3424	4071	0	1.0
3425	4434	1	1.0
3425	4733	1	1.0
3425	4793	1	1.0
3427	3849	1	1.0
3427	4089	1	1.0
3429	3565	1	1.0
3429	4774	1	1.0
3432	4089	1	1.0
3433	3434	1	1.0
3433	3741	1	1.0
3433	3776	1	1.0
3433	3782	1	1.0
3433	3798	1	1.0
3433	3800	1	1.0
3433	3815	1	1.0
3433	3817	1	1.0
3433	3891	1	1.0
3433	4028	1	1.0
3433	4056	1	1.0
3433	4085	1	1.0
3433	4124	1	1.0
3433	4138	1	1.0
3433	4142	1	1.0
3433	4197	1	1.0
3433	4212	1	1.0
3433	4434	1	1.0
3433	4522	1	1.0
3433	4611	1	1.0
3433	4797	1	1.0
3433	4840	1	1.0
3433	3967	0	1.0
3433	4716	0	1.0
3433	5110	0	1.0
3433	5284	0	1.0
3433	5342	0	1.0
3433	5349	0	1.0
3434	3777	1	1.0
3434	3967	1	1.0
3434	3985	1	1.0
3434	4028	1	1.0
3435	3525	1	1.0
3437	3440	1	1.0
3440	3441	1	1.0
3440	3550	1	1.0
3440	3594	1	1.0
3440	3617	1	1.0
3440	3704	1	1.0
3440	3752	1	1.0
3440	3801	1	1.0
3440	3995	1	1.0
3440	4048	1	1.0
3440	4089	1	1.0
3440	4132	1	1.0
3440	4169	1	1.0
3440	4213	1	1.0
3440	4340	1	1.0
3440	4342	1	1.0
3440	4521	1	1.0
3440	4733	1	1.0
3440	4763	1	1.0
3441	3479	1	1.0
3441	3548	1	1.0
3441	3603	1	1.0
3441	3638	1	1.0
3441	3667	1	1.0
3441	4048	1	1.0
3441	4109	1	1.0
3441	4110	1	1.0
3441	4262	0	1.0
3442	3499	1	1.0
3443	3472	1	1.0
3443	4062	1	1.0
3448	3449	1	1.0
3449	3450	1	1.0
3449	3452	1	1.0
3449	3453	1	1.0
3449	3454	1	1.0
3449	3458	1	1.0
3449	3459	1	1.0
3449	3460	1	1.0
3449	3461	1	1.0
3449	3462	1	1.0
3449	3463	1	1.0
3449	3465	1	1.0
3449	3466	1	1.0
3449	3818	0	1.0
3452	3458	1	1.0
3452	3459	1	1.0
3452	3460	1	1.0
3452	3461	1	1.0
3452	3462	1	1.0
3457	3952	1	1.0
3457	4028	1	1.0
3458	3459	1	1.0
3461	3463	1	1.0
3461	3465	1	1.0
3461	3466	1	1.0
3467	3517	1	1.0
3467	3523	1	1.0
3467	3524	1	1.0
3467	3532	1	1.0
3467	3633	1	1.0
3467	3715	1	1.0
3467	3761	1	1.0
3467	3890	1	1.0
3467	3895	1	1.0
3467	4799	0	1.0
3469	3561	1	1.0
3469	3607	1	1.0
3469	3622	1	1.0
3469	3775	1	1.0
3469	4092	1	1.0
3469	4262	1	1.0
3469	4434	1	1.0
3469	4823	1	1.0
3469	4824	1	1.0
3469	4909	1	1.0
3469	5003	1	1.0
3469	5057	1	1.0
3469	5255	1	1.0
3469	5341	1	1.0
3469	5385	1	1.0
3469	5386	1	1.0
3469	5410	1	1.0
3469	5457	1	1.0
3471	3475	1	1.0
3471	3910	1	1.0
3472	3479	1	1.0
3472	3501	1	1.0
3472	3711	1	1.0
3472	4089	1	1.0
3476	3488	1	1.0
3476	3502	1	1.0
3476	3513	1	1.0
3476	3522	1	1.0
3476	3667	1	1.0
3476	3703	1	1.0
3476	3735	1	1.0
3476	3961	1	1.0
3476	4006	1	1.0
3476	4071	1	1.0
3476	4114	1	1.0
3476	4163	1	1.0
3476	4232	1	1.0
3476	4236	1	1.0
3476	4258	1	1.0
3476	4317	1	1.0
3476	4342	1	1.0
3476	4358	1	1.0
3476	4368	1	1.0
3476	4434	1	1.0
3476	4436	1	1.0
3476	4444	1	1.0
3476	4450	1	1.0
3476	4472	1	1.0
3476	4476	1	1.0
3476	4514	1	1.0
3476	4515	1	1.0
3476	4517	1	1.0
3476	4566	1	1.0
3476	3501	0	1.0
3476	4462	0	1.0
3478	4089	1	1.0
3478	5444	1	1.0
3478	5504	1	1.0
3478	5514	1	1.0
3478	5538	1	1.0
3479	3565	1	1.0
3479	3988	1	1.0
3481	3618	1	1.0
3482	3489	1	1.0
3488	3913	1	1.0
3489	3490	1	1.0
3489	3618	1	1.0
3491	3964	1	1.0
3491	4304	1	1.0
3491	4307	1	1.0
3497	3554	1	1.0
3497	3565	1	1.0
3497	3594	1	1.0
3497	3617	1	1.0
3497	3715	1	1.0
3497	4112	1	1.0
3497	4127	1	1.0
3499	4071	1	1.0
3501	4169	1	1.0
3501	5343	1	1.0
3507	5560	1	1.0
3508	3735	1	1.0
3508	3775	1	1.0
3508	4089	1	1.0
3509	3618	1	1.0
3509	3882	1	1.0
3509	3919	1	1.0
3509	4369	1	1.0
3509	4506	1	1.0
3509	4071	0	1.0
3518	3668	1	1.0
3518	3899	1	1.0
3519	4089	1	1.0
3519	4240	1	1.0
3519	4283	1	1.0
3519	4404	1	1.0
3519	4417	1	1.0
3521	3597	1	1.0
3526	3642	1	1.0
3532	3638	1	1.0
3532	3700	1	1.0
3532	4301	1	1.0
3532	4386	1	1.0
3537	3540	1	1.0
3537	3618	1	1.0
3537	3623	1	1.0
3537	3883	1	1.0
3537	3910	1	1.0
3537	3968	1	1.0
3537	4000	1	1.0
3537	4036	1	1.0
3537	4089	1	1.0
3537	4105	1	1.0
3537	4123	1	1.0
3537	4143	1	1.0
3537	4144	1	1.0
3537	4328	1	1.0
3537	4365	1	1.0
3537	4378	1	1.0
3537	4423	1	1.0
3537	4465	1	1.0
3537	4466	1	1.0
3537	4517	1	1.0
3542	3638	1	1.0
3542	3724	1	1.0
3542	3812	1	1.0
3542	4033	1	1.0
3542	4759	0	1.0
3544	3790	1	1.0
3544	3849	1	1.0
3544	3978	1	1.0
3544	3986	1	1.0
3544	4071	1	1.0
3544	4183	1	1.0
3544	4857	1	1.0
3545	3563	1	1.0
3545	3682	1	1.0
3548	3549	1	1.0
3548	3569	1	1.0
3548	3603	1	1.0
3548	3630	1	1.0
3548	3638	1	1.0
3548	3652	1	1.0
3548	3671	1	1.0
3548	3697	1	1.0
3548	3706	1	1.0
3548	3724	1	1.0
3548	3743	1	1.0
3548	3744	1	1.0
3548	3746	1	1.0
3548	3865	0	1.0
3548	4048	0	1.0
3550	3638	1	1.0
3550	3738	1	1.0
3550	4089	1	1.0
3550	4494	1	1.0
3550	5504	1	1.0
3554	3667	1	1.0
3554	3812	1	1.0
3554	4000	1	1.0
3554	4089	1	1.0
3554	4169	1	1.0
3554	4071	0	1.0
3554	4298	0	1.0
3555	3565	1	1.0
3556	4071	1	1.0
3560	3567	0	1.0
3561	3607	1	1.0
3561	3622	1	1.0
3561	3724	1	1.0
3561	3775	1	1.0
3561	4823	1	1.0
3561	4827	1	1.0
3561	5003	1	1.0
3561	5057	1	1.0
3561	5083	1	1.0
3561	5161	1	1.0
3561	5255	1	1.0
3561	5341	1	1.0
3561	5386	1	1.0
3561	5410	1	1.0
3561	5411	1	1.0
3561	5415	1	1.0
3561	5426	1	1.0
3561	5438	1	1.0
3561	5450	1	1.0
3561	5453	1	1.0
3561	5457	1	1.0
3561	5472	1	1.0
3561	5487	1	1.0
3561	5501	1	1.0
3561	5504	1	1.0
3561	5522	1	1.0
3561	5526	1	1.0
3561	5580	1	1.0
3561	5589	1	1.0
3561	5596	1	1.0
3561	5695	1	1.0
3561	5697	1	1.0
3561	5698	1	1.0
3561	5699	1	1.0
3561	4395	0	1.0
3561	5449	0	1.0
3561	5541	0	1.0
3562	3621	1	1.0
3562	3634	1	1.0
3562	3661	1	1.0
3562	3703	1	1.0
3565	3572	1	1.0
3565	3580	1	1.0
3565	3583	1	1.0
3565	3584	1	1.0
3565	3592	1	1.0
3565	3603	1	1.0
3565	3604	1	1.0
3565	3605	1	1.0
3565	3641	1	1.0
3565	3642	1	1.0
3565	3655	1	1.0
3565	3658	1	1.0
3565	3667	1	1.0
3565	3707	1	1.0
3565	3735	1	1.0
3565	3845	1	1.0
3565	3878	1	1.0
3565	3974	1	1.0
3573	3900	1	1.0
3578	3801	1	1.0
3579	4089	1	1.0
3579	4169	1	1.0
3580	3594	1	1.0
3580	3744	1	1.0
3580	3789	1	1.0
3580	3793	1	1.0
3580	3891	1	1.0
3580	3908	1	1.0
3580	4071	1	1.0
3580	4089	1	1.0
3580	4143	1	1.0
3580	4169	1	1.0
3580	4393	1	1.0
3580	4733	1	1.0
3580	4932	1	1.0
3580	5115	1	1.0
3592	3801	1	1.0
3592	4169	1	1.0
3593	4089	1	1.0
3594	3617	1	1.0
3594	3638	1	1.0
3594	3642	1	1.0
3594	3702	1	1.0
3594	3935	1	1.0
3594	5410	1	1.0
3594	3844	0	1.0
3596	4071	1	1.0
3596	4169	1	1.0
3596	4431	0	1.0
3596	4569	0	1.0
3603	3638	1	1.0
3603	3724	1	1.0
3603	3793	1	1.0
3603	3812	1	1.0
3603	3858	1	1.0
3603	4071	1	1.0
3603	4089	1	1.0
3603	4117	1	1.0
3603	4153	1	1.0
3603	4171	1	1.0
3603	4184	1	1.0
3603	4195	1	1.0
3603	4210	1	1.0
3603	4217	1	1.0
3603	4234	1	1.0
3603	4237	1	1.0
3603	4242	1	1.0
3603	4252	1	1.0
3603	4296	1	1.0
3603	4316	1	1.0
3603	4330	1	1.0
3603	4411	1	1.0
3603	4620	1	1.0
3603	4846	1	1.0
3604	4162	1	1.0
3604	3934	0	1.0
3607	3618	1	1.0
3607	3622	1	1.0
3607	3759	1	1.0
3607	4086	1	1.0
3607	4089	1	1.0
3607	4262	1	1.0
3607	4434	1	1.0
3607	4565	1	1.0
3607	4827	1	1.0
3607	5003	1	1.0
3607	5057	1	1.0
3607	5083	1	1.0
3607	5255	1	1.0
3607	5300	1	1.0
3607	5340	1	1.0
3607	5341	1	1.0
3607	5385	1	1.0
3607	5386	1	1.0
3607	5396	1	1.0
3607	5410	1	1.0
3607	5411	1	1.0
3607	5412	1	1.0
3607	5424	1	1.0
3607	5427	1	1.0
3607	5457	1	1.0
3607	5466	1	1.0
3607	5472	1	1.0
3607	5512	1	1.0
3607	5513	1	1.0
3607	5542	1	1.0
3607	5548	1	1.0
3607	5575	1	1.0
3607	5580	1	1.0
3607	5663	1	1.0
3607	5693	1	1.0
3607	5697	1	1.0
3607	5698	1	1.0
3607	5759	1	1.0
3607	5541	0	1.0
3613	3620	1	1.0
3613	3623	1	1.0
3613	3638	1	1.0
3613	3891	1	1.0
3613	3905	1	1.0
3613	3995	1	1.0
3613	3990	0	1.0
3616	4968	1	1.0
3616	4984	0	1.0
3617	3618	1	1.0
3617	3638	1	1.0
3617	3673	1	1.0
3617	3715	1	1.0
3617	3812	1	1.0
3617	3849	1	1.0
3617	3891	1	1.0
3617	3910	1	1.0
3617	3999	1	1.0
3617	4000	1	1.0
3617	4071	1	1.0
3617	4089	1	1.0
3617	4090	1	1.0
3617	4112	1	1.0
3617	4127	1	1.0
3617	4148	1	1.0
3617	4161	1	1.0
3617	4169	1	1.0
3617	4204	1	1.0
3617	4215	1	1.0
3617	4232	1	1.0
3617	4248	1	1.0
3617	4288	1	1.0
3617	4303	1	1.0
3617	4317	1	1.0
3617	4378	1	1.0
3617	4409	1	1.0
3617	4460	1	1.0
3617	4523	1	1.0
3617	4827	1	1.0
3617	5200	1	1.0
3617	5504	1	1.0
3617	5711	1	1.0
3617	5792	1	1.0
3617	4184	0	1.0
3617	4285	0	1.0
3617	4371	0	1.0
3617	4379	0	1.0
3617	4380	0	1.0
3617	4405	0	1.0
3617	4410	0	1.0
3617	4418	0	1.0
3617	4419	0	1.0
3617	4429	0	1.0
3617	4731	0	1.0
3617	5099	0	1.0
3617	5100	0	1.0
3617	5101	0	1.0
3617	5103	0	1.0
3617	5104	0	1.0
3617	5105	0	1.0
3617	5106	0	1.0
3618	3619	1	1.0
3618	3638	1	1.0
3618	3669	1	1.0
3618	3699	1	1.0
3618	3709	1	1.0
3618	3724	1	1.0
3618	3735	1	1.0
3618	3800	1	1.0
3618	3801	1	1.0
3618	3812	1	1.0
3618	3819	1	1.0
3618	3910	1	1.0
3618	3955	1	1.0
3618	3959	1	1.0
3618	3999	1	1.0
3618	4028	1	1.0
3618	4044	1	1.0
3618	4071	1	1.0
3618	4089	1	1.0
3618	4152	1	1.0
3618	4169	1	1.0
3618	4185	1	1.0
3618	4195	1	1.0
3618	4201	1	1.0
3618	4204	1	1.0
3618	4215	1	1.0
3618	4301	1	1.0
3618	4322	1	1.0
3618	4342	1	1.0
3618	4368	1	1.0
3618	4378	1	1.0
3618	4387	1	1.0
3618	4406	1	1.0
3618	4440	1	1.0
3618	4455	1	1.0
3618	4470	1	1.0
3618	4480	1	1.0
3618	4494	1	1.0
3618	4507	1	1.0
3618	4521	1	1.0
3618	4586	1	1.0
3618	4602	1	1.0
3618	4618	1	1.0
3618	4631	1	1.0
3618	4693	1	1.0
3618	4733	1	1.0
3618	4736	1	1.0
3618	4773	1	1.0
3618	4928	1	1.0
3618	5040	1	1.0
3618	5042	1	1.0
3618	5078	1	1.0
3618	5089	1	1.0
3618	5141	1	1.0
3618	5195	1	1.0
3618	5309	1	1.0
3618	5379	1	1.0
3618	5434	1	1.0
3618	5444	1	1.0
3618	5504	1	1.0
3618	3961	0	1.0
3618	4131	0	1.0
3618	4222	0	1.0
3618	4229	0	1.0
3618	4517	0	1.0
3618	4580	0	1.0
3620	3623	1	1.0
3622	3759	1	1.0
3622	3775	1	1.0
3622	3790	1	1.0
3622	3891	1	1.0
3622	4262	1	1.0
3622	4494	1	1.0
3622	4668	1	1.0
3622	4823	1	1.0
3622	5003	1	1.0
3622	5057	1	1.0
3622	5078	1	1.0
3622	5207	1	1.0
3622	5216	1	1.0
3622	5385	1	1.0
3622	5386	1	1.0
3622	5403	1	1.0
3622	5410	1	1.0
3622	5411	1	1.0
3622	5423	1	1.0
3622	5424	1	1.0
3622	5427	1	1.0
3622	5434	1	1.0
3622	5438	1	1.0
3622	5457	1	1.0
3622	5501	1	1.0
3622	5505	1	1.0
3622	5512	1	1.0
3622	5517	1	1.0
3622	5518	1	1.0
3622	5533	1	1.0
3622	5549	1	1.0
3622	5578	1	1.0
3622	5579	1	1.0
3622	5580	1	1.0
3622	5616	1	1.0
3622	5637	1	1.0
3622	5683	1	1.0
3622	5716	1	1.0
3622	5720	1	1.0
3622	5721	1	1.0
3622	5735	1	1.0
3622	5751	1	1.0
3622	5758	1	1.0
3622	5759	1	1.0
3622	3647	0	1.0
3622	3800	0	1.0
3622	4071	0	1.0
3622	4169	0	1.0
3622	4395	0	1.0
3622	4427	0	1.0
3622	4521	0	1.0
3622	4799	0	1.0
3622	5374	0	1.0
3622	5459	0	1.0
3622	5541	0	1.0
3622	5554	0	1.0
3622	5602	0	1.0
3622	5614	0	1.0
3622	5636	0	1.0
3622	5675	0	1.0
3623	3967	1	1.0
3623	4072	1	1.0
3623	4158	0	1.0
3624	3638	1	1.0
3624	3698	1	1.0
3624	3700	1	1.0
3624	3724	1	1.0
3624	3857	1	1.0
3624	3877	1	1.0
3624	3908	1	1.0
3624	4019	1	1.0
3624	4270	1	1.0
3625	3724	1	1.0
3625	4071	1	1.0
3625	4169	1	1.0
3625	4196	1	1.0
3625	4406	1	1.0
3625	4506	1	1.0
3625	4820	1	1.0
3625	4977	1	1.0
3625	5184	1	1.0
3625	5197	1	1.0
3626	4183	1	1.0
3626	3910	0	1.0
3630	3724	1	1.0
3630	3793	1	1.0
3630	4169	1	1.0
3630	4316	1	1.0
3630	4565	1	1.0
3630	4865	1	1.0
3630	4889	1	1.0
3630	5185	1	1.0
3630	5215	1	1.0
3630	5297	1	1.0
3630	5309	1	1.0
3630	5310	1	1.0
3630	5352	1	1.0
3630	5796	1	1.0
3634	3635	1	1.0
3637	5153	0	1.0
3638	3642	1	1.0
3638	3669	1	1.0
3638	3677	1	1.0
3638	3700	1	1.0
3638	3711	1	1.0
3638	3715	1	1.0
3638	3721	1	1.0
3638	3724	1	1.0
3638	3726	1	1.0
3638	3733	1	1.0
3638	3734	1	1.0
3638	3738	1	1.0
3638	3746	1	1.0
3638	3749	1	1.0
3638	3750	1	1.0
3638	3762	1	1.0
3638	3763	1	1.0
3638	3778	1	1.0
3638	3781	1	1.0
3638	3789	1	1.0
3638	3793	1	1.0
3638	3812	1	1.0
3638	3818	1	1.0
3638	3820	1	1.0
3638	3822	1	1.0
3638	3843	1	1.0
3638	3855	1	1.0
3638	3866	1	1.0
3638	3876	1	1.0
3638	3882	1	1.0
3638	3891	1	1.0
3638	3895	1	1.0
3638	3921	1	1.0
3638	3925	1	1.0
3638	3926	1	1.0
3638	3927	1	1.0
3638	3928	1	1.0
3638	3929	1	1.0
3638	3930	1	1.0
3638	3933	1	1.0
3638	3934	1	1.0
3638	3936	1	1.0
3638	3955	1	1.0
3638	3994	1	1.0
3638	3995	1	1.0
3638	3997	1	1.0
3638	3999	1	1.0
3638	4000	1	1.0
3638	4003	1	1.0
3638	4004	1	1.0
3638	4016	1	1.0
3638	4018	1	1.0
3638	4019	1	1.0
3638	4033	1	1.0
3638	4051	1	1.0
3638	4052	1	1.0
3638	4062	1	1.0
3638	4064	1	1.0
3638	4065	1	1.0
3638	4066	1	1.0
3638	4067	1	1.0
3638	4071	1	1.0
3638	4078	1	1.0
3638	4079	1	1.0
3638	4090	1	1.0
3638	4091	1	1.0
3638	4092	1	1.0
3638	4093	1	1.0
3638	4097	1	1.0
3638	4099	1	1.0
3638	4100	1	1.0
3638	4106	1	1.0
3638	4118	1	1.0
3638	4119	1	1.0
3638	4135	1	1.0
3638	4830	1	1.0
3639	3647	1	1.0
3639	3682	1	1.0
3641	3648	1	1.0
3641	3793	1	1.0
3641	3812	1	1.0
3641	4071	1	1.0
3641	4169	1	1.0
3641	4270	1	1.0
3641	4434	1	1.0
3641	4774	1	1.0
3642	3669	1	1.0
3642	3702	1	1.0
3642	3724	1	1.0
3642	3749	1	1.0
3642	3770	1	1.0
3643	3656	1	1.0
3647	3659	1	1.0
3647	3660	1	1.0
3647	3662	1	1.0
3647	3663	1	1.0
3647	4460	1	1.0
3647	3686	0	1.0
3647	3687	0	1.0
3647	3688	0	1.0
3647	3689	0	1.0
3647	3690	0	1.0
3647	3691	0	1.0
3647	3693	0	1.0
3647	3704	0	1.0
3647	3713	0	1.0
3647	3891	0	1.0
3647	3967	0	1.0
3647	4283	0	1.0
3647	5263	0	1.0
3648	3649	1	1.0
3650	3651	1	1.0
3650	3672	1	1.0
3650	3682	1	1.0
3650	3867	1	1.0
3653	4089	1	1.0
3653	4097	1	1.0
3653	4337	1	1.0
3653	4360	1	1.0
3653	4913	1	1.0
3653	4949	1	1.0
3653	5313	1	1.0
3653	5018	0	1.0
3659	3660	1	1.0
3659	3662	1	1.0
3659	3663	1	1.0
3659	3686	0	1.0
3659	3687	0	1.0
3659	3688	0	1.0
3659	3689	0	1.0
3659	3690	0	1.0
3659	3691	0	1.0
3659	3692	0	1.0
3659	3693	0	1.0
3659	3694	0	1.0
3659	3695	0	1.0
3660	3662	1	1.0
3660	3663	1	1.0
3660	3686	0	1.0
3660	3687	0	1.0
3660	3688	0	1.0
3660	3689	0	1.0
3660	3690	0	1.0
3660	3691	0	1.0
3660	3692	0	1.0
3660	3693	0	1.0
3660	3694	0	1.0
3660	3695	0	1.0
3662	3663	1	1.0
3662	3686	0	1.0
3662	3687	0	1.0
3662	3688	0	1.0
3662	3689	0	1.0
3662	3690	0	1.0
3662	3691	0	1.0
3662	3692	0	1.0
3662	3693	0	1.0
3662	3694	0	1.0
3662	3695	0	1.0
3663	3686	0	1.0
3663	3687	0	1.0
3663	3688	0	1.0
3663	3689	0	1.0
3663	3690	0	1.0
3663	3691	0	1.0
3663	3692	0	1.0
3663	3693	0	1.0
3663	3694	0	1.0
3663	3695	0	1.0
3664	3781	1	1.0
3665	3666	1	1.0
3667	3789	1	1.0
3667	4028	0	1.0
3669	3727	1	1.0
3669	3906	1	1.0
3669	4071	1	1.0
3669	4375	1	1.0
3670	4057	1	1.0
3672	3684	1	1.0
3678	3723	1	1.0
3678	3758	1	1.0
3678	3952	1	1.0
3678	4085	1	1.0
3678	4180	1	1.0
3678	4071	0	1.0
3682	3683	1	1.0
3682	3684	1	1.0
3682	3724	1	1.0
3682	3745	1	1.0
3682	3746	1	1.0
3682	3806	1	1.0
3682	3891	1	1.0
3682	4038	1	1.0
3682	4039	1	1.0
3682	4169	1	1.0
3682	4213	1	1.0
3682	4316	1	1.0
3682	4733	1	1.0
3682	5465	1	1.0
3682	5832	1	1.0
3684	3709	1	1.0
3686	4405	0	1.0
3686	4526	0	1.0
3686	4533	0	1.0
3686	4538	0	1.0
3686	4542	0	1.0
3686	4544	0	1.0
3686	4545	0	1.0
3686	4548	0	1.0
3686	4549	0	1.0
3686	4550	0	1.0
3686	4551	0	1.0
3686	4552	0	1.0
3686	4553	0	1.0
3686	4554	0	1.0
3686	4555	0	1.0
3686	4556	0	1.0
3686	4558	0	1.0
3686	4560	0	1.0
3686	4572	0	1.0
3686	4578	0	1.0
3686	4590	0	1.0
3686	4599	0	1.0
3686	4600	0	1.0
3686	4605	0	1.0
3687	4405	0	1.0
3687	4526	0	1.0
3687	4533	0	1.0
3687	4538	0	1.0
3687	4542	0	1.0
3687	4544	0	1.0
3687	4545	0	1.0
3687	4548	0	1.0
3687	4549	0	1.0
3687	4550	0	1.0
3687	4551	0	1.0
3687	4552	0	1.0
3687	4553	0	1.0
3687	4554	0	1.0
3687	4555	0	1.0
3687	4556	0	1.0
3687	4558	0	1.0
3687	4560	0	1.0
3687	4572	0	1.0
3687	4590	0	1.0
3687	4599	0	1.0
3687	4600	0	1.0
3687	4605	0	1.0
3688	4405	0	1.0
3688	4526	0	1.0
3688	4533	0	1.0
3688	4538	0	1.0
3688	4542	0	1.0
3688	4544	0	1.0
3688	4545	0	1.0
3688	4547	0	1.0
3688	4548	0	1.0
3688	4549	0	1.0
3688	4550	0	1.0
3688	4551	0	1.0
3688	4552	0	1.0
3688	4553	0	1.0
3688	4554	0	1.0
3688	4555	0	1.0
3688	4556	0	1.0
3688	4558	0	1.0
3688	4560	0	1.0
3688	4572	0	1.0
3688	4578	0	1.0
3688	4590	0	1.0
3688	4600	0	1.0
3688	4605	0	1.0
3689	4405	0	1.0
3689	4526	0	1.0
3689	4533	0	1.0
3689	4538	0	1.0
3689	4539	0	1.0
3689	4540	0	1.0
3689	4542	0	1.0
3689	4544	0	1.0
3689	4545	0	1.0
3689	4547	0	1.0
3689	4548	0	1.0
3689	4549	0	1.0
3689	4550	0	1.0
3689	4551	0	1.0
3689	4552	0	1.0
3689	4553	0	1.0
3689	4554	0	1.0
3689	4555	0	1.0
3689	4556	0	1.0
3689	4558	0	1.0
3689	4560	0	1.0
3689	4572	0	1.0
3689	4578	0	1.0
3689	4590	0	1.0
3689	4599	0	1.0
3689	4600	0	1.0
3689	4605	0	1.0
3690	4405	0	1.0
3690	4526	0	1.0
3690	4533	0	1.0
3690	4538	0	1.0
3690	4539	0	1.0
3690	4540	0	1.0
3690	4542	0	1.0
3690	4544	0	1.0
3690	4545	0	1.0
3690	4547	0	1.0
3690	4548	0	1.0
3690	4549	0	1.0
3690	4550	0	1.0
3690	4551	0	1.0
3690	4552	0	1.0
3690	4553	0	1.0
3690	4554	0	1.0
3690	4555	0	1.0
3690	4556	0	1.0
3690	4558	0	1.0
3690	4560	0	1.0
3690	4572	0	1.0
3690	4578	0	1.0
3690	4590	0	1.0
3690	4599	0	1.0
3690	4600	0	1.0
3690	4605	0	1.0
3691	4405	0	1.0
3691	4526	0	1.0
3691	4533	0	1.0
3691	4538	0	1.0
3691	4539	0	1.0
3691	4540	0	1.0
3691	4542	0	1.0
3691	4544	0	1.0
3691	4545	0	1.0
3691	4547	0	1.0
3691	4548	0	1.0
3691	4549	0	1.0
3691	4550	0	1.0
3691	4551	0	1.0
3691	4552	0	1.0
3691	4553	0	1.0
3691	4554	0	1.0
3691	4555	0	1.0
3691	4556	0	1.0
3691	4558	0	1.0
3691	4560	0	1.0
3691	4572	0	1.0
3691	4578	0	1.0
3691	4590	0	1.0
3691	4599	0	1.0
3691	4600	0	1.0
3691	4605	0	1.0
3692	4405	0	1.0
3692	4526	0	1.0
3692	4533	0	1.0
3692	4538	0	1.0
3692	4539	0	1.0
3692	4540	0	1.0
3692	4542	0	1.0
3692	4544	0	1.0
3692	4545	0	1.0
3692	4547	0	1.0
3692	4548	0	1.0
3692	4549	0	1.0
3692	4550	0	1.0
3692	4551	0	1.0
3692	4552	0	1.0
3692	4553	0	1.0
3692	4554	0	1.0
3692	4555	0	1.0
3692	4556	0	1.0
3692	4558	0	1.0
3692	4560	0	1.0
3692	4572	0	1.0
3692	4578	0	1.0
3692	4590	0	1.0
3692	4599	0	1.0
3692	4600	0	1.0
3692	4605	0	1.0
3693	4405	0	1.0
3693	4526	0	1.0
3693	4533	0	1.0
3693	4538	0	1.0
3693	4539	0	1.0
3693	4540	0	1.0
3693	4542	0	1.0
3693	4544	0	1.0
3693	4545	0	1.0
3693	4547	0	1.0
3693	4548	0	1.0
3693	4549	0	1.0
3693	4550	0	1.0
3693	4551	0	1.0
3693	4552	0	1.0
3693	4553	0	1.0
3693	4554	0	1.0
3693	4555	0	1.0
3693	4556	0	1.0
3693	4558	0	1.0
3693	4560	0	1.0
3693	4572	0	1.0
3693	4578	0	1.0
3693	4590	0	1.0
3693	4599	0	1.0
3693	4600	0	1.0
3693	4605	0	1.0
3694	4405	0	1.0
3694	4526	0	1.0
3694	4533	0	1.0
3694	4538	0	1.0
3694	4539	0	1.0
3694	4540	0	1.0
3694	4542	0	1.0
3694	4544	0	1.0
3694	4545	0	1.0
3694	4547	0	1.0
3694	4548	0	1.0
3694	4549	0	1.0
3694	4550	0	1.0
3694	4551	0	1.0
3694	4552	0	1.0
3694	4553	0	1.0
3694	4554	0	1.0
3694	4555	0	1.0
3694	4556	0	1.0
3694	4558	0	1.0
3694	4560	0	1.0
3694	4572	0	1.0
3694	4578	0	1.0
3694	4590	0	1.0
3694	4599	0	1.0
3694	4600	0	1.0
3694	4605	0	1.0
3695	4387	1	1.0
3695	4405	0	1.0
3695	4526	0	1.0
3695	4533	0	1.0
3695	4538	0	1.0
3695	4539	0	1.0
3695	4540	0	1.0
3695	4542	0	1.0
3695	4544	0	1.0
3695	4545	0	1.0
3695	4547	0	1.0
3695	4548	0	1.0
3695	4549	0	1.0
3695	4550	0	1.0
3695	4551	0	1.0
3695	4552	0	1.0
3695	4553	0	1.0
3695	4554	0	1.0
3695	4555	0	1.0
3695	4556	0	1.0
3695	4558	0	1.0
3695	4560	0	1.0
3695	4572	0	1.0
3695	4578	0	1.0
3695	4590	0	1.0
3695	4599	0	1.0
3695	4600	0	1.0
3695	4605	0	1.0
3697	4756	1	1.0
3698	3875	1	1.0
3703	3704	1	1.0
3703	3715	1	1.0
3703	3961	1	1.0
3704	3891	1	1.0
3704	4000	1	1.0
3704	4071	1	1.0
3704	4089	1	1.0
3704	4169	1	1.0
3704	4406	1	1.0
3704	4774	1	1.0
3704	4799	1	1.0
3704	4827	1	1.0
3704	5129	1	1.0
3704	5134	1	1.0
3704	5141	1	1.0
3704	5168	1	1.0
3704	5263	1	1.0
3704	5343	1	1.0
3704	5351	1	1.0
3704	5358	1	1.0
3704	5465	1	1.0
3704	5514	1	1.0
3704	5554	1	1.0
3704	5644	1	1.0
3704	5657	1	1.0
3704	5842	1	1.0
3704	5858	1	1.0
3704	5299	0	1.0
3704	5541	0	1.0
3704	5631	0	1.0
3709	3711	1	1.0
3709	3853	1	1.0
3709	4089	1	1.0
3709	4169	1	1.0
3713	4128	1	1.0
3713	4196	1	1.0
3713	4270	1	1.0
3714	4434	1	1.0
3715	3724	1	1.0
3715	3818	1	1.0
3715	4071	1	1.0
3715	4169	1	1.0
3715	4175	1	1.0
3715	4217	1	1.0
3715	4229	0	1.0
3721	4444	1	1.0
3723	3965	1	1.0
3723	4011	1	1.0
3723	4012	1	1.0
3723	4060	1	1.0
3723	4076	1	1.0
3724	3730	1	1.0
3724	3735	1	1.0
3724	3736	1	1.0
3724	3745	1	1.0
3724	3749	1	1.0
3724	3753	1	1.0
3724	3759	1	1.0
3724	3772	1	1.0
3724	3793	1	1.0
3724	3800	1	1.0
3724	3849	1	1.0
3724	3853	1	1.0
3724	3891	1	1.0
3724	3895	1	1.0
3724	3931	1	1.0
3724	3972	1	1.0
3724	4020	1	1.0
3724	4065	1	1.0
3724	4071	1	1.0
3724	4078	1	1.0
3724	4082	1	1.0
3724	4089	1	1.0
3724	4094	1	1.0
3724	4153	1	1.0
3724	4169	1	1.0
3724	4201	1	1.0
3724	4240	1	1.0
3724	4258	1	1.0
3724	4296	1	1.0
3724	4332	1	1.0
3724	4378	1	1.0
3724	4393	1	1.0
3724	4406	1	1.0
3724	4427	1	1.0
3724	4494	1	1.0
3724	4521	1	1.0
3724	4565	1	1.0
3724	4617	1	1.0
3724	4766	1	1.0
3724	4839	1	1.0
3724	4979	1	1.0
3724	5025	1	1.0
3724	5258	1	1.0
3724	5263	1	1.0
3724	5383	1	1.0
3724	5384	1	1.0
3724	5439	1	1.0
3724	5444	1	1.0
3724	5465	1	1.0
3724	5484	1	1.0
3724	5488	1	1.0
3724	5499	1	1.0
3724	5504	1	1.0
3724	5516	1	1.0
3724	5520	1	1.0
3724	5524	1	1.0
3724	5554	1	1.0
3724	5559	1	1.0
3724	5576	1	1.0
3724	5655	1	1.0
3724	5660	1	1.0
3724	5719	1	1.0
3724	5767	1	1.0
3724	5791	1	1.0
3724	5471	0	1.0
3725	5703	1	1.0
3726	4143	1	1.0
3726	4242	1	1.0
3733	4169	1	1.0
3735	3736	1	1.0
3735	3737	1	1.0
3735	3749	1	1.0
3735	3793	1	1.0
3735	3812	1	1.0
3735	3849	1	1.0
3735	3854	1	1.0
3735	3876	1	1.0
3735	3891	1	1.0
3735	4006	1	1.0
3735	4062	1	1.0
3735	4071	1	1.0
3735	4089	1	1.0
3735	4097	1	1.0
3735	4119	1	1.0
3735	4141	1	1.0
3735	4152	1	1.0
3735	4162	1	1.0
3735	4179	1	1.0
3735	4181	1	1.0
3735	4201	1	1.0
3735	4218	1	1.0
3735	4219	1	1.0
3735	4228	1	1.0
3735	4254	1	1.0
3735	4316	1	1.0
3735	4317	1	1.0
3735	4506	1	1.0
3735	4733	1	1.0
3735	5001	1	1.0
3735	5025	1	1.0
3735	5195	1	1.0
3735	5484	1	1.0
3737	3855	1	1.0
3738	4506	1	1.0
3738	5007	1	1.0
3739	3741	1	1.0
3740	3861	1	1.0
3740	3863	1	1.0
3741	3847	1	1.0
3744	3754	1	1.0
3744	4101	1	1.0
3744	4293	1	1.0
3744	4383	1	1.0
3744	4506	1	1.0
3744	4509	1	1.0
3744	4635	1	1.0
3744	4712	1	1.0
3744	4755	1	1.0
3744	4932	1	1.0
3744	5135	1	1.0
3744	5266	1	1.0
3744	5309	1	1.0
3744	4569	0	1.0
3745	3748	1	1.0
3745	4330	1	1.0
3746	3747	1	1.0
3746	3749	1	1.0
3746	4581	1	1.0
3749	3789	1	1.0
3749	3800	1	1.0
3749	3802	1	1.0
3749	4028	1	1.0
3749	4071	1	1.0
3749	4119	1	1.0
3749	4494	1	1.0
3753	4533	0	1.0
3753	4538	0	1.0
3753	4544	0	1.0
3759	3801	1	1.0
3759	3822	1	1.0
3759	4196	1	1.0
3759	5629	1	1.0
3759	5758	1	1.0
3760	4262	0	1.0
3764	3776	1	1.0
3764	4180	1	1.0
3767	3768	1	1.0
3768	4028	1	1.0
3768	4180	1	1.0
3770	4169	1	1.0
3772	4089	1	1.0
3775	3800	1	1.0
3775	3806	1	1.0
3775	3814	1	1.0
3775	3815	1	1.0
3775	3862	1	1.0
3775	3886	1	1.0
3775	3888	1	1.0
3775	3891	1	1.0
3775	4071	1	1.0
3775	4169	1	1.0
3775	4240	1	1.0
3775	4262	1	1.0
3775	4316	1	1.0
3775	4395	1	1.0
3775	4434	1	1.0
3775	4478	1	1.0
3775	4773	1	1.0
3775	4827	1	1.0
3775	5044	1	1.0
3775	5200	1	1.0
3775	5341	1	1.0
3775	5386	1	1.0
3775	5410	1	1.0
3775	5411	1	1.0
3775	5412	1	1.0
3775	5422	1	1.0
3775	5423	1	1.0
3775	5424	1	1.0
3775	5425	1	1.0
3775	5428	1	1.0
3775	5430	1	1.0
3775	5437	1	1.0
3775	5457	1	1.0
3775	5466	1	1.0
3775	5468	1	1.0
3775	5504	1	1.0
3775	5507	1	1.0
3775	5557	1	1.0
3775	5679	1	1.0
3775	5758	1	1.0
3775	5790	1	1.0
3775	5794	1	1.0
3775	5875	1	1.0
3775	5043	0	1.0
3775	5451	0	1.0
3775	5503	0	1.0
3777	3811	1	1.0
3777	3899	1	1.0
3777	3913	1	1.0
3777	3914	1	1.0
3777	4001	1	1.0
3777	4004	1	1.0
3777	4028	1	1.0
3777	4071	1	1.0
3777	4085	1	1.0
3777	4159	1	1.0
3777	4397	1	1.0
3777	4628	1	1.0
3777	4640	1	1.0
3777	4897	1	1.0
3777	4898	1	1.0
3777	4901	1	1.0
3777	4914	1	1.0
3777	4944	1	1.0
3777	4987	1	1.0
3777	5022	1	1.0
3777	5065	1	1.0
3777	5126	1	1.0
3777	5166	1	1.0
3777	5284	1	1.0
3781	3892	1	1.0
3783	3820	1	1.0
3783	3872	1	1.0
3787	3849	1	1.0
3787	3907	1	1.0
3787	4434	1	1.0
3787	4444	1	1.0
3787	4774	1	1.0
3787	4793	1	1.0
3787	4839	1	1.0
3789	3882	1	1.0
3789	3910	1	1.0
3789	3994	1	1.0
3789	4023	1	1.0
3789	4071	1	1.0
3789	4236	1	1.0
3789	4258	1	1.0
3789	4265	1	1.0
3789	4272	1	1.0
3789	4275	1	1.0
3789	4300	1	1.0
3789	4328	1	1.0
3789	4368	1	1.0
3789	3879	0	1.0
3790	5412	1	1.0
3793	3800	1	1.0
3793	3871	1	1.0
3793	3891	1	1.0
3793	3961	1	1.0
3793	4000	1	1.0
3793	4007	1	1.0
3793	4013	1	1.0
3793	4019	1	1.0
3793	4089	1	1.0
3793	4097	1	1.0
3793	4101	1	1.0
3793	4131	1	1.0
3793	4162	1	1.0
3793	4169	1	1.0
3793	4201	1	1.0
3793	4210	1	1.0
3793	4215	1	1.0
3793	4236	1	1.0
3793	4248	1	1.0
3793	4258	1	1.0
3793	4294	1	1.0
3793	4295	1	1.0
3793	4300	1	1.0
3793	4305	1	1.0
3793	4316	1	1.0
3793	4317	1	1.0
3793	4332	1	1.0
3793	4378	1	1.0
3793	4393	1	1.0
3793	4427	1	1.0
3793	4439	1	1.0
3793	4455	1	1.0
3793	4458	1	1.0
3793	4476	1	1.0
3793	4503	1	1.0
3793	4506	1	1.0
3793	4564	1	1.0
3793	4565	1	1.0
3793	4570	1	1.0
3793	4585	1	1.0
3793	4620	1	1.0
3793	4638	1	1.0
3793	4743	1	1.0
3793	4774	1	1.0
3793	4780	1	1.0
3793	4785	1	1.0
3793	4844	1	1.0
3793	4918	1	1.0
3793	5031	1	1.0
3793	5131	1	1.0
3793	5156	1	1.0
3793	5181	1	1.0
3793	5195	1	1.0
3793	5207	1	1.0
3793	5263	1	1.0
3793	5309	1	1.0
3793	5351	1	1.0
3793	5458	1	1.0
3793	5466	1	1.0
3793	5504	1	1.0
3793	4405	0	1.0
3793	4517	0	1.0
3793	4526	0	1.0
3793	4533	0	1.0
3793	4538	0	1.0
3793	4539	0	1.0
3793	4540	0	1.0
3793	4542	0	1.0
3793	4544	0	1.0
3793	4545	0	1.0
3793	4547	0	1.0
3793	4548	0	1.0
3793	4550	0	1.0
3793	4551	0	1.0
3793	4552	0	1.0
3793	4553	0	1.0
3793	4554	0	1.0
3793	4555	0	1.0
3793	4556	0	1.0
3793	4558	0	1.0
3793	4560	0	1.0
3793	4572	0	1.0
3793	4578	0	1.0
3793	4590	0	1.0
3793	4599	0	1.0
3793	4600	0	1.0
3793	4606	0	1.0
3793	4769	0	1.0
3794	4072	1	1.0
3794	4381	1	1.0
3795	3796	1	1.0
3798	4071	1	1.0
3798	4611	1	1.0
3798	4640	1	1.0
3799	3800	1	1.0
3800	3801	1	1.0
3800	3812	1	1.0
3800	3891	1	1.0
3800	4071	1	1.0
3800	4163	1	1.0
3800	4183	1	1.0
3800	4240	1	1.0
3800	4513	1	1.0
3800	4521	1	1.0
3800	4565	1	1.0
3800	4569	1	1.0
3800	4621	1	1.0
3800	4696	1	1.0
3800	4784	1	1.0
3800	5258	1	1.0
3800	5504	1	1.0
3800	5523	1	1.0
3801	3849	1	1.0
3801	4039	1	1.0
3801	4068	1	1.0
3801	4071	1	1.0
3801	4089	1	1.0
3801	4119	1	1.0
3801	4733	1	1.0
3801	5078	1	1.0
3801	5121	1	1.0
3801	5131	1	1.0
3801	3844	0	1.0
3806	3891	1	1.0
3806	4521	1	1.0
3806	4733	1	1.0
3806	5374	0	1.0
3807	3808	1	1.0
3811	4025	1	1.0
3812	3922	1	1.0
3812	3995	1	1.0
3812	4019	1	1.0
3812	4020	1	1.0
3812	4048	1	1.0
3812	4052	1	1.0
3812	4065	1	1.0
3812	4066	1	1.0
3812	4071	1	1.0
3812	4078	1	1.0
3812	4101	1	1.0
3812	4107	1	1.0
3812	4108	1	1.0
3812	4112	1	1.0
3812	4143	1	1.0
3812	4145	1	1.0
3812	4146	1	1.0
3812	4150	1	1.0
3812	4154	1	1.0
3812	4204	1	1.0
3812	4217	1	1.0
3812	4240	1	1.0
3812	4242	1	1.0
3812	4248	1	1.0
3812	4251	1	1.0
3812	4258	1	1.0
3812	4269	1	1.0
3812	4297	1	1.0
3812	4299	1	1.0
3812	4393	1	1.0
3812	4454	1	1.0
3812	4506	1	1.0
3812	4512	1	1.0
3812	5638	1	1.0
3812	4229	0	1.0
3812	4280	0	1.0
3812	4281	0	1.0
3813	3880	1	1.0
3814	3876	1	1.0
3814	3886	1	1.0
3815	3891	1	1.0
3815	4169	1	1.0
3815	5358	1	1.0
3815	5667	1	1.0
3815	5115	0	1.0
3815	5432	0	1.0
3815	5499	0	1.0
3815	5503	0	1.0
3815	5595	0	1.0
3815	5611	0	1.0
3815	5612	0	1.0
3815	5613	0	1.0
3815	5614	0	1.0
3815	5654	0	1.0
3815	5788	0	1.0
3817	3899	1	1.0
3818	4048	1	1.0
3818	4089	1	1.0
3818	4118	1	1.0
3818	4333	1	1.0
3819	4565	1	1.0
3821	4016	1	1.0
3822	3861	1	1.0
3822	3904	1	1.0
3838	5266	1	1.0
3838	5310	1	1.0
3838	5313	1	1.0
3843	3853	1	1.0
3843	3932	1	1.0
3847	3985	1	1.0
3847	4408	1	1.0
3849	3903	1	1.0
3849	3961	1	1.0
3849	4023	1	1.0
3849	4089	1	1.0
3849	4097	1	1.0
3849	4134	1	1.0
3849	4157	1	1.0
3849	4291	1	1.0
3849	4296	1	1.0
3849	4298	1	1.0
3849	4435	1	1.0
3849	4440	1	1.0
3849	4321	0	1.0
3853	3872	1	1.0
3853	3875	1	1.0
3853	3995	1	1.0
3853	4089	1	1.0
3853	3879	0	1.0
3854	3855	1	1.0
3854	4071	1	1.0
3854	4163	1	1.0
3855	3856	1	1.0
3855	3876	1	1.0
3855	3891	1	1.0
3855	4086	1	1.0
3855	5359	1	1.0
3859	3900	1	1.0
3859	3978	1	1.0
3859	4004	1	1.0
3859	4071	1	1.0
3859	4143	1	1.0
3859	4399	1	1.0
3859	5535	1	1.0
3861	4029	1	1.0
3861	4434	1	1.0
3862	3887	1	1.0
3862	3889	1	1.0
3862	3891	1	1.0
3870	3899	1	1.0
3873	3891	1	1.0
3873	4949	1	1.0
3873	5172	1	1.0
3876	3909	1	1.0
3876	4071	1	1.0
3876	4078	1	1.0
3876	4089	1	1.0
3876	4434	1	1.0
3876	4506	1	1.0
3876	4774	1	1.0
3876	4842	1	1.0
3876	4918	1	1.0
3876	5719	1	1.0
3877	3880	1	1.0
3879	3880	1	1.0
3888	3906	1	1.0
3891	3905	1	1.0
3891	3972	1	1.0
3891	3995	1	1.0
3891	4007	1	1.0
3891	4013	1	1.0
3891	4017	1	1.0
3891	4018	1	1.0
3891	4023	1	1.0
3891	4032	1	1.0
3891	4036	1	1.0
3891	4052	1	1.0
3891	4071	1	1.0
3891	4080	1	1.0
3891	4086	1	1.0
3891	4122	1	1.0
3891	4144	1	1.0
3891	4169	1	1.0
3891	4183	1	1.0
3891	4240	1	1.0
3891	4258	1	1.0
3891	4316	1	1.0
3891	4378	1	1.0
3891	4393	1	1.0
3891	4427	1	1.0
3891	4434	1	1.0
3891	4439	1	1.0
3891	4494	1	1.0
3891	4521	1	1.0
3891	4565	1	1.0
3891	4589	1	1.0
3891	4693	1	1.0
3891	4750	1	1.0
3891	4773	1	1.0
3891	4783	1	1.0
3891	4823	1	1.0
3891	5055	1	1.0
3891	5078	1	1.0
3891	5115	1	1.0
3891	5129	1	1.0
3891	5131	1	1.0
3891	5141	1	1.0
3891	5151	1	1.0
3891	5153	1	1.0
3891	5156	1	1.0
3891	5176	1	1.0
3891	5181	1	1.0
3891	5199	1	1.0
3891	5210	1	1.0
3891	5211	1	1.0
3891	5221	1	1.0
3891	5245	1	1.0
3891	5251	1	1.0
3891	5258	1	1.0
3891	5283	1	1.0
3891	5296	1	1.0
3891	5298	1	1.0
3891	5301	1	1.0
3891	5311	1	1.0
3891	5325	1	1.0
3891	5333	1	1.0
3891	5338	1	1.0
3891	5347	1	1.0
3891	5358	1	1.0
3891	5360	1	1.0
3891	5361	1	1.0
3891	5365	1	1.0
3891	5367	1	1.0
3891	5379	1	1.0
3891	5411	1	1.0
3891	5444	1	1.0
3891	5504	1	1.0
3891	5521	1	1.0
3891	5525	1	1.0
3891	5563	1	1.0
3891	5566	1	1.0
3891	5582	1	1.0
3891	5590	1	1.0
3891	5594	1	1.0
3891	5655	1	1.0
3891	5662	1	1.0
3891	5706	1	1.0
3891	5707	1	1.0
3891	5739	1	1.0
3891	3967	0	1.0
3891	4019	0	1.0
3891	4065	0	1.0
3891	4158	0	1.0
3891	4398	0	1.0
3891	4716	0	1.0
3891	5201	0	1.0
3891	5212	0	1.0
3891	5246	0	1.0
3891	5284	0	1.0
3891	5342	0	1.0
3891	5363	0	1.0
3891	5364	0	1.0
3891	5373	0	1.0
3891	5523	0	1.0
3891	5527	0	1.0
3891	5528	0	1.0
3891	5529	0	1.0
3891	5602	0	1.0
3891	5609	0	1.0
3891	5610	0	1.0
3891	5611	0	1.0
3891	5612	0	1.0
3891	5613	0	1.0
3891	5614	0	1.0
3891	5624	0	1.0
3891	5656	0	1.0
3897	3918	1	1.0
3897	3970	1	1.0
3899	3900	1	1.0
3899	3911	1	1.0
3899	3914	1	1.0
3899	3915	1	1.0
3899	3916	1	1.0
3899	4059	1	1.0
3900	3914	1	1.0
3906	3917	1	1.0
3907	4119	1	1.0
3908	4019	1	1.0
3910	4092	1	1.0
3910	4097	1	1.0
3910	4117	1	1.0
3910	4237	1	1.0
3910	4248	1	1.0
3910	4317	1	1.0
3910	4368	1	1.0
3910	4402	1	1.0
3910	4435	1	1.0
3910	4453	1	1.0
3910	4466	1	1.0
3910	4470	1	1.0
3910	4531	1	1.0
3910	4565	1	1.0
3910	4610	1	1.0
3910	3961	0	1.0
3913	3914	1	1.0
3913	3924	1	1.0
3913	5184	0	1.0
3914	4028	1	1.0
3914	4248	1	1.0
3914	4265	1	1.0
3926	4071	1	1.0
3934	3958	0	1.0
3951	3983	1	1.0
3951	3984	1	1.0
3952	3965	1	1.0
3952	3966	1	1.0
3954	5120	0	1.0
3955	3980	0	1.0
3961	4067	1	1.0
3961	4089	1	1.0
3961	4342	1	1.0
3961	4366	1	1.0
3961	4441	1	1.0
3961	4248	0	1.0
3961	4283	0	1.0
3964	4041	1	1.0
3967	3987	1	1.0
3967	4028	0	1.0
3967	4071	0	1.0
3977	4114	1	1.0
3977	4116	1	1.0
3977	4119	1	1.0
3978	4028	1	1.0
3978	4060	1	1.0
3981	4077	1	1.0
3985	4049	1	1.0
3985	4056	1	1.0
3986	4028	1	1.0
3986	4049	1	1.0
3986	4143	1	1.0
3986	4174	1	1.0
3986	4206	1	1.0
3995	3996	1	1.0
3995	4089	1	1.0
3995	4169	1	1.0
3995	4506	1	1.0
3995	4521	1	1.0
3995	4988	1	1.0
3995	4989	1	1.0
3995	4991	1	1.0
3996	4132	1	1.0
3996	4763	1	1.0
3999	4089	1	1.0
4000	4048	1	1.0
4000	4162	1	1.0
4000	4290	1	1.0
4000	4316	1	1.0
4000	4827	1	1.0
4000	4990	1	1.0
4000	5039	1	1.0
4001	4002	1	1.0
4001	4010	1	1.0
4001	4056	1	1.0
4001	4277	1	1.0
4001	4343	1	1.0
4001	4344	1	1.0
4001	4345	1	1.0
4001	4346	1	1.0
4001	4347	1	1.0
4001	4348	1	1.0
4001	4349	1	1.0
4001	4350	1	1.0
4001	4351	1	1.0
4001	4352	1	1.0
4001	4353	1	1.0
4001	4354	1	1.0
4001	4355	1	1.0
4001	4361	1	1.0
4001	4384	1	1.0
4001	4385	1	1.0
4001	4413	1	1.0
4001	4622	1	1.0
4001	4926	1	1.0
4004	4010	1	1.0
4004	4028	1	1.0
4004	4040	1	1.0
4004	4071	1	1.0
4004	4938	0	1.0
4007	4062	1	1.0
4007	4071	1	1.0
4007	4089	1	1.0
4007	4494	1	1.0
4008	4042	1	1.0
4013	4071	1	1.0
4013	4213	1	1.0
4013	4378	1	1.0
4013	4749	1	1.0
4017	4162	1	1.0
4017	4063	0	1.0
4018	4143	1	1.0
4018	4506	1	1.0
4019	4089	1	1.0
4019	4169	1	1.0
4019	4565	1	1.0
4022	4071	1	1.0
4023	4071	1	1.0
4023	4158	1	1.0
4028	4035	1	1.0
4028	4043	1	1.0
4028	4048	1	1.0
4028	4054	1	1.0
4028	4070	1	1.0
4028	4071	1	1.0
4028	4085	1	1.0
4028	4142	1	1.0
4028	4155	1	1.0
4028	4158	1	1.0
4028	4164	1	1.0
4028	4174	1	1.0
4028	4180	1	1.0
4028	4186	1	1.0
4028	4197	1	1.0
4028	4287	1	1.0
4028	4292	1	1.0
4028	4319	1	1.0
4028	4392	1	1.0
4028	4408	1	1.0
4028	4414	1	1.0
4028	4443	1	1.0
4028	4501	1	1.0
4028	4561	1	1.0
4028	4573	1	1.0
4028	4611	1	1.0
4028	4628	1	1.0
4028	4640	1	1.0
4028	4697	1	1.0
4028	4823	1	1.0
4028	4517	0	1.0
4035	4640	1	1.0
4046	4071	1	1.0
4048	4061	1	1.0
4048	4062	1	1.0
4048	4091	1	1.0
4048	4111	1	1.0
4048	4175	1	1.0
4048	4335	1	1.0
4048	4494	1	1.0
4048	4807	1	1.0
4048	4131	0	1.0
4048	5502	0	1.0
4052	4087	1	1.0
4056	4057	1	1.0
4056	4060	1	1.0
4056	4143	1	1.0
4056	4164	1	1.0
4057	4640	1	1.0
4059	4060	1	1.0
4060	4070	1	1.0
4060	4085	1	1.0
4060	4206	1	1.0
4062	4078	1	1.0
4065	4078	1	1.0
4070	4071	1	1.0
4070	4206	1	1.0
4070	4392	1	1.0
4071	4072	1	1.0
4071	4081	1	1.0
4071	4083	1	1.0
4071	4085	1	1.0
4071	4089	1	1.0
4071	4090	1	1.0
4071	4098	1	1.0
4071	4117	1	1.0
4071	4121	1	1.0
4071	4140	1	1.0
4071	4142	1	1.0
4071	4143	1	1.0
4071	4148	1	1.0
4071	4155	1	1.0
4071	4159	1	1.0
4071	4162	1	1.0
4071	4166	1	1.0
4071	4169	1	1.0
4071	4180	1	1.0
4071	4182	1	1.0
4071	4183	1	1.0
4071	4204	1	1.0
4071	4213	1	1.0
4071	4215	1	1.0
4071	4218	1	1.0
4071	4225	1	1.0
4071	4233	1	1.0
4071	4236	1	1.0
4071	4237	1	1.0
4071	4240	1	1.0
4071	4248	1	1.0
4071	4266	1	1.0
4071	4272	1	1.0
4071	4283	1	1.0
4071	4287	1	1.0
4071	4296	1	1.0
4071	4303	1	1.0
4071	4308	1	1.0
4071	4316	1	1.0
4071	4317	1	1.0
4071	4325	1	1.0
4071	4334	1	1.0
4071	4335	1	1.0
4071	4342	1	1.0
4071	4372	1	1.0
4071	4378	1	1.0
4071	4393	1	1.0
4071	4403	1	1.0
4071	4408	1	1.0
4071	4427	1	1.0
4071	4430	1	1.0
4071	4439	1	1.0
4071	4441	1	1.0
4071	4444	1	1.0
4071	4455	1	1.0
4071	4493	1	1.0
4071	4494	1	1.0
4071	4521	1	1.0
4071	4522	1	1.0
4071	4628	1	1.0
4071	4630	1	1.0
4071	4640	1	1.0
4071	4692	1	1.0
4071	4693	1	1.0
4071	4744	1	1.0
4071	4753	1	1.0
4071	4772	1	1.0
4071	4785	1	1.0
4071	4818	1	1.0
4071	4839	1	1.0
4071	4879	1	1.0
4071	4892	1	1.0
4071	4897	1	1.0
4071	4939	1	1.0
4071	4944	1	1.0
4071	5021	1	1.0
4071	5044	1	1.0
4071	5109	1	1.0
4071	5111	1	1.0
4071	5115	1	1.0
4071	5126	1	1.0
4071	5151	1	1.0
4071	5170	1	1.0
4071	5180	1	1.0
4071	5252	1	1.0
4071	5305	1	1.0
4071	5484	1	1.0
4071	5504	1	1.0
4071	5520	1	1.0
4071	5704	1	1.0
4071	5714	1	1.0
4071	5727	1	1.0
4071	4131	0	1.0
4071	4158	0	1.0
4071	4195	0	1.0
4071	4212	0	1.0
4071	4229	0	1.0
4071	4256	0	1.0
4071	4321	0	1.0
4071	4328	0	1.0
4071	4398	0	1.0
4071	4429	0	1.0
4071	4462	0	1.0
4071	4463	0	1.0
4071	4580	0	1.0
4071	4625	0	1.0
4071	4716	0	1.0
4071	4735	0	1.0
4071	4769	0	1.0
4071	4790	0	1.0
4071	4836	0	1.0
4071	4886	0	1.0
4071	4889	0	1.0
4071	4895	0	1.0
4071	4963	0	1.0
4071	5016	0	1.0
4071	5031	0	1.0
4071	5088	0	1.0
4071	5095	0	1.0
4071	5099	0	1.0
4071	5100	0	1.0
4071	5101	0	1.0
4071	5103	0	1.0
4071	5104	0	1.0
4071	5105	0	1.0
4071	5106	0	1.0
4071	5120	0	1.0
4071	5128	0	1.0
4071	5131	0	1.0
4071	5156	0	1.0
4071	5205	0	1.0
4071	5243	0	1.0
4071	5244	0	1.0
4071	5284	0	1.0
4071	5299	0	1.0
4071	5342	0	1.0
4071	5348	0	1.0
4071	5350	0	1.0
4071	5376	0	1.0
4071	5383	0	1.0
4071	5488	0	1.0
4071	5491	0	1.0
4071	5499	0	1.0
4071	5523	0	1.0
4071	5602	0	1.0
4071	5610	0	1.0
4071	5611	0	1.0
4071	5612	0	1.0
4071	5613	0	1.0
4071	5614	0	1.0
4071	5616	0	1.0
4071	5617	0	1.0
4071	5622	0	1.0
4072	4077	1	1.0
4076	4287	1	1.0
4077	4378	1	1.0
4078	4087	1	1.0
4078	4089	1	1.0
4078	4342	1	1.0
4084	4517	0	1.0
4085	4220	1	1.0
4085	4384	1	1.0
4085	4573	1	1.0
4085	4775	1	1.0
4085	5261	1	1.0
4085	4131	0	1.0
4086	5141	1	1.0
4086	5359	1	1.0
4086	5410	1	1.0
4086	5424	1	1.0
4086	5695	1	1.0
4086	5773	1	1.0
4086	5810	1	1.0
4086	5816	1	1.0
4086	5817	1	1.0
4086	5823	1	1.0
4086	5824	1	1.0
4086	5825	1	1.0
4086	5827	1	1.0
4086	5829	1	1.0
4086	5830	1	1.0
4086	5833	1	1.0
4086	5869	1	1.0
4086	5537	0	1.0
4089	4097	1	1.0
4089	4108	1	1.0
4089	4112	1	1.0
4089	4114	1	1.0
4089	4117	1	1.0
4089	4139	1	1.0
4089	4149	1	1.0
4089	4152	1	1.0
4089	4162	1	1.0
4089	4166	1	1.0
4089	4169	1	1.0
4089	4183	1	1.0
4089	4187	1	1.0
4089	4192	1	1.0
4089	4201	1	1.0
4089	4204	1	1.0
4089	4210	1	1.0
4089	4214	1	1.0
4089	4237	1	1.0
4089	4240	1	1.0
4089	4248	1	1.0
4089	4252	1	1.0
4089	4295	1	1.0
4089	4296	1	1.0
4089	4308	1	1.0
4089	4309	1	1.0
4089	4315	1	1.0
4089	4316	1	1.0
4089	4329	1	1.0
4089	4340	1	1.0
4089	4366	1	1.0
4089	4378	1	1.0
4089	4393	1	1.0
4089	4405	1	1.0
4089	4407	1	1.0
4089	4417	1	1.0
4089	4427	1	1.0
4089	4432	1	1.0
4089	4439	1	1.0
4089	4440	1	1.0
4089	4442	1	1.0
4089	4463	1	1.0
4089	4474	1	1.0
4089	4481	1	1.0
4089	4484	1	1.0
4089	4487	1	1.0
4089	4494	1	1.0
4089	4500	1	1.0
4089	4506	1	1.0
4089	4519	1	1.0
4089	4521	1	1.0
4089	4574	1	1.0
4089	4580	1	1.0
4089	4620	1	1.0
4089	4702	1	1.0
4089	4703	1	1.0
4089	4709	1	1.0
4089	4710	1	1.0
4089	4717	1	1.0
4089	4733	1	1.0
4089	4740	1	1.0
4089	4754	1	1.0
4089	4773	1	1.0
4089	4774	1	1.0
4089	4784	1	1.0
4089	4788	1	1.0
4089	4790	1	1.0
4089	4798	1	1.0
4089	4809	1	1.0
4089	4823	1	1.0
4089	4827	1	1.0
4089	4839	1	1.0
4089	4863	1	1.0
4089	4871	1	1.0
4089	4918	1	1.0
4089	4932	1	1.0
4089	4955	1	1.0
4089	5016	1	1.0
4089	5056	1	1.0
4089	5129	1	1.0
4089	5131	1	1.0
4089	5197	1	1.0
4089	5207	1	1.0
4089	5258	1	1.0
4089	5344	1	1.0
4089	5374	1	1.0
4089	5381	1	1.0
4089	5384	1	1.0
4089	5397	1	1.0
4089	5401	1	1.0
4089	5411	1	1.0
4089	5439	1	1.0
4089	5488	1	1.0
4089	5500	1	1.0
4089	5505	1	1.0
4089	5542	1	1.0
4089	5574	1	1.0
4089	5704	1	1.0
4089	5791	1	1.0
4089	4229	0	1.0
4089	4314	0	1.0
4089	4441	0	1.0
4090	4393	1	1.0
4090	4496	1	1.0
4090	4506	1	1.0
4090	4565	1	1.0
4090	5309	1	1.0
4090	5511	1	1.0
4092	4112	1	1.0
4092	4117	1	1.0
4093	4117	1	1.0
4094	4565	1	1.0
4094	4827	1	1.0
4097	4119	1	1.0
4097	4120	1	1.0
4097	4130	1	1.0
4097	4156	1	1.0
4097	4342	1	1.0
4097	4375	1	1.0
4097	5353	0	1.0
4101	4115	1	1.0
4101	4132	1	1.0
4101	4316	1	1.0
4101	4342	1	1.0
4101	4439	1	1.0
4101	4565	1	1.0
4101	4158	0	1.0
4106	4119	1	1.0
4106	4202	1	1.0
4109	4110	1	1.0
4111	4761	1	1.0
4111	4434	0	1.0
4112	4117	1	1.0
4112	4181	1	1.0
4114	4283	1	1.0
4117	4127	0	1.0
4117	4955	0	1.0
4119	4121	1	1.0
4119	4155	1	1.0
4121	4209	1	1.0
4121	4226	1	1.0
4121	4235	1	1.0
4121	5087	1	1.0
4121	4462	0	1.0
4127	4137	1	1.0
4127	4283	1	1.0
4127	5334	1	1.0
4127	4955	0	1.0
4127	5267	0	1.0
4131	4283	1	1.0
4131	5374	1	1.0
4131	4133	0	1.0
4131	4928	0	1.0
4132	4169	1	1.0
4132	4888	1	1.0
4133	4195	1	1.0
4143	4144	1	1.0
4143	4167	1	1.0
4143	4168	1	1.0
4143	4183	1	1.0
4143	4239	1	1.0
4143	4247	1	1.0
4143	4276	1	1.0
4143	4622	1	1.0
4143	4640	1	1.0
4143	5853	1	1.0
4144	4932	1	1.0
4144	4389	0	1.0
4144	4469	0	1.0
4146	4196	0	1.0
4150	4169	1	1.0
4150	4442	1	1.0
4152	4169	1	1.0
4152	4283	1	1.0
4152	4441	1	1.0
4152	4494	1	1.0
4153	4316	1	1.0
4154	4316	1	1.0
4155	4156	1	1.0
4155	4444	1	1.0
4156	4559	0	1.0
4157	4158	1	1.0
4158	4283	1	1.0
4158	5411	0	1.0
4161	4162	1	1.0
4161	4166	1	1.0
4162	4262	1	1.0
4162	4296	1	1.0
4162	4301	1	1.0
4162	4387	1	1.0
4162	4412	1	1.0
4162	4496	1	1.0
4162	4506	1	1.0
4162	4508	1	1.0
4163	4257	1	1.0
4163	4316	1	1.0
4163	4317	1	1.0
4163	4403	1	1.0
4163	4470	1	1.0
4163	4485	1	1.0
4163	4494	1	1.0
4163	4586	1	1.0
4163	4593	1	1.0
4164	4180	1	1.0
4164	4287	1	1.0
4164	4361	1	1.0
4164	4408	1	1.0
4164	4622	1	1.0
4164	4810	1	1.0
4167	4206	1	1.0
4167	4408	1	1.0
4167	4716	1	1.0
4169	4183	1	1.0
4169	4240	1	1.0
4169	4242	1	1.0
4169	4248	1	1.0
4169	4266	1	1.0
4169	4316	1	1.0
4169	4328	1	1.0
4169	4332	1	1.0
4169	4363	1	1.0
4169	4369	1	1.0
4169	4378	1	1.0
4169	4393	1	1.0
4169	4395	1	1.0
4169	4406	1	1.0
4169	4427	1	1.0
4169	4434	1	1.0
4169	4439	1	1.0
4169	4458	1	1.0
4169	4462	1	1.0
4169	4465	1	1.0
4169	4485	1	1.0
4169	4494	1	1.0
4169	4506	1	1.0
4169	4508	1	1.0
4169	4521	1	1.0
4169	4564	1	1.0
4169	4565	1	1.0
4169	4581	1	1.0
4169	4634	1	1.0
4169	4706	1	1.0
4169	4730	1	1.0
4169	4740	1	1.0
4169	4749	1	1.0
4169	4754	1	1.0
4169	4773	1	1.0
4169	4790	1	1.0
4169	4793	1	1.0
4169	4798	1	1.0
4169	4809	1	1.0
4169	4823	1	1.0
4169	4843	1	1.0
4169	4846	1	1.0
4169	4928	1	1.0
4169	5043	1	1.0
4169	5062	1	1.0
4169	5129	1	1.0
4169	5198	1	1.0
4169	5258	1	1.0
4169	5259	1	1.0
4169	5263	1	1.0
4169	5268	1	1.0
4169	5309	1	1.0
4169	5310	1	1.0
4169	5313	1	1.0
4169	5343	1	1.0
4169	5351	1	1.0
4169	5371	1	1.0
4169	5374	1	1.0
4169	5383	1	1.0
4169	5423	1	1.0
4169	5444	1	1.0
4169	5465	1	1.0
4169	5484	1	1.0
4169	5490	1	1.0
4169	5493	1	1.0
4169	5504	1	1.0
4169	5567	1	1.0
4169	5575	1	1.0
4169	5595	1	1.0
4169	5702	1	1.0
4169	5707	1	1.0
4169	5724	1	1.0
4169	5779	1	1.0
4169	5796	1	1.0
4169	5845	1	1.0
4169	5863	1	1.0
4169	4580	0	1.0
4169	4979	0	1.0
4169	5003	0	1.0
4173	4201	1	1.0
4173	4317	1	1.0
4173	4520	1	1.0
4173	4565	1	1.0
4179	4262	1	1.0
4180	4212	1	1.0
4180	4287	1	1.0
4180	4345	1	1.0
4180	4361	1	1.0
4180	4382	1	1.0
4180	4385	1	1.0
4180	4399	1	1.0
4180	4408	1	1.0
4180	4413	1	1.0
4180	4414	1	1.0
4180	4415	1	1.0
4180	4704	1	1.0
4180	4753	1	1.0
4180	4835	1	1.0
4180	4836	1	1.0
4180	4837	1	1.0
4180	4838	1	1.0
4180	4840	1	1.0
4183	4232	1	1.0
4183	4316	1	1.0
4183	4328	1	1.0
4183	4420	1	1.0
4183	4434	1	1.0
4183	4740	1	1.0
4183	5141	1	1.0
4183	5423	1	1.0
4183	5497	1	1.0
4183	5595	1	1.0
4183	5374	0	1.0
4191	4196	1	1.0
4191	4357	1	1.0
4195	4237	1	1.0
4195	4283	1	1.0
4195	4316	1	1.0
4195	4444	1	1.0
4195	4462	1	1.0
4195	4492	1	1.0
4195	4546	1	1.0
4195	4557	1	1.0
4195	4564	1	1.0
4195	4565	1	1.0
4195	4693	1	1.0
4195	4517	0	1.0
4195	4559	0	1.0
4196	4216	1	1.0
4196	4270	1	1.0
4196	4279	1	1.0
4196	4286	1	1.0
4196	4338	1	1.0
4196	4339	1	1.0
4196	4491	1	1.0
4196	4645	1	1.0
4196	4692	1	1.0
4196	4694	1	1.0
4196	4877	1	1.0
4196	4977	1	1.0
4196	5025	1	1.0
4196	5121	1	1.0
4196	5158	1	1.0
4196	5183	1	1.0
4196	5193	1	1.0
4196	5449	1	1.0
4196	5599	1	1.0
4201	4237	1	1.0
4201	4506	1	1.0
4201	4612	1	1.0
4201	4634	1	1.0
4201	4774	1	1.0
4201	4785	1	1.0
4201	4790	1	1.0
4201	4798	1	1.0
4201	5207	1	1.0
4201	5344	1	1.0
4201	5704	1	1.0
4206	4259	1	1.0
4207	4208	0	1.0
4207	4405	0	1.0
4207	4526	0	1.0
4207	4533	0	1.0
4207	4538	0	1.0
4207	4539	0	1.0
4207	4540	0	1.0
4207	4542	0	1.0
4207	4544	0	1.0
4207	4545	0	1.0
4207	4547	0	1.0
4207	4548	0	1.0
4207	4549	0	1.0
4207	4550	0	1.0
4207	4551	0	1.0
4207	4552	0	1.0
4207	4553	0	1.0
4207	4554	0	1.0
4207	4555	0	1.0
4212	4276	1	1.0
4213	4559	1	1.0
4213	4584	1	1.0
4213	4585	1	1.0
4215	4237	1	1.0
4215	4434	1	1.0
4217	4389	1	1.0
4217	4506	1	1.0
4218	4236	1	1.0
4218	4281	1	1.0
4226	4235	1	1.0
4230	4316	1	1.0
4232	4506	1	1.0
4232	4565	1	1.0
4232	4882	1	1.0
4233	4271	1	1.0
4236	4316	1	1.0
4236	4434	1	1.0
4236	4444	1	1.0
4236	4506	1	1.0
4236	4790	1	1.0
4237	4506	1	1.0
4240	4316	1	1.0
4240	4393	1	1.0
4240	4434	1	1.0
4240	4462	1	1.0
4240	4494	1	1.0
4240	4506	1	1.0
4240	4509	1	1.0
4240	4521	1	1.0
4240	4565	1	1.0
4240	4581	1	1.0
4240	4692	1	1.0
4240	4733	1	1.0
4240	4773	1	1.0
4240	4774	1	1.0
4240	4928	1	1.0
4240	5005	1	1.0
4240	5028	1	1.0
4240	5156	1	1.0
4240	5309	1	1.0
4240	5411	1	1.0
4240	5439	1	1.0
4240	5484	1	1.0
4240	5541	0	1.0
4241	4282	1	1.0
4242	4256	1	1.0
4242	4342	1	1.0
4242	4401	1	1.0
4242	4404	1	1.0
4242	4441	1	1.0
4242	4448	1	1.0
4242	4587	1	1.0
4248	4316	1	1.0
4248	4403	1	1.0
4252	4260	1	1.0
4256	4316	1	1.0
4256	4494	1	1.0
4256	4565	1	1.0
4256	4567	1	1.0
4257	4275	1	1.0
4257	4368	1	1.0
4258	4283	1	1.0
4258	4521	1	1.0
4258	5523	1	1.0
4261	4743	1	1.0
4262	4434	1	1.0
4262	4823	1	1.0
4262	4824	1	1.0
4262	4827	1	1.0
4262	4952	1	1.0
4262	5004	1	1.0
4262	5057	1	1.0
4262	5255	1	1.0
4262	5341	1	1.0
4262	5410	1	1.0
4262	5411	1	1.0
4262	5455	1	1.0
4262	5487	1	1.0
4262	5492	1	1.0
4262	5513	1	1.0
4262	5517	1	1.0
4262	5518	1	1.0
4262	5561	1	1.0
4262	5707	1	1.0
4262	5266	0	1.0
4262	5389	0	1.0
4266	4317	1	1.0
4266	4739	1	1.0
4266	4918	1	1.0
4273	4274	1	1.0
4275	4743	1	1.0
4276	4277	1	1.0
4276	5143	1	1.0
4281	4283	1	1.0
4282	4289	1	1.0
4282	4297	1	1.0
4283	4301	1	1.0
4283	4303	1	1.0
4283	4317	1	1.0
4283	4318	1	1.0
4283	4328	1	1.0
4283	4342	1	1.0
4283	4364	1	1.0
4283	4366	1	1.0
4283	4372	1	1.0
4283	4373	1	1.0
4283	4374	1	1.0
4283	4427	1	1.0
4283	4444	1	1.0
4283	4455	1	1.0
4283	4458	1	1.0
4283	4459	1	1.0
4283	4462	1	1.0
4283	4465	1	1.0
4283	4466	1	1.0
4283	4467	1	1.0
4283	4470	1	1.0
4283	4481	1	1.0
4283	4486	1	1.0
4283	4492	1	1.0
4283	4495	1	1.0
4283	4514	1	1.0
4283	4521	1	1.0
4283	4380	0	1.0
4283	4475	0	1.0
4287	4397	1	1.0
4287	4716	1	1.0
4287	4864	1	1.0
4287	4899	1	1.0
4289	4369	0	1.0
4291	4434	1	1.0
4292	4582	1	1.0
4292	4611	1	1.0
4294	4480	1	1.0
4296	4316	1	1.0
4296	4391	1	1.0
4296	4521	1	1.0
4296	4565	1	1.0
4296	4745	1	1.0
4297	4565	1	1.0
4298	4316	1	1.0
4298	4369	0	1.0
4301	4317	1	1.0
4301	4366	1	1.0
4301	4506	1	1.0
4301	4581	1	1.0
4301	5141	1	1.0
4301	4494	0	1.0
4303	4368	1	1.0
4305	4533	0	1.0
4305	4540	0	1.0
4305	4544	0	1.0
4305	4545	0	1.0
4308	4316	1	1.0
4309	4310	1	1.0
4309	4334	0	1.0
4315	4316	1	1.0
4316	4342	1	1.0
4316	4356	1	1.0
4316	4370	1	1.0
4316	4406	1	1.0
4316	4417	1	1.0
4316	4452	1	1.0
4316	4468	1	1.0
4316	4479	1	1.0
4316	4754	1	1.0
4316	4405	0	1.0
4317	4332	1	1.0
4317	4362	1	1.0
4317	4368	1	1.0
4317	4378	1	1.0
4317	4396	1	1.0
4317	4426	1	1.0
4317	4444	1	1.0
4317	4490	1	1.0
4317	4501	1	1.0
4317	4520	1	1.0
4317	4529	1	1.0
4317	4531	1	1.0
4317	4417	0	1.0
4322	4585	0	1.0
4328	4389	1	1.0
4328	4444	1	1.0
4328	4425	0	1.0
4330	4390	1	1.0
4330	4335	0	1.0
4332	4342	1	1.0
4332	4521	1	1.0
4332	4602	1	1.0
4332	4619	1	1.0
4337	4434	1	1.0
4338	4339	1	1.0
4338	4491	1	1.0
4339	4491	1	1.0
4339	4645	1	1.0
4339	4694	0	1.0
4339	4698	0	1.0
4340	4342	1	1.0
4340	4441	1	1.0
4345	4640	1	1.0
4352	4640	1	1.0
4352	4897	1	1.0
4356	4531	0	1.0
4359	4360	1	1.0
4360	4403	1	1.0
4360	4412	1	1.0
4360	4817	1	1.0
4360	4826	1	1.0
4361	4382	1	1.0
4366	4565	1	1.0
4369	4395	1	1.0
4369	4480	1	1.0
4369	4494	1	1.0
4369	4496	1	1.0
4369	4568	1	1.0
4372	4434	1	1.0
4375	4376	1	1.0
4378	4393	1	1.0
4378	4434	1	1.0
4378	4506	1	1.0
4378	4521	1	1.0
4378	4546	1	1.0
4378	4565	1	1.0
4378	4773	1	1.0
4378	4774	1	1.0
4378	4782	1	1.0
4378	4790	1	1.0
4378	4928	1	1.0
4378	5141	1	1.0
4378	5564	1	1.0
4378	5704	1	1.0
4378	5756	1	1.0
4378	5796	1	1.0
4378	5414	0	1.0
4382	4399	1	1.0
4384	4716	1	1.0
4387	4388	1	1.0
4387	4506	1	1.0
4387	4592	1	1.0
4387	4595	1	1.0
4387	4405	0	1.0
4387	4508	0	1.0
4387	4526	0	1.0
4387	4527	0	1.0
4387	4531	0	1.0
4387	4533	0	1.0
4387	4538	0	1.0
4387	4539	0	1.0
4387	4540	0	1.0
4387	4542	0	1.0
4387	4544	0	1.0
4387	4545	0	1.0
4387	4547	0	1.0
4387	4548	0	1.0
4387	4549	0	1.0
4387	4550	0	1.0
4387	4551	0	1.0
4387	4552	0	1.0
4387	4553	0	1.0
4387	4554	0	1.0
4387	4555	0	1.0
4387	4556	0	1.0
4387	4558	0	1.0
4387	4560	0	1.0
4387	4572	0	1.0
4387	4578	0	1.0
4387	4583	0	1.0
4387	4590	0	1.0
4387	4594	0	1.0
4387	4599	0	1.0
4387	4600	0	1.0
4387	4605	0	1.0
4387	4606	0	1.0
4389	4427	1	1.0
4389	4464	1	1.0
4389	4509	1	1.0
4389	4579	1	1.0
4389	4631	1	1.0
4389	4738	1	1.0
4389	4771	1	1.0
4389	5045	1	1.0
4389	5096	1	1.0
4389	5156	1	1.0
4389	5211	1	1.0
4389	5444	1	1.0
4389	5483	1	1.0
4389	5503	1	1.0
4389	5638	1	1.0
4389	4405	0	1.0
4393	4406	1	1.0
4393	4427	1	1.0
4393	4462	1	1.0
4393	4481	1	1.0
4393	4494	1	1.0
4393	4513	1	1.0
4393	4520	1	1.0
4393	4521	1	1.0
4393	4526	1	1.0
4393	4565	1	1.0
4393	4733	1	1.0
4393	4918	1	1.0
4393	5039	1	1.0
4393	5252	1	1.0
4393	5411	1	1.0
4393	5442	1	1.0
4393	5444	1	1.0
4393	5484	1	1.0
4393	5504	1	1.0
4393	5511	1	1.0
4393	5777	1	1.0
4393	4401	0	1.0
4393	4517	0	1.0
4393	5309	0	1.0
4395	5449	1	1.0
4395	5424	0	1.0
4397	4408	1	1.0
4397	4899	1	1.0
4398	4480	1	1.0
4398	4494	1	1.0
4399	4400	1	1.0
4399	4522	1	1.0
4402	4931	0	1.0
4404	4441	1	1.0
4404	4465	1	1.0
4405	4526	1	1.0
4405	4533	1	1.0
4405	4538	1	1.0
4405	4539	1	1.0
4405	4545	1	1.0
4405	4547	1	1.0
4405	4550	1	1.0
4405	4555	1	1.0
4405	4578	1	1.0
4405	4590	1	1.0
4405	4606	1	1.0
4405	4408	0	1.0
4405	4492	0	1.0
4405	4506	0	1.0
4405	4528	0	1.0
4406	4427	1	1.0
4406	4434	1	1.0
4406	4466	1	1.0
4406	4494	1	1.0
4406	4565	1	1.0
4406	5086	1	1.0
4406	5141	1	1.0
4406	5358	1	1.0
4406	5523	1	1.0
4406	5595	1	1.0
4406	5704	1	1.0
4406	5755	1	1.0
4406	5756	1	1.0
4406	5757	1	1.0
4406	5761	1	1.0
4406	5796	1	1.0
4406	5811	1	1.0
4406	5861	1	1.0
4406	4429	0	1.0
4406	4941	0	1.0
4406	5039	0	1.0
4406	5092	0	1.0
4406	5144	0	1.0
4406	5171	0	1.0
4406	5379	0	1.0
4406	5584	0	1.0
4406	5677	0	1.0
4406	5746	0	1.0
4406	5747	0	1.0
4406	5748	0	1.0
4406	5749	0	1.0
4406	5750	0	1.0
4406	5762	0	1.0
4406	5772	0	1.0
4406	5775	0	1.0
4406	5850	0	1.0
4406	5851	0	1.0
4406	5852	0	1.0
4408	4430	1	1.0
4408	4525	1	1.0
4408	4576	1	1.0
4408	4926	1	1.0
4408	4429	0	1.0
4411	4489	1	1.0
4412	4444	1	1.0
4413	4640	1	1.0
4414	4640	1	1.0
4414	4897	1	1.0
4415	4897	1	1.0
4417	4421	1	1.0
4417	4420	0	1.0
4417	4424	0	1.0
4420	4531	0	1.0
4420	4583	0	1.0
4425	4756	1	1.0
4425	4948	1	1.0
4427	4444	1	1.0
4427	4496	1	1.0
4427	4506	1	1.0
4427	4564	1	1.0
4427	4692	1	1.0
4427	4733	1	1.0
4427	4743	1	1.0
4427	4968	1	1.0
4427	5258	1	1.0
4427	5331	1	1.0
4427	5504	1	1.0
4427	5595	1	1.0
4428	4506	1	1.0
4432	4433	1	1.0
4432	4441	0	1.0
4434	4439	1	1.0
4434	4444	1	1.0
4434	4494	1	1.0
4434	4509	1	1.0
4434	4728	1	1.0
4434	4760	1	1.0
4434	4761	1	1.0
4434	4774	1	1.0
4434	4780	1	1.0
4434	4785	1	1.0
4434	4789	1	1.0
4434	4793	1	1.0
4434	4799	1	1.0
4434	4818	1	1.0
4434	4819	1	1.0
4434	4839	1	1.0
4434	4844	1	1.0
4434	4845	1	1.0
4434	4867	1	1.0
4434	4909	1	1.0
4434	4913	1	1.0
4434	4921	1	1.0
4434	4945	1	1.0
4434	5109	1	1.0
4434	5255	1	1.0
4434	5410	1	1.0
4434	5513	1	1.0
4434	4560	0	1.0
4434	4606	0	1.0
4434	4790	0	1.0
4434	4983	0	1.0
4434	5034	0	1.0
4434	5048	0	1.0
4434	5052	0	1.0
4434	5059	0	1.0
4434	5060	0	1.0
4434	5061	0	1.0
4434	5092	0	1.0
4434	5099	0	1.0
4434	5100	0	1.0
4434	5101	0	1.0
4434	5103	0	1.0
4434	5104	0	1.0
4434	5105	0	1.0
4434	5106	0	1.0
4434	5107	0	1.0
4434	5108	0	1.0
4434	5137	0	1.0
4434	5139	0	1.0
4434	5140	0	1.0
4434	5235	0	1.0
4434	5373	0	1.0
4434	5389	0	1.0
4434	5409	0	1.0
4434	5441	0	1.0
4434	5523	0	1.0
4434	5595	0	1.0
4435	4437	0	1.0
4439	4494	1	1.0
4439	4680	1	1.0
4439	5655	1	1.0
4440	4583	1	1.0
4440	4531	0	1.0
4441	4565	1	1.0
4441	4614	1	1.0
4441	4948	1	1.0
4441	5367	1	1.0
4441	5446	1	1.0
4441	4442	0	1.0
4441	4445	0	1.0
4442	4451	1	1.0
4444	4457	1	1.0
4444	4468	1	1.0
4444	4516	1	1.0
4444	4564	1	1.0
4444	4591	1	1.0
4444	4790	1	1.0
4444	4896	1	1.0
4444	4929	1	1.0
4444	4976	1	1.0
4444	5017	1	1.0
4444	5024	1	1.0
4444	5046	1	1.0
4444	5156	1	1.0
4444	5169	1	1.0
4444	4490	0	1.0
4445	4449	1	1.0
4449	4480	1	1.0
4452	5089	0	1.0
4453	4586	1	1.0
4453	4496	0	1.0
4454	4793	1	1.0
4455	4565	1	1.0
4455	4696	0	1.0
4462	4506	1	1.0
4462	4785	1	1.0
4462	4886	1	1.0
4462	5040	1	1.0
4462	4924	0	1.0
4462	4931	0	1.0
4463	4468	0	1.0
4464	4733	1	1.0
4464	4928	1	1.0
4466	4496	1	1.0
4469	4494	1	1.0
4471	4528	1	1.0
4472	4473	1	1.0
4474	4479	0	1.0
4475	4798	0	1.0
4478	4692	1	1.0
4478	5309	1	1.0
4479	4484	0	1.0
4479	4730	0	1.0
4480	4506	1	1.0
4480	4518	1	1.0
4481	4495	1	1.0
4481	4513	1	1.0
4483	4485	0	1.0
4485	4565	1	1.0
4492	4526	0	1.0
4494	4565	1	1.0
4494	4680	1	1.0
4494	4701	1	1.0
4494	4711	1	1.0
4494	4719	1	1.0
4494	4726	1	1.0
4494	4733	1	1.0
4494	4734	1	1.0
4494	4743	1	1.0
4494	4774	1	1.0
4494	4790	1	1.0
4494	4799	1	1.0
4494	4823	1	1.0
4494	4827	1	1.0
4494	4918	1	1.0
4494	4928	1	1.0
4494	5020	1	1.0
4494	5040	1	1.0
4494	5081	1	1.0
4494	5129	1	1.0
4494	5153	1	1.0
4494	5199	1	1.0
4494	5258	1	1.0
4494	5263	1	1.0
4494	5309	1	1.0
4494	5310	1	1.0
4494	5312	1	1.0
4494	5374	1	1.0
4494	5379	1	1.0
4494	5412	1	1.0
4494	5439	1	1.0
4494	5680	1	1.0
4494	5704	1	1.0
4494	4577	0	1.0
4501	4607	1	1.0
4503	4565	1	1.0
4506	4515	1	1.0
4506	4537	1	1.0
4506	4541	1	1.0
4506	4559	1	1.0
4506	4570	1	1.0
4506	4613	1	1.0
4506	4619	1	1.0
4506	4620	1	1.0
4506	4706	1	1.0
4506	4708	1	1.0
4506	4728	1	1.0
4506	4773	1	1.0
4506	4785	1	1.0
4506	4788	1	1.0
4506	4938	1	1.0
4506	4950	1	1.0
4506	4963	1	1.0
4506	5005	1	1.0
4506	5019	1	1.0
4506	5181	1	1.0
4506	4517	0	1.0
4506	4526	0	1.0
4506	4533	0	1.0
4506	4538	0	1.0
4506	4539	0	1.0
4506	4540	0	1.0
4506	4542	0	1.0
4506	4544	0	1.0
4506	4545	0	1.0
4506	4547	0	1.0
4506	4548	0	1.0
4506	4550	0	1.0
4506	4551	0	1.0
4506	4552	0	1.0
4506	4553	0	1.0
4506	4554	0	1.0
4506	4555	0	1.0
4506	4556	0	1.0
4506	4558	0	1.0
4506	4560	0	1.0
4506	4569	0	1.0
4506	4572	0	1.0
4506	4578	0	1.0
4506	4590	0	1.0
4506	4637	0	1.0
4508	4526	0	1.0
4508	4583	0	1.0
4509	4900	1	1.0
4509	5047	1	1.0
4517	4518	1	1.0
4518	4532	1	1.0
4518	4534	1	1.0
4518	4535	1	1.0
4518	4536	1	1.0
4519	4523	0	1.0
4520	4696	0	1.0
4521	4790	1	1.0
4521	4793	1	1.0
4521	4823	1	1.0
4521	4827	1	1.0
4521	5040	1	1.0
4521	5141	1	1.0
4521	5181	1	1.0
4521	5194	1	1.0
4521	5238	1	1.0
4521	5258	1	1.0
4521	5313	1	1.0
4521	5351	1	1.0
4521	5358	1	1.0
4521	5361	1	1.0
4521	5365	1	1.0
4521	5372	1	1.0
4521	5423	1	1.0
4521	5465	1	1.0
4521	5499	1	1.0
4521	5504	1	1.0
4521	5505	1	1.0
4521	5704	1	1.0
4521	5719	1	1.0
4521	5744	1	1.0
4521	5797	1	1.0
4521	5383	0	1.0
4521	5523	0	1.0
4522	4640	1	1.0
4522	4832	1	1.0
4522	4837	1	1.0
4523	4531	0	1.0
4526	4527	1	1.0
4526	4533	1	1.0
4526	4538	1	1.0
4526	4539	1	1.0
4526	4540	1	1.0
4526	4545	1	1.0
4526	4547	1	1.0
4526	4548	1	1.0
4526	4555	1	1.0
4526	4578	1	1.0
4526	4590	1	1.0
4526	4528	0	1.0
4531	4586	0	1.0
4531	4592	0	1.0
4531	4593	0	1.0
4533	4538	1	1.0
4533	4539	1	1.0
4533	4545	1	1.0
4533	4547	1	1.0
4533	4555	1	1.0
4533	4578	1	1.0
4533	4590	1	1.0
4533	4583	0	1.0
4533	4596	0	1.0
4534	4535	1	1.0
4534	4536	1	1.0
4535	4536	1	1.0
4538	4539	1	1.0
4538	4545	1	1.0
4538	4547	1	1.0
4538	4555	1	1.0
4538	4578	1	1.0
4538	4590	1	1.0
4538	4583	0	1.0
4539	4540	1	1.0
4539	4542	1	1.0
4539	4544	1	1.0
4539	4545	1	1.0
4539	4547	1	1.0
4539	4548	1	1.0
4539	4549	1	1.0
4539	4555	1	1.0
4539	4578	1	1.0
4539	4590	1	1.0
4539	4583	0	1.0
4540	4542	1	1.0
4540	4545	1	1.0
4540	4547	1	1.0
4540	4548	1	1.0
4540	4549	1	1.0
4540	4555	1	1.0
4540	4572	1	1.0
4540	4578	1	1.0
4540	4590	1	1.0
4540	4583	0	1.0
4542	4602	0	1.0
4544	4545	1	1.0
4544	4555	1	1.0
4544	4578	1	1.0
4544	4596	0	1.0
4545	4555	1	1.0
4545	4578	1	1.0
4545	4609	0	1.0
4547	4555	1	1.0
4547	4578	1	1.0
4547	4596	0	1.0
4547	4609	0	1.0
4548	4555	1	1.0
4548	4558	1	1.0
4548	4572	1	1.0
4548	4578	1	1.0
4548	4590	1	1.0
4548	4600	1	1.0
4548	4596	0	1.0
4548	4604	0	1.0
4550	4551	1	1.0
4550	4552	1	1.0
4550	4553	1	1.0
4550	4554	1	1.0
4550	4555	1	1.0
4550	4556	1	1.0
4550	4558	1	1.0
4550	4578	1	1.0
4550	4590	1	1.0
4550	4604	0	1.0
4551	4552	1	1.0
4551	4553	1	1.0
4551	4554	1	1.0
4551	4555	1	1.0
4551	4556	1	1.0
4551	4558	1	1.0
4551	4560	1	1.0
4551	4578	1	1.0
4551	4590	1	1.0
4551	4565	0	1.0
4552	4553	1	1.0
4552	4554	1	1.0
4552	4555	1	1.0
4552	4556	1	1.0
4552	4558	1	1.0
4552	4560	1	1.0
4552	4578	1	1.0
4552	4590	1	1.0
4553	4554	1	1.0
4553	4555	1	1.0
4553	4556	1	1.0
4553	4558	1	1.0
4553	4560	1	1.0
4553	4578	1	1.0
4553	4590	1	1.0
4553	4565	0	1.0
4554	4555	1	1.0
4554	4556	1	1.0
4554	4558	1	1.0
4554	4560	1	1.0
4554	4578	1	1.0
4554	4590	1	1.0
4554	4565	0	1.0
4555	4556	1	1.0
4555	4558	1	1.0
4555	4560	1	1.0
4555	4590	1	1.0
4555	4575	0	1.0
4558	4560	1	1.0
4558	4578	1	1.0
4558	4590	1	1.0
4558	4599	1	1.0
4558	4565	0	1.0
4559	4563	0	1.0
4560	4578	1	1.0
4560	4590	1	1.0
4560	4599	1	1.0
4560	4565	0	1.0
4560	4596	0	1.0
4560	4609	0	1.0
4564	4730	1	1.0
4564	4785	1	1.0
4564	4728	0	1.0
4565	4580	1	1.0
4565	4586	1	1.0
4565	4601	1	1.0
4565	4623	1	1.0
4565	4639	1	1.0
4565	4718	1	1.0
4565	4726	1	1.0
4565	4730	1	1.0
4565	4733	1	1.0
4565	4747	1	1.0
4565	4774	1	1.0
4565	4781	1	1.0
4565	4782	1	1.0
4565	4809	1	1.0
4565	4820	1	1.0
4565	4821	1	1.0
4565	4891	1	1.0
4565	4940	1	1.0
4565	5122	1	1.0
4565	5129	1	1.0
4565	5181	1	1.0
4565	5309	1	1.0
4565	5408	1	1.0
4565	4569	0	1.0
4565	4583	0	1.0
4565	4604	0	1.0
4565	4696	0	1.0
4565	4798	0	1.0
4568	4569	1	1.0
4569	4696	0	1.0
4572	4606	1	1.0
4578	4609	0	1.0
4580	4718	0	1.0
4580	4733	0	1.0
4581	4733	1	1.0
4581	4773	1	1.0
4581	5702	1	1.0
4581	4839	0	1.0
4583	4586	0	1.0
4583	4592	0	1.0
4586	4798	1	1.0
4592	5258	1	1.0
4597	4598	1	1.0
4599	4609	0	1.0
4600	4609	0	1.0
4601	4757	1	1.0
4602	4603	1	1.0
4602	4608	1	1.0
4602	4614	0	1.0
4602	4618	0	1.0
4604	4606	0	1.0
4606	4609	0	1.0
4611	4876	1	1.0
4611	4978	1	1.0
4611	5339	1	1.0
4614	4636	1	1.0
4614	4699	1	1.0
4616	5188	0	1.0
4625	4696	1	1.0
4628	4629	1	1.0
4628	4792	1	1.0
4628	4978	1	1.0
4631	4793	1	1.0
4631	5187	1	1.0
4634	4701	1	1.0
4635	5168	1	1.0
4638	4773	1	1.0
4640	4697	1	1.0
4640	4713	1	1.0
4640	4714	1	1.0
4640	4792	1	1.0
4640	4806	1	1.0
4640	4822	1	1.0
4640	4834	1	1.0
4640	4836	1	1.0
4640	4840	1	1.0
4640	4848	1	1.0
4640	4849	1	1.0
4640	4850	1	1.0
4640	4851	1	1.0
4640	4852	1	1.0
4640	4853	1	1.0
4640	4854	1	1.0
4640	4855	1	1.0
4640	4856	1	1.0
4640	4857	1	1.0
4640	4858	1	1.0
4640	4861	1	1.0
4640	4862	1	1.0
4640	4878	1	1.0
4640	4906	1	1.0
4645	4692	1	1.0
4645	5424	1	1.0
4645	5246	0	1.0
4650	4692	1	1.0
4656	4658	1	1.0
4685	5595	1	1.0
4692	4739	1	1.0
4692	4740	1	1.0
4692	4741	1	1.0
4692	4750	1	1.0
4692	4760	1	1.0
4692	4785	1	1.0
4692	4958	1	1.0
4693	4793	1	1.0
4693	4809	1	1.0
4693	4900	1	1.0
4693	4918	1	1.0
4693	4988	1	1.0
4696	4715	0	1.0
4701	4732	0	1.0
4714	4897	1	1.0
4716	4834	1	1.0
4716	5284	1	1.0
4716	5342	1	1.0
4718	4720	1	1.0
4724	4725	1	1.0
4728	4793	1	1.0
4728	4982	1	1.0
4728	5483	1	1.0
4729	4982	1	1.0
4730	4760	1	1.0
4732	4746	1	1.0
4732	4748	1	1.0
4733	4740	1	1.0
4733	4743	1	1.0
4733	4785	1	1.0
4733	4823	1	1.0
4733	4839	1	1.0
4733	4911	1	1.0
4733	4918	1	1.0
4733	4928	1	1.0
4733	4932	1	1.0
4733	4959	1	1.0
4733	4963	1	1.0
4733	5031	1	1.0
4733	5040	1	1.0
4733	5078	1	1.0
4733	5129	1	1.0
4733	5198	1	1.0
4733	5207	1	1.0
4733	4790	0	1.0
4733	5016	0	1.0
4735	4758	1	1.0
4737	4774	1	1.0
4738	5187	1	1.0
4738	5186	0	1.0
4739	4761	1	1.0
4740	4928	1	1.0
4740	5089	1	1.0
4740	5128	1	1.0
4740	5143	1	1.0
4740	5145	1	1.0
4740	5016	0	1.0
4740	5120	0	1.0
4743	4745	0	1.0
4746	4749	1	1.0
4749	5504	1	1.0
4750	5005	1	1.0
4750	5310	1	1.0
4750	5813	1	1.0
4756	4774	1	1.0
4757	4900	1	1.0
4757	4769	0	1.0
4757	4904	0	1.0
4759	4768	1	1.0
4760	4762	1	1.0
4761	4784	1	1.0
4761	4790	1	1.0
4768	4774	1	1.0
4769	4770	0	1.0
4773	4774	1	1.0
4773	4793	1	1.0
4773	4918	1	1.0
4773	4928	1	1.0
4773	5055	1	1.0
4773	5141	1	1.0
4773	5258	1	1.0
4773	5309	1	1.0
4773	5344	1	1.0
4773	5368	1	1.0
4773	5376	1	1.0
4773	5439	1	1.0
4773	5504	1	1.0
4773	4938	0	1.0
4774	4784	1	1.0
4774	4785	1	1.0
4774	4790	1	1.0
4774	4793	1	1.0
4774	4801	0	1.0
4781	5374	1	1.0
4783	5365	1	1.0
4784	4785	1	1.0
4784	4786	0	1.0
4785	4794	1	1.0
4785	4885	1	1.0
4785	4886	1	1.0
4785	4928	1	1.0
4785	4934	1	1.0
4785	4997	1	1.0
4788	4918	1	1.0
4789	4802	0	1.0
4790	4793	1	1.0
4790	4798	1	1.0
4790	4805	1	1.0
4790	4968	0	1.0
4796	4797	1	1.0
4797	4858	1	1.0
4797	4897	1	1.0
4797	4903	1	1.0
4798	4821	1	1.0
4798	4839	0	1.0
4799	4800	1	1.0
4799	5258	1	1.0
4799	5374	1	1.0
4799	5376	1	1.0
4799	5099	0	1.0
4799	5100	0	1.0
4799	5103	0	1.0
4799	5405	0	1.0
4809	4828	1	1.0
4818	5141	1	1.0
4818	5358	1	1.0
4821	4846	0	1.0
4823	4824	1	1.0
4823	5255	1	1.0
4823	5385	1	1.0
4823	5386	1	1.0
4823	5410	1	1.0
4823	5411	1	1.0
4823	5416	1	1.0
4823	5425	1	1.0
4823	5484	1	1.0
4823	5531	1	1.0
4823	5701	1	1.0
4823	5716	1	1.0
4824	5083	1	1.0
4824	5331	1	1.0
4824	5515	1	1.0
4827	5199	1	1.0
4827	5251	1	1.0
4827	5259	1	1.0
4827	5309	1	1.0
4827	5344	1	1.0
4827	5374	1	1.0
4827	5395	1	1.0
4827	5410	1	1.0
4827	5416	1	1.0
4827	5496	1	1.0
4827	5506	1	1.0
4827	5536	1	1.0
4827	5541	1	1.0
4827	5676	1	1.0
4827	5697	1	1.0
4827	5786	1	1.0
4829	4831	1	1.0
4829	4832	1	1.0
4829	4833	1	1.0
4829	4834	1	1.0
4833	4899	1	1.0
4834	5263	0	1.0
4835	4901	1	1.0
4839	5016	1	1.0
4839	5504	1	1.0
4840	4858	1	1.0
4840	4926	1	1.0
4850	4897	1	1.0
4853	5727	1	1.0
4858	4859	1	1.0
4859	4926	1	1.0
4861	4978	1	1.0
4861	5853	1	1.0
4867	4868	1	1.0
4867	4869	1	1.0
4867	4870	1	1.0
4867	4884	0	1.0
4869	4884	0	1.0
4871	5006	1	1.0
4872	4886	1	1.0
4872	4894	1	1.0
4882	4883	1	1.0
4882	4885	1	1.0
4882	4886	0	1.0
4886	4889	1	1.0
4886	4893	1	1.0
4886	4918	1	1.0
4889	4895	1	1.0
4890	4924	1	1.0
4891	4919	1	1.0
4891	4920	1	1.0
4891	4941	0	1.0
4891	4983	0	1.0
4894	5000	1	1.0
4894	5020	1	1.0
4894	5031	1	1.0
4894	5047	1	1.0
4895	5382	1	1.0
4895	5263	0	1.0
4897	4903	1	1.0
4897	4930	1	1.0
4897	4962	1	1.0
4897	4986	1	1.0
4899	4907	1	1.0
4899	4908	1	1.0
4918	4928	1	1.0
4918	4959	1	1.0
4918	4968	1	1.0
4918	4976	1	1.0
4918	4991	1	1.0
4918	4992	1	1.0
4918	5019	1	1.0
4918	4943	0	1.0
4924	4928	1	1.0
4928	4931	1	1.0
4928	5143	1	1.0
4928	5146	1	1.0
4928	5042	0	1.0
4928	5141	0	1.0
4929	5029	1	1.0
4929	5504	1	1.0
4931	4933	1	1.0
4931	4935	1	1.0
4931	4932	0	1.0
4932	4937	1	1.0
4932	5151	1	1.0
4932	5152	1	1.0
4933	4936	1	1.0
4933	4953	1	1.0
4940	4941	1	1.0
4941	4983	1	1.0
4950	5032	1	1.0
4957	5141	1	1.0
4963	4964	1	1.0
4963	4969	1	1.0
4968	4969	0	1.0
4969	4970	1	1.0
4969	4971	1	1.0
4969	4972	1	1.0
4969	4973	1	1.0
4969	4974	1	1.0
4969	4975	1	1.0
4970	4971	1	1.0
4970	4972	1	1.0
4970	4973	1	1.0
4970	4974	1	1.0
4970	4975	1	1.0
4971	4972	1	1.0
4971	4973	1	1.0
4971	4974	1	1.0
4971	4975	1	1.0
4972	4973	1	1.0
4972	4974	1	1.0
4972	4975	1	1.0
4973	4974	1	1.0
4973	4975	1	1.0
4974	4975	1	1.0
4978	5390	1	1.0
4982	5574	1	1.0
4983	5034	1	1.0
4988	4999	1	1.0
4988	5016	1	1.0
5003	5057	1	1.0
5003	5217	1	1.0
5003	5255	1	1.0
5003	5341	1	1.0
5003	5386	1	1.0
5003	5410	1	1.0
5003	5417	1	1.0
5003	5424	1	1.0
5003	5433	1	1.0
5003	5438	1	1.0
5003	5457	1	1.0
5003	5472	1	1.0
5003	5513	1	1.0
5003	5522	1	1.0
5003	5573	1	1.0
5003	5586	1	1.0
5003	5628	1	1.0
5003	5630	1	1.0
5003	5695	1	1.0
5003	5487	0	1.0
5003	5541	0	1.0
5003	5636	0	1.0
5021	5044	1	1.0
5025	5026	1	1.0
5025	5027	1	1.0
5031	5141	1	1.0
5047	5089	1	1.0
5047	5153	1	1.0
5055	5252	1	1.0
5057	5255	1	1.0
5057	5385	1	1.0
5057	5424	1	1.0
5057	5438	1	1.0
5078	5444	1	1.0
5083	5420	1	1.0
5083	5632	1	1.0
5089	5095	1	1.0
5089	5097	1	1.0
5089	5099	0	1.0
5097	5116	1	1.0
5097	5118	1	1.0
5097	5122	0	1.0
5099	5100	1	1.0
5099	5101	1	1.0
5099	5103	1	1.0
5099	5107	1	1.0
5099	5102	0	1.0
5099	5263	0	1.0
5100	5101	1	1.0
5100	5102	0	1.0
5100	5263	0	1.0
5101	5102	0	1.0
5101	5263	0	1.0
5103	5104	1	1.0
5103	5263	0	1.0
5104	5105	1	1.0
5104	5263	0	1.0
5105	5106	1	1.0
5105	5263	0	1.0
5106	5263	0	1.0
5115	5129	1	1.0
5115	5541	1	1.0
5116	5129	0	1.0
5118	5119	1	1.0
5120	5129	0	1.0
5129	5131	1	1.0
5129	5187	1	1.0
5129	5195	1	1.0
5129	5197	1	1.0
5135	5137	1	1.0
5135	5138	0	1.0
5137	5139	1	1.0
5137	5138	0	1.0
5138	5139	0	1.0
5139	5140	1	1.0
5141	5142	1	1.0
5141	5153	1	1.0
5141	5156	1	1.0
5141	5195	1	1.0
5141	5351	1	1.0
5141	5358	1	1.0
5141	5365	1	1.0
5141	5502	1	1.0
5141	5504	1	1.0
5141	5547	1	1.0
5141	5574	1	1.0
5141	5575	1	1.0
5141	5595	1	1.0
5141	5602	1	1.0
5141	5620	1	1.0
5141	5633	1	1.0
5141	5650	1	1.0
5141	5672	1	1.0
5141	5704	1	1.0
5141	5728	1	1.0
5141	5729	1	1.0
5141	5795	1	1.0
5141	5796	1	1.0
5141	5802	1	1.0
5141	5814	1	1.0
5141	5815	1	1.0
5141	5819	1	1.0
5141	5828	1	1.0
5141	5837	1	1.0
5141	5842	1	1.0
5141	5865	1	1.0
5141	5614	0	1.0
5143	5150	1	1.0
5146	5153	1	1.0
5151	5152	1	1.0
5151	5258	1	1.0
5151	5410	1	1.0
5151	5422	1	1.0
5153	5297	1	1.0
5153	5298	1	1.0
5153	5319	1	1.0
5153	5345	1	1.0
5153	5346	1	1.0
5153	5348	1	1.0
5156	5187	1	1.0
5156	5197	1	1.0
5156	5309	1	1.0
5170	5179	1	1.0
5170	5261	1	1.0
5181	5212	1	1.0
5181	5283	1	1.0
5187	5190	1	1.0
5187	5203	1	1.0
5197	5211	1	1.0
5197	5238	1	1.0
5207	5263	1	1.0
5207	5504	1	1.0
5212	5244	1	1.0
5212	5267	1	1.0
5212	5264	0	1.0
5212	5270	0	1.0
5212	5271	0	1.0
5216	5255	1	1.0
5216	5410	1	1.0
5216	5437	1	1.0
5217	5410	1	1.0
5217	5573	1	1.0
5244	5350	1	1.0
5252	5284	1	1.0
5252	5313	1	1.0
5252	5411	1	1.0
5252	5444	1	1.0
5255	5341	1	1.0
5255	5386	1	1.0
5255	5410	1	1.0
5255	5424	1	1.0
5255	5427	1	1.0
5255	5472	1	1.0
5255	5513	1	1.0
5255	5522	1	1.0
5255	5526	1	1.0
5255	5587	1	1.0
5258	5263	1	1.0
5258	5374	1	1.0
5258	5405	1	1.0
5258	5444	1	1.0
5258	5452	1	1.0
5258	5456	1	1.0
5258	5477	1	1.0
5258	5484	1	1.0
5258	5488	1	1.0
5258	5499	1	1.0
5258	5500	1	1.0
5258	5504	1	1.0
5258	5541	1	1.0
5258	5554	1	1.0
5258	5609	1	1.0
5260	5261	1	1.0
5260	5290	1	1.0
5263	5268	1	1.0
5263	5375	1	1.0
5263	5514	1	1.0
5263	5598	1	1.0
5263	5272	0	1.0
5263	5273	0	1.0
5263	5274	0	1.0
5263	5275	0	1.0
5263	5276	0	1.0
5263	5277	0	1.0
5263	5278	0	1.0
5263	5279	0	1.0
5263	5280	0	1.0
5263	5281	0	1.0
5263	5294	0	1.0
5263	5295	0	1.0
5263	5373	0	1.0
5263	5380	0	1.0
5263	5382	0	1.0
5263	5387	0	1.0
5263	5388	0	1.0
5263	5393	0	1.0
5263	5424	0	1.0
5267	5321	1	1.0
5268	5343	1	1.0
5283	5361	1	1.0
5284	5342	1	1.0
5298	5309	1	1.0
5309	5322	1	1.0
5309	5337	1	1.0
5309	5344	1	1.0
5309	5444	1	1.0
5310	5315	1	1.0
5310	5320	1	1.0
5310	5323	1	1.0
5313	5365	1	1.0
5313	5785	1	1.0
5315	5316	1	1.0
5316	5317	1	1.0
5316	5320	1	1.0
5318	5357	1	1.0
5327	5328	1	1.0
5327	5331	1	1.0
5331	5379	0	1.0
5340	5774	1	1.0
5341	5410	1	1.0
5341	5531	1	1.0
5341	5532	1	1.0
5344	5475	1	1.0
5351	5644	1	1.0
5351	5777	1	1.0
5351	5839	1	1.0
5351	5843	1	1.0
5358	5365	1	1.0
5358	5467	1	1.0
5359	5684	1	1.0
5359	5773	1	1.0
5359	5816	1	1.0
5359	5817	1	1.0
5359	5827	1	1.0
5359	5869	1	1.0
5361	5368	1	1.0
5365	5366	1	1.0
5365	5381	1	1.0
5365	5590	1	1.0
5365	5595	1	1.0
5365	5662	1	1.0
5365	5805	1	1.0
5365	5523	0	1.0
5365	5677	0	1.0
5371	5595	1	1.0
5373	5441	1	1.0
5374	5384	1	1.0
5374	5418	1	1.0
5374	5419	1	1.0
5374	5430	1	1.0
5374	5434	1	1.0
5374	5442	1	1.0
5374	5444	1	1.0
5374	5448	1	1.0
5374	5488	1	1.0
5374	5489	1	1.0
5374	5499	1	1.0
5374	5514	1	1.0
5374	5490	0	1.0
5376	5392	0	1.0
5378	5478	1	1.0
5378	5479	1	1.0
5378	5480	1	1.0
5378	5481	1	1.0
5378	5482	1	1.0
5379	5381	1	1.0
5379	5384	1	1.0
5379	5393	1	1.0
5379	5380	0	1.0
5381	5398	1	1.0
5381	5534	1	1.0
5382	5387	1	1.0
5382	5388	1	1.0
5385	5386	1	1.0
5385	5410	1	1.0
5385	5411	1	1.0
5385	5693	1	1.0
5386	5410	1	1.0
5386	5411	1	1.0
5386	5416	1	1.0
5386	5424	1	1.0
5386	5494	1	1.0
5386	5512	1	1.0
5386	5517	1	1.0
5386	5518	1	1.0
5386	5526	1	1.0
5386	5548	1	1.0
5386	5715	1	1.0
5386	5789	1	1.0
5393	5394	1	1.0
5396	5464	1	1.0
5405	5409	1	1.0
5408	5500	1	1.0
5410	5411	1	1.0
5410	5526	1	1.0
5410	5542	1	1.0
5410	5573	1	1.0
5411	5416	1	1.0
5411	5424	1	1.0
5411	5531	1	1.0
5411	5542	1	1.0
5411	5604	1	1.0
5411	5638	1	1.0
5411	5648	1	1.0
5411	5523	0	1.0
5412	5542	1	1.0
5412	5705	1	1.0
5416	5425	1	1.0
5417	5497	1	1.0
5421	5469	0	1.0
5422	5447	0	1.0
5423	5431	0	1.0
5423	5432	0	1.0
5424	5427	1	1.0
5424	5512	1	1.0
5424	5517	1	1.0
5424	5518	1	1.0
5424	5531	1	1.0
5424	5542	1	1.0
5424	5683	1	1.0
5424	5697	1	1.0
5424	5541	0	1.0
5424	5700	0	1.0
5427	5449	1	1.0
5428	5457	1	1.0
5430	5448	1	1.0
5437	5568	1	1.0
5437	5664	1	1.0
5439	5467	1	1.0
5439	5484	1	1.0
5439	5606	1	1.0
5439	5451	0	1.0
5442	5444	1	1.0
5442	5448	1	1.0
5444	5504	1	1.0
5444	5560	1	1.0
5444	5563	1	1.0
5444	5566	1	1.0
5444	5598	1	1.0
5444	5704	1	1.0
5444	5445	0	1.0
5449	5675	1	1.0
5451	5452	1	1.0
5451	5454	1	1.0
5451	5461	1	1.0
5452	5488	0	1.0
5454	5584	1	1.0
5454	5618	0	1.0
5472	5692	1	1.0
5476	5504	1	1.0
5483	5509	1	1.0
5483	5510	1	1.0
5484	5523	1	1.0
5484	5558	1	1.0
5484	5796	1	1.0
5488	5519	1	1.0
5488	5543	1	1.0
5488	5544	1	1.0
5492	5715	1	1.0
5492	5770	1	1.0
5499	5500	1	1.0
5500	5505	0	1.0
5501	5517	1	1.0
5503	5504	1	1.0
5504	5525	1	1.0
5504	5563	1	1.0
5504	5569	1	1.0
5504	5572	1	1.0
5504	5577	1	1.0
5504	5582	1	1.0
5504	5585	1	1.0
5504	5595	1	1.0
5504	5597	1	1.0
5504	5598	1	1.0
5504	5607	1	1.0
5504	5608	1	1.0
5504	5645	1	1.0
5504	5523	0	1.0
5504	5592	0	1.0
5504	5669	0	1.0
5509	5510	1	1.0
5510	5546	1	1.0
5510	5713	1	1.0
5512	5517	1	1.0
5512	5518	1	1.0
5512	5526	1	1.0
5512	5548	1	1.0
5512	5641	1	1.0
5512	5683	1	1.0
5512	5712	1	1.0
5517	5518	1	1.0
5517	5548	1	1.0
5517	5683	1	1.0
5517	5710	1	1.0
5517	5803	1	1.0
5518	5548	1	1.0
5518	5641	1	1.0
5518	5683	1	1.0
5518	5712	1	1.0
5519	5550	1	1.0
5519	5552	1	1.0
5519	5555	1	1.0
5519	5556	1	1.0
5520	5595	1	1.0
5523	5571	1	1.0
5523	5602	1	1.0
5523	5623	1	1.0
5523	5574	0	1.0
5523	5624	0	1.0
5523	5627	0	1.0
5525	5527	0	1.0
5525	5529	0	1.0
5525	5530	0	1.0
5529	5538	1	1.0
5535	5651	1	1.0
5535	5652	1	1.0
5536	5545	1	1.0
5536	5565	1	1.0
5536	5575	1	1.0
5536	5674	1	1.0
5536	5680	1	1.0
5537	5816	0	1.0
5537	5827	0	1.0
5538	5545	1	1.0
5542	5603	1	1.0
5542	5646	1	1.0
5542	5663	1	1.0
5542	5675	1	1.0
5542	5685	1	1.0
5542	5686	1	1.0
5548	5683	1	1.0
5552	5553	1	1.0
5563	5722	1	1.0
5573	5630	1	1.0
5575	5595	1	1.0
5575	5647	1	1.0
5575	5845	1	1.0
5575	5677	0	1.0
5579	5580	1	1.0
5580	5619	1	1.0
5580	5716	1	1.0
5580	5721	1	1.0
5580	5751	1	1.0
5580	5720	0	1.0
5584	5677	1	1.0
5595	5676	1	1.0
5595	5644	0	1.0
5602	5610	1	1.0
5610	5611	1	1.0
5610	5612	1	1.0
5610	5613	1	1.0
5638	5640	1	1.0
5638	5725	1	1.0
5639	5641	1	1.0
5639	5642	1	1.0
5639	5643	1	1.0
5639	5666	1	1.0
5641	5642	1	1.0
5642	5643	1	1.0
5642	5666	1	1.0
5644	5702	1	1.0
5660	5791	1	1.0
5669	5677	0	1.0
5677	5696	1	1.0
5677	5681	0	1.0
5677	5702	0	1.0
5697	5821	1	1.0
5697	5878	1	1.0
5702	5727	1	1.0
5715	5770	1	1.0
5719	5860	1	1.0
5723	5724	1	1.0
5726	5727	1	1.0
5727	5780	1	1.0
5727	5781	1	1.0
5727	5782	1	1.0
5727	5783	1	1.0
5727	5784	1	1.0
5735	5738	1	1.0
5756	5763	1	1.0
5773	5816	1	1.0
5796	5858	1	1.0
5802	5843	1	1.0
5810	5816	1	1.0
5816	5817	1	1.0
5816	5827	1	1.0
5817	5825	1	1.0
5817	5827	1	1.0
5817	5830	1	1.0
5823	5824	1	1.0
5823	5826	1	1.0
5824	5825	1	1.0
5825	5831	1	1.0
5825	5871	1	1.0
5827	5830	1	1.0
5842	5858	1	1.0
5843	5844	1	1.0
5845	5846	1	1.0
5876	5877	1	1.0
