4787	12218
0	2	1	1.0
0	4	1	1.0
0	5	1	1.0
0	6	1	1.0
0	7	1	1.0
0	10	1	1.0
0	21	1	1.0
0	29	1	1.0
0	30	1	1.0
0	32	1	1.0
0	44	1	1.0
0	46	1	1.0
0	68	1	1.0
0	71	1	1.0
0	79	1	1.0
0	83	1	1.0
0	90	1	1.0
0	93	1	1.0
0	96	1	1.0
0	109	1	1.0
0	110	1	1.0
0	121	1	1.0
0	144	1	1.0
0	160	1	1.0
0	181	1	1.0
0	305	1	1.0
0	347	1	1.0
0	411	1	1.0
0	422	1	1.0
0	540	1	1.0
0	544	1	1.0
0	613	1	1.0
0	623	1	1.0
0	637	1	1.0
0	654	1	1.0
0	2761	1	1.0
0	3674	1	1.0
0	4508	1	1.0
0	4720	1	1.0
1	2	1	1.0
1	6	1	1.0
2	3	1	1.0
2	4	1	1.0
2	5	1	1.0
2	6	1	1.0
2	7	1	1.0
2	8	1	1.0
2	9	1	1.0
2	10	1	1.0
2	13	1	1.0
2	14	1	1.0
2	15	1	1.0
2	16	1	1.0
2	17	1	1.0
2	18	1	1.0
2	21	1	1.0
2	23	1	1.0
2	25	1	1.0
2	26	1	1.0
2	29	1	1.0
2	30	1	1.0
2	32	1	1.0
2	34	1	1.0
2	38	1	1.0
2	40	1	1.0
2	41	1	1.0
2	42	1	1.0
2	43	1	1.0
2	44	1	1.0
2	45	1	1.0
2	46	1	1.0
2	48	1	1.0
2	49	1	1.0
2	51	1	1.0
2	61	1	1.0
2	67	1	1.0
2	68	1	1.0
2	69	1	1.0
2	70	1	1.0
2	71	1	1.0
2	72	1	1.0
2	73	1	1.0
2	79	1	1.0
2	82	1	1.0
2	83	1	1.0
2	84	1	1.0
2	86	1	1.0
2	88	1	1.0
2	89	1	1.0
2	91	1	1.0
2	92	1	1.0
2	108	1	1.0
2	114	1	1.0
2	120	1	1.0
2	121	1	1.0
2	123	1	1.0
2	125	1	1.0
2	132	1	1.0
2	137	1	1.0
2	144	1	1.0
2	151	1	1.0
2	160	1	1.0
2	162	1	1.0
2	163	1	1.0
2	170	1	1.0
2	178	1	1.0
2	181	1	1.0
2	183	1	1.0
2	186	1	1.0
2	196	1	1.0
2	201	1	1.0
2	207	1	1.0
2	210	1	1.0
2	227	1	1.0
2	234	1	1.0
2	239	1	1.0
2	240	1	1.0
2	241	1	1.0
2	248	1	1.0
2	251	1	1.0
2	267	1	1.0
2	269	1	1.0
2	272	1	1.0
2	290	1	1.0
2	301	1	1.0
2	303	1	1.0
2	317	1	1.0
2	331	1	1.0
2	334	1	1.0
2	339	1	1.0
2	343	1	1.0
2	350	1	1.0
2	354	1	1.0
2	363	1	1.0
2	367	1	1.0
2	377	1	1.0
2	379	1	1.0
2	381	1	1.0
2	386	1	1.0
2	388	1	1.0
2	399	1	1.0
2	406	1	1.0
2	421	1	1.0
2	434	1	1.0
2	437	1	1.0
2	439	1	1.0
2	462	1	1.0
2	465	1	1.0
2	466	1	1.0
2	486	1	1.0
2	521	1	1.0
2	524	1	1.0
2	528	1	1.0
2	536	1	1.0
2	562	1	1.0
2	579	1	1.0
2	589	1	1.0
2	648	1	1.0
2	654	1	1.0
2	690	1	1.0
2	691	1	1.0
2	723	1	1.0
2	742	1	1.0
2	747	1	1.0
2	852	1	1.0
2	887	1	1.0
2	888	1	1.0
2	949	1	1.0
2	975	1	1.0
2	1022	1	1.0
2	1047	1	1.0
2	1079	1	1.0
2	1114	1	1.0
2	1115	1	1.0
2	1155	1	1.0
2	1158	1	1.0
2	1175	1	1.0
2	1176	1	1.0
2	1193	1	1.0
2	1225	1	1.0
2	1226	1	1.0
2	1281	1	1.0
2	1310	1	1.0
2	1322	1	1.0
2	1324	1	1.0
2	1335	1	1.0
2	1344	1	1.0
2	1370	1	1.0
2	1377	1	1.0
2	1397	1	1.0
2	1432	1	1.0
2	1433	1	1.0
2	1437	1	1.0
2	1453	1	1.0
2	1460	1	1.0
2	1476	1	1.0
2	1522	1	1.0
2	1570	1	1.0
2	1616	1	1.0
2	1636	1	1.0
2	1642	1	1.0
2	1669	1	1.0
2	1689	1	1.0
2	1710	1	1.0
2	1711	1	1.0
2	1717	1	1.0
2	1726	1	1.0
2	1778	1	1.0
2	1781	1	1.0
2	1790	1	1.0
2	1815	1	1.0
2	1817	1	1.0
2	1823	1	1.0
2	1845	1	1.0
2	1870	1	1.0
2	1883	1	1.0
2	1887	1	1.0
2	1924	1	1.0
2	1936	1	1.0
2	1950	1	1.0
2	2042	1	1.0
2	2243	1	1.0
2	2257	1	1.0
2	2287	1	1.0
2	2504	1	1.0
2	2703	1	1.0
2	2780	1	1.0
2	2807	1	1.0
2	3101	1	1.0
2	3146	1	1.0
2	3222	1	1.0
2	3377	1	1.0
2	3437	1	1.0
2	3618	1	1.0
2	3656	1	1.0
2	3871	1	1.0
2	3925	1	1.0
2	4364	1	1.0
2	4405	1	1.0
2	4423	1	1.0
2	4424	1	1.0
2	4427	1	1.0
2	4463	1	1.0
2	4514	1	1.0
2	4552	1	1.0
2	4716	1	1.0
2	4741	1	1.0
2	558	0	1.0
2	1755	0	1.0
2	2053	0	1.0
3	18	1	1.0
3	37	1	1.0
3	44	1	1.0
3	57	1	1.0
3	58	1	1.0
3	95	1	1.0
3	110	1	1.0
3	176	1	1.0
3	228	1	1.0
3	347	1	1.0
3	1079	1	1.0
3	1231	1	1.0
3	1335	1	1.0
3	1794	1	1.0
3	3437	1	1.0
4	6	1	1.0
4	9	1	1.0
4	11	1	1.0
4	14	1	1.0
4	17	1	1.0
4	21	1	1.0
4	22	1	1.0
4	23	1	1.0
4	30	1	1.0
4	32	1	1.0
4	35	1	1.0
4	39	1	1.0
4	53	1	1.0
4	82	1	1.0
4	96	1	1.0
4	134	1	1.0
4	144	1	1.0
4	216	1	1.0
4	234	1	1.0
4	247	1	1.0
4	268	1	1.0
4	347	1	1.0
4	356	1	1.0
4	363	1	1.0
4	386	1	1.0
4	421	1	1.0
4	437	1	1.0
4	438	1	1.0
4	439	1	1.0
4	486	1	1.0
4	761	1	1.0
4	813	1	1.0
4	1048	1	1.0
4	1059	1	1.0
4	1155	1	1.0
4	1175	1	1.0
4	1226	1	1.0
4	1335	1	1.0
4	1370	1	1.0
4	1409	1	1.0
4	1669	1	1.0
4	1677	1	1.0
4	1795	1	1.0
4	1815	1	1.0
4	1905	1	1.0
4	1952	1	1.0
4	2052	1	1.0
4	2465	1	1.0
4	2615	1	1.0
4	3007	1	1.0
4	3865	1	1.0
4	4005	1	1.0
4	4418	1	1.0
4	1083	0	1.0
5	7	1	1.0
5	8	1	1.0
5	30	1	1.0
6	7	1	1.0
6	9	1	1.0
6	10	1	1.0
6	12	1	1.0
6	13	1	1.0
6	16	1	1.0
6	17	1	1.0
6	18	1	1.0
6	21	1	1.0
6	23	1	1.0
6	25	1	1.0
6	28	1	1.0
6	29	1	1.0
6	30	1	1.0
6	31	1	1.0
6	34	1	1.0
6	39	1	1.0
6	41	1	1.0
6	42	1	1.0
6	43	1	1.0
6	45	1	1.0
6	46	1	1.0
6	48	1	1.0
6	54	1	1.0
6	57	1	1.0
6	60	1	1.0
6	66	1	1.0
6	67	1	1.0
6	68	1	1.0
6	69	1	1.0
6	74	1	1.0
6	76	1	1.0
6	77	1	1.0
6	79	1	1.0
6	80	1	1.0
6	81	1	1.0
6	82	1	1.0
6	83	1	1.0
6	84	1	1.0
6	85	1	1.0
6	88	1	1.0
6	90	1	1.0
6	91	1	1.0
6	98	1	1.0
6	99	1	1.0
6	101	1	1.0
6	105	1	1.0
6	109	1	1.0
6	114	1	1.0
6	118	1	1.0
6	125	1	1.0
6	128	1	1.0
6	129	1	1.0
6	132	1	1.0
6	133	1	1.0
6	138	1	1.0
6	140	1	1.0
6	142	1	1.0
6	144	1	1.0
6	145	1	1.0
6	147	1	1.0
6	148	1	1.0
6	149	1	1.0
6	150	1	1.0
6	151	1	1.0
6	153	1	1.0
6	164	1	1.0
6	167	1	1.0
6	171	1	1.0
6	172	1	1.0
6	177	1	1.0
6	187	1	1.0
6	188	1	1.0
6	201	1	1.0
6	206	1	1.0
6	208	1	1.0
6	217	1	1.0
6	219	1	1.0
6	225	1	1.0
6	227	1	1.0
6	234	1	1.0
6	235	1	1.0
6	242	1	1.0
6	249	1	1.0
6	253	1	1.0
6	260	1	1.0
6	270	1	1.0
6	279	1	1.0
6	280	1	1.0
6	286	1	1.0
6	292	1	1.0
6	299	1	1.0
6	300	1	1.0
6	322	1	1.0
6	336	1	1.0
6	340	1	1.0
6	342	1	1.0
6	353	1	1.0
6	355	1	1.0
6	361	1	1.0
6	363	1	1.0
6	364	1	1.0
6	370	1	1.0
6	375	1	1.0
6	377	1	1.0
6	379	1	1.0
6	384	1	1.0
6	388	1	1.0
6	389	1	1.0
6	401	1	1.0
6	421	1	1.0
6	433	1	1.0
6	437	1	1.0
6	438	1	1.0
6	439	1	1.0
6	441	1	1.0
6	447	1	1.0
6	448	1	1.0
6	464	1	1.0
6	480	1	1.0
6	513	1	1.0
6	514	1	1.0
6	517	1	1.0
6	518	1	1.0
6	532	1	1.0
6	534	1	1.0
6	539	1	1.0
6	542	1	1.0
6	543	1	1.0
6	553	1	1.0
6	594	1	1.0
6	606	1	1.0
6	608	1	1.0
6	632	1	1.0
6	654	1	1.0
6	664	1	1.0
6	701	1	1.0
6	739	1	1.0
6	742	1	1.0
6	747	1	1.0
6	782	1	1.0
6	798	1	1.0
6	808	1	1.0
6	809	1	1.0
6	813	1	1.0
6	853	1	1.0
6	871	1	1.0
6	878	1	1.0
6	887	1	1.0
6	888	1	1.0
6	919	1	1.0
6	920	1	1.0
6	967	1	1.0
6	979	1	1.0
6	1010	1	1.0
6	1028	1	1.0
6	1079	1	1.0
6	1114	1	1.0
6	1115	1	1.0
6	1131	1	1.0
6	1175	1	1.0
6	1190	1	1.0
6	1206	1	1.0
6	1226	1	1.0
6	1297	1	1.0
6	1322	1	1.0
6	1352	1	1.0
6	1370	1	1.0
6	1386	1	1.0
6	1409	1	1.0
6	1410	1	1.0
6	1429	1	1.0
6	1444	1	1.0
6	1512	1	1.0
6	1568	1	1.0
6	1667	1	1.0
6	1711	1	1.0
6	1717	1	1.0
6	1756	1	1.0
6	1816	1	1.0
6	1839	1	1.0
6	1934	1	1.0
6	1977	1	1.0
6	1995	1	1.0
6	2000	1	1.0
6	2009	1	1.0
6	2106	1	1.0
6	2427	1	1.0
6	2508	1	1.0
6	2584	1	1.0
6	3948	1	1.0
6	4359	1	1.0
6	4360	1	1.0
6	4363	1	1.0
6	122	0	1.0
7	8	1	1.0
7	18	1	1.0
7	21	1	1.0
7	39	1	1.0
7	44	1	1.0
7	46	1	1.0
7	72	1	1.0
7	79	1	1.0
7	95	1	1.0
7	171	1	1.0
7	193	1	1.0
7	218	1	1.0
7	239	1	1.0
7	385	1	1.0
7	400	1	1.0
7	511	1	1.0
7	652	1	1.0
7	673	1	1.0
9	10	1	1.0
9	12	1	1.0
9	21	1	1.0
9	49	1	1.0
9	71	1	1.0
9	96	1	1.0
9	128	1	1.0
9	235	1	1.0
9	284	1	1.0
9	421	1	1.0
9	1397	1	1.0
9	1569	1	1.0
9	2348	1	1.0
9	2627	1	1.0
9	3068	1	1.0
9	3049	0	1.0
9	3050	0	1.0
9	3052	0	1.0
9	3053	0	1.0
10	15	1	1.0
10	23	1	1.0
10	36	1	1.0
10	44	1	1.0
10	51	1	1.0
10	66	1	1.0
10	70	1	1.0
10	81	1	1.0
10	166	1	1.0
10	198	1	1.0
10	428	1	1.0
10	539	1	1.0
10	570	1	1.0
10	797	1	1.0
10	1022	1	1.0
10	1023	1	1.0
10	1024	1	1.0
10	1025	1	1.0
10	1649	1	1.0
10	2099	1	1.0
11	17	1	1.0
11	521	1	1.0
11	565	1	1.0
11	675	1	1.0
11	786	1	1.0
11	1573	1	1.0
11	1670	1	1.0
11	1782	1	1.0
11	1793	1	1.0
12	17	1	1.0
12	36	1	1.0
12	44	1	1.0
12	70	1	1.0
12	79	1	1.0
12	166	1	1.0
12	176	1	1.0
12	2316	1	1.0
13	26	1	1.0
13	27	1	1.0
13	46	1	1.0
13	83	1	1.0
13	114	1	1.0
13	130	1	1.0
13	147	1	1.0
13	151	1	1.0
13	153	1	1.0
13	186	1	1.0
13	192	1	1.0
13	193	1	1.0
13	210	1	1.0
13	232	1	1.0
13	234	1	1.0
13	256	1	1.0
13	263	1	1.0
13	313	1	1.0
13	366	1	1.0
13	419	1	1.0
13	422	1	1.0
13	543	1	1.0
13	656	1	1.0
13	693	1	1.0
13	746	1	1.0
13	797	1	1.0
13	984	1	1.0
13	1175	1	1.0
13	2615	1	1.0
15	2176	1	1.0
15	3379	1	1.0
17	18	1	1.0
17	33	1	1.0
17	34	1	1.0
17	36	1	1.0
17	37	1	1.0
17	47	1	1.0
17	51	1	1.0
17	56	1	1.0
17	57	1	1.0
17	68	1	1.0
17	71	1	1.0
17	91	1	1.0
17	96	1	1.0
17	130	1	1.0
17	132	1	1.0
17	182	1	1.0
17	184	1	1.0
17	186	1	1.0
17	202	1	1.0
17	249	1	1.0
17	267	1	1.0
17	269	1	1.0
17	282	1	1.0
17	288	1	1.0
17	296	1	1.0
17	315	1	1.0
17	329	1	1.0
17	351	1	1.0
17	354	1	1.0
17	386	1	1.0
17	451	1	1.0
17	475	1	1.0
17	486	1	1.0
17	549	1	1.0
17	650	1	1.0
17	667	1	1.0
17	690	1	1.0
17	699	1	1.0
17	701	1	1.0
17	724	1	1.0
17	733	1	1.0
17	734	1	1.0
17	750	1	1.0
17	755	1	1.0
17	800	1	1.0
17	821	1	1.0
17	822	1	1.0
17	869	1	1.0
17	880	1	1.0
17	887	1	1.0
17	911	1	1.0
17	916	1	1.0
17	931	1	1.0
17	932	1	1.0
17	950	1	1.0
17	951	1	1.0
17	967	1	1.0
17	1022	1	1.0
17	1047	1	1.0
17	1079	1	1.0
17	1086	1	1.0
17	1092	1	1.0
17	1093	1	1.0
17	1096	1	1.0
17	1101	1	1.0
17	1112	1	1.0
17	1115	1	1.0
17	1124	1	1.0
17	1133	1	1.0
17	1134	1	1.0
17	1143	1	1.0
17	1149	1	1.0
17	1152	1	1.0
17	1153	1	1.0
17	1166	1	1.0
17	1171	1	1.0
17	1175	1	1.0
17	1182	1	1.0
17	1183	1	1.0
17	1191	1	1.0
17	1195	1	1.0
17	1204	1	1.0
17	1210	1	1.0
17	1212	1	1.0
17	1215	1	1.0
17	1216	1	1.0
17	1217	1	1.0
17	1222	1	1.0
17	1224	1	1.0
17	1225	1	1.0
17	1226	1	1.0
17	1228	1	1.0
17	1229	1	1.0
17	1230	1	1.0
17	1231	1	1.0
17	1237	1	1.0
17	1238	1	1.0
17	1240	1	1.0
17	1250	1	1.0
17	1254	1	1.0
17	1255	1	1.0
17	1259	1	1.0
17	1260	1	1.0
17	1261	1	1.0
17	1262	1	1.0
17	1267	1	1.0
17	1268	1	1.0
17	1271	1	1.0
17	1272	1	1.0
17	1277	1	1.0
17	1279	1	1.0
17	1288	1	1.0
17	1289	1	1.0
17	1295	1	1.0
17	1297	1	1.0
17	1305	1	1.0
17	1306	1	1.0
17	1308	1	1.0
17	1309	1	1.0
17	1312	1	1.0
17	1314	1	1.0
17	1315	1	1.0
17	1319	1	1.0
17	1322	1	1.0
17	1324	1	1.0
17	1325	1	1.0
17	1327	1	1.0
17	1328	1	1.0
17	1329	1	1.0
17	1340	1	1.0
17	1350	1	1.0
17	1351	1	1.0
17	1353	1	1.0
17	1357	1	1.0
17	1363	1	1.0
17	1367	1	1.0
17	1370	1	1.0
17	1373	1	1.0
17	1375	1	1.0
17	1383	1	1.0
17	1385	1	1.0
17	1386	1	1.0
17	1394	1	1.0
17	1398	1	1.0
17	1399	1	1.0
17	1401	1	1.0
17	1402	1	1.0
17	1403	1	1.0
17	1404	1	1.0
17	1409	1	1.0
17	1415	1	1.0
17	1416	1	1.0
17	1421	1	1.0
17	1434	1	1.0
17	1438	1	1.0
17	1442	1	1.0
17	1444	1	1.0
17	1448	1	1.0
17	1455	1	1.0
17	1458	1	1.0
17	1463	1	1.0
17	1464	1	1.0
17	1470	1	1.0
17	1471	1	1.0
17	1489	1	1.0
17	1490	1	1.0
17	1507	1	1.0
17	1509	1	1.0
17	1512	1	1.0
17	1516	1	1.0
17	1517	1	1.0
17	1520	1	1.0
17	1524	1	1.0
17	1527	1	1.0
17	1529	1	1.0
17	1531	1	1.0
17	1532	1	1.0
17	1540	1	1.0
17	1549	1	1.0
17	1551	1	1.0
17	1553	1	1.0
17	1567	1	1.0
17	1576	1	1.0
17	1584	1	1.0
17	1588	1	1.0
17	1596	1	1.0
17	1599	1	1.0
17	1600	1	1.0
17	1601	1	1.0
17	1606	1	1.0
17	1613	1	1.0
17	1614	1	1.0
17	1616	1	1.0
17	1617	1	1.0
17	1621	1	1.0
17	1623	1	1.0
17	1624	1	1.0
17	1628	1	1.0
17	1636	1	1.0
17	1641	1	1.0
17	1644	1	1.0
17	1645	1	1.0
17	1646	1	1.0
17	1647	1	1.0
17	1650	1	1.0
17	1652	1	1.0
17	1657	1	1.0
17	1658	1	1.0
17	1660	1	1.0
17	1663	1	1.0
17	1664	1	1.0
17	1666	1	1.0
17	1668	1	1.0
17	1678	1	1.0
17	1682	1	1.0
17	1687	1	1.0
17	1688	1	1.0
17	1703	1	1.0
17	1706	1	1.0
17	1713	1	1.0
17	1721	1	1.0
17	1736	1	1.0
17	1739	1	1.0
17	1766	1	1.0
17	1771	1	1.0
17	1772	1	1.0
17	1774	1	1.0
17	1776	1	1.0
17	1780	1	1.0
17	1783	1	1.0
17	1794	1	1.0
17	1813	1	1.0
17	1814	1	1.0
17	1818	1	1.0
17	1827	1	1.0
17	1828	1	1.0
17	1829	1	1.0
17	1846	1	1.0
17	1852	1	1.0
17	1872	1	1.0
17	1873	1	1.0
17	1883	1	1.0
17	1885	1	1.0
17	1913	1	1.0
17	1916	1	1.0
17	1919	1	1.0
17	1928	1	1.0
17	1929	1	1.0
17	1930	1	1.0
17	1943	1	1.0
17	1944	1	1.0
17	1949	1	1.0
17	1959	1	1.0
17	1966	1	1.0
17	1976	1	1.0
17	1977	1	1.0
17	1987	1	1.0
17	1991	1	1.0
17	1994	1	1.0
17	1996	1	1.0
17	2003	1	1.0
17	2020	1	1.0
17	2025	1	1.0
17	2026	1	1.0
17	2035	1	1.0
17	2037	1	1.0
17	2038	1	1.0
17	2040	1	1.0
17	2047	1	1.0
17	2048	1	1.0
17	2052	1	1.0
17	2058	1	1.0
17	2062	1	1.0
17	2063	1	1.0
17	2067	1	1.0
17	2073	1	1.0
17	2074	1	1.0
17	2082	1	1.0
17	2084	1	1.0
17	2088	1	1.0
17	2098	1	1.0
17	2100	1	1.0
17	2101	1	1.0
17	2104	1	1.0
17	2119	1	1.0
17	2123	1	1.0
17	2127	1	1.0
17	2129	1	1.0
17	2142	1	1.0
17	2144	1	1.0
17	2150	1	1.0
17	2152	1	1.0
17	2155	1	1.0
17	2156	1	1.0
17	2157	1	1.0
17	2158	1	1.0
17	2169	1	1.0
17	2170	1	1.0
17	2171	1	1.0
17	2194	1	1.0
17	2197	1	1.0
17	2198	1	1.0
17	2202	1	1.0
17	2221	1	1.0
17	2225	1	1.0
17	2242	1	1.0
17	2245	1	1.0
17	2253	1	1.0
17	2265	1	1.0
17	2277	1	1.0
17	2283	1	1.0
17	2288	1	1.0
17	2291	1	1.0
17	2292	1	1.0
17	2295	1	1.0
17	2297	1	1.0
17	2300	1	1.0
17	2301	1	1.0
17	2303	1	1.0
17	2304	1	1.0
17	2306	1	1.0
17	2310	1	1.0
17	2315	1	1.0
17	2320	1	1.0
17	2330	1	1.0
17	2331	1	1.0
17	2332	1	1.0
17	2338	1	1.0
17	2339	1	1.0
17	2344	1	1.0
17	2347	1	1.0
17	2350	1	1.0
17	2371	1	1.0
17	2374	1	1.0
17	2402	1	1.0
17	2415	1	1.0
17	2416	1	1.0
17	2427	1	1.0
17	2429	1	1.0
17	2436	1	1.0
17	2440	1	1.0
17	2441	1	1.0
17	2443	1	1.0
17	2445	1	1.0
17	2448	1	1.0
17	2449	1	1.0
17	2451	1	1.0
17	2454	1	1.0
17	2455	1	1.0
17	2458	1	1.0
17	2459	1	1.0
17	2470	1	1.0
17	2472	1	1.0
17	2485	1	1.0
17	2486	1	1.0
17	2491	1	1.0
17	2501	1	1.0
17	2503	1	1.0
17	2504	1	1.0
17	2509	1	1.0
17	2511	1	1.0
17	2517	1	1.0
17	2520	1	1.0
17	2542	1	1.0
17	2547	1	1.0
17	2550	1	1.0
17	2551	1	1.0
17	2552	1	1.0
17	2555	1	1.0
17	2558	1	1.0
17	2559	1	1.0
17	2564	1	1.0
17	2566	1	1.0
17	2570	1	1.0
17	2578	1	1.0
17	2579	1	1.0
17	2580	1	1.0
17	2585	1	1.0
17	2592	1	1.0
17	2593	1	1.0
17	2594	1	1.0
17	2595	1	1.0
17	2597	1	1.0
17	2611	1	1.0
17	2612	1	1.0
17	2616	1	1.0
17	2618	1	1.0
17	2620	1	1.0
17	2621	1	1.0
17	2622	1	1.0
17	2623	1	1.0
17	2632	1	1.0
17	2633	1	1.0
17	2643	1	1.0
17	2662	1	1.0
17	2663	1	1.0
17	2666	1	1.0
17	2677	1	1.0
17	2678	1	1.0
17	2679	1	1.0
17	2680	1	1.0
17	2687	1	1.0
17	2692	1	1.0
17	2693	1	1.0
17	2700	1	1.0
17	2708	1	1.0
17	2709	1	1.0
17	2716	1	1.0
17	2736	1	1.0
17	2737	1	1.0
17	2738	1	1.0
17	2749	1	1.0
17	2752	1	1.0
17	2758	1	1.0
17	2764	1	1.0
17	2770	1	1.0
17	2772	1	1.0
17	2775	1	1.0
17	2776	1	1.0
17	2777	1	1.0
17	2784	1	1.0
17	2785	1	1.0
17	2790	1	1.0
17	2794	1	1.0
17	2799	1	1.0
17	2800	1	1.0
17	2801	1	1.0
17	2808	1	1.0
17	2811	1	1.0
17	2812	1	1.0
17	2824	1	1.0
17	2827	1	1.0
17	2830	1	1.0
17	2833	1	1.0
17	2843	1	1.0
17	2845	1	1.0
17	2847	1	1.0
17	2848	1	1.0
17	2853	1	1.0
17	2862	1	1.0
17	2863	1	1.0
17	2864	1	1.0
17	2865	1	1.0
17	2902	1	1.0
17	2903	1	1.0
17	2909	1	1.0
17	2911	1	1.0
17	2917	1	1.0
17	2928	1	1.0
17	2933	1	1.0
17	2934	1	1.0
17	2935	1	1.0
17	2936	1	1.0
17	2937	1	1.0
17	2947	1	1.0
17	2948	1	1.0
17	2949	1	1.0
17	2950	1	1.0
17	2951	1	1.0
17	2961	1	1.0
17	2970	1	1.0
17	2973	1	1.0
17	2982	1	1.0
17	2992	1	1.0
17	2993	1	1.0
17	2994	1	1.0
17	2995	1	1.0
17	2998	1	1.0
17	3016	1	1.0
17	3017	1	1.0
17	3018	1	1.0
17	3023	1	1.0
17	3029	1	1.0
17	3034	1	1.0
17	3035	1	1.0
17	3036	1	1.0
17	3037	1	1.0
17	3043	1	1.0
17	3047	1	1.0
17	3051	1	1.0
17	3056	1	1.0
17	3061	1	1.0
17	3062	1	1.0
17	3085	1	1.0
17	3086	1	1.0
17	3089	1	1.0
17	3091	1	1.0
17	3095	1	1.0
17	3097	1	1.0
17	3098	1	1.0
17	3100	1	1.0
17	3103	1	1.0
17	3104	1	1.0
17	3106	1	1.0
17	3128	1	1.0
17	3146	1	1.0
17	3155	1	1.0
17	3167	1	1.0
17	3168	1	1.0
17	3169	1	1.0
17	3172	1	1.0
17	3182	1	1.0
17	3190	1	1.0
17	3199	1	1.0
17	3200	1	1.0
17	3207	1	1.0
17	3208	1	1.0
17	3215	1	1.0
17	3220	1	1.0
17	3222	1	1.0
17	3233	1	1.0
17	3249	1	1.0
17	3262	1	1.0
17	3263	1	1.0
17	3264	1	1.0
17	3265	1	1.0
17	3266	1	1.0
17	3271	1	1.0
17	3272	1	1.0
17	3279	1	1.0
17	3283	1	1.0
17	3292	1	1.0
17	3303	1	1.0
17	3307	1	1.0
17	3317	1	1.0
17	3378	1	1.0
17	3381	1	1.0
17	3386	1	1.0
17	3387	1	1.0
17	3388	1	1.0
17	3391	1	1.0
17	3396	1	1.0
17	3416	1	1.0
17	3422	1	1.0
17	3430	1	1.0
17	3437	1	1.0
17	3439	1	1.0
17	3445	1	1.0
17	3462	1	1.0
17	3475	1	1.0
17	3480	1	1.0
17	3483	1	1.0
17	3490	1	1.0
17	3491	1	1.0
17	3492	1	1.0
17	3501	1	1.0
17	3508	1	1.0
17	3551	1	1.0
17	3552	1	1.0
17	3562	1	1.0
17	3564	1	1.0
17	3571	1	1.0
17	3575	1	1.0
17	3594	1	1.0
17	3599	1	1.0
17	3609	1	1.0
17	3610	1	1.0
17	3620	1	1.0
17	3624	1	1.0
17	3630	1	1.0
17	3642	1	1.0
17	3649	1	1.0
17	3650	1	1.0
17	3656	1	1.0
17	3659	1	1.0
17	3663	1	1.0
17	3683	1	1.0
17	3685	1	1.0
17	3690	1	1.0
17	3710	1	1.0
17	3711	1	1.0
17	3712	1	1.0
17	3713	1	1.0
17	3715	1	1.0
17	3716	1	1.0
17	3737	1	1.0
17	3740	1	1.0
17	3770	1	1.0
17	3776	1	1.0
17	3803	1	1.0
17	3807	1	1.0
17	3808	1	1.0
17	3809	1	1.0
17	3820	1	1.0
17	3822	1	1.0
17	3830	1	1.0
17	3845	1	1.0
17	3846	1	1.0
17	3850	1	1.0
17	3856	1	1.0
17	3857	1	1.0
17	3861	1	1.0
17	3865	1	1.0
17	3866	1	1.0
17	3873	1	1.0
17	3877	1	1.0
17	3878	1	1.0
17	3887	1	1.0
17	3888	1	1.0
17	3889	1	1.0
17	3895	1	1.0
17	3904	1	1.0
17	3927	1	1.0
17	3961	1	1.0
17	3971	1	1.0
17	3972	1	1.0
17	3981	1	1.0
17	3987	1	1.0
17	4006	1	1.0
17	4010	1	1.0
17	4011	1	1.0
17	4013	1	1.0
17	4014	1	1.0
17	4026	1	1.0
17	4027	1	1.0
17	4028	1	1.0
17	4029	1	1.0
17	4036	1	1.0
17	4047	1	1.0
17	4063	1	1.0
17	4064	1	1.0
17	4067	1	1.0
17	4095	1	1.0
17	4100	1	1.0
17	4101	1	1.0
17	4102	1	1.0
17	4103	1	1.0
17	4105	1	1.0
17	4106	1	1.0
17	4118	1	1.0
17	4119	1	1.0
17	4172	1	1.0
17	4191	1	1.0
17	4196	1	1.0
17	4202	1	1.0
17	4203	1	1.0
17	4204	1	1.0
17	4210	1	1.0
17	4211	1	1.0
17	4221	1	1.0
17	4228	1	1.0
17	4229	1	1.0
17	4246	1	1.0
17	4294	1	1.0
17	4295	1	1.0
17	4349	1	1.0
17	4365	1	1.0
17	4378	1	1.0
17	4394	1	1.0
17	4399	1	1.0
17	4400	1	1.0
17	4412	1	1.0
17	4419	1	1.0
17	4420	1	1.0
17	4421	1	1.0
17	4441	1	1.0
17	4442	1	1.0
17	4460	1	1.0
17	4461	1	1.0
17	4471	1	1.0
17	4473	1	1.0
17	4483	1	1.0
17	4485	1	1.0
17	4490	1	1.0
17	4497	1	1.0
17	4501	1	1.0
17	4526	1	1.0
17	4527	1	1.0
17	4552	1	1.0
17	4558	1	1.0
17	4559	1	1.0
17	4565	1	1.0
17	4569	1	1.0
17	4584	1	1.0
17	4589	1	1.0
17	4590	1	1.0
17	4605	1	1.0
17	4610	1	1.0
17	4616	1	1.0
17	4622	1	1.0
17	4630	1	1.0
17	4631	1	1.0
17	4637	1	1.0
17	4641	1	1.0
17	4642	1	1.0
17	4648	1	1.0
17	4655	1	1.0
17	4658	1	1.0
17	4660	1	1.0
17	4661	1	1.0
17	4667	1	1.0
17	4668	1	1.0
17	4676	1	1.0
17	4678	1	1.0
17	4682	1	1.0
17	4683	1	1.0
17	4686	1	1.0
17	4687	1	1.0
17	4689	1	1.0
17	4691	1	1.0
17	4696	1	1.0
17	4698	1	1.0
17	4710	1	1.0
17	4711	1	1.0
17	4713	1	1.0
17	4715	1	1.0
17	4717	1	1.0
17	4718	1	1.0
17	4719	1	1.0
17	4722	1	1.0
17	4723	1	1.0
17	4724	1	1.0
17	4725	1	1.0
17	4728	1	1.0
17	4736	1	1.0
17	4748	1	1.0
17	4749	1	1.0
17	4753	1	1.0
17	4764	1	1.0
17	4765	1	1.0
17	4766	1	1.0
17	4768	1	1.0
17	4778	1	1.0
17	4780	1	1.0
17	4781	1	1.0
17	4782	1	1.0
17	4785	1	1.0
17	4786	1	1.0
17	1169	0	1.0
17	1731	0	1.0
17	2164	0	1.0
17	3174	0	1.0
17	4180	0	1.0
17	4776	0	1.0
18	19	1	1.0
18	24	1	1.0
18	30	1	1.0
18	45	1	1.0
18	60	1	1.0
18	144	1	1.0
18	176	1	1.0
18	296	1	1.0
18	386	1	1.0
18	394	1	1.0
18	563	1	1.0
18	701	1	1.0
18	1022	1	1.0
18	1033	1	1.0
18	1218	1	1.0
18	1221	1	1.0
18	1323	1	1.0
18	1329	1	1.0
18	1370	1	1.0
18	1403	1	1.0
18	1475	1	1.0
18	1485	1	1.0
18	1486	1	1.0
18	1537	1	1.0
18	1539	1	1.0
18	1548	1	1.0
18	1550	1	1.0
18	1558	1	1.0
18	1634	1	1.0
18	1740	1	1.0
18	2804	1	1.0
18	2916	1	1.0
19	20	1	1.0
19	44	1	1.0
19	88	1	1.0
19	95	1	1.0
19	176	1	1.0
19	231	1	1.0
19	565	1	1.0
19	681	1	1.0
19	2482	1	1.0
20	21	1	1.0
21	22	1	1.0
21	36	1	1.0
21	44	1	1.0
21	67	1	1.0
21	71	1	1.0
21	72	1	1.0
21	91	1	1.0
21	96	1	1.0
21	110	1	1.0
21	160	1	1.0
21	176	1	1.0
21	181	1	1.0
21	229	1	1.0
21	239	1	1.0
21	315	1	1.0
21	526	1	1.0
21	705	1	1.0
21	1022	1	1.0
21	659	0	1.0
22	28	1	1.0
22	29	1	1.0
22	114	1	1.0
22	119	1	1.0
22	162	1	1.0
22	243	1	1.0
22	246	1	1.0
22	328	1	1.0
22	572	1	1.0
23	42	1	1.0
23	252	1	1.0
23	446	1	1.0
23	554	1	1.0
23	615	1	1.0
23	759	1	1.0
23	2492	1	1.0
26	51	1	1.0
26	57	1	1.0
26	132	1	1.0
26	290	1	1.0
26	308	1	1.0
26	344	1	1.0
26	345	1	1.0
26	438	1	1.0
26	887	1	1.0
26	1281	1	1.0
26	1883	1	1.0
26	2504	1	1.0
26	2806	1	1.0
26	2906	1	1.0
26	3448	1	1.0
26	3624	1	1.0
26	4096	1	1.0
26	4196	1	1.0
26	4213	1	1.0
26	4666	1	1.0
26	4713	1	1.0
26	4736	1	1.0
26	4751	1	1.0
26	4768	1	1.0
29	76	1	1.0
30	37	1	1.0
30	41	1	1.0
30	42	1	1.0
30	46	1	1.0
30	50	1	1.0
30	51	1	1.0
30	52	1	1.0
30	54	1	1.0
30	63	1	1.0
30	68	1	1.0
30	79	1	1.0
30	85	1	1.0
30	87	1	1.0
30	88	1	1.0
30	94	1	1.0
30	97	1	1.0
30	102	1	1.0
30	106	1	1.0
30	107	1	1.0
30	110	1	1.0
30	111	1	1.0
30	117	1	1.0
30	143	1	1.0
30	144	1	1.0
30	168	1	1.0
30	193	1	1.0
30	200	1	1.0
30	234	1	1.0
30	273	1	1.0
30	283	1	1.0
30	437	1	1.0
30	439	1	1.0
30	599	1	1.0
30	652	1	1.0
30	721	1	1.0
30	887	1	1.0
30	888	1	1.0
30	1022	1	1.0
30	1114	1	1.0
30	1115	1	1.0
30	1116	1	1.0
30	1143	1	1.0
30	1167	1	1.0
30	1175	1	1.0
30	1177	1	1.0
30	1192	1	1.0
30	1200	1	1.0
30	1214	1	1.0
30	1226	1	1.0
30	1253	1	1.0
30	1265	1	1.0
30	1273	1	1.0
30	1280	1	1.0
30	1287	1	1.0
30	1329	1	1.0
30	1335	1	1.0
30	1344	1	1.0
30	1374	1	1.0
30	1388	1	1.0
30	1520	1	1.0
30	1589	1	1.0
30	1711	1	1.0
30	1715	1	1.0
30	1729	1	1.0
30	1774	1	1.0
30	2042	1	1.0
30	2267	1	1.0
30	2319	1	1.0
30	2552	1	1.0
30	2666	1	1.0
30	2679	1	1.0
30	2700	1	1.0
30	2782	1	1.0
30	2798	1	1.0
30	2821	1	1.0
30	3100	1	1.0
30	3379	1	1.0
30	3437	1	1.0
30	3490	1	1.0
30	3681	1	1.0
30	3709	1	1.0
30	4759	1	1.0
32	44	1	1.0
32	67	1	1.0
32	70	1	1.0
32	95	1	1.0
34	46	1	1.0
34	72	1	1.0
34	144	1	1.0
36	49	1	1.0
36	59	1	1.0
36	71	1	1.0
37	56	1	1.0
37	57	1	1.0
37	1370	1	1.0
39	79	1	1.0
39	81	1	1.0
39	554	1	1.0
39	792	1	1.0
39	975	1	1.0
39	1996	1	1.0
41	42	1	1.0
41	58	1	1.0
42	48	1	1.0
42	51	1	1.0
42	55	1	1.0
42	70	1	1.0
42	90	1	1.0
42	96	1	1.0
42	109	1	1.0
42	110	1	1.0
42	130	1	1.0
42	134	1	1.0
42	144	1	1.0
42	175	1	1.0
42	176	1	1.0
42	187	1	1.0
42	192	1	1.0
42	205	1	1.0
42	208	1	1.0
42	209	1	1.0
42	222	1	1.0
42	231	1	1.0
42	234	1	1.0
42	240	1	1.0
42	244	1	1.0
42	245	1	1.0
42	267	1	1.0
42	269	1	1.0
42	303	1	1.0
42	310	1	1.0
42	316	1	1.0
42	333	1	1.0
42	368	1	1.0
42	382	1	1.0
42	383	1	1.0
42	386	1	1.0
42	396	1	1.0
42	397	1	1.0
42	414	1	1.0
42	417	1	1.0
42	438	1	1.0
42	440	1	1.0
42	446	1	1.0
42	447	1	1.0
42	464	1	1.0
42	499	1	1.0
42	500	1	1.0
42	527	1	1.0
42	534	1	1.0
42	544	1	1.0
42	602	1	1.0
42	606	1	1.0
42	646	1	1.0
42	742	1	1.0
42	762	1	1.0
42	915	1	1.0
42	926	1	1.0
42	1226	1	1.0
42	1249	1	1.0
42	1344	1	1.0
42	2545	1	1.0
42	2897	1	1.0
42	3029	1	1.0
42	3038	1	1.0
42	953	0	1.0
42	954	0	1.0
42	957	0	1.0
42	959	0	1.0
43	68	1	1.0
44	46	1	1.0
44	70	1	1.0
44	71	1	1.0
44	78	1	1.0
44	82	1	1.0
44	192	1	1.0
44	201	1	1.0
44	239	1	1.0
44	267	1	1.0
44	301	1	1.0
44	1433	1	1.0
45	46	1	1.0
45	71	1	1.0
45	74	1	1.0
45	79	1	1.0
45	93	1	1.0
45	96	1	1.0
46	51	1	1.0
46	53	1	1.0
46	60	1	1.0
46	66	1	1.0
46	70	1	1.0
46	90	1	1.0
46	94	1	1.0
46	104	1	1.0
46	115	1	1.0
46	121	1	1.0
46	125	1	1.0
46	136	1	1.0
46	138	1	1.0
46	139	1	1.0
46	141	1	1.0
46	144	1	1.0
46	146	1	1.0
46	149	1	1.0
46	153	1	1.0
46	154	1	1.0
46	155	1	1.0
46	157	1	1.0
46	158	1	1.0
46	160	1	1.0
46	161	1	1.0
46	164	1	1.0
46	165	1	1.0
46	166	1	1.0
46	169	1	1.0
46	179	1	1.0
46	180	1	1.0
46	185	1	1.0
46	186	1	1.0
46	188	1	1.0
46	189	1	1.0
46	191	1	1.0
46	193	1	1.0
46	196	1	1.0
46	199	1	1.0
46	200	1	1.0
46	201	1	1.0
46	204	1	1.0
46	206	1	1.0
46	209	1	1.0
46	212	1	1.0
46	214	1	1.0
46	215	1	1.0
46	219	1	1.0
46	230	1	1.0
46	235	1	1.0
46	248	1	1.0
46	265	1	1.0
46	274	1	1.0
46	275	1	1.0
46	314	1	1.0
46	333	1	1.0
46	416	1	1.0
46	882	1	1.0
46	887	1	1.0
46	1175	1	1.0
48	49	1	1.0
48	91	1	1.0
48	96	1	1.0
48	108	1	1.0
48	178	1	1.0
48	220	1	1.0
48	307	1	1.0
48	773	1	1.0
48	915	1	1.0
48	1157	1	1.0
48	1188	1	1.0
48	1193	1	1.0
49	65	1	1.0
49	91	1	1.0
49	95	1	1.0
49	96	1	1.0
51	57	1	1.0
51	60	1	1.0
51	66	1	1.0
51	68	1	1.0
51	69	1	1.0
51	79	1	1.0
51	81	1	1.0
51	96	1	1.0
51	99	1	1.0
51	114	1	1.0
51	120	1	1.0
51	134	1	1.0
51	135	1	1.0
51	136	1	1.0
51	141	1	1.0
51	144	1	1.0
51	193	1	1.0
51	227	1	1.0
51	252	1	1.0
51	272	1	1.0
51	320	1	1.0
51	359	1	1.0
51	385	1	1.0
51	393	1	1.0
51	435	1	1.0
51	597	1	1.0
51	630	1	1.0
51	636	1	1.0
51	742	1	1.0
51	747	1	1.0
51	769	1	1.0
51	888	1	1.0
51	1175	1	1.0
51	1241	1	1.0
51	1265	1	1.0
51	1318	1	1.0
51	1386	1	1.0
51	1397	1	1.0
51	1719	1	1.0
51	1912	1	1.0
51	3222	1	1.0
51	3379	1	1.0
51	3462	1	1.0
51	3493	1	1.0
51	3610	1	1.0
51	3718	1	1.0
51	4649	1	1.0
51	122	0	1.0
56	190	1	1.0
56	315	1	1.0
56	782	1	1.0
56	790	1	1.0
56	1217	1	1.0
57	64	1	1.0
57	65	1	1.0
57	70	1	1.0
57	95	1	1.0
57	128	1	1.0
57	1397	1	1.0
57	1729	1	1.0
57	1943	1	1.0
57	1990	1	1.0
57	2354	1	1.0
57	2398	1	1.0
57	2426	1	1.0
57	2806	1	1.0
57	3100	1	1.0
57	3160	1	1.0
57	3493	1	1.0
57	3632	1	1.0
57	4110	1	1.0
57	4196	1	1.0
57	4463	1	1.0
57	4637	1	1.0
57	4638	1	1.0
57	4664	1	1.0
58	748	1	1.0
58	977	1	1.0
60	61	1	1.0
60	458	1	1.0
60	1274	1	1.0
61	62	1	1.0
61	84	1	1.0
61	165	1	1.0
61	346	1	1.0
61	1071	1	1.0
63	193	1	1.0
66	82	1	1.0
66	210	1	1.0
67	885	1	1.0
67	996	1	1.0
68	70	1	1.0
68	84	1	1.0
68	90	1	1.0
68	91	1	1.0
68	101	1	1.0
69	393	1	1.0
70	71	1	1.0
70	95	1	1.0
70	117	1	1.0
70	160	1	1.0
70	171	1	1.0
70	650	1	1.0
70	1147	1	1.0
70	1255	1	1.0
70	1291	1	1.0
70	1433	1	1.0
70	1788	1	1.0
70	2103	1	1.0
70	2489	1	1.0
71	341	1	1.0
71	549	1	1.0
71	1009	1	1.0
71	1397	1	1.0
71	1465	1	1.0
71	1639	1	1.0
71	1905	1	1.0
71	2930	1	1.0
71	3146	1	1.0
71	3656	1	1.0
71	4120	1	1.0
71	4298	1	1.0
71	4416	1	1.0
71	4423	1	1.0
71	4434	1	1.0
71	4440	1	1.0
71	4446	1	1.0
71	4484	1	1.0
71	4504	1	1.0
71	4681	1	1.0
71	4733	0	1.0
72	93	1	1.0
72	96	1	1.0
72	179	1	1.0
72	3553	1	1.0
73	75	1	1.0
73	339	1	1.0
75	79	1	1.0
75	144	1	1.0
76	96	1	1.0
76	1175	1	1.0
76	1249	1	1.0
76	1726	1	1.0
79	81	1	1.0
79	84	1	1.0
79	86	1	1.0
79	89	1	1.0
79	90	1	1.0
79	96	1	1.0
79	98	1	1.0
79	102	1	1.0
79	106	1	1.0
79	112	1	1.0
79	124	1	1.0
79	125	1	1.0
79	144	1	1.0
79	153	1	1.0
79	210	1	1.0
79	384	1	1.0
79	643	1	1.0
79	714	1	1.0
81	82	1	1.0
81	83	1	1.0
81	103	1	1.0
81	109	1	1.0
81	114	1	1.0
81	116	1	1.0
81	145	1	1.0
81	179	1	1.0
81	226	1	1.0
81	245	1	1.0
81	357	1	1.0
81	421	1	1.0
81	451	1	1.0
81	565	1	1.0
81	572	1	1.0
81	575	1	1.0
81	888	1	1.0
81	900	1	1.0
81	1090	1	1.0
81	1135	1	1.0
81	1175	1	1.0
81	1505	1	1.0
81	2806	1	1.0
81	3029	1	1.0
81	3160	1	1.0
81	3291	1	1.0
81	3296	1	1.0
81	3411	1	1.0
81	3462	1	1.0
82	114	1	1.0
82	775	1	1.0
82	1175	1	1.0
83	91	1	1.0
83	98	1	1.0
83	110	1	1.0
83	121	1	1.0
83	124	1	1.0
83	131	1	1.0
83	137	1	1.0
83	144	1	1.0
83	149	1	1.0
83	155	1	1.0
83	160	1	1.0
83	181	1	1.0
83	233	1	1.0
83	234	1	1.0
83	240	1	1.0
83	243	1	1.0
83	269	1	1.0
83	271	1	1.0
83	363	1	1.0
83	437	1	1.0
83	648	1	1.0
83	667	1	1.0
83	887	1	1.0
83	1115	1	1.0
83	1143	1	1.0
83	1175	1	1.0
83	1226	1	1.0
83	1231	1	1.0
83	1344	1	1.0
83	1397	1	1.0
83	1527	1	1.0
83	1559	1	1.0
83	1649	1	1.0
83	1654	1	1.0
83	1669	1	1.0
83	1689	1	1.0
83	1726	1	1.0
83	1823	1	1.0
83	2099	1	1.0
83	2145	1	1.0
83	2427	1	1.0
83	2584	1	1.0
83	2946	1	1.0
83	2953	1	1.0
83	3216	1	1.0
83	3222	1	1.0
83	3431	1	1.0
83	3437	1	1.0
83	3448	1	1.0
83	3669	1	1.0
83	3674	1	1.0
83	4492	1	1.0
83	4754	1	1.0
83	122	0	1.0
83	1091	0	1.0
83	1643	0	1.0
83	2199	0	1.0
83	2488	0	1.0
83	2698	0	1.0
83	3423	0	1.0
83	4467	0	1.0
84	88	1	1.0
84	144	1	1.0
84	269	1	1.0
84	295	1	1.0
84	296	1	1.0
84	357	1	1.0
84	451	1	1.0
84	1332	0	1.0
88	130	1	1.0
88	144	1	1.0
88	188	1	1.0
88	192	1	1.0
88	209	1	1.0
88	211	1	1.0
88	219	1	1.0
88	379	1	1.0
88	392	1	1.0
88	1781	1	1.0
88	1823	1	1.0
88	1933	1	1.0
88	2304	1	1.0
88	3556	1	1.0
88	2307	0	1.0
89	144	1	1.0
89	848	1	1.0
90	91	1	1.0
90	113	1	1.0
90	145	1	1.0
90	248	1	1.0
90	433	1	1.0
91	99	1	1.0
91	116	1	1.0
91	127	1	1.0
91	137	1	1.0
91	144	1	1.0
91	288	1	1.0
91	299	1	1.0
91	301	1	1.0
91	649	1	1.0
91	902	1	1.0
91	1472	1	1.0
91	2042	1	1.0
91	3680	1	1.0
93	1093	1	1.0
93	1114	1	1.0
93	3029	1	1.0
93	3096	1	1.0
93	3175	1	1.0
93	3197	1	1.0
93	3230	1	1.0
93	3240	1	1.0
93	3349	1	1.0
93	3352	1	1.0
94	126	1	1.0
94	294	1	1.0
94	312	1	1.0
95	234	1	1.0
95	1278	1	1.0
95	1480	1	1.0
95	1589	1	1.0
95	3457	1	1.0
95	4215	1	1.0
96	97	1	1.0
96	110	1	1.0
96	116	1	1.0
96	149	1	1.0
96	157	1	1.0
96	175	1	1.0
96	201	1	1.0
96	240	1	1.0
96	339	1	1.0
96	357	1	1.0
96	435	1	1.0
96	486	1	1.0
96	723	1	1.0
96	1089	1	1.0
96	1175	1	1.0
96	1226	1	1.0
96	1370	1	1.0
96	122	0	1.0
97	417	1	1.0
97	615	1	1.0
98	100	1	1.0
98	109	1	1.0
98	173	1	1.0
98	432	1	1.0
98	528	1	1.0
98	850	1	1.0
99	144	1	1.0
99	192	1	1.0
101	1825	1	1.0
103	109	1	1.0
103	144	1	1.0
104	606	1	1.0
104	1952	1	1.0
105	120	1	1.0
107	180	1	1.0
107	246	1	1.0
107	311	1	1.0
107	320	1	1.0
107	366	1	1.0
107	1175	1	1.0
109	123	1	1.0
109	147	1	1.0
109	192	1	1.0
109	308	1	1.0
109	430	1	1.0
109	432	1	1.0
110	152	1	1.0
110	160	1	1.0
110	181	1	1.0
110	187	1	1.0
110	396	1	1.0
110	1226	1	1.0
112	2932	1	1.0
114	161	1	1.0
114	171	1	1.0
114	205	1	1.0
114	209	1	1.0
114	217	1	1.0
114	240	1	1.0
114	252	1	1.0
114	261	1	1.0
114	290	1	1.0
114	296	1	1.0
114	311	1	1.0
114	387	1	1.0
114	396	1	1.0
114	419	1	1.0
114	451	1	1.0
114	524	1	1.0
114	586	1	1.0
114	786	1	1.0
114	839	1	1.0
114	1175	1	1.0
114	1437	1	1.0
114	1506	1	1.0
114	1579	1	1.0
114	1781	1	1.0
114	1790	1	1.0
114	1794	1	1.0
114	1815	1	1.0
114	1905	1	1.0
114	2000	1	1.0
114	2029	1	1.0
114	2277	1	1.0
114	2295	1	1.0
114	2427	1	1.0
114	2467	1	1.0
114	2487	1	1.0
114	2634	1	1.0
117	1344	1	1.0
119	144	1	1.0
119	159	1	1.0
120	193	1	1.0
120	252	1	1.0
120	536	1	1.0
120	606	1	1.0
120	682	1	1.0
120	1617	1	1.0
121	124	1	1.0
121	139	1	1.0
121	290	1	1.0
121	303	1	1.0
121	410	1	1.0
121	571	1	1.0
121	742	1	1.0
121	750	1	1.0
121	786	1	1.0
121	877	1	1.0
121	884	1	1.0
121	886	1	1.0
121	887	1	1.0
121	994	1	1.0
121	1175	1	1.0
121	1226	1	1.0
121	1231	1	1.0
121	1241	1	1.0
121	1437	1	1.0
121	1494	1	1.0
121	1496	1	1.0
121	1511	1	1.0
121	1517	1	1.0
121	2000	1	1.0
121	2976	1	1.0
121	3068	1	1.0
121	3083	1	1.0
122	142	0	1.0
123	147	1	1.0
123	338	1	1.0
123	1977	1	1.0
123	2001	1	1.0
123	2852	1	1.0
124	127	1	1.0
124	363	1	1.0
125	209	1	1.0
125	212	1	1.0
125	222	1	1.0
125	286	1	1.0
125	375	1	1.0
125	476	1	1.0
125	477	1	1.0
125	481	1	1.0
125	494	1	1.0
125	495	1	1.0
125	496	1	1.0
125	501	1	1.0
125	506	1	1.0
125	515	1	1.0
125	535	1	1.0
125	548	1	1.0
125	608	1	1.0
127	130	1	1.0
128	329	1	1.0
128	332	1	1.0
128	435	1	1.0
128	601	1	1.0
128	1115	1	1.0
128	1226	1	1.0
128	1344	1	1.0
128	1377	1	1.0
128	1391	1	1.0
128	1459	1	1.0
128	1505	1	1.0
128	1570	1	1.0
128	1710	1	1.0
128	1711	1	1.0
128	3709	1	1.0
128	1656	0	1.0
129	141	1	1.0
130	206	1	1.0
130	234	1	1.0
130	288	1	1.0
130	366	1	1.0
130	384	1	1.0
130	1193	1	1.0
132	144	1	1.0
132	252	1	1.0
132	519	1	1.0
132	887	1	1.0
132	1393	1	1.0
132	1397	1	1.0
132	1562	1	1.0
132	2426	1	1.0
132	2552	1	1.0
132	2806	1	1.0
132	3100	1	1.0
132	3146	1	1.0
132	3437	1	1.0
132	3698	1	1.0
132	4378	1	1.0
132	4464	1	1.0
132	4713	1	1.0
132	4767	1	1.0
132	4775	1	1.0
136	1088	1	1.0
137	437	1	1.0
137	752	1	1.0
137	887	1	1.0
137	1175	1	1.0
137	1226	1	1.0
137	1370	1	1.0
137	1717	1	1.0
137	3222	1	1.0
137	3493	1	1.0
137	4540	0	1.0
139	143	1	1.0
141	2948	1	1.0
142	203	1	1.0
142	430	1	1.0
142	433	1	1.0
142	516	1	1.0
143	147	1	1.0
144	147	1	1.0
144	152	1	1.0
144	153	1	1.0
144	155	1	1.0
144	165	1	1.0
144	171	1	1.0
144	173	1	1.0
144	174	1	1.0
144	177	1	1.0
144	179	1	1.0
144	186	1	1.0
144	192	1	1.0
144	205	1	1.0
144	207	1	1.0
144	215	1	1.0
144	220	1	1.0
144	222	1	1.0
144	224	1	1.0
144	231	1	1.0
144	234	1	1.0
144	249	1	1.0
144	251	1	1.0
144	254	1	1.0
144	262	1	1.0
144	263	1	1.0
144	269	1	1.0
144	272	1	1.0
144	280	1	1.0
144	285	1	1.0
144	320	1	1.0
144	333	1	1.0
144	375	1	1.0
144	383	1	1.0
144	387	1	1.0
144	389	1	1.0
144	435	1	1.0
144	437	1	1.0
144	451	1	1.0
144	486	1	1.0
144	531	1	1.0
144	539	1	1.0
144	584	1	1.0
144	586	1	1.0
144	593	1	1.0
144	632	1	1.0
144	638	1	1.0
144	654	1	1.0
144	657	1	1.0
144	664	1	1.0
144	798	1	1.0
144	816	1	1.0
144	858	1	1.0
144	982	1	1.0
144	1010	1	1.0
144	1098	1	1.0
144	1281	1	1.0
144	1290	1	1.0
144	1335	1	1.0
144	1377	1	1.0
144	1433	1	1.0
144	1437	1	1.0
144	1639	1	1.0
144	1708	1	1.0
144	1711	1	1.0
144	1734	1	1.0
144	1750	1	1.0
144	1751	1	1.0
144	1800	1	1.0
144	1807	1	1.0
144	1824	1	1.0
144	1825	1	1.0
144	1832	1	1.0
144	2153	1	1.0
144	2318	1	1.0
144	2545	1	1.0
144	2757	1	1.0
144	3026	1	1.0
144	3160	1	1.0
144	3281	1	1.0
144	3286	1	1.0
144	3369	1	1.0
144	3590	1	1.0
144	3925	1	1.0
145	286	1	1.0
145	300	1	1.0
145	303	1	1.0
145	332	1	1.0
145	839	1	1.0
145	913	1	1.0
147	168	1	1.0
147	170	1	1.0
147	177	1	1.0
147	192	1	1.0
147	205	1	1.0
147	209	1	1.0
147	216	1	1.0
147	238	1	1.0
148	197	1	1.0
148	446	1	1.0
148	524	1	1.0
148	760	1	1.0
148	915	1	1.0
149	153	1	1.0
149	162	1	1.0
149	269	1	1.0
149	451	1	1.0
149	686	1	1.0
149	688	1	1.0
149	705	1	1.0
149	706	1	1.0
149	757	1	1.0
149	883	1	1.0
149	904	1	1.0
149	906	1	1.0
149	935	1	1.0
149	942	1	1.0
149	977	1	1.0
149	1027	1	1.0
149	1089	1	1.0
149	1134	1	1.0
149	1180	1	1.0
149	1200	1	1.0
149	1921	1	1.0
149	1995	1	1.0
149	2079	1	1.0
151	619	1	1.0
151	1049	1	1.0
151	1397	1	1.0
153	435	1	1.0
155	156	1	1.0
155	193	1	1.0
155	205	1	1.0
155	324	1	1.0
155	326	1	1.0
155	335	1	1.0
155	390	1	1.0
155	1072	1	1.0
155	2277	1	1.0
155	3161	1	1.0
156	226	1	1.0
156	329	1	1.0
156	541	1	1.0
156	571	1	1.0
156	709	1	1.0
156	1642	1	1.0
156	3379	1	1.0
157	193	1	1.0
158	193	1	1.0
160	887	1	1.0
160	1301	1	1.0
161	193	1	1.0
161	359	1	1.0
161	485	1	1.0
161	1781	1	1.0
162	903	1	1.0
162	1157	1	1.0
162	1322	1	1.0
163	209	1	1.0
163	301	1	1.0
163	606	1	1.0
163	643	1	1.0
163	776	1	1.0
164	193	1	1.0
164	252	1	1.0
164	379	1	1.0
164	419	1	1.0
164	486	1	1.0
164	536	1	1.0
164	712	1	1.0
164	761	1	1.0
164	1157	1	1.0
164	1933	1	1.0
164	1965	1	1.0
165	305	1	1.0
165	644	1	1.0
165	776	1	1.0
165	1589	1	1.0
165	2326	1	1.0
165	2416	1	1.0
165	2436	1	1.0
165	2478	1	1.0
165	2695	1	1.0
165	2700	1	1.0
165	2720	1	1.0
165	2771	1	1.0
165	2977	1	1.0
165	3013	1	1.0
165	3270	1	1.0
165	3409	1	1.0
165	3444	1	1.0
165	3535	1	1.0
165	3871	1	1.0
165	3973	1	1.0
165	4679	1	1.0
166	178	1	1.0
166	939	1	1.0
168	201	1	1.0
170	193	1	1.0
171	293	1	1.0
171	309	1	1.0
171	347	1	1.0
171	353	1	1.0
171	502	1	1.0
171	784	1	1.0
171	1738	1	1.0
171	2381	0	1.0
172	201	1	1.0
172	212	1	1.0
172	226	1	1.0
172	283	1	1.0
172	422	1	1.0
172	474	1	1.0
172	523	1	1.0
172	776	1	1.0
172	825	1	1.0
172	1094	1	1.0
172	1374	1	1.0
173	306	1	1.0
175	1099	1	1.0
175	1322	1	1.0
176	267	1	1.0
176	1756	1	1.0
177	193	1	1.0
178	187	1	1.0
178	265	1	1.0
179	181	1	1.0
179	193	1	1.0
180	369	1	1.0
180	528	1	1.0
180	1138	1	1.0
181	185	1	1.0
181	186	1	1.0
181	223	1	1.0
182	193	1	1.0
182	1781	1	1.0
182	1815	1	1.0
182	1913	1	1.0
184	367	1	1.0
185	193	1	1.0
186	193	1	1.0
186	446	1	1.0
187	250	1	1.0
187	264	1	1.0
187	278	1	1.0
187	282	1	1.0
187	300	1	1.0
187	396	1	1.0
187	642	1	1.0
187	647	1	1.0
187	649	1	1.0
187	652	1	1.0
187	678	1	1.0
187	685	1	1.0
187	1253	1	1.0
188	296	1	1.0
188	535	1	1.0
188	565	1	1.0
188	576	1	1.0
188	650	1	1.0
188	711	1	1.0
188	1022	1	1.0
188	1079	1	1.0
192	193	1	1.0
192	221	1	1.0
192	226	1	1.0
192	254	1	1.0
192	306	1	1.0
192	321	1	1.0
192	358	1	1.0
192	410	1	1.0
192	419	1	1.0
192	422	1	1.0
192	523	1	1.0
192	524	1	1.0
192	536	1	1.0
192	549	1	1.0
192	1437	1	1.0
192	1466	1	1.0
192	1590	1	1.0
192	2075	1	1.0
192	2330	1	1.0
192	2574	1	1.0
192	3029	1	1.0
192	3112	1	1.0
192	4497	1	1.0
193	196	1	1.0
193	199	1	1.0
193	200	1	1.0
193	201	1	1.0
193	203	1	1.0
193	204	1	1.0
193	206	1	1.0
193	209	1	1.0
193	210	1	1.0
193	211	1	1.0
193	212	1	1.0
193	213	1	1.0
193	214	1	1.0
193	215	1	1.0
193	217	1	1.0
193	218	1	1.0
193	226	1	1.0
193	228	1	1.0
193	235	1	1.0
193	240	1	1.0
193	242	1	1.0
193	248	1	1.0
193	249	1	1.0
193	254	1	1.0
193	256	1	1.0
193	258	1	1.0
193	259	1	1.0
193	261	1	1.0
193	265	1	1.0
193	266	1	1.0
193	274	1	1.0
193	275	1	1.0
193	276	1	1.0
193	283	1	1.0
193	285	1	1.0
193	293	1	1.0
193	298	1	1.0
193	299	1	1.0
193	302	1	1.0
193	304	1	1.0
193	309	1	1.0
193	311	1	1.0
193	314	1	1.0
193	315	1	1.0
193	318	1	1.0
193	319	1	1.0
193	323	1	1.0
193	333	1	1.0
193	340	1	1.0
193	343	1	1.0
193	362	1	1.0
193	363	1	1.0
193	364	1	1.0
193	372	1	1.0
193	373	1	1.0
193	374	1	1.0
193	402	1	1.0
193	413	1	1.0
193	415	1	1.0
193	416	1	1.0
193	418	1	1.0
193	420	1	1.0
193	424	1	1.0
193	425	1	1.0
193	443	1	1.0
193	450	1	1.0
193	487	1	1.0
193	533	1	1.0
194	195	1	1.0
195	2042	1	1.0
196	542	1	1.0
196	630	1	1.0
196	801	1	1.0
196	915	1	1.0
197	417	1	1.0
197	430	1	1.0
197	447	1	1.0
197	461	1	1.0
198	1024	1	1.0
201	267	1	1.0
201	273	1	1.0
201	329	1	1.0
201	365	1	1.0
201	524	1	1.0
201	555	1	1.0
201	559	1	1.0
201	944	1	1.0
201	1329	1	1.0
201	1710	1	1.0
203	316	1	1.0
204	228	1	1.0
205	206	1	1.0
205	208	1	1.0
208	439	1	1.0
208	522	1	1.0
208	524	1	1.0
208	549	1	1.0
208	949	1	1.0
209	303	1	1.0
209	355	1	1.0
209	434	1	1.0
209	446	1	1.0
209	478	1	1.0
209	522	1	1.0
209	640	1	1.0
209	643	1	1.0
209	646	1	1.0
209	811	1	1.0
209	825	1	1.0
209	844	1	1.0
209	853	1	1.0
209	989	1	1.0
210	226	1	1.0
210	244	1	1.0
210	254	1	1.0
210	255	1	1.0
210	326	1	1.0
210	394	1	1.0
210	1714	1	1.0
210	1768	1	1.0
210	1781	1	1.0
210	2426	1	1.0
210	2695	1	1.0
210	2999	1	1.0
212	350	1	1.0
212	524	1	1.0
215	302	1	1.0
215	617	1	1.0
216	236	1	1.0
216	237	1	1.0
217	218	1	1.0
217	226	1	1.0
217	301	1	1.0
217	321	1	1.0
217	371	1	1.0
217	403	1	1.0
217	414	1	1.0
217	501	1	1.0
217	1323	1	1.0
218	247	1	1.0
218	673	1	1.0
218	716	1	1.0
218	761	1	1.0
218	913	1	1.0
219	276	1	1.0
222	238	1	1.0
222	308	1	1.0
224	1323	1	1.0
226	267	1	1.0
226	357	1	1.0
226	422	1	1.0
226	486	1	1.0
226	524	1	1.0
226	553	1	1.0
226	554	1	1.0
226	606	1	1.0
226	646	1	1.0
226	722	1	1.0
226	723	1	1.0
226	728	1	1.0
226	757	1	1.0
226	772	1	1.0
226	831	1	1.0
226	912	1	1.0
227	235	1	1.0
227	268	1	1.0
229	230	1	1.0
229	339	1	1.0
229	431	1	1.0
229	451	1	1.0
229	507	1	1.0
229	510	1	1.0
229	572	1	1.0
229	769	1	1.0
231	330	1	1.0
234	249	1	1.0
234	269	1	1.0
234	355	1	1.0
234	357	1	1.0
234	379	1	1.0
234	380	1	1.0
234	386	1	1.0
234	396	1	1.0
234	446	1	1.0
234	457	1	1.0
234	509	1	1.0
234	528	1	1.0
234	565	1	1.0
234	571	1	1.0
234	586	1	1.0
234	587	1	1.0
234	690	1	1.0
234	704	1	1.0
234	710	1	1.0
234	742	1	1.0
234	761	1	1.0
234	780	1	1.0
234	786	1	1.0
234	888	1	1.0
234	913	1	1.0
234	1114	1	1.0
234	1115	1	1.0
234	1175	1	1.0
234	1226	1	1.0
234	1342	1	1.0
234	1344	1	1.0
234	1393	1	1.0
234	1407	1	1.0
234	1413	1	1.0
234	1429	1	1.0
234	1432	1	1.0
234	1437	1	1.0
234	1445	1	1.0
234	1478	1	1.0
234	1479	1	1.0
234	1505	1	1.0
234	1512	1	1.0
234	1515	1	1.0
234	1522	1	1.0
234	1536	1	1.0
234	1562	1	1.0
234	1570	1	1.0
234	1604	1	1.0
234	1642	1	1.0
234	1707	1	1.0
234	1710	1	1.0
234	1720	1	1.0
234	1726	1	1.0
234	1747	1	1.0
234	1772	1	1.0
234	1781	1	1.0
234	1786	1	1.0
234	1819	1	1.0
234	1823	1	1.0
234	1845	1	1.0
234	1861	1	1.0
234	1877	1	1.0
234	1879	1	1.0
234	1884	1	1.0
234	1887	1	1.0
234	1888	1	1.0
234	1895	1	1.0
234	1905	1	1.0
234	1915	1	1.0
234	1921	1	1.0
234	1933	1	1.0
234	1940	1	1.0
234	1967	1	1.0
234	1982	1	1.0
234	2008	1	1.0
234	2014	1	1.0
234	2027	1	1.0
234	2064	1	1.0
234	2323	1	1.0
234	2362	1	1.0
234	2376	1	1.0
234	2435	1	1.0
234	2807	1	1.0
234	3364	1	1.0
234	3379	1	1.0
234	3625	1	1.0
235	453	1	1.0
239	308	1	1.0
239	524	1	1.0
239	1774	1	1.0
239	2000	1	1.0
239	2545	1	1.0
240	289	1	1.0
240	332	1	1.0
240	339	1	1.0
240	363	1	1.0
240	437	1	1.0
240	536	1	1.0
240	553	1	1.0
240	595	1	1.0
240	742	1	1.0
240	899	1	1.0
240	968	1	1.0
240	975	1	1.0
240	1114	1	1.0
240	1115	1	1.0
240	1157	1	1.0
240	1175	1	1.0
240	1193	1	1.0
240	1226	1	1.0
240	1370	1	1.0
240	1377	1	1.0
240	1453	1	1.0
240	1711	1	1.0
240	1726	1	1.0
240	1815	1	1.0
240	957	0	1.0
240	959	0	1.0
240	1104	0	1.0
240	1169	0	1.0
240	1572	0	1.0
240	1643	0	1.0
243	3853	1	1.0
244	366	1	1.0
245	437	1	1.0
245	540	1	1.0
246	329	1	1.0
247	390	1	1.0
247	556	1	1.0
247	557	1	1.0
247	574	1	1.0
247	610	1	1.0
247	988	1	1.0
247	1099	1	1.0
248	335	1	1.0
249	257	1	1.0
249	287	1	1.0
249	371	1	1.0
249	379	1	1.0
249	1226	1	1.0
249	1564	1	1.0
251	662	1	1.0
252	269	1	1.0
254	260	1	1.0
256	1642	1	1.0
260	261	1	1.0
260	333	1	1.0
261	277	1	1.0
261	303	1	1.0
261	351	1	1.0
261	376	1	1.0
261	526	1	1.0
261	535	1	1.0
261	543	1	1.0
261	563	1	1.0
261	650	1	1.0
261	701	1	1.0
261	782	1	1.0
261	790	1	1.0
261	834	1	1.0
261	937	1	1.0
261	1186	1	1.0
261	1195	1	1.0
261	4196	1	1.0
263	267	1	1.0
263	273	1	1.0
263	300	1	1.0
263	1255	1	1.0
265	769	1	1.0
265	1433	1	1.0
265	1505	1	1.0
265	1768	1	1.0
265	2545	1	1.0
267	269	1	1.0
267	384	1	1.0
267	386	1	1.0
267	417	1	1.0
267	437	1	1.0
267	447	1	1.0
267	484	1	1.0
267	524	1	1.0
267	536	1	1.0
267	540	1	1.0
267	654	1	1.0
267	750	1	1.0
267	773	1	1.0
267	1226	1	1.0
267	1289	1	1.0
267	1329	1	1.0
269	292	1	1.0
269	312	1	1.0
269	327	1	1.0
269	357	1	1.0
269	363	1	1.0
269	371	1	1.0
269	379	1	1.0
269	387	1	1.0
269	388	1	1.0
269	435	1	1.0
269	446	1	1.0
269	549	1	1.0
269	610	1	1.0
269	737	1	1.0
269	786	1	1.0
269	882	1	1.0
269	975	1	1.0
269	1008	1	1.0
269	1115	1	1.0
269	1155	1	1.0
269	1175	1	1.0
269	1189	1	1.0
269	1226	1	1.0
269	1275	1	1.0
269	1329	1	1.0
269	1335	1	1.0
269	1344	1	1.0
269	1363	1	1.0
269	1397	1	1.0
269	1522	1	1.0
269	1669	1	1.0
269	1679	1	1.0
269	1711	1	1.0
269	1823	1	1.0
269	1869	1	1.0
269	1905	1	1.0
269	1924	1	1.0
269	1952	1	1.0
269	1995	1	1.0
269	1998	1	1.0
269	2037	1	1.0
269	2075	1	1.0
269	2426	1	1.0
269	2807	1	1.0
269	2903	1	1.0
269	2924	1	1.0
269	3109	1	1.0
269	3222	1	1.0
269	3437	1	1.0
269	3491	1	1.0
269	3494	1	1.0
269	3632	1	1.0
269	3656	1	1.0
269	3663	1	1.0
269	3689	1	1.0
269	3710	1	1.0
269	3865	1	1.0
269	3900	1	1.0
272	281	1	1.0
273	375	1	1.0
273	769	1	1.0
274	398	1	1.0
274	422	1	1.0
274	423	1	1.0
274	1226	1	1.0
274	1335	1	1.0
274	1397	1	1.0
274	1714	1	1.0
277	326	1	1.0
277	3007	1	1.0
277	3029	1	1.0
277	3087	1	1.0
283	288	1	1.0
283	291	1	1.0
283	426	1	1.0
284	353	1	1.0
284	439	1	1.0
285	292	1	1.0
286	352	1	1.0
286	535	1	1.0
286	561	1	1.0
286	674	1	1.0
290	301	1	1.0
290	350	1	1.0
290	366	1	1.0
290	434	1	1.0
290	489	1	1.0
290	1059	1	1.0
290	1115	1	1.0
290	1905	1	1.0
292	293	1	1.0
292	357	1	1.0
292	388	1	1.0
292	524	1	1.0
292	599	1	1.0
295	422	1	1.0
296	297	1	1.0
296	725	1	1.0
298	301	1	1.0
300	311	1	1.0
300	324	1	1.0
300	371	1	1.0
300	613	1	1.0
301	417	1	1.0
301	427	1	1.0
301	524	1	1.0
301	2822	0	1.0
303	311	1	1.0
303	379	1	1.0
303	442	1	1.0
303	517	1	1.0
303	524	1	1.0
303	536	1	1.0
303	540	1	1.0
303	587	1	1.0
305	306	1	1.0
305	366	1	1.0
306	536	1	1.0
306	807	1	1.0
306	825	1	1.0
308	327	1	1.0
309	1001	1	1.0
310	437	1	1.0
311	346	1	1.0
311	355	1	1.0
311	358	1	1.0
311	360	1	1.0
311	1322	1	1.0
313	396	1	1.0
315	469	1	1.0
315	1022	1	1.0
315	1079	1	1.0
315	1195	1	1.0
315	1268	1	1.0
315	1861	1	1.0
315	1907	1	1.0
315	1929	1	1.0
315	2034	1	1.0
315	2397	1	1.0
315	2671	1	1.0
315	2903	1	1.0
315	3222	1	1.0
315	3630	1	1.0
316	429	1	1.0
317	327	1	1.0
320	333	1	1.0
320	342	1	1.0
320	396	1	1.0
320	397	1	1.0
320	412	1	1.0
320	422	1	1.0
320	488	1	1.0
320	524	1	1.0
320	544	1	1.0
320	566	1	1.0
321	357	1	1.0
321	1686	1	1.0
323	2482	1	1.0
323	2581	1	1.0
323	2860	1	1.0
324	325	1	1.0
324	388	1	1.0
324	411	1	1.0
324	447	1	1.0
324	457	1	1.0
324	460	1	1.0
324	715	1	1.0
324	913	1	1.0
327	329	1	1.0
328	375	1	1.0
329	341	1	1.0
329	545	1	1.0
329	818	1	1.0
329	1907	1	1.0
329	1913	1	1.0
329	3031	1	1.0
329	3331	1	1.0
330	357	1	1.0
330	1377	1	1.0
331	354	1	1.0
332	353	1	1.0
332	1264	1	1.0
333	359	1	1.0
335	348	1	1.0
335	352	1	1.0
335	395	1	1.0
335	458	1	1.0
335	471	1	1.0
335	474	1	1.0
335	687	1	1.0
335	785	1	1.0
335	787	1	1.0
335	796	1	1.0
335	962	1	1.0
336	337	1	1.0
339	421	1	1.0
339	445	1	1.0
339	486	1	1.0
339	1019	1	1.0
339	1281	1	1.0
339	1413	1	1.0
339	1744	1	1.0
339	1919	1	1.0
339	2869	1	1.0
339	3172	1	1.0
339	3379	1	1.0
340	1052	1	1.0
341	887	1	1.0
341	1472	1	1.0
341	2627	1	1.0
342	353	1	1.0
342	872	1	1.0
342	1175	1	1.0
345	346	1	1.0
345	1626	1	1.0
347	873	1	1.0
347	913	1	1.0
347	2897	1	1.0
349	652	1	1.0
350	357	1	1.0
350	501	1	1.0
350	571	1	1.0
350	575	1	1.0
350	595	1	1.0
350	646	1	1.0
350	674	1	1.0
350	2806	1	1.0
352	365	1	1.0
352	635	1	1.0
354	452	1	1.0
354	578	1	1.0
355	742	1	1.0
355	926	1	1.0
355	1022	1	1.0
355	1226	1	1.0
355	1323	1	1.0
355	1570	1	1.0
355	1746	1	1.0
356	365	1	1.0
357	360	1	1.0
357	383	1	1.0
357	384	1	1.0
357	386	1	1.0
357	390	1	1.0
357	411	1	1.0
357	421	1	1.0
357	446	1	1.0
357	486	1	1.0
357	521	1	1.0
357	528	1	1.0
357	532	1	1.0
357	606	1	1.0
357	613	1	1.0
357	742	1	1.0
357	773	1	1.0
357	776	1	1.0
357	871	1	1.0
357	888	1	1.0
357	1027	1	1.0
357	1053	1	1.0
357	1099	1	1.0
357	1115	1	1.0
357	1128	1	1.0
357	1146	1	1.0
357	1155	1	1.0
357	1178	1	1.0
357	1179	1	1.0
357	1192	1	1.0
357	1194	1	1.0
357	1201	1	1.0
357	1207	1	1.0
357	1208	1	1.0
357	1214	1	1.0
357	3010	1	1.0
357	4210	1	1.0
358	435	1	1.0
358	437	1	1.0
358	451	1	1.0
358	486	1	1.0
358	596	1	1.0
358	612	1	1.0
358	776	1	1.0
358	1226	1	1.0
358	1301	1	1.0
358	3007	1	1.0
358	3109	1	1.0
358	3462	1	1.0
359	378	1	1.0
359	391	1	1.0
359	451	1	1.0
359	472	1	1.0
359	473	1	1.0
359	514	1	1.0
359	541	1	1.0
359	560	1	1.0
359	630	1	1.0
359	928	1	1.0
359	1034	1	1.0
363	366	1	1.0
363	369	1	1.0
363	437	1	1.0
363	1114	1	1.0
363	1115	1	1.0
363	1155	1	1.0
363	1175	1	1.0
363	1226	1	1.0
363	1301	1	1.0
363	1322	1	1.0
363	1335	1	1.0
363	1370	1	1.0
363	1397	1	1.0
363	1480	1	1.0
363	1497	1	1.0
363	1555	1	1.0
364	387	1	1.0
364	594	1	1.0
364	665	1	1.0
364	1200	1	1.0
364	1251	1	1.0
365	426	1	1.0
365	439	1	1.0
365	634	1	1.0
365	715	1	1.0
365	735	1	1.0
366	388	1	1.0
366	412	1	1.0
366	417	1	1.0
366	430	1	1.0
366	671	1	1.0
366	759	1	1.0
366	777	1	1.0
366	877	1	1.0
366	879	1	1.0
366	676	0	1.0
368	371	1	1.0
369	385	1	1.0
370	433	1	1.0
370	1781	1	1.0
371	422	1	1.0
375	383	1	1.0
375	390	1	1.0
375	437	1	1.0
375	442	1	1.0
375	447	1	1.0
375	571	1	1.0
375	750	1	1.0
375	768	1	1.0
375	897	1	1.0
377	446	1	1.0
377	887	1	1.0
377	1226	1	1.0
377	1870	1	1.0
377	2806	1	1.0
377	2842	1	1.0
377	3025	1	1.0
377	3146	1	1.0
377	3157	1	1.0
377	3222	1	1.0
377	3437	1	1.0
377	3556	1	1.0
377	3598	1	1.0
377	3632	1	1.0
377	3645	1	1.0
377	3675	1	1.0
377	4389	1	1.0
377	4496	1	1.0
377	4535	1	1.0
377	4635	1	1.0
377	2439	0	1.0
377	3049	0	1.0
377	3050	0	1.0
377	3052	0	1.0
377	3053	0	1.0
377	3603	0	1.0
377	3643	0	1.0
377	3727	0	1.0
377	3732	0	1.0
379	417	1	1.0
379	427	1	1.0
379	430	1	1.0
379	433	1	1.0
379	497	1	1.0
379	518	1	1.0
379	524	1	1.0
379	571	1	1.0
379	661	1	1.0
379	662	1	1.0
379	708	1	1.0
379	893	1	1.0
379	936	1	1.0
381	3432	1	1.0
381	3698	1	1.0
383	387	1	1.0
383	403	1	1.0
383	432	1	1.0
383	437	1	1.0
383	461	1	1.0
384	646	1	1.0
384	776	1	1.0
384	833	1	1.0
384	866	1	1.0
386	451	1	1.0
386	761	1	1.0
386	827	1	1.0
386	844	1	1.0
386	849	1	1.0
386	888	1	1.0
386	900	1	1.0
386	906	1	1.0
386	913	1	1.0
386	915	1	1.0
386	919	1	1.0
386	922	1	1.0
386	927	1	1.0
386	932	1	1.0
386	933	1	1.0
386	934	1	1.0
386	1089	1	1.0
386	1094	1	1.0
386	1096	1	1.0
386	1097	1	1.0
386	1099	1	1.0
386	1267	1	1.0
386	1275	1	1.0
386	1301	1	1.0
386	1324	1	1.0
386	1366	1	1.0
386	1479	1	1.0
386	1623	1	1.0
386	1905	1	1.0
386	2000	1	1.0
386	2242	1	1.0
386	2277	1	1.0
386	2289	1	1.0
386	2300	1	1.0
386	2388	1	1.0
386	2551	1	1.0
386	2598	1	1.0
386	3518	1	1.0
387	919	1	1.0
387	1466	1	1.0
387	1472	1	1.0
387	1786	1	1.0
387	1905	1	1.0
387	2377	1	1.0
387	2535	1	1.0
387	2627	1	1.0
387	2761	1	1.0
387	2974	1	1.0
388	466	1	1.0
388	613	1	1.0
389	435	1	1.0
390	432	1	1.0
390	486	1	1.0
390	505	1	1.0
390	524	1	1.0
390	571	1	1.0
390	698	1	1.0
390	1119	1	1.0
391	393	1	1.0
391	929	1	1.0
392	490	1	1.0
392	1543	1	1.0
394	1002	1	1.0
394	1768	1	1.0
394	1825	1	1.0
394	3847	1	1.0
394	3848	1	1.0
395	434	1	1.0
395	486	1	1.0
396	409	1	1.0
396	434	1	1.0
396	444	1	1.0
396	1794	1	1.0
396	1861	1	1.0
396	2024	1	1.0
396	2304	1	1.0
396	3432	1	1.0
396	407	0	1.0
400	1904	1	1.0
401	1772	1	1.0
402	403	1	1.0
404	405	1	1.0
404	407	1	1.0
404	408	1	1.0
405	407	1	1.0
407	408	1	1.0
409	433	1	1.0
409	438	1	1.0
411	818	1	1.0
414	430	1	1.0
414	1150	1	1.0
417	441	1	1.0
417	446	1	1.0
417	449	1	1.0
417	455	1	1.0
417	456	1	1.0
417	571	1	1.0
417	760	1	1.0
417	974	1	1.0
417	1711	1	1.0
419	421	1	1.0
419	524	1	1.0
419	888	1	1.0
419	1115	1	1.0
419	1790	1	1.0
421	437	1	1.0
421	549	1	1.0
421	556	1	1.0
421	636	1	1.0
421	668	1	1.0
421	715	1	1.0
421	770	1	1.0
421	888	1	1.0
421	975	1	1.0
421	1060	1	1.0
421	1114	1	1.0
421	1115	1	1.0
421	1175	1	1.0
421	1193	1	1.0
421	1437	1	1.0
421	1443	1	1.0
421	1825	1	1.0
421	1845	1	1.0
421	3275	1	1.0
422	434	1	1.0
422	435	1	1.0
422	436	1	1.0
422	446	1	1.0
422	481	1	1.0
422	482	1	1.0
422	524	1	1.0
422	525	1	1.0
422	546	1	1.0
422	561	1	1.0
422	572	1	1.0
422	573	1	1.0
422	575	1	1.0
422	587	1	1.0
422	588	1	1.0
422	645	1	1.0
422	650	1	1.0
422	675	1	1.0
422	740	1	1.0
422	759	1	1.0
422	761	1	1.0
422	855	1	1.0
422	1022	1	1.0
422	1219	1	1.0
422	1262	1	1.0
422	1335	1	1.0
422	1397	1	1.0
422	1480	1	1.0
422	1490	1	1.0
422	1497	1	1.0
422	1539	1	1.0
422	1544	1	1.0
422	1570	1	1.0
422	1574	1	1.0
422	1575	1	1.0
422	1579	1	1.0
422	1581	1	1.0
422	1593	1	1.0
422	1594	1	1.0
422	1598	1	1.0
422	1603	1	1.0
422	1611	1	1.0
430	433	1	1.0
430	975	1	1.0
433	483	1	1.0
433	786	1	1.0
433	902	1	1.0
433	1773	1	1.0
433	1781	1	1.0
433	1905	1	1.0
434	436	1	1.0
434	696	1	1.0
434	753	1	1.0
435	584	1	1.0
435	632	1	1.0
435	643	1	1.0
435	667	1	1.0
435	753	1	1.0
435	978	1	1.0
435	1106	1	1.0
435	1115	1	1.0
435	1155	1	1.0
435	1175	1	1.0
435	1255	1	1.0
435	1453	1	1.0
435	2042	1	1.0
435	2099	1	1.0
435	2545	1	1.0
435	2652	1	1.0
435	3377	1	1.0
436	673	1	1.0
437	446	1	1.0
437	457	1	1.0
437	549	1	1.0
437	571	1	1.0
437	605	1	1.0
437	607	1	1.0
437	616	1	1.0
437	650	1	1.0
437	654	1	1.0
437	667	1	1.0
437	686	1	1.0
437	745	1	1.0
437	765	1	1.0
437	852	1	1.0
437	860	1	1.0
437	888	1	1.0
437	947	1	1.0
437	970	1	1.0
437	993	1	1.0
437	1065	1	1.0
437	1081	1	1.0
437	1115	1	1.0
437	1143	1	1.0
437	1155	1	1.0
437	1226	1	1.0
437	1329	1	1.0
437	1335	1	1.0
437	1343	1	1.0
437	1344	1	1.0
437	1370	1	1.0
437	1393	1	1.0
437	1430	1	1.0
437	1437	1	1.0
437	1104	0	1.0
438	866	1	1.0
439	521	1	1.0
439	613	1	1.0
439	658	1	1.0
439	697	1	1.0
439	698	1	1.0
439	975	1	1.0
439	1110	1	1.0
439	1115	1	1.0
439	1143	1	1.0
439	1155	1	1.0
439	1226	1	1.0
439	1249	1	1.0
439	1262	1	1.0
439	1289	1	1.0
439	1335	1	1.0
439	1374	1	1.0
439	1480	1	1.0
439	1519	1	1.0
439	1711	1	1.0
439	1764	1	1.0
439	1905	1	1.0
439	1995	1	1.0
439	2467	1	1.0
439	2494	1	1.0
439	3172	1	1.0
439	3379	1	1.0
439	3437	1	1.0
439	3853	1	1.0
439	4196	1	1.0
439	1126	0	1.0
441	538	1	1.0
441	677	1	1.0
441	679	1	1.0
441	1160	1	1.0
442	447	1	1.0
446	447	1	1.0
446	451	1	1.0
446	528	1	1.0
446	643	1	1.0
446	646	1	1.0
446	738	1	1.0
446	776	1	1.0
446	817	1	1.0
446	880	1	1.0
446	888	1	1.0
446	1022	1	1.0
446	1027	1	1.0
446	1047	1	1.0
446	1089	1	1.0
446	1099	1	1.0
446	1109	1	1.0
446	1137	1	1.0
446	1143	1	1.0
446	1167	1	1.0
446	1175	1	1.0
446	1193	1	1.0
446	1219	1	1.0
446	1226	1	1.0
446	1229	1	1.0
446	1234	1	1.0
446	1253	1	1.0
446	1256	1	1.0
446	1288	1	1.0
446	1289	1	1.0
446	1300	1	1.0
446	1315	1	1.0
446	1324	1	1.0
446	1335	1	1.0
446	1352	1	1.0
446	1387	1	1.0
446	1392	1	1.0
446	1397	1	1.0
446	1437	1	1.0
446	1480	1	1.0
446	1490	1	1.0
446	1562	1	1.0
446	1579	1	1.0
446	1581	1	1.0
446	1582	1	1.0
446	1585	1	1.0
446	1595	1	1.0
446	1597	1	1.0
446	1598	1	1.0
446	1641	1	1.0
446	1642	1	1.0
446	1652	1	1.0
446	1672	1	1.0
446	1674	1	1.0
446	1678	1	1.0
446	1681	1	1.0
446	1710	1	1.0
446	1711	1	1.0
446	1757	1	1.0
446	1772	1	1.0
446	1781	1	1.0
446	1803	1	1.0
446	1805	1	1.0
446	1830	1	1.0
446	1839	1	1.0
446	1852	1	1.0
446	1856	1	1.0
446	1870	1	1.0
446	1905	1	1.0
446	1921	1	1.0
446	1954	1	1.0
446	1990	1	1.0
446	1995	1	1.0
446	2055	1	1.0
446	2057	1	1.0
446	2108	1	1.0
446	2110	1	1.0
446	2124	1	1.0
446	2128	1	1.0
446	2129	1	1.0
446	2149	1	1.0
446	2150	1	1.0
446	2178	1	1.0
446	2226	1	1.0
446	2265	1	1.0
446	2283	1	1.0
446	2390	1	1.0
446	2535	1	1.0
446	2545	1	1.0
446	2608	1	1.0
446	2755	1	1.0
446	2760	1	1.0
446	2806	1	1.0
446	2851	1	1.0
446	2897	1	1.0
446	2914	1	1.0
446	3022	1	1.0
446	3025	1	1.0
446	3043	1	1.0
446	3056	1	1.0
446	3109	1	1.0
446	3112	1	1.0
446	3160	1	1.0
446	3172	1	1.0
446	3222	1	1.0
446	3379	1	1.0
446	3390	1	1.0
446	3437	1	1.0
446	3440	1	1.0
446	3462	1	1.0
446	3475	1	1.0
446	3486	1	1.0
446	3546	1	1.0
446	3656	1	1.0
446	3853	1	1.0
446	3928	1	1.0
446	3947	1	1.0
446	4001	1	1.0
446	4006	1	1.0
446	4018	1	1.0
446	4022	1	1.0
446	4066	1	1.0
446	4151	1	1.0
446	4196	1	1.0
446	4378	1	1.0
446	4755	1	1.0
446	4767	1	1.0
446	4768	1	1.0
446	4771	1	1.0
447	454	1	1.0
447	486	1	1.0
447	571	1	1.0
447	742	1	1.0
447	1956	1	1.0
447	4018	1	1.0
448	575	1	1.0
448	589	1	1.0
448	763	1	1.0
449	469	1	1.0
451	516	1	1.0
451	786	1	1.0
451	1022	1	1.0
451	1226	1	1.0
451	1281	1	1.0
451	1397	1	1.0
451	1711	1	1.0
451	1781	1	1.0
451	1887	1	1.0
451	1905	1	1.0
451	1912	1	1.0
451	1995	1	1.0
451	1997	1	1.0
451	2256	1	1.0
451	2504	1	1.0
451	3160	1	1.0
451	3222	1	1.0
451	3379	1	1.0
451	3437	1	1.0
451	3462	1	1.0
451	3656	1	1.0
451	3853	1	1.0
451	3857	1	1.0
453	586	1	1.0
454	481	1	1.0
454	527	1	1.0
454	843	1	1.0
454	854	1	1.0
454	1175	1	1.0
454	3239	1	1.0
455	712	1	1.0
457	860	1	1.0
459	585	1	1.0
459	613	1	1.0
460	702	1	1.0
462	463	1	1.0
462	467	1	1.0
462	492	1	1.0
462	1381	1	1.0
462	2318	1	1.0
462	2940	1	1.0
463	467	1	1.0
463	492	1	1.0
463	498	1	1.0
463	621	1	1.0
465	479	1	1.0
465	571	1	1.0
466	742	1	1.0
467	468	1	1.0
467	470	1	1.0
467	550	1	1.0
467	567	1	1.0
467	581	1	1.0
467	582	1	1.0
467	590	1	1.0
467	592	1	1.0
467	618	1	1.0
467	639	1	1.0
467	641	1	1.0
467	684	1	1.0
467	960	1	1.0
467	972	1	1.0
467	995	1	1.0
467	1056	1	1.0
467	2302	0	1.0
468	470	1	1.0
468	590	1	1.0
468	592	1	1.0
468	1018	1	1.0
470	619	1	1.0
470	1239	1	1.0
470	1326	1	1.0
473	540	1	1.0
473	591	1	1.0
473	742	1	1.0
473	780	1	1.0
473	915	1	1.0
474	505	1	1.0
474	522	1	1.0
474	735	1	1.0
474	787	1	1.0
474	792	1	1.0
477	479	1	1.0
481	536	1	1.0
481	568	1	1.0
481	575	1	1.0
481	1774	1	1.0
481	3188	1	1.0
481	3374	1	1.0
482	486	1	1.0
482	867	1	1.0
483	491	1	1.0
483	530	1	1.0
483	658	1	1.0
483	1175	1	1.0
485	3100	1	1.0
485	3165	1	1.0
485	3180	1	1.0
485	4611	1	1.0
486	500	1	1.0
486	517	1	1.0
486	650	1	1.0
486	658	1	1.0
486	675	1	1.0
486	742	1	1.0
486	773	1	1.0
486	786	1	1.0
486	915	1	1.0
486	1115	1	1.0
486	1143	1	1.0
486	1157	1	1.0
486	1175	1	1.0
486	1189	1	1.0
486	1226	1	1.0
486	1329	1	1.0
486	1335	1	1.0
486	1344	1	1.0
486	1437	1	1.0
486	1453	1	1.0
486	1536	1	1.0
486	1589	1	1.0
486	1598	1	1.0
486	1642	1	1.0
486	1781	1	1.0
486	1816	1	1.0
486	1887	1	1.0
486	1905	1	1.0
486	2287	1	1.0
488	887	1	1.0
490	600	1	1.0
491	528	1	1.0
491	530	1	1.0
492	493	1	1.0
492	504	1	1.0
492	508	1	1.0
492	590	1	1.0
492	618	1	1.0
492	619	1	1.0
499	1790	1	1.0
499	1850	1	1.0
500	522	1	1.0
501	522	1	1.0
501	549	1	1.0
501	552	1	1.0
501	761	1	1.0
501	774	1	1.0
501	2000	1	1.0
501	3029	1	1.0
501	3056	1	1.0
503	549	1	1.0
503	589	1	1.0
503	762	1	1.0
503	888	1	1.0
505	786	1	1.0
505	823	1	1.0
508	592	1	1.0
510	761	1	1.0
512	513	1	1.0
514	650	1	1.0
514	888	1	1.0
514	1100	1	1.0
514	1113	1	1.0
514	1214	1	1.0
514	1335	1	1.0
517	527	1	1.0
517	563	1	1.0
517	1776	1	1.0
518	837	1	1.0
520	1089	1	1.0
520	1157	1	1.0
520	2806	1	1.0
520	2807	1	1.0
520	3025	1	1.0
520	3170	1	1.0
520	3390	1	1.0
520	3432	1	1.0
520	3437	1	1.0
520	3495	1	1.0
520	3630	1	1.0
520	3645	1	1.0
520	3773	1	1.0
520	3885	1	1.0
520	4196	1	1.0
521	583	1	1.0
521	865	1	1.0
521	908	1	1.0
521	2748	1	1.0
522	539	1	1.0
522	730	1	1.0
522	755	1	1.0
522	786	1	1.0
522	825	1	1.0
522	888	1	1.0
522	1053	1	1.0
522	1175	1	1.0
522	1003	0	1.0
524	527	1	1.0
524	536	1	1.0
524	539	1	1.0
524	573	1	1.0
524	713	1	1.0
526	564	1	1.0
526	965	1	1.0
527	624	1	1.0
528	529	1	1.0
528	551	1	1.0
528	675	1	1.0
528	690	1	1.0
528	742	1	1.0
528	1077	1	1.0
528	1089	1	1.0
528	1115	1	1.0
528	1161	1	1.0
528	1167	1	1.0
528	1253	1	1.0
528	1322	1	1.0
528	1604	1	1.0
528	1815	1	1.0
528	1905	1	1.0
528	2032	1	1.0
528	2033	1	1.0
528	2044	1	1.0
528	2127	1	1.0
531	644	1	1.0
534	544	1	1.0
534	824	1	1.0
535	563	1	1.0
535	576	1	1.0
535	3853	1	1.0
535	659	0	1.0
536	537	1	1.0
536	540	1	1.0
536	549	1	1.0
536	559	1	1.0
536	571	1	1.0
536	605	1	1.0
536	636	1	1.0
536	642	1	1.0
536	654	1	1.0
536	692	1	1.0
536	742	1	1.0
536	839	1	1.0
536	1936	1	1.0
539	540	1	1.0
539	549	1	1.0
539	570	1	1.0
540	599	1	1.0
540	1000	1	1.0
541	630	1	1.0
542	567	1	1.0
544	646	1	1.0
544	774	1	1.0
545	1313	1	1.0
546	547	1	1.0
546	786	1	1.0
548	552	1	1.0
549	867	1	1.0
549	877	1	1.0
549	888	1	1.0
549	900	1	1.0
549	975	1	1.0
549	1064	1	1.0
549	1142	1	1.0
549	1171	1	1.0
549	1193	1	1.0
549	1275	1	1.0
549	1386	1	1.0
549	1465	1	1.0
549	1687	1	1.0
549	2426	1	1.0
549	2976	1	1.0
549	3042	1	1.0
549	3172	1	1.0
549	3495	1	1.0
549	3709	1	1.0
549	3820	1	1.0
549	1223	0	1.0
553	975	1	1.0
554	1059	1	1.0
558	599	0	1.0
562	569	1	1.0
563	598	1	1.0
563	633	1	1.0
563	800	1	1.0
563	896	1	1.0
565	577	1	1.0
565	615	1	1.0
569	603	1	1.0
569	837	1	1.0
571	573	1	1.0
571	606	1	1.0
571	623	1	1.0
571	625	1	1.0
571	629	1	1.0
571	643	1	1.0
571	665	1	1.0
571	689	1	1.0
571	709	1	1.0
571	710	1	1.0
571	713	1	1.0
571	717	1	1.0
571	718	1	1.0
571	724	1	1.0
571	728	1	1.0
571	729	1	1.0
571	730	1	1.0
571	742	1	1.0
571	749	1	1.0
571	761	1	1.0
571	779	1	1.0
571	944	1	1.0
571	1143	1	1.0
571	1322	1	1.0
571	1452	1	1.0
571	2363	1	1.0
571	2435	1	1.0
571	3033	1	1.0
571	3083	1	1.0
571	3100	1	1.0
571	3123	1	1.0
571	3143	1	1.0
571	3144	1	1.0
571	3556	1	1.0
572	786	1	1.0
573	700	1	1.0
573	708	1	1.0
573	804	1	1.0
574	2847	1	1.0
575	695	1	1.0
579	580	1	1.0
580	741	1	1.0
586	631	1	1.0
586	1905	1	1.0
586	2027	1	1.0
586	2065	1	1.0
586	3029	1	1.0
586	3107	1	1.0
587	654	1	1.0
587	696	1	1.0
590	611	1	1.0
590	1121	1	1.0
590	1239	1	1.0
591	808	1	1.0
592	611	1	1.0
592	679	1	1.0
592	870	1	1.0
594	595	1	1.0
595	650	1	1.0
595	742	1	1.0
595	946	1	1.0
595	948	1	1.0
595	1324	1	1.0
595	1613	1	1.0
595	2108	1	1.0
595	2124	1	1.0
595	2391	1	1.0
595	3379	1	1.0
595	3513	1	1.0
595	3530	1	1.0
595	3757	1	1.0
595	3902	1	1.0
595	3947	1	1.0
595	4030	1	1.0
595	4496	1	1.0
595	953	0	1.0
595	957	0	1.0
595	959	0	1.0
603	604	1	1.0
603	1155	1	1.0
603	1226	1	1.0
603	1366	1	1.0
603	1377	1	1.0
603	1544	1	1.0
605	606	1	1.0
606	615	1	1.0
606	643	1	1.0
606	682	1	1.0
606	683	1	1.0
606	736	1	1.0
606	760	1	1.0
606	772	1	1.0
606	774	1	1.0
606	820	1	1.0
606	836	1	1.0
606	952	1	1.0
606	1150	1	1.0
606	1226	1	1.0
607	609	1	1.0
608	2426	1	1.0
608	3157	1	1.0
608	3222	1	1.0
608	3403	1	1.0
608	3656	1	1.0
610	742	1	1.0
611	838	1	1.0
613	614	1	1.0
613	626	1	1.0
613	627	1	1.0
613	628	1	1.0
613	653	1	1.0
613	680	1	1.0
613	724	1	1.0
613	749	1	1.0
613	754	1	1.0
613	761	1	1.0
613	764	1	1.0
613	765	1	1.0
613	874	1	1.0
613	1322	1	1.0
613	1490	1	1.0
613	1507	1	1.0
613	1729	1	1.0
613	1823	1	1.0
613	1957	1	1.0
613	2426	1	1.0
613	3165	1	1.0
613	3214	1	1.0
613	751	0	1.0
613	2698	0	1.0
614	620	1	1.0
614	634	1	1.0
615	646	1	1.0
615	709	1	1.0
615	724	1	1.0
618	619	1	1.0
618	971	1	1.0
618	1157	1	1.0
619	1794	1	1.0
622	670	1	1.0
630	644	1	1.0
632	703	1	1.0
634	702	1	1.0
634	729	1	1.0
634	787	1	1.0
634	835	1	1.0
634	841	1	1.0
635	1629	1	1.0
636	663	1	1.0
636	666	1	1.0
636	669	1	1.0
636	671	1	1.0
636	672	1	1.0
636	997	1	1.0
643	665	1	1.0
643	783	1	1.0
643	3029	1	1.0
643	3033	1	1.0
644	686	1	1.0
644	948	1	1.0
645	710	1	1.0
646	654	1	1.0
646	688	1	1.0
646	690	1	1.0
646	724	1	1.0
646	727	1	1.0
646	767	1	1.0
646	777	1	1.0
646	778	1	1.0
646	779	1	1.0
646	812	1	1.0
646	814	1	1.0
646	863	1	1.0
650	651	1	1.0
650	707	1	1.0
650	752	1	1.0
650	868	1	1.0
650	869	1	1.0
650	940	1	1.0
650	969	1	1.0
650	975	1	1.0
650	979	1	1.0
650	991	1	1.0
650	1022	1	1.0
650	1038	1	1.0
650	1079	1	1.0
650	1086	1	1.0
650	1139	1	1.0
650	1147	1	1.0
650	1184	1	1.0
650	1187	1	1.0
650	1203	1	1.0
650	1218	1	1.0
650	1220	1	1.0
650	1232	1	1.0
650	1240	1	1.0
650	1242	1	1.0
650	1255	1	1.0
650	1267	1	1.0
650	1276	1	1.0
650	1283	1	1.0
650	1308	1	1.0
650	1317	1	1.0
650	1329	1	1.0
650	1333	1	1.0
650	1359	1	1.0
650	1370	1	1.0
650	1382	1	1.0
650	1390	1	1.0
650	1403	1	1.0
650	1429	1	1.0
650	1456	1	1.0
650	1471	1	1.0
650	1646	1	1.0
651	682	1	1.0
651	700	1	1.0
652	825	1	1.0
652	888	1	1.0
652	892	1	1.0
652	915	1	1.0
652	924	1	1.0
652	975	1	1.0
652	1022	1	1.0
652	1041	1	1.0
652	1175	1	1.0
654	688	1	1.0
655	656	1	1.0
656	660	1	1.0
658	725	1	1.0
658	1226	1	1.0
658	3569	0	1.0
659	660	0	1.0
663	915	1	1.0
666	811	1	1.0
666	975	1	1.0
667	694	1	1.0
670	724	1	1.0
671	799	1	1.0
673	795	1	1.0
673	815	1	1.0
673	909	1	1.0
673	1059	1	1.0
673	1085	1	1.0
673	3457	1	1.0
674	744	1	1.0
674	756	1	1.0
674	1322	1	1.0
675	761	1	1.0
675	913	1	1.0
675	3208	1	1.0
675	953	0	1.0
675	957	0	1.0
675	959	0	1.0
676	877	0	1.0
679	761	1	1.0
681	769	1	1.0
685	930	1	1.0
687	3298	1	1.0
688	761	1	1.0
690	1143	1	1.0
690	1183	1	1.0
690	1273	1	1.0
690	1570	1	1.0
690	1617	1	1.0
690	1629	1	1.0
690	1736	1	1.0
690	1741	1	1.0
690	1796	1	1.0
690	1902	1	1.0
690	1912	1	1.0
693	812	1	1.0
694	705	1	1.0
694	1055	1	1.0
697	792	1	1.0
698	792	1	1.0
701	782	1	1.0
701	791	1	1.0
701	842	1	1.0
704	1781	1	1.0
707	840	1	1.0
709	761	1	1.0
709	888	1	1.0
709	1480	1	1.0
709	1933	1	1.0
710	715	1	1.0
710	811	1	1.0
713	840	1	1.0
715	761	1	1.0
715	787	1	1.0
715	852	1	1.0
715	1072	1	1.0
718	719	1	1.0
718	720	1	1.0
718	1175	1	1.0
718	1472	1	1.0
718	1617	1	1.0
718	2099	1	1.0
718	2545	1	1.0
718	2550	1	1.0
718	2591	1	1.0
723	1329	1	1.0
723	1344	1	1.0
723	2147	1	1.0
724	731	1	1.0
724	737	1	1.0
724	738	1	1.0
726	732	1	1.0
726	736	1	1.0
729	740	1	1.0
730	761	1	1.0
731	1175	1	1.0
732	1774	1	1.0
732	2099	1	1.0
733	3437	1	1.0
736	759	1	1.0
742	743	1	1.0
742	759	1	1.0
742	772	1	1.0
742	776	1	1.0
742	888	1	1.0
742	915	1	1.0
742	935	1	1.0
742	941	1	1.0
742	975	1	1.0
742	1034	1	1.0
742	1058	1	1.0
742	1059	1	1.0
742	1080	1	1.0
742	1113	1	1.0
742	1115	1	1.0
742	1137	1	1.0
742	1143	1	1.0
742	1168	1	1.0
742	1170	1	1.0
742	1175	1	1.0
742	1219	1	1.0
742	1226	1	1.0
742	1344	1	1.0
742	1393	1	1.0
742	1437	1	1.0
742	1570	1	1.0
742	1577	1	1.0
742	1592	1	1.0
742	3493	1	1.0
742	921	0	1.0
747	2806	1	1.0
747	3490	1	1.0
747	4296	1	1.0
747	4625	1	1.0
749	1155	1	1.0
749	1481	0	1.0
750	774	1	1.0
750	827	1	1.0
750	874	1	1.0
750	875	1	1.0
750	975	1	1.0
750	1053	1	1.0
750	1147	1	1.0
750	1221	1	1.0
750	1226	1	1.0
752	859	1	1.0
752	1335	1	1.0
752	2972	1	1.0
754	1041	1	1.0
754	1335	1	1.0
754	1396	1	1.0
755	760	1	1.0
755	2130	1	1.0
755	2176	1	1.0
755	2830	1	1.0
755	3043	1	1.0
755	3709	1	1.0
755	3978	1	1.0
755	3982	1	1.0
757	758	1	1.0
758	787	1	1.0
758	792	1	1.0
758	818	1	1.0
758	1445	1	1.0
759	840	1	1.0
760	821	1	1.0
760	873	1	1.0
761	763	1	1.0
761	766	1	1.0
761	769	1	1.0
761	771	1	1.0
761	776	1	1.0
761	779	1	1.0
761	780	1	1.0
761	789	1	1.0
761	803	1	1.0
761	807	1	1.0
761	818	1	1.0
761	821	1	1.0
761	855	1	1.0
761	856	1	1.0
761	857	1	1.0
761	859	1	1.0
761	864	1	1.0
761	866	1	1.0
761	901	1	1.0
761	906	1	1.0
761	913	1	1.0
761	914	1	1.0
761	915	1	1.0
761	916	1	1.0
761	923	1	1.0
761	925	1	1.0
761	932	1	1.0
761	1059	1	1.0
761	1466	1	1.0
761	1666	1	1.0
761	1717	1	1.0
761	907	0	1.0
763	1123	1	1.0
764	767	1	1.0
764	781	1	1.0
765	1175	1	1.0
769	802	1	1.0
769	861	1	1.0
769	987	1	1.0
772	773	1	1.0
772	776	1	1.0
772	886	1	1.0
772	889	1	1.0
773	1053	1	1.0
773	1089	1	1.0
773	1106	1	1.0
773	1167	1	1.0
773	1174	1	1.0
773	1175	1	1.0
774	818	1	1.0
774	824	1	1.0
774	938	1	1.0
774	1115	1	1.0
776	811	1	1.0
776	855	1	1.0
776	867	1	1.0
776	888	1	1.0
776	900	1	1.0
776	1053	1	1.0
777	797	1	1.0
779	803	1	1.0
779	844	1	1.0
779	855	1	1.0
780	926	1	1.0
780	975	1	1.0
780	1105	1	1.0
780	1107	1	1.0
780	1115	1	1.0
780	3100	1	1.0
780	3437	1	1.0
780	3645	1	1.0
780	3709	1	1.0
786	866	1	1.0
786	880	1	1.0
786	888	1	1.0
786	895	1	1.0
786	1007	1	1.0
786	1047	1	1.0
786	1074	1	1.0
786	1099	1	1.0
786	1114	1	1.0
786	1115	1	1.0
786	1116	1	1.0
786	1122	1	1.0
786	1124	1	1.0
786	1134	1	1.0
786	1179	1	1.0
786	1202	1	1.0
786	1265	1	1.0
786	1275	1	1.0
786	1293	1	1.0
786	1300	1	1.0
786	1363	1	1.0
786	1579	1	1.0
786	1616	1	1.0
786	1632	1	1.0
786	1666	1	1.0
786	1681	1	1.0
786	1707	1	1.0
786	1794	1	1.0
786	1833	1	1.0
786	1834	1	1.0
786	1850	1	1.0
786	1927	1	1.0
787	794	1	1.0
788	1710	1	1.0
791	1074	1	1.0
792	793	1	1.0
792	810	1	1.0
798	1163	1	1.0
798	1213	1	1.0
800	829	1	1.0
805	825	0	1.0
806	825	1	1.0
807	1155	1	1.0
808	1103	1	1.0
808	1111	1	1.0
808	1143	1	1.0
808	3040	1	1.0
811	852	1	1.0
811	923	1	1.0
811	924	1	1.0
811	935	1	1.0
811	907	0	1.0
813	1042	1	1.0
813	1329	1	1.0
813	1613	1	1.0
818	833	1	1.0
818	913	1	1.0
819	828	1	1.0
821	824	1	1.0
821	913	1	1.0
824	832	1	1.0
824	931	1	1.0
824	921	0	1.0
825	826	1	1.0
825	847	1	1.0
825	855	1	1.0
825	865	1	1.0
825	897	1	1.0
825	946	1	1.0
825	993	1	1.0
825	1047	1	1.0
825	1128	1	1.0
828	829	1	1.0
829	830	1	1.0
829	834	1	1.0
829	896	1	1.0
834	965	1	1.0
834	1719	1	1.0
834	1920	1	1.0
834	1929	1	1.0
834	1974	1	1.0
834	2058	1	1.0
834	3279	1	1.0
834	4243	1	1.0
834	4299	1	1.0
840	966	1	1.0
842	1022	1	1.0
844	845	1	1.0
844	846	1	1.0
844	1175	1	1.0
844	1452	1	1.0
844	1505	1	1.0
844	2545	1	1.0
844	2919	1	1.0
844	3161	1	1.0
850	890	1	1.0
850	891	1	1.0
850	894	1	1.0
850	917	1	1.0
851	883	1	1.0
851	888	1	1.0
854	861	1	1.0
855	876	1	1.0
855	883	1	1.0
855	913	1	1.0
855	943	1	1.0
859	860	1	1.0
859	890	1	1.0
860	862	1	1.0
862	910	1	1.0
867	964	1	1.0
867	980	1	1.0
867	1008	1	1.0
867	1031	1	1.0
867	1115	1	1.0
867	1119	1	1.0
867	1226	1	1.0
871	975	1	1.0
871	1022	1	1.0
871	1128	1	1.0
871	1143	1	1.0
871	3457	1	1.0
871	3696	1	1.0
871	3820	1	1.0
873	913	1	1.0
874	1059	1	1.0
874	1062	1	1.0
874	1069	1	1.0
874	1249	1	1.0
879	907	0	1.0
880	1480	1	1.0
880	1616	1	1.0
880	1617	1	1.0
880	1711	1	1.0
880	1794	1	1.0
881	910	1	1.0
882	1172	1	1.0
887	1155	1	1.0
887	1287	1	1.0
887	1472	1	1.0
887	1642	1	1.0
887	1689	1	1.0
887	1711	1	1.0
887	1790	1	1.0
887	2130	1	1.0
887	2426	1	1.0
887	3146	1	1.0
887	3379	1	1.0
887	3437	1	1.0
887	3556	1	1.0
887	3656	1	1.0
887	3757	1	1.0
887	4143	1	1.0
887	4196	1	1.0
887	4250	1	1.0
887	4369	1	1.0
887	4389	1	1.0
887	4401	1	1.0
887	4482	1	1.0
887	4496	1	1.0
887	4650	1	1.0
887	4774	1	1.0
888	915	1	1.0
888	1010	1	1.0
888	1090	1	1.0
888	1106	1	1.0
888	1114	1	1.0
888	1115	1	1.0
888	1118	1	1.0
888	1171	1	1.0
888	1195	1	1.0
888	1226	1	1.0
888	1335	1	1.0
888	1397	1	1.0
888	1616	1	1.0
888	1711	1	1.0
888	2042	1	1.0
889	2345	1	1.0
891	983	1	1.0
896	905	1	1.0
896	991	1	1.0
896	1187	1	1.0
896	1205	1	1.0
897	913	1	1.0
898	899	1	1.0
898	945	1	1.0
898	981	1	1.0
899	935	1	1.0
899	1014	1	1.0
899	1046	1	1.0
902	975	1	1.0
902	976	1	1.0
903	1883	1	1.0
911	1136	1	1.0
911	1144	1	1.0
913	914	1	1.0
913	916	1	1.0
913	923	1	1.0
913	925	1	1.0
913	932	1	1.0
913	933	1	1.0
913	943	1	1.0
915	985	1	1.0
915	1039	1	1.0
915	1044	1	1.0
915	1074	1	1.0
915	1090	1	1.0
915	1095	1	1.0
915	1096	1	1.0
915	1098	1	1.0
915	1116	1	1.0
915	1143	1	1.0
915	1176	1	1.0
915	1177	1	1.0
915	1189	1	1.0
915	1226	1	1.0
916	1226	1	1.0
916	1512	1	1.0
916	1522	1	1.0
916	1526	1	1.0
917	918	1	1.0
917	992	1	1.0
919	1175	1	1.0
919	1413	1	1.0
919	1433	1	1.0
919	2761	1	1.0
919	3407	1	1.0
919	3437	1	1.0
923	932	1	1.0
923	975	1	1.0
926	945	1	1.0
926	1032	1	1.0
926	1589	1	1.0
929	1014	1	1.0
929	1016	0	1.0
931	990	1	1.0
932	3007	1	1.0
935	982	1	1.0
937	1867	1	1.0
944	1046	1	1.0
944	1115	1	1.0
944	3970	1	1.0
946	975	1	1.0
948	949	1	1.0
948	959	0	1.0
953	954	1	1.0
953	955	1	1.0
953	956	1	1.0
953	957	1	1.0
953	1135	0	1.0
954	957	1	1.0
954	1135	0	1.0
955	1135	0	1.0
956	1135	0	1.0
957	958	1	1.0
957	959	1	1.0
957	1135	0	1.0
958	1135	0	1.0
961	963	1	1.0
961	1084	1	1.0
961	1115	1	1.0
972	973	1	1.0
972	1115	1	1.0
972	2922	1	1.0
975	1004	1	1.0
975	1009	1	1.0
975	1011	1	1.0
975	1013	1	1.0
975	1020	1	1.0
975	1022	1	1.0
975	1026	1	1.0
975	1029	1	1.0
975	1030	1	1.0
975	1031	1	1.0
975	1035	1	1.0
975	1044	1	1.0
975	1045	1	1.0
975	1050	1	1.0
975	1051	1	1.0
975	1053	1	1.0
975	1059	1	1.0
975	1064	1	1.0
975	1066	1	1.0
975	1067	1	1.0
975	1068	1	1.0
975	1069	1	1.0
975	1071	1	1.0
975	1103	1	1.0
975	1109	1	1.0
975	1113	1	1.0
975	1115	1	1.0
975	1116	1	1.0
975	1117	1	1.0
975	1120	1	1.0
975	1122	1	1.0
975	1127	1	1.0
975	1128	1	1.0
975	1129	1	1.0
975	1141	1	1.0
975	1143	1	1.0
975	1157	1	1.0
975	1162	1	1.0
975	1181	1	1.0
975	1226	1	1.0
975	1227	1	1.0
975	1322	1	1.0
978	1078	1	1.0
979	1062	1	1.0
981	1012	1	1.0
986	1157	1	1.0
988	1117	1	1.0
988	1126	0	1.0
997	998	1	1.0
998	999	1	1.0
1001	1098	1	1.0
1001	1711	1	1.0
1002	1768	1	1.0
1002	3848	1	1.0
1005	1034	0	1.0
1006	1007	1	1.0
1008	1015	1	1.0
1008	1017	1	1.0
1009	1021	1	1.0
1010	1115	1	1.0
1010	1711	1	1.0
1010	1747	1	1.0
1010	1781	1	1.0
1010	1798	1	1.0
1010	1823	1	1.0
1010	1952	1	1.0
1010	1954	1	1.0
1011	1012	1	1.0
1018	2170	1	1.0
1019	1032	1	1.0
1022	1030	1	1.0
1022	1034	1	1.0
1022	1039	1	1.0
1022	1041	1	1.0
1022	1053	1	1.0
1022	1061	1	1.0
1022	1065	1	1.0
1022	1066	1	1.0
1022	1079	1	1.0
1022	1097	1	1.0
1022	1109	1	1.0
1022	1124	1	1.0
1022	1132	1	1.0
1022	1139	1	1.0
1022	1147	1	1.0
1022	1190	1	1.0
1022	1198	1	1.0
1022	1218	1	1.0
1022	1236	1	1.0
1022	1240	1	1.0
1022	1258	1	1.0
1022	1262	1	1.0
1022	1267	1	1.0
1022	1268	1	1.0
1022	1308	1	1.0
1022	1316	1	1.0
1022	1317	1	1.0
1022	1329	1	1.0
1022	1366	1	1.0
1022	1370	1	1.0
1022	1379	1	1.0
1022	1403	1	1.0
1022	1435	1	1.0
1022	1508	1	1.0
1022	1661	1	1.0
1022	1671	1	1.0
1022	1682	1	1.0
1022	1794	1	1.0
1022	1829	1	1.0
1022	1842	1	1.0
1022	1864	1	1.0
1022	1900	1	1.0
1022	1929	1	1.0
1022	1945	1	1.0
1022	1986	1	1.0
1022	2019	1	1.0
1022	2052	1	1.0
1022	2069	1	1.0
1022	2329	1	1.0
1022	2339	1	1.0
1022	2400	1	1.0
1022	2473	1	1.0
1022	2912	1	1.0
1022	3337	1	1.0
1022	3366	1	1.0
1023	1024	1	1.0
1027	1155	1	1.0
1027	1335	1	1.0
1027	1522	1	1.0
1027	1752	1	1.0
1027	1927	1	1.0
1031	1045	1	1.0
1032	2500	1	1.0
1032	3029	1	1.0
1034	1035	1	1.0
1034	1036	1	1.0
1034	1064	1	1.0
1034	1257	1	1.0
1034	3201	0	1.0
1036	1041	1	1.0
1036	1043	1	1.0
1037	1108	1	1.0
1039	1040	1	1.0
1040	1099	1	1.0
1041	1045	1	1.0
1041	1055	1	1.0
1041	1059	1	1.0
1041	1068	1	1.0
1043	1044	1	1.0
1046	1175	1	1.0
1046	1413	1	1.0
1046	1823	1	1.0
1047	1226	1	1.0
1047	1308	1	1.0
1047	1335	1	1.0
1047	1467	1	1.0
1047	1479	1	1.0
1047	1480	1	1.0
1047	1501	1	1.0
1047	1505	1	1.0
1047	1570	1	1.0
1047	1623	1	1.0
1047	1640	1	1.0
1047	1648	1	1.0
1047	1679	1	1.0
1047	1696	1	1.0
1047	1762	1	1.0
1047	1763	1	1.0
1047	1780	1	1.0
1047	1787	1	1.0
1047	1788	1	1.0
1047	1789	1	1.0
1047	1808	1	1.0
1047	2545	1	1.0
1047	3285	1	1.0
1047	4243	1	1.0
1049	1054	1	1.0
1051	1057	1	1.0
1053	1099	1	1.0
1053	1113	1	1.0
1053	1115	1	1.0
1053	1243	1	1.0
1053	1335	1	1.0
1053	1169	0	1.0
1054	1082	1	1.0
1056	1102	1	1.0
1059	1065	1	1.0
1059	1076	1	1.0
1059	1080	1	1.0
1059	1087	1	1.0
1060	1914	1	1.0
1060	2599	1	1.0
1062	1063	1	1.0
1069	1070	1	1.0
1071	1093	1	1.0
1071	1520	1	1.0
1071	1689	1	1.0
1071	1711	1	1.0
1071	1781	1	1.0
1071	1921	1	1.0
1071	2176	1	1.0
1071	2315	1	1.0
1071	2545	1	1.0
1071	2571	1	1.0
1071	2614	1	1.0
1071	2687	1	1.0
1071	2692	1	1.0
1071	2699	1	1.0
1071	2606	0	1.0
1071	2698	0	1.0
1072	1073	1	1.0
1072	1075	1	1.0
1074	1157	1	1.0
1079	1175	1	1.0
1079	1301	1	1.0
1079	1308	1	1.0
1079	1370	1	1.0
1079	1372	1	1.0
1079	1397	1	1.0
1079	1409	1	1.0
1079	1412	1	1.0
1079	1437	1	1.0
1079	1460	1	1.0
1079	1471	1	1.0
1079	1480	1	1.0
1079	1490	1	1.0
1079	1519	1	1.0
1079	1523	1	1.0
1079	1557	1	1.0
1079	1595	1	1.0
1079	1612	1	1.0
1079	1614	1	1.0
1079	1617	1	1.0
1079	1626	1	1.0
1079	1632	1	1.0
1079	1647	1	1.0
1079	1658	1	1.0
1079	1660	1	1.0
1079	1661	1	1.0
1079	1673	1	1.0
1079	1697	1	1.0
1079	1698	1	1.0
1079	1728	1	1.0
1079	1737	1	1.0
1079	1743	1	1.0
1079	1753	1	1.0
1079	1759	1	1.0
1079	1794	1	1.0
1079	1968	1	1.0
1079	1731	0	1.0
1087	1115	1	1.0
1087	1370	1	1.0
1087	1536	1	1.0
1087	1781	1	1.0
1087	1887	1	1.0
1087	1926	1	1.0
1087	2545	1	1.0
1087	2703	1	1.0
1087	2916	1	1.0
1089	1124	1	1.0
1089	1155	1	1.0
1089	1173	1	1.0
1089	1175	1	1.0
1089	1197	1	1.0
1089	1522	1	1.0
1089	1693	1	1.0
1089	2176	1	1.0
1089	2806	1	1.0
1089	3165	1	1.0
1089	1169	0	1.0
1090	1108	1	1.0
1093	1106	1	1.0
1093	3263	1	1.0
1099	1140	1	1.0
1108	1119	1	1.0
1108	1128	1	1.0
1108	1145	1	1.0
1108	1149	1	1.0
1108	1153	1	1.0
1108	1154	1	1.0
1108	1160	1	1.0
1108	1204	1	1.0
1109	2176	1	1.0
1113	1381	1	1.0
1113	1672	1	1.0
1114	1115	1	1.0
1114	1143	1	1.0
1114	1155	1	1.0
1114	1175	1	1.0
1114	1226	1	1.0
1114	1335	1	1.0
1114	1344	1	1.0
1114	1370	1	1.0
1114	1397	1	1.0
1114	1407	1	1.0
1114	1522	1	1.0
1114	1641	1	1.0
1114	1905	1	1.0
1114	2176	1	1.0
1114	2426	1	1.0
1114	2467	1	1.0
1114	3025	1	1.0
1114	3222	1	1.0
1114	3304	1	1.0
1114	3379	1	1.0
1114	3493	1	1.0
1114	4383	1	1.0
1114	4464	1	1.0
1114	3049	0	1.0
1114	3050	0	1.0
1114	3053	0	1.0
1115	1137	1	1.0
1115	1143	1	1.0
1115	1155	1	1.0
1115	1157	1	1.0
1115	1159	1	1.0
1115	1175	1	1.0
1115	1189	1	1.0
1115	1193	1	1.0
1115	1209	1	1.0
1115	1226	1	1.0
1115	1231	1	1.0
1115	1249	1	1.0
1115	1254	1	1.0
1115	1266	1	1.0
1115	1275	1	1.0
1115	1278	1	1.0
1115	1281	1	1.0
1115	1287	1	1.0
1115	1292	1	1.0
1115	1301	1	1.0
1115	1310	1	1.0
1115	1322	1	1.0
1115	1335	1	1.0
1115	1342	1	1.0
1115	1344	1	1.0
1115	1355	1	1.0
1115	1370	1	1.0
1115	1371	1	1.0
1115	1377	1	1.0
1115	1378	1	1.0
1115	1386	1	1.0
1115	1407	1	1.0
1115	1423	1	1.0
1115	1431	1	1.0
1115	1433	1	1.0
1115	1437	1	1.0
1115	1453	1	1.0
1115	1479	1	1.0
1115	1487	1	1.0
1115	1499	1	1.0
1115	1503	1	1.0
1115	1508	1	1.0
1115	1523	1	1.0
1115	1545	1	1.0
1115	1556	1	1.0
1115	1561	1	1.0
1115	1562	1	1.0
1115	1669	1	1.0
1115	1708	1	1.0
1115	1710	1	1.0
1115	1756	1	1.0
1115	1815	1	1.0
1115	1816	1	1.0
1115	1821	1	1.0
1115	1831	1	1.0
1115	1845	1	1.0
1115	1927	1	1.0
1115	1950	1	1.0
1115	2376	1	1.0
1116	1175	1	1.0
1117	1125	0	1.0
1119	1335	1	1.0
1119	1480	1	1.0
1119	1512	1	1.0
1121	4208	1	1.0
1122	1140	1	1.0
1125	1126	1	1.0
1128	1153	1	1.0
1130	1143	1	1.0
1140	1164	1	1.0
1140	1175	1	1.0
1140	1183	1	1.0
1140	1287	1	1.0
1140	1794	1	1.0
1143	1175	1	1.0
1143	1180	1	1.0
1143	1236	1	1.0
1143	1254	1	1.0
1143	1259	1	1.0
1143	1311	1	1.0
1143	1322	1	1.0
1143	1454	1	1.0
1143	1522	1	1.0
1144	1147	1	1.0
1144	1148	1	1.0
1147	1242	1	1.0
1150	1151	1	1.0
1150	1178	1	1.0
1151	1157	1	1.0
1155	1156	1	1.0
1155	1175	1	1.0
1155	1179	1	1.0
1155	1204	1	1.0
1155	1226	1	1.0
1155	1231	1	1.0
1155	1287	1	1.0
1155	1370	1	1.0
1155	1437	1	1.0
1155	1453	1	1.0
1155	1478	1	1.0
1155	1503	1	1.0
1155	1522	1	1.0
1155	1533	1	1.0
1155	1535	1	1.0
1155	1538	1	1.0
1155	1555	1	1.0
1155	1781	1	1.0
1155	1845	1	1.0
1155	1905	1	1.0
1155	2277	1	1.0
1155	2377	1	1.0
1157	1165	1	1.0
1157	1185	1	1.0
1157	1189	1	1.0
1157	1244	1	1.0
1157	1249	1	1.0
1158	1226	1	1.0
1167	1168	1	1.0
1170	1226	1	1.0
1171	1226	1	1.0
1171	1278	1	1.0
1171	1335	1	1.0
1171	3222	1	1.0
1171	3709	1	1.0
1171	3757	1	1.0
1171	4017	1	1.0
1175	1177	1	1.0
1175	1180	1	1.0
1175	1224	1	1.0
1175	1226	1	1.0
1175	1245	1	1.0
1175	1246	1	1.0
1175	1247	1	1.0
1175	1249	1	1.0
1175	1253	1	1.0
1175	1259	1	1.0
1175	1275	1	1.0
1175	1278	1	1.0
1175	1297	1	1.0
1175	1301	1	1.0
1175	1302	1	1.0
1175	1308	1	1.0
1175	1321	1	1.0
1175	1322	1	1.0
1175	1335	1	1.0
1175	1339	1	1.0
1175	1344	1	1.0
1175	1370	1	1.0
1175	1386	1	1.0
1175	1397	1	1.0
1175	1415	1	1.0
1175	1419	1	1.0
1175	1424	1	1.0
1175	1430	1	1.0
1175	1437	1	1.0
1175	1443	1	1.0
1175	1444	1	1.0
1175	1446	1	1.0
1175	1452	1	1.0
1175	1453	1	1.0
1175	1465	1	1.0
1175	1474	1	1.0
1175	1488	1	1.0
1175	1496	1	1.0
1175	1505	1	1.0
1175	1512	1	1.0
1175	1609	1	1.0
1175	1613	1	1.0
1175	1642	1	1.0
1175	1709	1	1.0
1175	1729	1	1.0
1175	1774	1	1.0
1175	1790	1	1.0
1175	1815	1	1.0
1175	1845	1	1.0
1175	1853	1	1.0
1175	1882	1	1.0
1175	1883	1	1.0
1175	1905	1	1.0
1175	1912	1	1.0
1175	1921	1	1.0
1175	1933	1	1.0
1175	2039	1	1.0
1175	2060	1	1.0
1175	2264	1	1.0
1175	2277	1	1.0
1175	2427	1	1.0
1175	2463	1	1.0
1175	2482	1	1.0
1175	2552	1	1.0
1175	2608	1	1.0
1175	2638	1	1.0
1175	2689	1	1.0
1175	2700	1	1.0
1175	2754	1	1.0
1175	2826	1	1.0
1175	2830	1	1.0
1175	2831	1	1.0
1175	3146	1	1.0
1175	3437	1	1.0
1175	3448	1	1.0
1175	4033	1	1.0
1175	4425	1	1.0
1175	4719	1	1.0
1175	1643	0	1.0
1175	1755	0	1.0
1175	2159	0	1.0
1175	2161	0	1.0
1175	2442	0	1.0
1175	2483	0	1.0
1175	2488	0	1.0
1176	3870	1	1.0
1177	1226	1	1.0
1177	1555	1	1.0
1177	1693	1	1.0
1177	1747	1	1.0
1177	1869	1	1.0
1177	1905	1	1.0
1178	1196	1	1.0
1180	1291	1	1.0
1180	1781	1	1.0
1181	1226	1	1.0
1181	1711	1	1.0
1183	1236	1	1.0
1189	1226	1	1.0
1189	1506	1	1.0
1189	1877	1	1.0
1189	1926	1	1.0
1189	2402	1	1.0
1189	2545	1	1.0
1189	2560	1	1.0
1189	2963	1	1.0
1189	2976	1	1.0
1189	3379	1	1.0
1189	3853	1	1.0
1189	3884	1	1.0
1190	1226	1	1.0
1190	1285	1	1.0
1190	1301	1	1.0
1193	1223	0	1.0
1198	4051	1	1.0
1199	1226	1	1.0
1210	1211	1	1.0
1215	1219	1	1.0
1215	1241	1	1.0
1226	1234	1	1.0
1226	1235	1	1.0
1226	1241	1	1.0
1226	1249	1	1.0
1226	1255	1	1.0
1226	1256	1	1.0
1226	1262	1	1.0
1226	1263	1	1.0
1226	1265	1	1.0
1226	1270	1	1.0
1226	1275	1	1.0
1226	1278	1	1.0
1226	1280	1	1.0
1226	1281	1	1.0
1226	1284	1	1.0
1226	1285	1	1.0
1226	1287	1	1.0
1226	1288	1	1.0
1226	1289	1	1.0
1226	1290	1	1.0
1226	1294	1	1.0
1226	1296	1	1.0
1226	1297	1	1.0
1226	1298	1	1.0
1226	1299	1	1.0
1226	1301	1	1.0
1226	1307	1	1.0
1226	1308	1	1.0
1226	1310	1	1.0
1226	1315	1	1.0
1226	1320	1	1.0
1226	1322	1	1.0
1226	1329	1	1.0
1226	1335	1	1.0
1226	1339	1	1.0
1226	1344	1	1.0
1226	1352	1	1.0
1226	1370	1	1.0
1226	1374	1	1.0
1226	1377	1	1.0
1226	1380	1	1.0
1226	1386	1	1.0
1226	1389	1	1.0
1226	1391	1	1.0
1226	1397	1	1.0
1226	1407	1	1.0
1226	1419	1	1.0
1226	1420	1	1.0
1226	1425	1	1.0
1226	1433	1	1.0
1226	1435	1	1.0
1226	1437	1	1.0
1226	1453	1	1.0
1226	1459	1	1.0
1226	1460	1	1.0
1226	1495	1	1.0
1226	1522	1	1.0
1226	1526	1	1.0
1226	1530	1	1.0
1226	1545	1	1.0
1226	1570	1	1.0
1226	1604	1	1.0
1226	1609	1	1.0
1226	1711	1	1.0
1226	1714	1	1.0
1226	1726	1	1.0
1226	1774	1	1.0
1226	1921	1	1.0
1226	2041	1	1.0
1226	2076	1	1.0
1226	2282	1	1.0
1226	3127	1	1.0
1226	3437	1	1.0
1226	1572	0	1.0
1226	1972	0	1.0
1226	2139	0	1.0
1226	2199	0	1.0
1226	2212	0	1.0
1226	2214	0	1.0
1226	2217	0	1.0
1226	2218	0	1.0
1226	2231	0	1.0
1226	2232	0	1.0
1226	2233	0	1.0
1226	2234	0	1.0
1226	2235	0	1.0
1226	2236	0	1.0
1226	2237	0	1.0
1226	2238	0	1.0
1226	2239	0	1.0
1226	2240	0	1.0
1226	2241	0	1.0
1226	2246	0	1.0
1226	2247	0	1.0
1226	2248	0	1.0
1226	2250	0	1.0
1226	2251	0	1.0
1226	2252	0	1.0
1226	2261	0	1.0
1226	2262	0	1.0
1226	3052	0	1.0
1226	3053	0	1.0
1229	1233	1	1.0
1229	1278	1	1.0
1229	1288	1	1.0
1229	1335	1	1.0
1229	1676	1	1.0
1231	1711	1	1.0
1231	1845	1	1.0
1231	2078	1	1.0
1234	1235	1	1.0
1236	1248	1	1.0
1242	1370	1	1.0
1242	1457	1	1.0
1242	1600	1	1.0
1245	1253	1	1.0
1247	3197	1	1.0
1247	3304	1	1.0
1247	3859	1	1.0
1247	4039	1	1.0
1249	1296	1	1.0
1249	1303	1	1.0
1249	1504	1	1.0
1249	1570	1	1.0
1249	1604	1	1.0
1249	1711	1	1.0
1249	1729	1	1.0
1249	1734	1	1.0
1249	1781	1	1.0
1251	1386	1	1.0
1252	1480	1	1.0
1253	1269	1	1.0
1255	1281	1	1.0
1255	1308	1	1.0
1255	1335	1	1.0
1255	1342	1	1.0
1255	1361	1	1.0
1255	1366	1	1.0
1255	1459	1	1.0
1255	1495	1	1.0
1255	1714	1	1.0
1255	1734	1	1.0
1255	2019	1	1.0
1257	1281	1	1.0
1259	1555	1	1.0
1265	1329	1	1.0
1265	1397	1	1.0
1265	1498	1	1.0
1265	2929	1	1.0
1267	1366	1	1.0
1267	2017	1	1.0
1267	2973	1	1.0
1267	3137	1	1.0
1275	1301	1	1.0
1275	1437	1	1.0
1275	1453	1	1.0
1275	1570	1	1.0
1275	1711	1	1.0
1275	1823	1	1.0
1275	1905	1	1.0
1275	1919	1	1.0
1275	1995	1	1.0
1275	2058	1	1.0
1275	2304	1	1.0
1275	2534	1	1.0
1275	3029	1	1.0
1275	3343	1	1.0
1278	1279	1	1.0
1278	1281	1	1.0
1278	1322	1	1.0
1278	1344	1	1.0
1278	1371	1	1.0
1278	1391	1	1.0
1278	1407	1	1.0
1278	1453	1	1.0
1278	1465	1	1.0
1278	1505	1	1.0
1278	1685	1	1.0
1278	1711	1	1.0
1278	1722	1	1.0
1278	1815	1	1.0
1278	1887	1	1.0
1278	1927	1	1.0
1278	1995	1	1.0
1278	3646	1	1.0
1280	1281	1	1.0
1281	1282	1	1.0
1281	1490	1	1.0
1281	1709	1	1.0
1281	1711	1	1.0
1281	1933	1	1.0
1281	2054	1	1.0
1281	2871	1	1.0
1281	2927	1	1.0
1281	3109	1	1.0
1281	3160	1	1.0
1281	3172	1	1.0
1281	3493	1	1.0
1281	3718	1	1.0
1281	4070	1	1.0
1283	1794	1	1.0
1283	1836	1	1.0
1283	3138	1	1.0
1284	3173	1	1.0
1285	1286	1	1.0
1287	1344	1	1.0
1287	1397	1	1.0
1287	1437	1	1.0
1287	1465	1	1.0
1287	1480	1	1.0
1287	1501	1	1.0
1287	1525	1	1.0
1287	1530	1	1.0
1287	3010	1	1.0
1287	3057	1	1.0
1287	3656	1	1.0
1287	4262	1	1.0
1287	4298	1	1.0
1287	4370	1	1.0
1287	4404	1	1.0
1287	4405	1	1.0
1287	4423	1	1.0
1287	4424	1	1.0
1287	4635	1	1.0
1289	3210	1	1.0
1292	1308	1	1.0
1292	1310	1	1.0
1292	1323	1	1.0
1293	1315	1	1.0
1293	1616	1	1.0
1293	1710	1	1.0
1294	1335	1	1.0
1298	1329	1	1.0
1298	1398	1	1.0
1298	1487	1	1.0
1300	1335	1	1.0
1301	1304	1	1.0
1301	1335	1	1.0
1301	1397	1	1.0
1301	1440	1	1.0
1301	1555	1	1.0
1301	1569	1	1.0
1301	1589	1	1.0
1301	1711	1	1.0
1301	1882	1	1.0
1301	1905	1	1.0
1301	2000	1	1.0
1301	2057	1	1.0
1301	2253	1	1.0
1301	2256	1	1.0
1301	2265	1	1.0
1301	2426	1	1.0
1301	2806	1	1.0
1301	3456	1	1.0
1308	1315	1	1.0
1308	1329	1	1.0
1308	1370	1	1.0
1308	1437	1	1.0
1308	1461	1	1.0
1308	1480	1	1.0
1310	1335	1	1.0
1310	2099	1	1.0
1311	1323	1	1.0
1312	1315	1	1.0
1312	1335	1	1.0
1312	2055	1	1.0
1315	1324	1	1.0
1315	1330	1	1.0
1315	1490	1	1.0
1315	1505	1	1.0
1315	3183	1	1.0
1315	3379	1	1.0
1315	3563	1	1.0
1315	3710	1	1.0
1315	3925	1	1.0
1317	3647	1	1.0
1321	1570	1	1.0
1322	1329	1	1.0
1322	1334	1	1.0
1322	1335	1	1.0
1322	1342	1	1.0
1322	1343	1	1.0
1322	1344	1	1.0
1322	1350	1	1.0
1322	1358	1	1.0
1322	1362	1	1.0
1322	1363	1	1.0
1322	1374	1	1.0
1322	1397	1	1.0
1322	1437	1	1.0
1322	1480	1	1.0
1322	1501	1	1.0
1322	1505	1	1.0
1322	1506	1	1.0
1322	1570	1	1.0
1322	1652	1	1.0
1322	1690	1	1.0
1322	1794	1	1.0
1322	1816	1	1.0
1322	1850	1	1.0
1322	1856	1	1.0
1322	1871	1	1.0
1322	1887	1	1.0
1322	1905	1	1.0
1322	1995	1	1.0
1322	2000	1	1.0
1322	2069	1	1.0
1322	2176	1	1.0
1322	2304	1	1.0
1322	2571	1	1.0
1322	2963	1	1.0
1322	3083	1	1.0
1322	3089	1	1.0
1322	3160	1	1.0
1322	3543	1	1.0
1322	3656	1	1.0
1322	3826	1	1.0
1322	1865	0	1.0
1323	1437	1	1.0
1323	1466	1	1.0
1323	1480	1	1.0
1323	1933	1	1.0
1324	1711	1	1.0
1324	1778	1	1.0
1324	1823	1	1.0
1324	2000	1	1.0
1324	2140	1	1.0
1324	2152	1	1.0
1324	4571	1	1.0
1329	1331	1	1.0
1329	1338	1	1.0
1329	1364	1	1.0
1329	1370	1	1.0
1329	1386	1	1.0
1329	1433	1	1.0
1329	1436	1	1.0
1329	1466	1	1.0
1329	1480	1	1.0
1329	1502	1	1.0
1329	1604	1	1.0
1329	1481	0	1.0
1331	1336	1	1.0
1332	1356	1	1.0
1333	1370	1	1.0
1334	1335	1	1.0
1335	1341	1	1.0
1335	1343	1	1.0
1335	1344	1	1.0
1335	1345	1	1.0
1335	1346	1	1.0
1335	1347	1	1.0
1335	1350	1	1.0
1335	1352	1	1.0
1335	1353	1	1.0
1335	1354	1	1.0
1335	1358	1	1.0
1335	1363	1	1.0
1335	1366	1	1.0
1335	1368	1	1.0
1335	1369	1	1.0
1335	1370	1	1.0
1335	1373	1	1.0
1335	1374	1	1.0
1335	1375	1	1.0
1335	1376	1	1.0
1335	1377	1	1.0
1335	1383	1	1.0
1335	1384	1	1.0
1335	1389	1	1.0
1335	1393	1	1.0
1335	1397	1	1.0
1335	1400	1	1.0
1335	1401	1	1.0
1335	1404	1	1.0
1335	1405	1	1.0
1335	1407	1	1.0
1335	1409	1	1.0
1335	1410	1	1.0
1335	1411	1	1.0
1335	1412	1	1.0
1335	1417	1	1.0
1335	1426	1	1.0
1335	1429	1	1.0
1335	1433	1	1.0
1335	1441	1	1.0
1335	1451	1	1.0
1335	1459	1	1.0
1335	1495	1	1.0
1335	1711	1	1.0
1335	1714	1	1.0
1335	1734	1	1.0
1335	1869	1	1.0
1335	1880	1	1.0
1335	1984	1	1.0
1335	2042	1	1.0
1335	2085	1	1.0
1335	2176	1	1.0
1337	1349	1	1.0
1337	1366	1	1.0
1341	1397	1	1.0
1342	1352	1	1.0
1342	1377	1	1.0
1342	1381	1	1.0
1342	1437	1	1.0
1342	1605	1	1.0
1342	1710	1	1.0
1342	1768	1	1.0
1342	1839	1	1.0
1342	1845	1	1.0
1342	1900	1	1.0
1342	1905	1	1.0
1342	1997	1	1.0
1342	2099	1	1.0
1342	2903	1	1.0
1343	1344	1	1.0
1343	1397	1	1.0
1343	1454	1	1.0
1343	1925	1	1.0
1343	2103	1	1.0
1344	1348	1	1.0
1344	1360	1	1.0
1344	1365	1	1.0
1344	1377	1	1.0
1344	1378	1	1.0
1344	1386	1	1.0
1344	1392	1	1.0
1344	1395	1	1.0
1344	1397	1	1.0
1344	1413	1	1.0
1344	1420	1	1.0
1344	1437	1	1.0
1344	1453	1	1.0
1344	1490	1	1.0
1344	1497	1	1.0
1344	1522	1	1.0
1344	1530	1	1.0
1344	1570	1	1.0
1344	1587	1	1.0
1344	1592	1	1.0
1344	1595	1	1.0
1344	1609	1	1.0
1344	1620	1	1.0
1344	1701	1	1.0
1344	1711	1	1.0
1344	1752	1	1.0
1344	1754	1	1.0
1344	1757	1	1.0
1344	1781	1	1.0
1344	1815	1	1.0
1344	1823	1	1.0
1344	1870	1	1.0
1344	1879	1	1.0
1344	1905	1	1.0
1344	1921	1	1.0
1344	1937	1	1.0
1344	1995	1	1.0
1344	2122	1	1.0
1344	2158	1	1.0
1344	2411	1	1.0
1344	2465	1	1.0
1344	2471	1	1.0
1344	2807	1	1.0
1344	4464	1	1.0
1344	1481	0	1.0
1344	1563	0	1.0
1350	1623	1	1.0
1358	1370	1	1.0
1358	1384	1	1.0
1366	1736	1	1.0
1370	1403	1	1.0
1370	1404	1	1.0
1370	1408	1	1.0
1370	1429	1	1.0
1370	1435	1	1.0
1370	1436	1	1.0
1370	1465	1	1.0
1370	1473	1	1.0
1370	1484	1	1.0
1370	1493	1	1.0
1370	1508	1	1.0
1370	1518	1	1.0
1370	1532	1	1.0
1370	1556	1	1.0
1370	1606	1	1.0
1370	1660	1	1.0
1370	1678	1	1.0
1370	1691	1	1.0
1370	1705	1	1.0
1370	1736	1	1.0
1370	1743	1	1.0
1370	1772	1	1.0
1370	1777	1	1.0
1370	1794	1	1.0
1370	1801	1	1.0
1370	1816	1	1.0
1370	1820	1	1.0
1370	1829	1	1.0
1370	1861	1	1.0
1370	1867	1	1.0
1370	1900	1	1.0
1370	1923	1	1.0
1370	1929	1	1.0
1370	1936	1	1.0
1370	1964	1	1.0
1370	2057	1	1.0
1370	2067	1	1.0
1370	2205	1	1.0
1370	2272	1	1.0
1370	2362	1	1.0
1370	2513	1	1.0
1370	2515	1	1.0
1370	2579	1	1.0
1370	2721	1	1.0
1370	2763	1	1.0
1370	3942	1	1.0
1370	4065	1	1.0
1370	1414	0	1.0
1370	1450	0	1.0
1371	2780	1	1.0
1374	1397	1	1.0
1374	1449	1	1.0
1374	1458	1	1.0
1374	1482	1	1.0
1374	1483	1	1.0
1374	1869	1	1.0
1374	1481	0	1.0
1377	1381	1	1.0
1377	1397	1	1.0
1377	1429	1	1.0
1377	1522	1	1.0
1377	1545	1	1.0
1377	1714	1	1.0
1377	1726	1	1.0
1377	1834	1	1.0
1377	1869	1	1.0
1377	1878	1	1.0
1377	1933	1	1.0
1377	1982	1	1.0
1377	1996	1	1.0
1377	2099	1	1.0
1377	2158	1	1.0
1377	2258	1	1.0
1377	2391	1	1.0
1377	2560	1	1.0
1377	2627	1	1.0
1377	2764	1	1.0
1377	2804	1	1.0
1381	1480	1	1.0
1381	1527	1	1.0
1381	1733	1	1.0
1381	1783	1	1.0
1381	1962	1	1.0
1381	2531	1	1.0
1381	2919	1	1.0
1384	1391	1	1.0
1386	1406	1	1.0
1386	1409	1	1.0
1386	1413	1	1.0
1386	1437	1	1.0
1386	1439	1	1.0
1386	1451	1	1.0
1386	1466	1	1.0
1386	1480	1	1.0
1386	1501	1	1.0
1386	1569	1	1.0
1386	1589	1	1.0
1386	1616	1	1.0
1386	1631	1	1.0
1386	1711	1	1.0
1386	1729	1	1.0
1386	1737	1	1.0
1386	1829	1	1.0
1386	1990	1	1.0
1386	1994	1	1.0
1386	2000	1	1.0
1386	2256	1	1.0
1386	2808	1	1.0
1386	2873	1	1.0
1386	2897	1	1.0
1386	2999	1	1.0
1386	3035	1	1.0
1386	3165	1	1.0
1386	3379	1	1.0
1386	3447	1	1.0
1386	3487	1	1.0
1386	3679	1	1.0
1388	2277	1	1.0
1390	2019	1	1.0
1391	1410	1	1.0
1391	1418	1	1.0
1391	1420	1	1.0
1391	1432	1	1.0
1393	1397	1	1.0
1393	1570	1	1.0
1393	1781	1	1.0
1393	2806	1	1.0
1393	2876	1	1.0
1393	3100	1	1.0
1393	3331	1	1.0
1393	3375	1	1.0
1393	3379	1	1.0
1393	3390	1	1.0
1393	3632	1	1.0
1393	3853	1	1.0
1393	3466	0	1.0
1395	1801	1	1.0
1397	1399	1	1.0
1397	1437	1	1.0
1397	1452	1	1.0
1397	1453	1	1.0
1397	1466	1	1.0
1397	1505	1	1.0
1397	1520	1	1.0
1397	1522	1	1.0
1397	1545	1	1.0
1397	1555	1	1.0
1397	1642	1	1.0
1397	1711	1	1.0
1397	1781	1	1.0
1397	1815	1	1.0
1397	1816	1	1.0
1397	1823	1	1.0
1397	1825	1	1.0
1397	1845	1	1.0
1397	1887	1	1.0
1397	1924	1	1.0
1397	1933	1	1.0
1397	1936	1	1.0
1397	1952	1	1.0
1397	1982	1	1.0
1397	2277	1	1.0
1397	2391	1	1.0
1397	2426	1	1.0
1397	2608	1	1.0
1397	2615	1	1.0
1397	2641	1	1.0
1397	2711	1	1.0
1397	2806	1	1.0
1397	2807	1	1.0
1397	2967	1	1.0
1397	2972	1	1.0
1397	3001	1	1.0
1397	3065	1	1.0
1397	3146	1	1.0
1397	3160	1	1.0
1397	3180	1	1.0
1397	3309	1	1.0
1397	3378	1	1.0
1397	3411	1	1.0
1397	3432	1	1.0
1397	3437	1	1.0
1397	3448	1	1.0
1397	3551	1	1.0
1397	4039	1	1.0
1397	4423	1	1.0
1397	1843	0	1.0
1397	2224	0	1.0
1397	3727	0	1.0
1397	3732	0	1.0
1397	3733	0	1.0
1397	3734	0	1.0
1397	3745	0	1.0
1397	3746	0	1.0
1397	3747	0	1.0
1397	3748	0	1.0
1397	3749	0	1.0
1397	3752	0	1.0
1399	3007	1	1.0
1401	1711	1	1.0
1401	4208	1	1.0
1402	1977	1	1.0
1403	1613	1	1.0
1403	1617	1	1.0
1403	1660	1	1.0
1403	1692	1	1.0
1407	1480	1	1.0
1407	1569	1	1.0
1407	1589	1	1.0
1407	1711	1	1.0
1407	2124	1	1.0
1407	2256	1	1.0
1407	2267	1	1.0
1407	2295	1	1.0
1407	2426	1	1.0
1407	2627	1	1.0
1407	2806	1	1.0
1407	2988	1	1.0
1407	3029	1	1.0
1407	3033	1	1.0
1407	3043	1	1.0
1407	3160	1	1.0
1407	3172	1	1.0
1407	3222	1	1.0
1407	3424	1	1.0
1407	3437	1	1.0
1407	3456	1	1.0
1407	3509	1	1.0
1407	3543	1	1.0
1407	3689	1	1.0
1411	1500	1	1.0
1411	1711	1	1.0
1413	1419	1	1.0
1413	1422	1	1.0
1413	1598	1	1.0
1413	1781	1	1.0
1413	1815	1	1.0
1413	1835	1	1.0
1413	1919	1	1.0
1413	1959	1	1.0
1413	1988	1	1.0
1413	2023	1	1.0
1413	2605	1	1.0
1413	2761	1	1.0
1413	2903	1	1.0
1413	3379	1	1.0
1413	3418	1	1.0
1413	3476	1	1.0
1413	3656	1	1.0
1413	4432	1	1.0
1413	4438	0	1.0
1415	1419	1	1.0
1417	1557	1	1.0
1419	1453	1	1.0
1419	1491	1	1.0
1419	3029	1	1.0
1420	1431	1	1.0
1427	1428	1	1.0
1428	1554	1	1.0
1428	1555	1	1.0
1428	1684	1	1.0
1429	1433	1	1.0
1429	1566	1	1.0
1429	1570	1	1.0
1429	2165	1	1.0
1432	1729	1	1.0
1432	1774	1	1.0
1432	2158	1	1.0
1432	2176	1	1.0
1432	2277	1	1.0
1432	2426	1	1.0
1432	3029	1	1.0
1432	3160	1	1.0
1432	3222	1	1.0
1432	3527	1	1.0
1432	3645	1	1.0
1433	1495	1	1.0
1433	1545	1	1.0
1433	1580	1	1.0
1433	1583	1	1.0
1433	1714	1	1.0
1433	1718	1	1.0
1433	1730	1	1.0
1433	1735	1	1.0
1433	1825	1	1.0
1433	1563	0	1.0
1436	1462	1	1.0
1437	1453	1	1.0
1437	1465	1	1.0
1437	1480	1	1.0
1437	1497	1	1.0
1437	1511	1	1.0
1437	1534	1	1.0
1437	1569	1	1.0
1437	1617	1	1.0
1437	1642	1	1.0
1437	1675	1	1.0
1437	1779	1	1.0
1437	2099	1	1.0
1437	2146	1	1.0
1437	2258	1	1.0
1437	2430	1	1.0
1440	1639	1	1.0
1440	4735	1	1.0
1443	1447	1	1.0
1451	1557	1	1.0
1452	1570	1	1.0
1452	1598	1	1.0
1452	1628	1	1.0
1453	1465	1	1.0
1453	1522	1	1.0
1453	1523	1	1.0
1453	1525	1	1.0
1453	1536	1	1.0
1453	1554	1	1.0
1453	1642	1	1.0
1453	1689	1	1.0
1453	1693	1	1.0
1453	1707	1	1.0
1453	1710	1	1.0
1453	1769	1	1.0
1453	1770	1	1.0
1453	1781	1	1.0
1454	1710	1	1.0
1454	1752	1	1.0
1454	1810	1	1.0
1455	1480	1	1.0
1459	1815	1	1.0
1459	2065	1	1.0
1459	2535	1	1.0
1460	1662	1	1.0
1461	1465	1	1.0
1465	1669	1	1.0
1465	1695	1	1.0
1465	1743	1	1.0
1465	1823	1	1.0
1465	1861	1	1.0
1465	2146	1	1.0
1465	2362	1	1.0
1465	2615	1	1.0
1465	2703	1	1.0
1465	3010	1	1.0
1465	3109	1	1.0
1465	3377	1	1.0
1465	3656	1	1.0
1465	3819	1	1.0
1465	3928	1	1.0
1465	3999	1	1.0
1465	4120	1	1.0
1465	4298	1	1.0
1465	4405	1	1.0
1465	4423	1	1.0
1465	4424	1	1.0
1465	4428	1	1.0
1465	4434	1	1.0
1465	4499	1	1.0
1465	4504	1	1.0
1465	4632	1	1.0
1465	4634	1	1.0
1465	4755	1	1.0
1465	4608	0	1.0
1466	1512	1	1.0
1466	1468	0	1.0
1469	1480	1	1.0
1472	2582	1	1.0
1472	2627	1	1.0
1472	2628	1	1.0
1472	2734	1	1.0
1474	3405	1	1.0
1477	1835	1	1.0
1477	3180	1	1.0
1478	1479	1	1.0
1478	1480	1	1.0
1478	1541	1	1.0
1478	2825	1	1.0
1479	1499	1	1.0
1479	1513	1	1.0
1479	1570	1	1.0
1479	1623	1	1.0
1479	1729	1	1.0
1479	1905	1	1.0
1479	2304	1	1.0
1480	1488	1	1.0
1480	1489	1	1.0
1480	1490	1	1.0
1480	1498	1	1.0
1480	1504	1	1.0
1480	1506	1	1.0
1480	1517	1	1.0
1480	1521	1	1.0
1480	1528	1	1.0
1480	1529	1	1.0
1480	1536	1	1.0
1480	1542	1	1.0
1480	1546	1	1.0
1480	1547	1	1.0
1480	1549	1	1.0
1480	1570	1	1.0
1480	1578	1	1.0
1480	1579	1	1.0
1480	1582	1	1.0
1480	1589	1	1.0
1480	1598	1	1.0
1480	1602	1	1.0
1480	1614	1	1.0
1480	1615	1	1.0
1480	1616	1	1.0
1480	1617	1	1.0
1480	1630	1	1.0
1480	1631	1	1.0
1480	1632	1	1.0
1480	1634	1	1.0
1480	1635	1	1.0
1480	1636	1	1.0
1480	1637	1	1.0
1480	1639	1	1.0
1480	1652	1	1.0
1480	1844	1	1.0
1480	1998	1	1.0
1480	1481	0	1.0
1487	1711	1	1.0
1489	3029	1	1.0
1489	3385	1	1.0
1490	1519	1	1.0
1492	1781	1	1.0
1495	1505	1	1.0
1495	1559	1	1.0
1495	1610	1	1.0
1497	1534	1	1.0
1497	1616	1	1.0
1498	2456	1	1.0
1501	1514	1	1.0
1501	1570	1	1.0
1501	1712	1	1.0
1501	3222	1	1.0
1505	1562	1	1.0
1505	1623	1	1.0
1505	1781	1	1.0
1505	1792	1	1.0
1505	1943	1	1.0
1505	2021	1	1.0
1505	2176	1	1.0
1505	2192	1	1.0
1505	2424	1	1.0
1505	2435	1	1.0
1505	2733	1	1.0
1505	2835	1	1.0
1505	3007	1	1.0
1505	3222	1	1.0
1505	3304	1	1.0
1505	3437	1	1.0
1505	3632	1	1.0
1505	3985	1	1.0
1505	4389	1	1.0
1505	4496	1	1.0
1505	4511	1	1.0
1506	1510	1	1.0
1506	1623	1	1.0
1506	1997	1	1.0
1509	1891	1	1.0
1512	1519	1	1.0
1512	1529	1	1.0
1512	1711	1	1.0
1512	1815	1	1.0
1512	2999	1	1.0
1513	1951	1	1.0
1515	1924	1	1.0
1518	1543	1	1.0
1520	2297	1	1.0
1522	1530	1	1.0
1522	1569	1	1.0
1522	1570	1	1.0
1522	1604	1	1.0
1522	1639	1	1.0
1522	1652	1	1.0
1522	1711	1	1.0
1522	1792	1	1.0
1522	1815	1	1.0
1522	1830	1	1.0
1522	1835	1	1.0
1522	1836	1	1.0
1522	1845	1	1.0
1522	1858	1	1.0
1522	1859	1	1.0
1522	1893	1	1.0
1522	1899	1	1.0
1522	1952	1	1.0
1522	1978	1	1.0
1522	2009	1	1.0
1522	2277	1	1.0
1522	2282	1	1.0
1522	2426	1	1.0
1522	2492	1	1.0
1522	2570	1	1.0
1522	2583	1	1.0
1522	2744	1	1.0
1522	3025	1	1.0
1522	3040	1	1.0
1522	3079	1	1.0
1522	3152	1	1.0
1522	3222	1	1.0
1522	3304	1	1.0
1522	3369	1	1.0
1522	3437	1	1.0
1522	2131	0	1.0
1522	2132	0	1.0
1522	2134	0	1.0
1522	2138	0	1.0
1523	1707	1	1.0
1523	1711	1	1.0
1527	1570	1	1.0
1527	1711	1	1.0
1530	1643	0	1.0
1534	1750	1	1.0
1536	1570	1	1.0
1536	1711	1	1.0
1536	1781	1	1.0
1536	1905	1	1.0
1536	1933	1	1.0
1536	2304	1	1.0
1536	2744	1	1.0
1536	4291	1	1.0
1539	1557	1	1.0
1545	1781	1	1.0
1545	3683	1	1.0
1545	3687	1	1.0
1549	1614	1	1.0
1552	1570	1	1.0
1554	1555	1	1.0
1554	2698	0	1.0
1555	1582	1	1.0
1555	1664	1	1.0
1555	1672	1	1.0
1555	1678	1	1.0
1555	1680	1	1.0
1555	1681	1	1.0
1555	1711	1	1.0
1555	2098	1	1.0
1555	2109	1	1.0
1555	2143	1	1.0
1555	2545	1	1.0
1555	2624	1	1.0
1555	2711	1	1.0
1555	2823	1	1.0
1557	1558	1	1.0
1557	1634	1	1.0
1557	1740	1	1.0
1557	1777	1	1.0
1557	1812	1	1.0
1557	1854	1	1.0
1557	2022	1	1.0
1558	1581	1	1.0
1558	1772	1	1.0
1558	1785	1	1.0
1559	2099	1	1.0
1560	1770	0	1.0
1561	3694	1	1.0
1561	3718	1	1.0
1561	2199	0	1.0
1561	2246	0	1.0
1562	1570	1	1.0
1562	1781	1	1.0
1562	1798	1	1.0
1562	1838	1	1.0
1562	1879	1	1.0
1562	1908	1	1.0
1562	1933	1	1.0
1562	2807	1	1.0
1562	2825	1	1.0
1562	2842	1	1.0
1562	3718	1	1.0
1562	3853	1	1.0
1562	4196	1	1.0
1562	4378	1	1.0
1562	4383	1	1.0
1562	4432	1	1.0
1562	1627	0	1.0
1565	1697	1	1.0
1565	1699	1	1.0
1566	1711	1	1.0
1569	2176	1	1.0
1569	2286	1	1.0
1569	2348	1	1.0
1569	3064	1	1.0
1569	2280	0	1.0
1570	1579	1	1.0
1570	1592	1	1.0
1570	1593	1	1.0
1570	1609	1	1.0
1570	1613	1	1.0
1570	1619	1	1.0
1570	1633	1	1.0
1570	1638	1	1.0
1570	1641	1	1.0
1570	1650	1	1.0
1570	1651	1	1.0
1570	1653	1	1.0
1570	1663	1	1.0
1570	1666	1	1.0
1570	1681	1	1.0
1570	1683	1	1.0
1570	1711	1	1.0
1570	1720	1	1.0
1570	1781	1	1.0
1570	1790	1	1.0
1570	1879	1	1.0
1570	1966	1	1.0
1571	1786	1	1.0
1574	1730	1	1.0
1579	1582	1	1.0
1579	1585	1	1.0
1579	1586	1	1.0
1579	1595	1	1.0
1579	1928	1	1.0
1579	1932	1	1.0
1581	1616	1	1.0
1581	1617	1	1.0
1581	1622	1	1.0
1581	1710	1	1.0
1581	1912	1	1.0
1583	1730	1	1.0
1583	2154	1	1.0
1584	3029	1	1.0
1584	3349	1	1.0
1589	1591	1	1.0
1589	1711	1	1.0
1589	1792	1	1.0
1589	3457	1	1.0
1589	3718	1	1.0
1589	4032	1	1.0
1590	1952	1	1.0
1590	3379	1	1.0
1590	3437	1	1.0
1590	2113	0	1.0
1595	1625	1	1.0
1596	1601	1	1.0
1596	1616	1	1.0
1596	2064	1	1.0
1596	2185	1	1.0
1596	3164	1	1.0
1596	3814	1	1.0
1598	1616	1	1.0
1598	1642	1	1.0
1598	1690	1	1.0
1598	1711	1	1.0
1598	1765	1	1.0
1598	1778	1	1.0
1604	1747	1	1.0
1604	1773	1	1.0
1604	1815	1	1.0
1604	2064	1	1.0
1604	3321	1	1.0
1605	1607	1	1.0
1608	1669	0	1.0
1612	1613	1	1.0
1612	1729	1	1.0
1613	1679	1	1.0
1613	1711	1	1.0
1613	2158	1	1.0
1613	2242	1	1.0
1613	2286	1	1.0
1613	2457	1	1.0
1613	2545	1	1.0
1613	2570	1	1.0
1613	3029	1	1.0
1613	3094	1	1.0
1613	3172	1	1.0
1613	3437	1	1.0
1613	3508	1	1.0
1613	3656	1	1.0
1613	3857	1	1.0
1615	1711	1	1.0
1616	1636	1	1.0
1616	1676	1	1.0
1616	1681	1	1.0
1616	1682	1	1.0
1616	1695	1	1.0
1616	1721	1	1.0
1616	1723	1	1.0
1616	1724	1	1.0
1616	1725	1	1.0
1616	1729	1	1.0
1616	1737	1	1.0
1616	1758	1	1.0
1616	1789	1	1.0
1616	1794	1	1.0
1616	1806	1	1.0
1616	1847	1	1.0
1616	1848	1	1.0
1616	1905	1	1.0
1616	1926	1	1.0
1616	2064	1	1.0
1617	1642	1	1.0
1617	1652	1	1.0
1617	1659	1	1.0
1617	1711	1	1.0
1617	1823	1	1.0
1617	1910	1	1.0
1617	1912	1	1.0
1617	1989	1	1.0
1617	1995	1	1.0
1617	2064	1	1.0
1617	2111	1	1.0
1617	2127	1	1.0
1617	2185	1	1.0
1617	2435	1	1.0
1617	2482	1	1.0
1617	2516	1	1.0
1618	1774	1	1.0
1618	2989	1	1.0
1623	1665	1	1.0
1623	1793	1	1.0
1623	1986	1	1.0
1623	1993	1	1.0
1623	2176	1	1.0
1628	1640	1	1.0
1628	1903	1	1.0
1628	2398	1	1.0
1628	3129	1	1.0
1628	3161	1	1.0
1634	1772	1	1.0
1634	2362	1	1.0
1634	2806	1	1.0
1637	1642	1	1.0
1638	1711	1	1.0
1638	1781	1	1.0
1638	2277	1	1.0
1639	1662	1	1.0
1639	1819	1	1.0
1639	2733	1	1.0
1639	3222	1	1.0
1639	3498	1	1.0
1639	3656	1	1.0
1639	4298	1	1.0
1639	4640	1	1.0
1641	1667	1	1.0
1642	1669	1	1.0
1642	1675	1	1.0
1642	1711	1	1.0
1642	1765	1	1.0
1642	1772	1	1.0
1642	1781	1	1.0
1642	1815	1	1.0
1642	1845	1	1.0
1642	1887	1	1.0
1642	1960	1	1.0
1642	1968	1	1.0
1642	1977	1	1.0
1642	1990	1	1.0
1642	2010	1	1.0
1642	2015	1	1.0
1642	2017	1	1.0
1642	2086	1	1.0
1642	2127	1	1.0
1642	2175	1	1.0
1642	2185	1	1.0
1642	2226	1	1.0
1642	2257	1	1.0
1642	2283	1	1.0
1642	2298	1	1.0
1642	2323	1	1.0
1642	2332	1	1.0
1642	2333	1	1.0
1642	2334	1	1.0
1642	2336	1	1.0
1642	2337	1	1.0
1642	2341	1	1.0
1642	2356	1	1.0
1642	2358	1	1.0
1642	2360	1	1.0
1642	2361	1	1.0
1642	2363	1	1.0
1642	2364	1	1.0
1642	2365	1	1.0
1642	2373	1	1.0
1642	2375	1	1.0
1642	2379	1	1.0
1642	2380	1	1.0
1642	2393	1	1.0
1642	2399	1	1.0
1642	2403	1	1.0
1642	2405	1	1.0
1642	2406	1	1.0
1642	2407	1	1.0
1642	2410	1	1.0
1642	2417	1	1.0
1642	2418	1	1.0
1642	2420	1	1.0
1642	2431	1	1.0
1642	2434	1	1.0
1642	2436	1	1.0
1642	2444	1	1.0
1642	2460	1	1.0
1642	2462	1	1.0
1642	2464	1	1.0
1642	2474	1	1.0
1642	2475	1	1.0
1642	2480	1	1.0
1642	2494	1	1.0
1642	2495	1	1.0
1642	2499	1	1.0
1642	2501	1	1.0
1642	2502	1	1.0
1642	2514	1	1.0
1642	2516	1	1.0
1642	2522	1	1.0
1642	2523	1	1.0
1642	2524	1	1.0
1642	2525	1	1.0
1642	2529	1	1.0
1642	2530	1	1.0
1642	2533	1	1.0
1642	2534	1	1.0
1642	2536	1	1.0
1642	2540	1	1.0
1642	2541	1	1.0
1642	2546	1	1.0
1642	2549	1	1.0
1642	2581	1	1.0
1642	2586	1	1.0
1642	2601	1	1.0
1642	2604	1	1.0
1642	2615	1	1.0
1642	2636	1	1.0
1642	2650	1	1.0
1642	2657	1	1.0
1642	2669	1	1.0
1642	2672	1	1.0
1642	2673	1	1.0
1642	2691	1	1.0
1642	2707	1	1.0
1642	2731	1	1.0
1642	2746	1	1.0
1642	2759	1	1.0
1642	2766	1	1.0
1642	2783	1	1.0
1642	2839	1	1.0
1642	2856	1	1.0
1642	2877	1	1.0
1642	2904	1	1.0
1642	2938	1	1.0
1642	2960	1	1.0
1642	2962	1	1.0
1642	2981	1	1.0
1642	2996	1	1.0
1642	3000	1	1.0
1642	3006	1	1.0
1642	3055	1	1.0
1642	3130	1	1.0
1642	3132	1	1.0
1642	3141	1	1.0
1642	3148	1	1.0
1642	3222	1	1.0
1642	3289	1	1.0
1642	3300	1	1.0
1642	3323	1	1.0
1642	3331	1	1.0
1642	3418	1	1.0
1642	3455	1	1.0
1642	3464	1	1.0
1642	3779	1	1.0
1642	3806	1	1.0
1642	4224	1	1.0
1642	4341	1	1.0
1642	4389	1	1.0
1642	4436	1	1.0
1642	4463	1	1.0
1642	4607	1	1.0
1642	4663	1	1.0
1642	2412	0	1.0
1642	2619	0	1.0
1642	2773	0	1.0
1642	4158	0	1.0
1642	4159	0	1.0
1642	4160	0	1.0
1642	4162	0	1.0
1642	4163	0	1.0
1642	4164	0	1.0
1642	4165	0	1.0
1642	4382	0	1.0
1644	1704	1	1.0
1644	1794	1	1.0
1644	1829	1	1.0
1645	1883	1	1.0
1650	3222	1	1.0
1650	3456	1	1.0
1650	3620	1	1.0
1650	3663	1	1.0
1652	1659	1	1.0
1652	1660	1	1.0
1652	1663	1	1.0
1654	1655	1	1.0
1658	2000	1	1.0
1658	3495	1	1.0
1658	3564	1	1.0
1658	3677	1	1.0
1658	3681	1	1.0
1662	2841	1	1.0
1662	3310	1	1.0
1663	1664	1	1.0
1664	1679	1	1.0
1672	1912	1	1.0
1676	1690	1	1.0
1676	1711	1	1.0
1676	1768	1	1.0
1676	3656	1	1.0
1677	1784	1	1.0
1679	1682	1	1.0
1681	1694	1	1.0
1681	1870	1	1.0
1681	1905	1	1.0
1682	2630	1	1.0
1682	2842	1	1.0
1682	3029	1	1.0
1682	3100	1	1.0
1682	3543	1	1.0
1682	3656	1	1.0
1682	4296	1	1.0
1682	4448	1	1.0
1684	2158	1	1.0
1686	1687	1	1.0
1687	3015	1	1.0
1687	3377	1	1.0
1689	1781	1	1.0
1689	2377	1	1.0
1689	2903	1	1.0
1689	3727	0	1.0
1689	3732	0	1.0
1689	3733	0	1.0
1689	3734	0	1.0
1689	3736	0	1.0
1689	3738	0	1.0
1689	3739	0	1.0
1689	3741	0	1.0
1689	3742	0	1.0
1689	3743	0	1.0
1689	3744	0	1.0
1689	3745	0	1.0
1689	3746	0	1.0
1689	3747	0	1.0
1689	3748	0	1.0
1689	3749	0	1.0
1689	3750	0	1.0
1689	3752	0	1.0
1689	3753	0	1.0
1689	3763	0	1.0
1689	3769	0	1.0
1689	3777	0	1.0
1689	3785	0	1.0
1689	3786	0	1.0
1689	3788	0	1.0
1693	1774	1	1.0
1693	1781	1	1.0
1693	1905	1	1.0
1693	2504	1	1.0
1693	3065	1	1.0
1693	3109	1	1.0
1693	3165	1	1.0
1693	3379	1	1.0
1695	1973	1	1.0
1695	2277	1	1.0
1695	4389	1	1.0
1696	1877	1	1.0
1697	1699	1	1.0
1699	1700	1	1.0
1699	1754	1	1.0
1699	1910	1	1.0
1701	1702	1	1.0
1701	1707	1	1.0
1701	1997	1	1.0
1707	1905	1	1.0
1707	1933	1	1.0
1707	2064	1	1.0
1707	2277	1	1.0
1709	1711	1	1.0
1710	1711	1	1.0
1710	1845	1	1.0
1710	1881	1	1.0
1710	1905	1	1.0
1710	2109	1	1.0
1710	2147	1	1.0
1711	1717	1	1.0
1711	1725	1	1.0
1711	1729	1	1.0
1711	1732	1	1.0
1711	1737	1	1.0
1711	1747	1	1.0
1711	1752	1	1.0
1711	1754	1	1.0
1711	1756	1	1.0
1711	1758	1	1.0
1711	1761	1	1.0
1711	1767	1	1.0
1711	1774	1	1.0
1711	1778	1	1.0
1711	1781	1	1.0
1711	1786	1	1.0
1711	1798	1	1.0
1711	1799	1	1.0
1711	1815	1	1.0
1711	1816	1	1.0
1711	1819	1	1.0
1711	1821	1	1.0
1711	1823	1	1.0
1711	1838	1	1.0
1711	1845	1	1.0
1711	1848	1	1.0
1711	1849	1	1.0
1711	1850	1	1.0
1711	1851	1	1.0
1711	1852	1	1.0
1711	1860	1	1.0
1711	1868	1	1.0
1711	1874	1	1.0
1711	1875	1	1.0
1711	1889	1	1.0
1711	1894	1	1.0
1711	1897	1	1.0
1711	1905	1	1.0
1711	1917	1	1.0
1711	1921	1	1.0
1711	1937	1	1.0
1711	1943	1	1.0
1711	1952	1	1.0
1711	1953	1	1.0
1711	1956	1	1.0
1711	1957	1	1.0
1711	1961	1	1.0
1711	1966	1	1.0
1711	1975	1	1.0
1711	1982	1	1.0
1711	1994	1	1.0
1711	2005	1	1.0
1711	2014	1	1.0
1711	2027	1	1.0
1711	2029	1	1.0
1711	2030	1	1.0
1711	2031	1	1.0
1711	2041	1	1.0
1711	2046	1	1.0
1711	2051	1	1.0
1711	2061	1	1.0
1711	2071	1	1.0
1711	2072	1	1.0
1711	2075	1	1.0
1711	2093	1	1.0
1711	2099	1	1.0
1711	2102	1	1.0
1711	2107	1	1.0
1711	2127	1	1.0
1711	2141	1	1.0
1711	2148	1	1.0
1711	2151	1	1.0
1711	2155	1	1.0
1711	2158	1	1.0
1711	2166	1	1.0
1711	2176	1	1.0
1711	2185	1	1.0
1711	2191	1	1.0
1711	2192	1	1.0
1711	2196	1	1.0
1711	2220	1	1.0
1711	2226	1	1.0
1711	2242	1	1.0
1711	2249	1	1.0
1711	2255	1	1.0
1711	2256	1	1.0
1711	2277	1	1.0
1711	2282	1	1.0
1711	2283	1	1.0
1711	2287	1	1.0
1711	2294	1	1.0
1711	2295	1	1.0
1711	2297	1	1.0
1711	2304	1	1.0
1711	2309	1	1.0
1711	2314	1	1.0
1711	2317	1	1.0
1711	2320	1	1.0
1711	2324	1	1.0
1711	2326	1	1.0
1711	2339	1	1.0
1711	2340	1	1.0
1711	2346	1	1.0
1711	2352	1	1.0
1711	2353	1	1.0
1711	2359	1	1.0
1711	2376	1	1.0
1711	2377	1	1.0
1711	2383	1	1.0
1711	2386	1	1.0
1711	2387	1	1.0
1711	2394	1	1.0
1711	2396	1	1.0
1711	2409	1	1.0
1711	2411	1	1.0
1711	2413	1	1.0
1711	2426	1	1.0
1711	2427	1	1.0
1711	2428	1	1.0
1711	2435	1	1.0
1711	2446	1	1.0
1711	2448	1	1.0
1711	2450	1	1.0
1711	2470	1	1.0
1711	2478	1	1.0
1711	2484	1	1.0
1711	2500	1	1.0
1711	2505	1	1.0
1711	2508	1	1.0
1711	2552	1	1.0
1711	2570	1	1.0
1711	2584	1	1.0
1711	2597	1	1.0
1711	2600	1	1.0
1711	2608	1	1.0
1711	2609	1	1.0
1711	2610	1	1.0
1711	2618	1	1.0
1711	2627	1	1.0
1711	2629	1	1.0
1711	2639	1	1.0
1711	2646	1	1.0
1711	2661	1	1.0
1711	2667	1	1.0
1711	2683	1	1.0
1711	2684	1	1.0
1711	2688	1	1.0
1711	2699	1	1.0
1711	2717	1	1.0
1711	2718	1	1.0
1711	2723	1	1.0
1711	2727	1	1.0
1711	2756	1	1.0
1711	2762	1	1.0
1711	2775	1	1.0
1711	2777	1	1.0
1711	2779	1	1.0
1711	2790	1	1.0
1711	2795	1	1.0
1711	2796	1	1.0
1711	2803	1	1.0
1711	2805	1	1.0
1711	2808	1	1.0
1711	2815	1	1.0
1711	2818	1	1.0
1711	2821	1	1.0
1711	2833	1	1.0
1711	2841	1	1.0
1711	2844	1	1.0
1711	2923	1	1.0
1711	2931	1	1.0
1711	2966	1	1.0
1711	2968	1	1.0
1711	3040	1	1.0
1711	3273	1	1.0
1711	1755	0	1.0
1711	2112	0	1.0
1711	2113	0	1.0
1711	2307	0	1.0
1711	2381	0	1.0
1711	2548	0	1.0
1711	2682	0	1.0
1711	2715	0	1.0
1711	2745	0	1.0
1711	3049	0	1.0
1711	3050	0	1.0
1711	3052	0	1.0
1711	3053	0	1.0
1714	1716	1	1.0
1714	2176	1	1.0
1714	2545	1	1.0
1716	1921	1	1.0
1716	1929	1	1.0
1716	2543	1	1.0
1716	3397	1	1.0
1719	1848	1	1.0
1719	1926	1	1.0
1719	2256	1	1.0
1719	2654	1	1.0
1722	2615	1	1.0
1722	3437	1	1.0
1726	1727	1	1.0
1726	1778	1	1.0
1726	1891	1	1.0
1726	1939	1	1.0
1726	2322	1	1.0
1726	3192	1	1.0
1726	3193	1	1.0
1726	4358	1	1.0
1729	1744	1	1.0
1729	1775	1	1.0
1729	1887	1	1.0
1729	1896	1	1.0
1729	1921	1	1.0
1729	1926	1	1.0
1729	2152	1	1.0
1729	2176	1	1.0
1729	2426	1	1.0
1729	2627	1	1.0
1729	2806	1	1.0
1729	2842	1	1.0
1729	3007	1	1.0
1729	3100	1	1.0
1729	3222	1	1.0
1729	3354	1	1.0
1729	3379	1	1.0
1729	3403	1	1.0
1729	3456	1	1.0
1729	3493	1	1.0
1729	3624	1	1.0
1729	3632	1	1.0
1729	3709	1	1.0
1729	3718	1	1.0
1729	3813	1	1.0
1729	4496	1	1.0
1729	4638	1	1.0
1729	4713	1	1.0
1729	4719	1	1.0
1729	4734	1	1.0
1730	1768	1	1.0
1730	1797	1	1.0
1730	1825	1	1.0
1730	2878	1	1.0
1730	2916	1	1.0
1734	1768	1	1.0
1734	1775	1	1.0
1734	1925	1	1.0
1736	1743	1	1.0
1736	2254	1	1.0
1736	2283	1	1.0
1736	2551	1	1.0
1736	2569	1	1.0
1736	2690	1	1.0
1736	3279	1	1.0
1738	2440	1	1.0
1738	4757	1	1.0
1742	3183	1	1.0
1743	1745	1	1.0
1743	1794	1	1.0
1743	1829	1	1.0
1743	1866	1	1.0
1743	1900	1	1.0
1743	1912	1	1.0
1743	1929	1	1.0
1743	2056	1	1.0
1743	2057	1	1.0
1743	2070	1	1.0
1743	2449	1	1.0
1747	1748	1	1.0
1747	1749	1	1.0
1747	1752	1	1.0
1747	1760	1	1.0
1747	1822	1	1.0
1747	1857	1	1.0
1747	3101	1	1.0
1747	3896	1	1.0
1747	1855	0	1.0
1749	1752	1	1.0
1754	1815	1	1.0
1754	1755	0	1.0
1756	1781	1	1.0
1760	3493	1	1.0
1762	1798	1	1.0
1768	1792	1	1.0
1768	1804	1	1.0
1768	1869	1	1.0
1768	1880	1	1.0
1768	1890	1	1.0
1768	1913	1	1.0
1768	1984	1	1.0
1768	1985	1	1.0
1768	2085	1	1.0
1768	2162	1	1.0
1768	2167	1	1.0
1768	2572	1	1.0
1768	3459	1	1.0
1769	1770	1	1.0
1772	1777	1	1.0
1772	1785	1	1.0
1772	1789	1	1.0
1772	1793	1	1.0
1772	1860	1	1.0
1772	1900	1	1.0
1772	1928	1	1.0
1772	1935	1	1.0
1772	1955	1	1.0
1772	1958	1	1.0
1772	1969	1	1.0
1772	2019	1	1.0
1772	2094	1	1.0
1772	2304	1	1.0
1772	2567	1	1.0
1772	2675	1	1.0
1773	1825	1	1.0
1774	1781	1	1.0
1774	1794	1	1.0
1774	1995	1	1.0
1774	2158	1	1.0
1774	2176	1	1.0
1774	2428	1	1.0
1774	2446	1	1.0
1774	2500	1	1.0
1774	2576	1	1.0
1774	2597	1	1.0
1774	2598	1	1.0
1774	2761	1	1.0
1774	3029	1	1.0
1774	3033	1	1.0
1774	3160	1	1.0
1774	3172	1	1.0
1774	3253	1	1.0
1774	3379	1	1.0
1774	3381	1	1.0
1774	3495	1	1.0
1774	3548	1	1.0
1774	3698	1	1.0
1774	3709	1	1.0
1774	3757	1	1.0
1774	3977	1	1.0
1774	4006	1	1.0
1774	4485	1	1.0
1774	2461	0	1.0
1774	2490	0	1.0
1774	4282	0	1.0
1776	1779	1	1.0
1778	4358	1	1.0
1779	1878	1	1.0
1779	2283	1	1.0
1779	3452	1	1.0
1779	3820	1	1.0
1781	1815	1	1.0
1781	1819	1	1.0
1781	1823	1	1.0
1781	1830	1	1.0
1781	1837	1	1.0
1781	1838	1	1.0
1781	1839	1	1.0
1781	1845	1	1.0
1781	1877	1	1.0
1781	1879	1	1.0
1781	1887	1	1.0
1781	1891	1	1.0
1781	1893	1	1.0
1781	1895	1	1.0
1781	1921	1	1.0
1781	1933	1	1.0
1781	1937	1	1.0
1781	1943	1	1.0
1781	1954	1	1.0
1781	1995	1	1.0
1781	1999	1	1.0
1781	2000	1	1.0
1781	2013	1	1.0
1781	2014	1	1.0
1781	2029	1	1.0
1781	2030	1	1.0
1781	2031	1	1.0
1781	2043	1	1.0
1781	2073	1	1.0
1781	2099	1	1.0
1781	2109	1	1.0
1781	2110	1	1.0
1781	2124	1	1.0
1781	2125	1	1.0
1781	2177	1	1.0
1781	2186	1	1.0
1781	2203	1	1.0
1781	2207	1	1.0
1781	2277	1	1.0
1781	2283	1	1.0
1781	2295	1	1.0
1781	2296	1	1.0
1781	2309	1	1.0
1781	2350	1	1.0
1781	2376	1	1.0
1781	2387	1	1.0
1781	2401	1	1.0
1781	2423	1	1.0
1781	2426	1	1.0
1781	2427	1	1.0
1781	2436	1	1.0
1781	2452	1	1.0
1781	2552	1	1.0
1781	2570	1	1.0
1781	2584	1	1.0
1781	2630	1	1.0
1781	2634	1	1.0
1781	2641	1	1.0
1781	2668	1	1.0
1781	2695	1	1.0
1781	2701	1	1.0
1781	2705	1	1.0
1781	2710	1	1.0
1781	2725	1	1.0
1781	2726	1	1.0
1781	2732	1	1.0
1781	2739	1	1.0
1781	2757	1	1.0
1781	2793	1	1.0
1781	2797	1	1.0
1781	2815	1	1.0
1781	2817	1	1.0
1781	2842	1	1.0
1781	2848	1	1.0
1781	2894	1	1.0
1781	2918	1	1.0
1781	2943	1	1.0
1781	2954	1	1.0
1781	2959	1	1.0
1781	2965	1	1.0
1781	2972	1	1.0
1781	2976	1	1.0
1781	2989	1	1.0
1781	3007	1	1.0
1781	3029	1	1.0
1781	3060	1	1.0
1781	3082	1	1.0
1781	3152	1	1.0
1781	3160	1	1.0
1781	3186	1	1.0
1781	3309	1	1.0
1781	3328	1	1.0
1781	3411	1	1.0
1781	3420	1	1.0
1781	3437	1	1.0
1781	3442	1	1.0
1781	3444	1	1.0
1781	3449	1	1.0
1781	3495	1	1.0
1781	3500	1	1.0
1781	3507	1	1.0
1781	3556	1	1.0
1781	3576	1	1.0
1781	3590	1	1.0
1781	3601	1	1.0
1781	3624	1	1.0
1781	3635	1	1.0
1781	3665	1	1.0
1781	3686	1	1.0
1781	3698	1	1.0
1781	3709	1	1.0
1781	3798	1	1.0
1781	3818	1	1.0
1781	3842	1	1.0
1781	3853	1	1.0
1781	3870	1	1.0
1781	3898	1	1.0
1781	3993	1	1.0
1781	4196	1	1.0
1781	4301	1	1.0
1781	4378	1	1.0
1781	4398	1	1.0
1781	4454	1	1.0
1781	4464	1	1.0
1781	4482	1	1.0
1781	4485	1	1.0
1781	4613	1	1.0
1781	4713	1	1.0
1781	3727	0	1.0
1781	3728	0	1.0
1781	3729	0	1.0
1781	3730	0	1.0
1781	3732	0	1.0
1781	3733	0	1.0
1781	3734	0	1.0
1781	3736	0	1.0
1781	3738	0	1.0
1781	3739	0	1.0
1781	3741	0	1.0
1781	3742	0	1.0
1781	3743	0	1.0
1781	3744	0	1.0
1781	3745	0	1.0
1781	3746	0	1.0
1781	3747	0	1.0
1781	3749	0	1.0
1781	3750	0	1.0
1781	3752	0	1.0
1781	3753	0	1.0
1781	3763	0	1.0
1781	3769	0	1.0
1781	3783	0	1.0
1781	3784	0	1.0
1781	3785	0	1.0
1781	3786	0	1.0
1781	3788	0	1.0
1781	3801	0	1.0
1781	3914	0	1.0
1781	3915	0	1.0
1781	3916	0	1.0
1781	3917	0	1.0
1781	3918	0	1.0
1781	3919	0	1.0
1781	3967	0	1.0
1781	3968	0	1.0
1781	4007	0	1.0
1781	4008	0	1.0
1781	4040	0	1.0
1781	4041	0	1.0
1781	4042	0	1.0
1781	4043	0	1.0
1781	4044	0	1.0
1781	4045	0	1.0
1781	4046	0	1.0
1781	4050	0	1.0
1781	4054	0	1.0
1781	4055	0	1.0
1781	4074	0	1.0
1781	4075	0	1.0
1781	4076	0	1.0
1781	4077	0	1.0
1781	4078	0	1.0
1781	4079	0	1.0
1781	4080	0	1.0
1781	4081	0	1.0
1781	4111	0	1.0
1781	4112	0	1.0
1781	4113	0	1.0
1781	4114	0	1.0
1781	4116	0	1.0
1781	4117	0	1.0
1781	4121	0	1.0
1781	4122	0	1.0
1781	4123	0	1.0
1781	4125	0	1.0
1781	4127	0	1.0
1781	4128	0	1.0
1781	4129	0	1.0
1781	4130	0	1.0
1781	4131	0	1.0
1781	4132	0	1.0
1781	4133	0	1.0
1781	4134	0	1.0
1781	4135	0	1.0
1781	4136	0	1.0
1781	4137	0	1.0
1781	4138	0	1.0
1781	4140	0	1.0
1781	4141	0	1.0
1781	4145	0	1.0
1781	4146	0	1.0
1781	4149	0	1.0
1781	4153	0	1.0
1781	4154	0	1.0
1781	4155	0	1.0
1781	4157	0	1.0
1781	4158	0	1.0
1781	4159	0	1.0
1781	4160	0	1.0
1781	4162	0	1.0
1781	4163	0	1.0
1781	4164	0	1.0
1781	4165	0	1.0
1781	4166	0	1.0
1781	4167	0	1.0
1781	4169	0	1.0
1781	4170	0	1.0
1781	4171	0	1.0
1781	4174	0	1.0
1781	4175	0	1.0
1781	4176	0	1.0
1781	4177	0	1.0
1781	4181	0	1.0
1781	4182	0	1.0
1781	4184	0	1.0
1781	4187	0	1.0
1781	4188	0	1.0
1781	4189	0	1.0
1781	4192	0	1.0
1781	4194	0	1.0
1781	4195	0	1.0
1781	4199	0	1.0
1781	4217	0	1.0
1781	4225	0	1.0
1781	4227	0	1.0
1781	4230	0	1.0
1781	4231	0	1.0
1781	4234	0	1.0
1781	4237	0	1.0
1781	4239	0	1.0
1781	4240	0	1.0
1781	4242	0	1.0
1781	4247	0	1.0
1781	4252	0	1.0
1781	4254	0	1.0
1781	4255	0	1.0
1781	4259	0	1.0
1781	4260	0	1.0
1781	4264	0	1.0
1781	4265	0	1.0
1781	4267	0	1.0
1781	4268	0	1.0
1781	4269	0	1.0
1781	4270	0	1.0
1781	4271	0	1.0
1781	4272	0	1.0
1781	4273	0	1.0
1781	4274	0	1.0
1781	4275	0	1.0
1781	4276	0	1.0
1781	4277	0	1.0
1781	4278	0	1.0
1781	4279	0	1.0
1781	4281	0	1.0
1781	4282	0	1.0
1781	4284	0	1.0
1781	4285	0	1.0
1781	4286	0	1.0
1781	4287	0	1.0
1781	4288	0	1.0
1781	4290	0	1.0
1781	4292	0	1.0
1781	4293	0	1.0
1781	4297	0	1.0
1781	4300	0	1.0
1781	4305	0	1.0
1781	4307	0	1.0
1781	4309	0	1.0
1781	4310	0	1.0
1781	4311	0	1.0
1781	4312	0	1.0
1781	4313	0	1.0
1781	4314	0	1.0
1781	4315	0	1.0
1781	4316	0	1.0
1781	4317	0	1.0
1781	4318	0	1.0
1781	4319	0	1.0
1781	4322	0	1.0
1781	4323	0	1.0
1781	4324	0	1.0
1781	4325	0	1.0
1781	4326	0	1.0
1781	4328	0	1.0
1781	4329	0	1.0
1781	4330	0	1.0
1781	4331	0	1.0
1781	4338	0	1.0
1781	4339	0	1.0
1781	4340	0	1.0
1781	4342	0	1.0
1781	4343	0	1.0
1781	4344	0	1.0
1781	4361	0	1.0
1781	4362	0	1.0
1781	4366	0	1.0
1781	4393	0	1.0
1781	4402	0	1.0
1781	4406	0	1.0
1781	4407	0	1.0
1781	4564	0	1.0
1783	1996	1	1.0
1783	2036	1	1.0
1783	2876	1	1.0
1783	2919	1	1.0
1783	4196	1	1.0
1783	4383	1	1.0
1783	4541	1	1.0
1786	1790	1	1.0
1786	1794	1	1.0
1786	1805	1	1.0
1786	1815	1	1.0
1786	1954	1	1.0
1787	3757	1	1.0
1790	1794	1	1.0
1790	1796	1	1.0
1790	1876	1	1.0
1790	1877	1	1.0
1791	1803	1	1.0
1792	1815	1	1.0
1792	3457	1	1.0
1794	1833	1	1.0
1794	1861	1	1.0
1794	1862	1	1.0
1794	1871	1	1.0
1794	2959	1	1.0
1794	3909	1	1.0
1794	4525	1	1.0
1795	1796	1	1.0
1798	1905	1	1.0
1798	2844	1	1.0
1798	3160	1	1.0
1798	3462	1	1.0
1798	3556	1	1.0
1798	3853	1	1.0
1798	4088	1	1.0
1798	4210	1	1.0
1799	1802	1	1.0
1805	2185	1	1.0
1809	2087	1	1.0
1809	3403	1	1.0
1811	1927	1	1.0
1811	2426	1	1.0
1811	2829	1	1.0
1811	3172	1	1.0
1811	3405	1	1.0
1811	3414	1	1.0
1811	3442	1	1.0
1811	3457	1	1.0
1811	3506	1	1.0
1811	3522	1	1.0
1811	3535	1	1.0
1811	3542	1	1.0
1811	3548	1	1.0
1811	3820	1	1.0
1811	4549	0	1.0
1815	1823	1	1.0
1815	1830	1	1.0
1815	1850	1	1.0
1815	1870	1	1.0
1815	1878	1	1.0
1815	1887	1	1.0
1815	1892	1	1.0
1815	1898	1	1.0
1815	1907	1	1.0
1815	1924	1	1.0
1815	1926	1	1.0
1815	1933	1	1.0
1815	1950	1	1.0
1815	1951	1	1.0
1815	1970	1	1.0
1815	1986	1	1.0
1815	1988	1	1.0
1815	1992	1	1.0
1815	2049	1	1.0
1815	2083	1	1.0
1815	2222	1	1.0
1815	2243	1	1.0
1815	2419	1	1.0
1816	1840	1	1.0
1816	1905	1	1.0
1817	1819	1	1.0
1817	2769	1	1.0
1817	3656	1	1.0
1817	3885	1	1.0
1819	1887	1	1.0
1819	2037	1	1.0
1819	2560	1	1.0
1819	2630	1	1.0
1821	1845	1	1.0
1823	1927	1	1.0
1823	1933	1	1.0
1823	1950	1	1.0
1823	1995	1	1.0
1823	2033	1	1.0
1823	2064	1	1.0
1823	2071	1	1.0
1823	2074	1	1.0
1823	2158	1	1.0
1823	2277	1	1.0
1823	2295	1	1.0
1823	2377	1	1.0
1823	2641	1	1.0
1823	2664	1	1.0
1823	2798	1	1.0
1823	3100	1	1.0
1823	3431	1	1.0
1823	2133	0	1.0
1823	2307	0	1.0
1825	2545	1	1.0
1825	2831	1	1.0
1825	2916	1	1.0
1825	3335	1	1.0
1825	3338	1	1.0
1825	3429	1	1.0
1825	3447	1	1.0
1826	1947	1	1.0
1829	1887	1	1.0
1829	1900	1	1.0
1830	3437	1	1.0
1830	3911	1	1.0
1833	1839	1	1.0
1835	2277	1	1.0
1835	2532	1	1.0
1836	3100	1	1.0
1838	1954	1	1.0
1839	1850	1	1.0
1839	1887	1	1.0
1839	1934	1	1.0
1839	1841	0	1.0
1845	1850	1	1.0
1845	1860	1	1.0
1845	1905	1	1.0
1845	1921	1	1.0
1845	1952	1	1.0
1845	1982	1	1.0
1845	1997	1	1.0
1845	2256	1	1.0
1845	2295	1	1.0
1845	2396	1	1.0
1845	2430	1	1.0
1848	2042	1	1.0
1850	1927	1	1.0
1856	1920	1	1.0
1856	1956	1	1.0
1860	2014	1	1.0
1860	3222	1	1.0
1860	3457	1	1.0
1860	3696	1	1.0
1860	3757	1	1.0
1861	2130	1	1.0
1861	2696	1	1.0
1861	3379	1	1.0
1861	4423	1	1.0
1861	4153	0	1.0
1863	2438	1	1.0
1863	2919	1	1.0
1863	3628	1	1.0
1869	1870	1	1.0
1869	1891	1	1.0
1869	1905	1	1.0
1869	1917	1	1.0
1869	3029	1	1.0
1870	1881	1	1.0
1870	1890	1	1.0
1870	2603	1	1.0
1870	2740	1	1.0
1870	2925	1	1.0
1870	3314	1	1.0
1870	3448	1	1.0
1870	3472	1	1.0
1870	3476	1	1.0
1870	3497	1	1.0
1870	3516	1	1.0
1877	1905	1	1.0
1877	1952	1	1.0
1877	2747	1	1.0
1881	1902	1	1.0
1883	1926	1	1.0
1883	1977	1	1.0
1883	1990	1	1.0
1883	2003	1	1.0
1883	2329	1	1.0
1883	2427	1	1.0
1883	2584	1	1.0
1883	3377	1	1.0
1883	3446	1	1.0
1883	3826	1	1.0
1883	3865	1	1.0
1883	3867	1	1.0
1883	4071	1	1.0
1883	4196	1	1.0
1883	4657	1	1.0
1883	2483	0	1.0
1884	1906	1	1.0
1886	2176	1	1.0
1886	3029	1	1.0
1886	3620	1	1.0
1886	3229	0	1.0
1887	1905	1	1.0
1887	1909	1	1.0
1887	1918	1	1.0
1887	1921	1	1.0
1887	1924	1	1.0
1887	1952	1	1.0
1887	1956	1	1.0
1887	1971	1	1.0
1887	1990	1	1.0
1887	1999	1	1.0
1887	2009	1	1.0
1887	2054	1	1.0
1887	2066	1	1.0
1887	2081	1	1.0
1887	2433	1	1.0
1887	2630	1	1.0
1887	2639	1	1.0
1887	2703	1	1.0
1887	2711	1	1.0
1887	2728	1	1.0
1887	2732	1	1.0
1887	2744	1	1.0
1887	2916	1	1.0
1887	2963	1	1.0
1887	3007	1	1.0
1887	3024	1	1.0
1887	3162	1	1.0
1887	3757	1	1.0
1887	2053	0	1.0
1887	2089	0	1.0
1887	2091	0	1.0
1887	2096	0	1.0
1887	2105	0	1.0
1887	2112	0	1.0
1887	2113	0	1.0
1887	2114	0	1.0
1887	2115	0	1.0
1887	2116	0	1.0
1887	2117	0	1.0
1887	2118	0	1.0
1887	2307	0	1.0
1887	2327	0	1.0
1887	2366	0	1.0
1887	2382	0	1.0
1887	2490	0	1.0
1887	2553	0	1.0
1887	2554	0	1.0
1887	2606	0	1.0
1887	2656	0	1.0
1887	2682	0	1.0
1887	2698	0	1.0
1887	2715	0	1.0
1887	2743	0	1.0
1887	2745	0	1.0
1887	2753	0	1.0
1887	2788	0	1.0
1887	2789	0	1.0
1887	2836	0	1.0
1887	2879	0	1.0
1887	2881	0	1.0
1887	2882	0	1.0
1887	2883	0	1.0
1887	2884	0	1.0
1887	2885	0	1.0
1887	2888	0	1.0
1887	2889	0	1.0
1887	2890	0	1.0
1887	2891	0	1.0
1887	2892	0	1.0
1887	2895	0	1.0
1887	2896	0	1.0
1887	3346	0	1.0
1888	1921	1	1.0
1891	2380	1	1.0
1894	1896	1	1.0
1896	1917	1	1.0
1900	2019	1	1.0
1900	4289	1	1.0
1901	1925	1	1.0
1902	2064	1	1.0
1902	2482	1	1.0
1902	2731	1	1.0
1902	3230	1	1.0
1902	3347	1	1.0
1902	3367	1	1.0
1904	1905	1	1.0
1905	1910	1	1.0
1905	1912	1	1.0
1905	1917	1	1.0
1905	1927	1	1.0
1905	1933	1	1.0
1905	1937	1	1.0
1905	1938	1	1.0
1905	1941	1	1.0
1905	1952	1	1.0
1905	1963	1	1.0
1905	1994	1	1.0
1905	1995	1	1.0
1905	1997	1	1.0
1905	2002	1	1.0
1905	2005	1	1.0
1905	2009	1	1.0
1905	2011	1	1.0
1905	2029	1	1.0
1905	2050	1	1.0
1905	2064	1	1.0
1905	2099	1	1.0
1905	2242	1	1.0
1905	2243	1	1.0
1907	2010	1	1.0
1907	2201	1	1.0
1907	4345	1	1.0
1909	1911	1	1.0
1909	2016	1	1.0
1910	1987	1	1.0
1910	1997	1	1.0
1912	1948	0	1.0
1913	1938	1	1.0
1913	1957	1	1.0
1913	1986	1	1.0
1917	2000	1	1.0
1919	3094	1	1.0
1919	2068	0	1.0
1920	1929	1	1.0
1920	1974	1	1.0
1920	3207	1	1.0
1920	4243	1	1.0
1921	1952	1	1.0
1921	1957	1	1.0
1921	2099	1	1.0
1921	2256	1	1.0
1921	2304	1	1.0
1921	2744	1	1.0
1921	3437	1	1.0
1921	4553	1	1.0
1922	1972	0	1.0
1922	2068	0	1.0
1924	2806	1	1.0
1924	2807	1	1.0
1924	3025	1	1.0
1924	3109	1	1.0
1924	3176	1	1.0
1924	3222	1	1.0
1924	3304	1	1.0
1924	3343	1	1.0
1924	3456	1	1.0
1924	3457	1	1.0
1924	3871	1	1.0
1924	4016	1	1.0
1924	4190	1	1.0
1924	4213	1	1.0
1924	4333	1	1.0
1924	4378	1	1.0
1924	4389	1	1.0
1926	3610	1	1.0
1927	1954	1	1.0
1927	1995	1	1.0
1927	2256	1	1.0
1928	3379	1	1.0
1929	1974	1	1.0
1929	1980	1	1.0
1929	2095	1	1.0
1929	2362	1	1.0
1929	3775	1	1.0
1929	3776	1	1.0
1929	3809	1	1.0
1929	3920	1	1.0
1929	4002	1	1.0
1929	4065	1	1.0
1929	4216	1	1.0
1931	3456	1	1.0
1933	1941	1	1.0
1933	1956	1	1.0
1933	1979	1	1.0
1933	1997	1	1.0
1933	2029	1	1.0
1933	2391	1	1.0
1933	2711	1	1.0
1933	3007	1	1.0
1933	3160	1	1.0
1933	3222	1	1.0
1933	3309	1	1.0
1933	3625	1	1.0
1933	3660	1	1.0
1933	3677	1	1.0
1933	3787	1	1.0
1936	2468	1	1.0
1936	2677	1	1.0
1936	2701	1	1.0
1936	3172	1	1.0
1936	3379	1	1.0
1936	3437	1	1.0
1936	3462	1	1.0
1936	3656	1	1.0
1936	3698	1	1.0
1936	3757	1	1.0
1936	3797	1	1.0
1936	3841	1	1.0
1936	3851	1	1.0
1936	3853	1	1.0
1936	3874	1	1.0
1936	3885	1	1.0
1936	3902	1	1.0
1936	3940	1	1.0
1936	4014	1	1.0
1936	4052	1	1.0
1936	3752	0	1.0
1936	3753	0	1.0
1936	3769	0	1.0
1937	2005	1	1.0
1937	2277	1	1.0
1937	3029	1	1.0
1937	3379	1	1.0
1942	1943	1	1.0
1943	2786	1	1.0
1943	2548	0	1.0
1946	3379	1	1.0
1947	3379	1	1.0
1951	1988	1	1.0
1952	2000	1	1.0
1952	2012	1	1.0
1952	2028	1	1.0
1952	2176	1	1.0
1952	2485	1	1.0
1952	2914	1	1.0
1952	3365	1	1.0
1952	2089	0	1.0
1952	2091	0	1.0
1952	2092	0	1.0
1955	3205	1	1.0
1955	3301	1	1.0
1956	2158	1	1.0
1956	2176	1	1.0
1956	2277	1	1.0
1956	2425	1	1.0
1956	2426	1	1.0
1956	3007	1	1.0
1956	3029	1	1.0
1956	3094	1	1.0
1956	3095	1	1.0
1956	3146	1	1.0
1956	3159	1	1.0
1956	3326	1	1.0
1956	3379	1	1.0
1956	3403	1	1.0
1956	3475	1	1.0
1962	1997	1	1.0
1963	3029	1	1.0
1968	1976	1	1.0
1968	2079	1	1.0
1974	3207	1	1.0
1977	2064	1	1.0
1977	2153	1	1.0
1977	2175	1	1.0
1977	2185	1	1.0
1977	2194	1	1.0
1977	2333	1	1.0
1977	2373	1	1.0
1977	2378	1	1.0
1977	2389	1	1.0
1977	2482	1	1.0
1977	2501	1	1.0
1977	2528	1	1.0
1977	2540	1	1.0
1977	2576	1	1.0
1977	2581	1	1.0
1977	2617	1	1.0
1977	2657	1	1.0
1977	2704	1	1.0
1977	2866	1	1.0
1977	2910	1	1.0
1977	2996	1	1.0
1977	3147	1	1.0
1977	3148	1	1.0
1977	3187	1	1.0
1977	3197	1	1.0
1977	3204	1	1.0
1977	3210	1	1.0
1977	3225	1	1.0
1977	3230	1	1.0
1977	3268	1	1.0
1977	3313	1	1.0
1977	3323	1	1.0
1977	3331	1	1.0
1977	3347	1	1.0
1977	3792	1	1.0
1977	3804	1	1.0
1977	4098	1	1.0
1977	4183	1	1.0
1977	4209	1	1.0
1977	2068	0	1.0
1977	2189	0	1.0
1977	3154	0	1.0
1980	1981	1	1.0
1982	2007	1	1.0
1983	2042	1	1.0
1986	2004	1	1.0
1988	2311	1	1.0
1988	2519	1	1.0
1990	3080	1	1.0
1990	3160	1	1.0
1990	3172	1	1.0
1990	3222	1	1.0
1990	3390	1	1.0
1990	3418	1	1.0
1990	3688	1	1.0
1994	1996	1	1.0
1994	2158	1	1.0
1994	2185	1	1.0
1994	2299	1	1.0
1994	2325	1	1.0
1994	2422	1	1.0
1994	2425	1	1.0
1994	2453	1	1.0
1995	1997	1	1.0
1995	2001	1	1.0
1995	2005	1	1.0
1995	2059	1	1.0
1995	2186	1	1.0
1995	2267	1	1.0
1995	2426	1	1.0
1995	2757	1	1.0
1995	3160	1	1.0
1995	3384	1	1.0
1995	3430	1	1.0
1995	3434	1	1.0
1995	3610	1	1.0
1995	3664	1	1.0
1995	3698	1	1.0
1995	4415	1	1.0
1995	4449	1	1.0
1995	4474	1	1.0
1995	4482	1	1.0
1995	4534	1	1.0
1995	4468	0	1.0
1996	2029	1	1.0
1996	2717	1	1.0
1996	2899	1	1.0
1996	2905	1	1.0
1996	3688	1	1.0
1996	3802	1	1.0
1997	2098	1	1.0
1997	2099	1	1.0
1997	4152	0	1.0
2000	2036	1	1.0
2000	2045	1	1.0
2000	2048	1	1.0
2000	2158	1	1.0
2000	2176	1	1.0
2000	2256	1	1.0
2000	2283	1	1.0
2000	2342	1	1.0
2000	2426	1	1.0
2000	2597	1	1.0
2000	2630	1	1.0
2000	2643	1	1.0
2000	2861	1	1.0
2000	2903	1	1.0
2000	2999	1	1.0
2000	3007	1	1.0
2000	3029	1	1.0
2000	3065	1	1.0
2000	3100	1	1.0
2000	3101	1	1.0
2000	3117	1	1.0
2000	3122	1	1.0
2000	3146	1	1.0
2000	3152	1	1.0
2000	3153	1	1.0
2000	3172	1	1.0
2000	3180	1	1.0
2000	3189	1	1.0
2000	3308	1	1.0
2000	3309	1	1.0
2000	3316	1	1.0
2000	3379	1	1.0
2000	3432	1	1.0
2000	3437	1	1.0
2000	3481	1	1.0
2000	3500	1	1.0
2000	3541	1	1.0
2000	3556	1	1.0
2000	3566	1	1.0
2000	3882	1	1.0
2002	2005	1	1.0
2002	2006	1	1.0
2004	2018	1	1.0
2006	2031	1	1.0
2010	2011	1	1.0
2010	2185	1	1.0
2010	2277	1	1.0
2010	2335	1	1.0
2010	2403	1	1.0
2010	2534	1	1.0
2010	2657	1	1.0
2010	3296	1	1.0
2011	2105	0	1.0
2014	2281	1	1.0
2014	2139	0	1.0
2014	2199	0	1.0
2014	2212	0	1.0
2014	2217	0	1.0
2014	2218	0	1.0
2014	2231	0	1.0
2014	2234	0	1.0
2014	2246	0	1.0
2014	2250	0	1.0
2014	2251	0	1.0
2014	2252	0	1.0
2014	2259	0	1.0
2014	2260	0	1.0
2014	2261	0	1.0
2014	2262	0	1.0
2014	2266	0	1.0
2014	2268	0	1.0
2014	2269	0	1.0
2014	2270	0	1.0
2014	2271	0	1.0
2014	2273	0	1.0
2014	2275	0	1.0
2014	2276	0	1.0
2014	2280	0	1.0
2014	2285	0	1.0
2014	2382	0	1.0
2014	2886	0	1.0
2014	3049	0	1.0
2014	3050	0	1.0
2014	3052	0	1.0
2014	3053	0	1.0
2017	2219	1	1.0
2019	2021	1	1.0
2019	2023	1	1.0
2019	2057	1	1.0
2019	2226	1	1.0
2019	2289	1	1.0
2019	2492	1	1.0
2019	2827	1	1.0
2020	2047	1	1.0
2023	2176	1	1.0
2023	3160	1	1.0
2023	3437	1	1.0
2023	3462	1	1.0
2023	3820	1	1.0
2027	2028	1	1.0
2029	2428	1	1.0
2029	2655	1	1.0
2029	2724	1	1.0
2029	2810	1	1.0
2029	2905	1	1.0
2029	2985	1	1.0
2032	2033	1	1.0
2042	2492	1	1.0
2052	2291	1	1.0
2052	3894	1	1.0
2055	2130	1	1.0
2055	2283	1	1.0
2055	3157	1	1.0
2055	3160	1	1.0
2055	3172	1	1.0
2055	3656	1	1.0
2055	4000	1	1.0
2055	4006	1	1.0
2057	2064	1	1.0
2057	2090	1	1.0
2064	2086	1	1.0
2064	2094	1	1.0
2064	2108	1	1.0
2064	2162	1	1.0
2064	2185	1	1.0
2064	2190	1	1.0
2064	2194	1	1.0
2064	2219	1	1.0
2064	2313	1	1.0
2064	2357	1	1.0
2064	2361	1	1.0
2064	2400	1	1.0
2064	2407	1	1.0
2064	2408	1	1.0
2064	2496	1	1.0
2064	2501	1	1.0
2064	2504	1	1.0
2064	2577	1	1.0
2064	2585	1	1.0
2064	2634	1	1.0
2064	2648	1	1.0
2064	2685	1	1.0
2064	2737	1	1.0
2064	3113	1	1.0
2064	3997	1	1.0
2064	4024	1	1.0
2066	3033	1	1.0
2073	2257	1	1.0
2073	3186	1	1.0
2074	2158	1	1.0
2074	2283	1	1.0
2074	3379	1	1.0
2074	3709	1	1.0
2075	2080	1	1.0
2077	3674	1	1.0
2079	2122	1	1.0
2079	2113	0	1.0
2085	2097	1	1.0
2091	2096	1	1.0
2091	2112	1	1.0
2091	2114	1	1.0
2091	2115	1	1.0
2091	2116	1	1.0
2091	2117	1	1.0
2091	2118	1	1.0
2096	2291	0	1.0
2099	2205	1	1.0
2099	2244	1	1.0
2099	2316	1	1.0
2099	2438	1	1.0
2099	2545	1	1.0
2099	3437	1	1.0
2104	3620	1	1.0
2108	2126	1	1.0
2108	2130	1	1.0
2108	2145	1	1.0
2108	2242	1	1.0
2109	2609	1	1.0
2112	2113	1	1.0
2113	2114	1	1.0
2113	2115	1	1.0
2113	2116	1	1.0
2113	2117	1	1.0
2113	2118	1	1.0
2113	2120	1	1.0
2113	2121	1	1.0
2114	2291	0	1.0
2115	2291	0	1.0
2116	2291	0	1.0
2117	2291	0	1.0
2118	2291	0	1.0
2120	2179	1	1.0
2120	2122	0	1.0
2121	2131	1	1.0
2121	2132	1	1.0
2124	2426	1	1.0
2124	2903	1	1.0
2124	3442	1	1.0
2124	3656	1	1.0
2124	3709	1	1.0
2124	3718	1	1.0
2127	2185	1	1.0
2127	2283	1	1.0
2130	2152	1	1.0
2130	2400	1	1.0
2130	2426	1	1.0
2130	2562	1	1.0
2130	2679	1	1.0
2130	2700	1	1.0
2130	2903	1	1.0
2130	3043	1	1.0
2130	3258	1	1.0
2130	3309	1	1.0
2130	3490	1	1.0
2130	3593	1	1.0
2130	3594	1	1.0
2130	3630	1	1.0
2130	3663	1	1.0
2130	3669	1	1.0
2130	3677	1	1.0
2130	3681	1	1.0
2130	3687	1	1.0
2131	2132	1	1.0
2131	2133	1	1.0
2131	2134	1	1.0
2131	2135	1	1.0
2131	2136	1	1.0
2131	2137	1	1.0
2131	2138	1	1.0
2131	2139	1	1.0
2132	2133	1	1.0
2133	2134	1	1.0
2133	2179	1	1.0
2133	2180	1	1.0
2133	2181	1	1.0
2133	2182	1	1.0
2133	2183	1	1.0
2133	2291	0	1.0
2134	2135	1	1.0
2134	2136	1	1.0
2135	2181	1	1.0
2136	2179	1	1.0
2136	2181	1	1.0
2136	2291	0	1.0
2139	2179	1	1.0
2139	2181	1	1.0
2139	2227	1	1.0
2139	2228	1	1.0
2139	2232	1	1.0
2139	2233	1	1.0
2139	2234	1	1.0
2139	2250	1	1.0
2139	2291	0	1.0
2146	4594	1	1.0
2147	2447	1	1.0
2152	2256	1	1.0
2153	2195	1	1.0
2153	2277	1	1.0
2153	2283	1	1.0
2153	2468	1	1.0
2153	2188	0	1.0
2155	2158	1	1.0
2155	2185	1	1.0
2158	2242	1	1.0
2158	2253	1	1.0
2158	2283	1	1.0
2158	2319	1	1.0
2158	2322	1	1.0
2158	2426	1	1.0
2158	2478	1	1.0
2158	2484	1	1.0
2158	2637	1	1.0
2158	2705	1	1.0
2158	2819	1	1.0
2158	2829	1	1.0
2158	2837	1	1.0
2158	2846	1	1.0
2158	3007	1	1.0
2158	3032	1	1.0
2158	3160	1	1.0
2158	3379	1	1.0
2158	3380	1	1.0
2158	3387	1	1.0
2158	3424	1	1.0
2158	3425	1	1.0
2158	3437	1	1.0
2158	3440	1	1.0
2158	3462	1	1.0
2158	3477	1	1.0
2158	3486	1	1.0
2158	3495	1	1.0
2158	3556	1	1.0
2158	3565	1	1.0
2158	3576	1	1.0
2158	3604	1	1.0
2158	3649	1	1.0
2158	3658	1	1.0
2158	3670	1	1.0
2158	3688	1	1.0
2158	3689	1	1.0
2158	3697	1	1.0
2158	3698	1	1.0
2158	3707	1	1.0
2158	3721	1	1.0
2158	3761	1	1.0
2158	3773	1	1.0
2158	3774	1	1.0
2158	3787	1	1.0
2158	3796	1	1.0
2158	3811	1	1.0
2158	3821	1	1.0
2158	3825	1	1.0
2158	3839	1	1.0
2158	2836	0	1.0
2158	3786	0	1.0
2159	2160	1	1.0
2159	2161	1	1.0
2160	2161	1	1.0
2162	2163	1	1.0
2162	2256	1	1.0
2166	2545	1	1.0
2166	2560	1	1.0
2168	2283	1	1.0
2170	2299	1	1.0
2170	4381	1	1.0
2172	2173	1	1.0
2172	2174	1	1.0
2173	2174	1	1.0
2174	2291	0	1.0
2176	2354	1	1.0
2176	2387	1	1.0
2176	2426	1	1.0
2176	2428	1	1.0
2176	2435	1	1.0
2176	2446	1	1.0
2176	2467	1	1.0
2176	2478	1	1.0
2176	2498	1	1.0
2176	2504	1	1.0
2176	2545	1	1.0
2176	2552	1	1.0
2176	2570	1	1.0
2176	2590	1	1.0
2176	2600	1	1.0
2176	2627	1	1.0
2176	2630	1	1.0
2176	2664	1	1.0
2176	2668	1	1.0
2176	2722	1	1.0
2176	2806	1	1.0
2176	2821	1	1.0
2176	2830	1	1.0
2176	2835	1	1.0
2176	2841	1	1.0
2176	2855	1	1.0
2176	2901	1	1.0
2176	2907	1	1.0
2176	2918	1	1.0
2176	2920	1	1.0
2176	2922	1	1.0
2176	2932	1	1.0
2176	2939	1	1.0
2176	2941	1	1.0
2176	2958	1	1.0
2176	2970	1	1.0
2176	2971	1	1.0
2176	2976	1	1.0
2176	2999	1	1.0
2176	3010	1	1.0
2176	3014	1	1.0
2176	3029	1	1.0
2176	3033	1	1.0
2176	3058	1	1.0
2176	3100	1	1.0
2176	3102	1	1.0
2176	3109	1	1.0
2176	3117	1	1.0
2176	3118	1	1.0
2176	3146	1	1.0
2176	3152	1	1.0
2176	3156	1	1.0
2176	3160	1	1.0
2176	3191	1	1.0
2176	3192	1	1.0
2176	3222	1	1.0
2176	3278	1	1.0
2176	3303	1	1.0
2176	3306	1	1.0
2176	3322	1	1.0
2176	3351	1	1.0
2176	3379	1	1.0
2176	3380	1	1.0
2176	3420	1	1.0
2176	3437	1	1.0
2176	3462	1	1.0
2176	3538	1	1.0
2176	3561	1	1.0
2176	3576	1	1.0
2176	3624	1	1.0
2176	3656	1	1.0
2176	3698	1	1.0
2176	3718	1	1.0
2176	3796	1	1.0
2176	3811	1	1.0
2176	3844	1	1.0
2176	3853	1	1.0
2176	3870	1	1.0
2176	3931	1	1.0
2176	3943	1	1.0
2176	3979	1	1.0
2176	4186	1	1.0
2176	4301	1	1.0
2176	4403	1	1.0
2176	4449	1	1.0
2176	4513	1	1.0
2179	2183	1	1.0
2179	2212	1	1.0
2179	2291	0	1.0
2180	2183	1	1.0
2180	2212	1	1.0
2180	2291	0	1.0
2181	2183	1	1.0
2181	2184	1	1.0
2181	2206	1	1.0
2181	2212	1	1.0
2181	2291	0	1.0
2182	2210	1	1.0
2182	2215	1	1.0
2183	2212	1	1.0
2185	2187	1	1.0
2185	2193	1	1.0
2185	2194	1	1.0
2185	2204	1	1.0
2185	2263	1	1.0
2185	2265	1	1.0
2185	2279	1	1.0
2185	2293	1	1.0
2185	2300	1	1.0
2185	2303	1	1.0
2185	2321	1	1.0
2185	2333	1	1.0
2185	2335	1	1.0
2185	2337	1	1.0
2185	2351	1	1.0
2185	2356	1	1.0
2185	2364	1	1.0
2185	2373	1	1.0
2185	2378	1	1.0
2185	2379	1	1.0
2185	2389	1	1.0
2185	2393	1	1.0
2185	2403	1	1.0
2185	2407	1	1.0
2185	2408	1	1.0
2185	2418	1	1.0
2185	2420	1	1.0
2185	2462	1	1.0
2185	2481	1	1.0
2185	2482	1	1.0
2185	2493	1	1.0
2185	2495	1	1.0
2185	2499	1	1.0
2185	2501	1	1.0
2185	2534	1	1.0
2185	2538	1	1.0
2185	2567	1	1.0
2185	2588	1	1.0
2185	2644	1	1.0
2185	2657	1	1.0
2185	2658	1	1.0
2185	2673	1	1.0
2185	2697	1	1.0
2185	2759	1	1.0
2185	2814	1	1.0
2185	2842	1	1.0
2185	2852	1	1.0
2185	2854	1	1.0
2185	3099	1	1.0
2185	3139	1	1.0
2185	3140	1	1.0
2185	3148	1	1.0
2185	3268	1	1.0
2185	3331	1	1.0
2185	3332	1	1.0
2185	3376	1	1.0
2185	3418	1	1.0
2185	3467	1	1.0
2185	3792	1	1.0
2185	3905	1	1.0
2185	3924	1	1.0
2185	3930	1	1.0
2185	4012	1	1.0
2185	4183	1	1.0
2185	4214	1	1.0
2185	4219	1	1.0
2185	2200	0	1.0
2185	2382	0	1.0
2186	2242	1	1.0
2186	2430	1	1.0
2186	2565	1	1.0
2192	3228	1	1.0
2198	2201	1	1.0
2199	2206	1	1.0
2199	2209	1	1.0
2199	2210	1	1.0
2199	2212	1	1.0
2199	2214	1	1.0
2199	2218	1	1.0
2199	2291	0	1.0
2203	2256	1	1.0
2203	2968	1	1.0
2203	3100	1	1.0
2203	4139	1	1.0
2203	2382	0	1.0
2206	2291	0	1.0
2208	2210	0	1.0
2208	2214	0	1.0
2209	2210	1	1.0
2209	2291	0	1.0
2210	2211	1	1.0
2210	2212	1	1.0
2210	2213	1	1.0
2210	2291	0	1.0
2211	2218	1	1.0
2211	2291	0	1.0
2212	2214	1	1.0
2212	2218	1	1.0
2212	2231	1	1.0
2212	2291	0	1.0
2214	2215	1	1.0
2214	2216	1	1.0
2214	2217	1	1.0
2214	2218	1	1.0
2214	2231	1	1.0
2214	2291	0	1.0
2215	2216	1	1.0
2215	2291	0	1.0
2216	2217	1	1.0
2216	2223	1	1.0
2216	2291	0	1.0
2217	2223	1	1.0
2217	2261	1	1.0
2217	2262	1	1.0
2217	2268	1	1.0
2217	2291	0	1.0
2218	2291	0	1.0
2220	2290	1	1.0
2223	2291	0	1.0
2226	2670	1	1.0
2226	2746	1	1.0
2227	2228	1	1.0
2227	2229	1	1.0
2227	2230	1	1.0
2227	2291	0	1.0
2228	2291	0	1.0
2231	2291	0	1.0
2232	2233	1	1.0
2232	2234	1	1.0
2232	2291	0	1.0
2233	2234	1	1.0
2233	2275	1	1.0
2233	2291	0	1.0
2234	2235	1	1.0
2234	2250	1	1.0
2234	2251	1	1.0
2234	2291	0	1.0
2235	2236	1	1.0
2235	2291	0	1.0
2236	2237	1	1.0
2236	2291	0	1.0
2237	2291	0	1.0
2238	2291	0	1.0
2239	2291	0	1.0
2240	2291	0	1.0
2241	2291	0	1.0
2242	2300	1	1.0
2242	2654	1	1.0
2242	2689	1	1.0
2242	3379	1	1.0
2242	3656	1	1.0
2243	2439	0	1.0
2243	2469	0	1.0
2244	2256	1	1.0
2246	2247	1	1.0
2246	2248	1	1.0
2246	2259	1	1.0
2247	2248	1	1.0
2247	2275	1	1.0
2250	2251	1	1.0
2256	2257	1	1.0
2256	2263	1	1.0
2256	2265	1	1.0
2256	2274	1	1.0
2256	2277	1	1.0
2256	2297	1	1.0
2256	3065	1	1.0
2256	3390	1	1.0
2256	2276	0	1.0
2257	3164	1	1.0
2257	3441	1	1.0
2257	3906	1	1.0
2257	4196	1	1.0
2259	2260	1	1.0
2261	2262	1	1.0
2262	2266	1	1.0
2268	2269	1	1.0
2269	2270	1	1.0
2269	2273	1	1.0
2270	2271	1	1.0
2270	2273	1	1.0
2277	2278	1	1.0
2277	2283	1	1.0
2277	2295	1	1.0
2277	2314	1	1.0
2277	2319	1	1.0
2277	2326	1	1.0
2277	2340	1	1.0
2277	2347	1	1.0
2277	2349	1	1.0
2277	2369	1	1.0
2277	2376	1	1.0
2277	2377	1	1.0
2277	2396	1	1.0
2277	2426	1	1.0
2277	2427	1	1.0
2277	2428	1	1.0
2277	2436	1	1.0
2277	2453	1	1.0
2277	2470	1	1.0
2277	2512	1	1.0
2277	2573	1	1.0
2277	2584	1	1.0
2277	2609	1	1.0
2277	2627	1	1.0
2277	2639	1	1.0
2277	2641	1	1.0
2277	2711	1	1.0
2277	2568	0	1.0
2278	3379	1	1.0
2278	3495	1	1.0
2280	2284	1	1.0
2280	2285	1	1.0
2282	2500	1	1.0
2283	2313	1	1.0
2283	2376	1	1.0
2283	2427	1	1.0
2283	2436	1	1.0
2283	2445	1	1.0
2283	2581	1	1.0
2283	2610	1	1.0
2283	2627	1	1.0
2295	2903	1	1.0
2295	2976	1	1.0
2295	3065	1	1.0
2295	3180	1	1.0
2295	3411	1	1.0
2295	3448	1	1.0
2295	3496	1	1.0
2297	2304	1	1.0
2297	2312	1	1.0
2297	2400	1	1.0
2297	2427	1	1.0
2297	2600	1	1.0
2297	2676	1	1.0
2298	3814	1	1.0
2299	2305	1	1.0
2299	2319	1	1.0
2300	2343	1	1.0
2300	2504	1	1.0
2300	2510	1	1.0
2300	2520	1	1.0
2300	2521	1	1.0
2300	2535	1	1.0
2300	2547	1	1.0
2300	2550	1	1.0
2300	2552	1	1.0
2300	2570	1	1.0
2300	2571	1	1.0
2300	2864	1	1.0
2300	2921	1	1.0
2300	2421	0	1.0
2303	2657	1	1.0
2303	3418	1	1.0
2303	3589	1	1.0
2304	2312	1	1.0
2304	2328	1	1.0
2304	2377	1	1.0
2304	2787	1	1.0
2307	2308	1	1.0
2307	2327	1	1.0
2307	2324	0	1.0
2317	2335	1	1.0
2319	2326	1	1.0
2319	2346	1	1.0
2319	2506	1	1.0
2319	3029	1	1.0
2323	2370	1	1.0
2323	2375	1	1.0
2326	2339	1	1.0
2326	2368	1	1.0
2330	3379	1	1.0
2333	4224	1	1.0
2335	2482	1	1.0
2335	2534	1	1.0
2346	2830	1	1.0
2347	2348	1	1.0
2347	2629	1	1.0
2347	3065	1	1.0
2347	3403	1	1.0
2347	3545	1	1.0
2348	3081	1	1.0
2348	3124	1	1.0
2354	2355	1	1.0
2354	2367	1	1.0
2356	2357	1	1.0
2356	2852	1	1.0
2356	3376	1	1.0
2356	3467	1	1.0
2356	4658	1	1.0
2357	2482	1	1.0
2360	2438	1	1.0
2360	2544	1	1.0
2362	2384	1	1.0
2362	2397	1	1.0
2363	3029	1	1.0
2363	3100	1	1.0
2371	2372	1	1.0
2371	3172	1	1.0
2371	3379	1	1.0
2371	4445	1	1.0
2372	4430	1	1.0
2373	2657	1	1.0
2373	4617	1	1.0
2376	2392	1	1.0
2376	2496	1	1.0
2376	2497	1	1.0
2376	2500	1	1.0
2376	2641	1	1.0
2376	2381	0	1.0
2377	2432	1	1.0
2377	2482	1	1.0
2377	2492	1	1.0
2377	2505	1	1.0
2377	3020	1	1.0
2378	2403	1	1.0
2380	2630	1	1.0
2380	2657	1	1.0
2380	2731	1	1.0
2380	3115	1	1.0
2380	3230	1	1.0
2380	3255	1	1.0
2380	3331	1	1.0
2381	2385	0	1.0
2388	2424	1	1.0
2389	2482	1	1.0
2389	3814	1	1.0
2391	2395	1	1.0
2391	3757	1	1.0
2391	3879	1	1.0
2391	3928	1	1.0
2394	2539	1	1.0
2396	2507	1	1.0
2396	3379	1	1.0
2398	2550	1	1.0
2398	2563	1	1.0
2398	2706	1	1.0
2398	2729	1	1.0
2398	2767	1	1.0
2398	2778	1	1.0
2398	3129	1	1.0
2398	3161	1	1.0
2399	2482	1	1.0
2400	3649	1	1.0
2400	2414	0	1.0
2403	2407	1	1.0
2404	3632	0	1.0
2407	2657	1	1.0
2410	2425	1	1.0
2412	4535	0	1.0
2420	2479	1	1.0
2420	2480	1	1.0
2425	2426	1	1.0
2425	2466	1	1.0
2425	2467	1	1.0
2425	2470	1	1.0
2426	2476	1	1.0
2426	2478	1	1.0
2426	2487	1	1.0
2426	2504	1	1.0
2426	2584	1	1.0
2426	2627	1	1.0
2426	2639	1	1.0
2426	2806	1	1.0
2426	2829	1	1.0
2426	2842	1	1.0
2426	2847	1	1.0
2426	2903	1	1.0
2426	2932	1	1.0
2426	2968	1	1.0
2426	2987	1	1.0
2426	2988	1	1.0
2426	3007	1	1.0
2426	3008	1	1.0
2426	3025	1	1.0
2426	3056	1	1.0
2426	3100	1	1.0
2426	3109	1	1.0
2426	3146	1	1.0
2426	3156	1	1.0
2426	3160	1	1.0
2426	3192	1	1.0
2426	3222	1	1.0
2426	3315	1	1.0
2426	3379	1	1.0
2426	3387	1	1.0
2426	3388	1	1.0
2426	3404	1	1.0
2426	3424	1	1.0
2426	3431	1	1.0
2426	3437	1	1.0
2426	3440	1	1.0
2426	3456	1	1.0
2426	3462	1	1.0
2426	3475	1	1.0
2426	3485	1	1.0
2426	3490	1	1.0
2426	3504	1	1.0
2426	3522	1	1.0
2426	3524	1	1.0
2426	3527	1	1.0
2426	3564	1	1.0
2426	3576	1	1.0
2426	3624	1	1.0
2426	3631	1	1.0
2426	3644	1	1.0
2426	3649	1	1.0
2426	3658	1	1.0
2426	3659	1	1.0
2426	3669	1	1.0
2426	3679	1	1.0
2426	3683	1	1.0
2426	3688	1	1.0
2426	3689	1	1.0
2426	3698	1	1.0
2426	3701	1	1.0
2426	3706	1	1.0
2426	3707	1	1.0
2426	3708	1	1.0
2426	3713	1	1.0
2426	3718	1	1.0
2426	3798	1	1.0
2426	3821	1	1.0
2426	3891	1	1.0
2426	3895	1	1.0
2426	4186	1	1.0
2426	4196	1	1.0
2426	4424	1	1.0
2426	4482	1	1.0
2426	4650	1	1.0
2426	4662	1	1.0
2426	4709	1	1.0
2426	3702	0	1.0
2430	2437	1	1.0
2430	3010	1	1.0
2435	2545	1	1.0
2435	2627	1	1.0
2435	2976	1	1.0
2436	2437	1	1.0
2446	2467	1	1.0
2446	2806	1	1.0
2446	2821	1	1.0
2446	3032	1	1.0
2446	3165	1	1.0
2446	3202	1	1.0
2446	3437	1	1.0
2446	3885	1	1.0
2446	3902	1	1.0
2446	4020	1	1.0
2450	2453	1	1.0
2461	2490	1	1.0
2462	2657	1	1.0
2462	2960	1	1.0
2462	3268	1	1.0
2462	3310	1	1.0
2467	2607	1	1.0
2467	3117	1	1.0
2467	3160	1	1.0
2467	3170	1	1.0
2467	3172	1	1.0
2467	3222	1	1.0
2467	3274	1	1.0
2467	3379	1	1.0
2467	3656	1	1.0
2467	3698	1	1.0
2467	3757	1	1.0
2468	3157	1	1.0
2468	3222	1	1.0
2468	3379	1	1.0
2468	4496	1	1.0
2470	3100	1	1.0
2471	2627	1	1.0
2471	3822	1	1.0
2472	2903	1	1.0
2476	2477	1	1.0
2478	2545	1	1.0
2478	2728	1	1.0
2478	2963	1	1.0
2478	3007	1	1.0
2478	3109	1	1.0
2478	3160	1	1.0
2478	3191	1	1.0
2478	3379	1	1.0
2478	3437	1	1.0
2478	3456	1	1.0
2478	3556	1	1.0
2478	3576	1	1.0
2478	3698	1	1.0
2478	3718	1	1.0
2478	3757	1	1.0
2478	3885	1	1.0
2478	4017	1	1.0
2478	4301	1	1.0
2478	4496	1	1.0
2480	2482	1	1.0
2480	2868	1	1.0
2482	2525	1	1.0
2482	2527	1	1.0
2482	2528	1	1.0
2482	2533	1	1.0
2482	2540	1	1.0
2482	2557	1	1.0
2482	2567	1	1.0
2482	2581	1	1.0
2482	2596	1	1.0
2482	2626	1	1.0
2482	2648	1	1.0
2482	2649	1	1.0
2482	2650	1	1.0
2482	2672	1	1.0
2482	2674	1	1.0
2482	2681	1	1.0
2482	2707	1	1.0
2482	2746	1	1.0
2482	2816	1	1.0
2482	2834	1	1.0
2482	2859	1	1.0
2482	2887	1	1.0
2482	2938	1	1.0
2482	2955	1	1.0
2482	2960	1	1.0
2482	2981	1	1.0
2482	3012	1	1.0
2482	3044	1	1.0
2482	3055	1	1.0
2482	3057	1	1.0
2482	3140	1	1.0
2482	3148	1	1.0
2482	3171	1	1.0
2482	3187	1	1.0
2482	3224	1	1.0
2482	3227	1	1.0
2482	3230	1	1.0
2482	3231	1	1.0
2482	3243	1	1.0
2482	3302	1	1.0
2482	3331	1	1.0
2482	3332	1	1.0
2482	3367	1	1.0
2482	3376	1	1.0
2482	3418	1	1.0
2482	3443	1	1.0
2482	3461	1	1.0
2482	3473	1	1.0
2482	3522	1	1.0
2482	3804	1	1.0
2482	3814	1	1.0
2482	3992	1	1.0
2482	4049	1	1.0
2482	4327	1	1.0
2484	2842	1	1.0
2484	3172	1	1.0
2484	3379	1	1.0
2484	3437	1	1.0
2487	2973	1	1.0
2487	3033	1	1.0
2487	3656	1	1.0
2487	3688	1	1.0
2492	2715	0	1.0
2495	2657	1	1.0
2498	2627	1	1.0
2500	2545	1	1.0
2500	2548	0	1.0
2500	2568	0	1.0
2501	3148	1	1.0
2504	2807	1	1.0
2504	2842	1	1.0
2504	2847	1	1.0
2504	3100	1	1.0
2504	3222	1	1.0
2504	3624	1	1.0
2504	3718	1	1.0
2504	3857	1	1.0
2504	4186	1	1.0
2504	4191	1	1.0
2504	4248	1	1.0
2504	4301	1	1.0
2504	4320	1	1.0
2504	4445	1	1.0
2504	4472	1	1.0
2504	4475	1	1.0
2504	4485	1	1.0
2504	4505	1	1.0
2504	4513	1	1.0
2505	2526	1	1.0
2505	2537	1	1.0
2505	2637	1	1.0
2505	3215	1	1.0
2507	2535	1	1.0
2515	2518	1	1.0
2516	3379	1	1.0
2516	4495	1	1.0
2534	2581	1	1.0
2534	2657	1	1.0
2534	2714	1	1.0
2534	2737	1	1.0
2534	2759	1	1.0
2534	2843	1	1.0
2534	2856	1	1.0
2534	2868	1	1.0
2534	3762	1	1.0
2534	3814	1	1.0
2534	3872	1	1.0
2535	2565	1	1.0
2545	2550	1	1.0
2545	2556	1	1.0
2545	2571	1	1.0
2545	2573	1	1.0
2545	2607	1	1.0
2545	2744	1	1.0
2545	2911	1	1.0
2545	2963	1	1.0
2545	3116	1	1.0
2545	3145	1	1.0
2545	3853	1	1.0
2545	3925	1	1.0
2545	4004	1	1.0
2545	4069	1	1.0
2545	4218	1	1.0
2545	4249	1	1.0
2545	4177	0	1.0
2549	2903	1	1.0
2550	3172	1	1.0
2550	3495	1	1.0
2552	2634	1	1.0
2552	2806	1	1.0
2552	2870	1	1.0
2552	3004	1	1.0
2552	3160	1	1.0
2552	3241	1	1.0
2552	3517	1	1.0
2552	3757	1	1.0
2552	4016	1	1.0
2560	2651	1	1.0
2560	2680	1	1.0
2561	3378	1	1.0
2562	3043	1	1.0
2567	2587	1	1.0
2567	2852	1	1.0
2567	3345	1	1.0
2567	4024	1	1.0
2570	2711	1	1.0
2570	2725	1	1.0
2570	2726	1	1.0
2570	3029	1	1.0
2571	2629	1	1.0
2573	2575	1	1.0
2576	2657	1	1.0
2576	3197	1	1.0
2576	3817	1	1.0
2576	3906	1	1.0
2579	2783	1	1.0
2581	2586	1	1.0
2581	2589	1	1.0
2584	2627	1	1.0
2584	2744	1	1.0
2584	2755	1	1.0
2584	2760	1	1.0
2584	2781	1	1.0
2584	3014	1	1.0
2584	3228	1	1.0
2584	3507	1	1.0
2584	3985	1	1.0
2586	2938	1	1.0
2586	2960	1	1.0
2586	3814	1	1.0
2597	2641	1	1.0
2597	3222	1	1.0
2597	2715	0	1.0
2598	2602	0	1.0
2600	3172	1	1.0
2605	2903	1	1.0
2606	2631	1	1.0
2606	2656	1	1.0
2606	2698	1	1.0
2607	3379	1	1.0
2607	3610	1	1.0
2608	2747	1	1.0
2611	2613	1	1.0
2615	3010	1	1.0
2615	4423	1	1.0
2618	2813	1	1.0
2620	3032	1	1.0
2620	3272	1	1.0
2623	2627	1	1.0
2625	3172	1	1.0
2625	3826	1	1.0
2627	2628	1	1.0
2627	2694	1	1.0
2627	2695	1	1.0
2627	2703	1	1.0
2627	2717	1	1.0
2627	2722	1	1.0
2627	2744	1	1.0
2627	2750	1	1.0
2627	2821	1	1.0
2627	2867	1	1.0
2627	2897	1	1.0
2627	2963	1	1.0
2627	2999	1	1.0
2627	3003	1	1.0
2627	3005	1	1.0
2627	3011	1	1.0
2627	3013	1	1.0
2627	3058	1	1.0
2627	3210	1	1.0
2627	3362	1	1.0
2630	2640	1	1.0
2630	2647	1	1.0
2630	2920	1	1.0
2630	2976	1	1.0
2630	2984	1	1.0
2630	3007	1	1.0
2630	3013	1	1.0
2630	3022	1	1.0
2630	3109	1	1.0
2630	3131	1	1.0
2634	3160	1	1.0
2634	3437	1	1.0
2634	3698	1	1.0
2634	3757	1	1.0
2634	3853	1	1.0
2634	4004	1	1.0
2635	2698	0	1.0
2636	2731	1	1.0
2637	3707	1	1.0
2639	2641	1	1.0
2639	2680	1	1.0
2639	2988	1	1.0
2639	2999	1	1.0
2639	3379	1	1.0
2639	3440	1	1.0
2639	3454	1	1.0
2639	2715	0	1.0
2641	2642	1	1.0
2641	2645	1	1.0
2641	2653	1	1.0
2641	2659	1	1.0
2641	2660	1	1.0
2641	2663	1	1.0
2641	2664	1	1.0
2641	2665	1	1.0
2643	3379	1	1.0
2650	2704	1	1.0
2651	2963	1	1.0
2653	2903	1	1.0
2653	3418	1	1.0
2656	2682	1	1.0
2657	2658	1	1.0
2657	2697	1	1.0
2657	2759	1	1.0
2657	2852	1	1.0
2657	2960	1	1.0
2657	3057	1	1.0
2657	3132	1	1.0
2657	3175	1	1.0
2657	3310	1	1.0
2657	3376	1	1.0
2657	3418	1	1.0
2657	3467	1	1.0
2657	3628	1	1.0
2657	3799	1	1.0
2657	3959	1	1.0
2657	3989	1	1.0
2657	4012	1	1.0
2657	4049	1	1.0
2657	4522	1	1.0
2657	4604	1	1.0
2664	3379	1	1.0
2667	3726	1	1.0
2668	3094	1	1.0
2668	3379	1	1.0
2668	3495	1	1.0
2668	3556	1	1.0
2677	3620	1	1.0
2680	2700	1	1.0
2682	2715	1	1.0
2682	2745	1	1.0
2686	2687	1	1.0
2686	2699	1	1.0
2687	2700	1	1.0
2696	2752	1	1.0
2699	3160	1	1.0
2700	2712	1	1.0
2701	2735	1	1.0
2701	3379	1	1.0
2701	3437	1	1.0
2701	3757	1	1.0
2702	2703	1	1.0
2703	3222	1	1.0
2703	3396	1	1.0
2705	3172	1	1.0
2705	3698	1	1.0
2705	3709	1	1.0
2710	3718	1	1.0
2710	4196	1	1.0
2710	4378	1	1.0
2710	4553	1	1.0
2711	2713	1	1.0
2712	2976	1	1.0
2715	2745	1	1.0
2717	2792	1	1.0
2717	2999	1	1.0
2717	3755	1	1.0
2719	2780	1	1.0
2725	2726	1	1.0
2726	2757	1	1.0
2728	2762	1	1.0
2728	2976	1	1.0
2728	2774	0	1.0
2730	2750	1	1.0
2731	2981	1	1.0
2731	3243	1	1.0
2731	3255	1	1.0
2731	3331	1	1.0
2731	3344	1	1.0
2731	3372	1	1.0
2731	3575	1	1.0
2731	3719	1	1.0
2731	3910	1	1.0
2733	2813	1	1.0
2735	2741	0	1.0
2735	2742	0	1.0
2737	3446	1	1.0
2740	2869	1	1.0
2744	2802	1	1.0
2746	3634	1	1.0
2748	3033	1	1.0
2748	3437	1	1.0
2751	3632	0	1.0
2752	3349	1	1.0
2759	3030	1	1.0
2760	2768	0	1.0
2761	2957	1	1.0
2761	3220	1	1.0
2762	2815	1	1.0
2764	2963	1	1.0
2765	2815	1	1.0
2769	2976	1	1.0
2769	3165	1	1.0
2769	3305	1	1.0
2769	3434	1	1.0
2769	3460	1	1.0
2769	3512	1	1.0
2769	3703	1	1.0
2769	3876	1	1.0
2770	3902	1	1.0
2776	3033	1	1.0
2776	3398	1	1.0
2776	3987	1	1.0
2777	3663	1	1.0
2777	4496	1	1.0
2777	4548	0	1.0
2780	2791	0	1.0
2782	3831	1	1.0
2783	2956	1	1.0
2783	4183	1	1.0
2783	4289	1	1.0
2786	2972	1	1.0
2791	2842	0	1.0
2797	3117	1	1.0
2803	3437	1	1.0
2806	2807	1	1.0
2806	2809	1	1.0
2806	2849	1	1.0
2806	2850	1	1.0
2806	2941	1	1.0
2806	2961	1	1.0
2806	2965	1	1.0
2806	2973	1	1.0
2806	2975	1	1.0
2806	2983	1	1.0
2806	2988	1	1.0
2806	3013	1	1.0
2806	3025	1	1.0
2806	3029	1	1.0
2806	3065	1	1.0
2806	3094	1	1.0
2806	3100	1	1.0
2806	3146	1	1.0
2806	3150	1	1.0
2806	3157	1	1.0
2806	3160	1	1.0
2806	3165	1	1.0
2806	3170	1	1.0
2806	3210	1	1.0
2806	3222	1	1.0
2806	3379	1	1.0
2806	3387	1	1.0
2806	3403	1	1.0
2806	3437	1	1.0
2806	3448	1	1.0
2806	3624	1	1.0
2806	3632	1	1.0
2806	3649	1	1.0
2806	3654	1	1.0
2806	3663	1	1.0
2806	3693	1	1.0
2806	3698	1	1.0
2806	3718	1	1.0
2806	3772	1	1.0
2806	3812	1	1.0
2806	3853	1	1.0
2806	3884	1	1.0
2806	3921	1	1.0
2806	3928	1	1.0
2806	3970	1	1.0
2806	4000	1	1.0
2806	4006	1	1.0
2806	4016	1	1.0
2806	4024	1	1.0
2806	4196	1	1.0
2806	4301	1	1.0
2806	4535	1	1.0
2806	4541	1	1.0
2806	4553	1	1.0
2806	4588	1	1.0
2806	4629	1	1.0
2806	4768	1	1.0
2806	4769	1	1.0
2806	4773	1	1.0
2806	4023	0	1.0
2806	4467	0	1.0
2806	4618	0	1.0
2806	4628	0	1.0
2807	2809	1	1.0
2807	3025	1	1.0
2807	3109	1	1.0
2807	3222	1	1.0
2807	3273	1	1.0
2807	3437	1	1.0
2807	3448	1	1.0
2807	3624	1	1.0
2807	3657	1	1.0
2807	3698	1	1.0
2807	3853	1	1.0
2807	3864	1	1.0
2807	3890	1	1.0
2807	3899	1	1.0
2807	3928	1	1.0
2807	3940	1	1.0
2807	4016	1	1.0
2807	4190	1	1.0
2807	4196	1	1.0
2807	4333	1	1.0
2807	4392	1	1.0
2807	4419	1	1.0
2807	4481	1	1.0
2807	4496	1	1.0
2807	3636	0	1.0
2807	3881	0	1.0
2807	4037	0	1.0
2807	4113	0	1.0
2807	4158	0	1.0
2807	4159	0	1.0
2807	4162	0	1.0
2807	4255	0	1.0
2807	4335	0	1.0
2807	4469	0	1.0
2813	2956	1	1.0
2815	2900	1	1.0
2820	2963	1	1.0
2820	2976	1	1.0
2821	2905	1	1.0
2823	3309	1	1.0
2825	2872	1	1.0
2828	3379	1	1.0
2829	3146	1	1.0
2829	3379	1	1.0
2829	3620	1	1.0
2829	3885	1	1.0
2829	3912	1	1.0
2832	2871	1	1.0
2832	4402	0	1.0
2836	2879	1	1.0
2836	2880	1	1.0
2836	2881	1	1.0
2836	2882	1	1.0
2836	2883	1	1.0
2836	2884	1	1.0
2836	2885	1	1.0
2838	2965	1	1.0
2838	3065	1	1.0
2838	3146	1	1.0
2838	3153	1	1.0
2838	3234	1	1.0
2839	2960	1	1.0
2840	3698	1	1.0
2842	2847	1	1.0
2842	3029	1	1.0
2842	3100	1	1.0
2842	3160	1	1.0
2842	3222	1	1.0
2842	3379	1	1.0
2842	3437	1	1.0
2842	3448	1	1.0
2842	3493	1	1.0
2842	3494	1	1.0
2842	3556	1	1.0
2842	3625	1	1.0
2842	3682	1	1.0
2842	3698	1	1.0
2842	3718	1	1.0
2842	3821	1	1.0
2842	4208	1	1.0
2842	4238	1	1.0
2842	4296	1	1.0
2842	4378	1	1.0
2842	4449	1	1.0
2842	4463	1	1.0
2842	4465	1	1.0
2842	4496	1	1.0
2842	4514	1	1.0
2842	4523	1	1.0
2843	2849	1	1.0
2843	3458	1	1.0
2847	3146	1	1.0
2847	3160	1	1.0
2847	3222	1	1.0
2847	3379	1	1.0
2847	3456	1	1.0
2847	3620	1	1.0
2847	3718	1	1.0
2847	3757	1	1.0
2847	3853	1	1.0
2847	3884	1	1.0
2847	4391	1	1.0
2847	4449	1	1.0
2847	4455	1	1.0
2847	4767	1	1.0
2849	2850	1	1.0
2850	2851	1	1.0
2851	3109	1	1.0
2852	2857	1	1.0
2852	2860	1	1.0
2852	3055	1	1.0
2852	3240	1	1.0
2852	3318	1	1.0
2854	2960	1	1.0
2856	2857	1	1.0
2857	3310	1	1.0
2857	3376	1	1.0
2858	2973	1	1.0
2860	2868	1	1.0
2860	3099	1	1.0
2860	3267	1	1.0
2860	3376	1	1.0
2860	3522	1	1.0
2861	3656	1	1.0
2861	3853	1	1.0
2861	3902	1	1.0
2862	3379	1	1.0
2864	2976	1	1.0
2864	3885	1	1.0
2867	3379	1	1.0
2868	3148	1	1.0
2868	3295	1	1.0
2868	3331	1	1.0
2869	2945	1	1.0
2874	2906	1	1.0
2874	2963	1	1.0
2874	3007	1	1.0
2874	3029	1	1.0
2874	3394	1	1.0
2874	3395	1	1.0
2875	2924	1	1.0
2876	2899	1	1.0
2876	3356	1	1.0
2879	2880	1	1.0
2880	2881	1	1.0
2880	2883	1	1.0
2880	2884	1	1.0
2880	2885	1	1.0
2880	2888	1	1.0
2880	2889	1	1.0
2880	2890	1	1.0
2880	2891	1	1.0
2880	2892	1	1.0
2880	2893	1	1.0
2880	2895	1	1.0
2880	2896	1	1.0
2880	3176	0	1.0
2883	2888	1	1.0
2883	2889	1	1.0
2883	2890	1	1.0
2883	2891	1	1.0
2883	2892	1	1.0
2887	3268	1	1.0
2887	3331	1	1.0
2888	2889	1	1.0
2891	2893	1	1.0
2891	2895	1	1.0
2891	2896	1	1.0
2897	2943	1	1.0
2897	2944	1	1.0
2897	2952	1	1.0
2897	3026	1	1.0
2897	3094	1	1.0
2897	3133	1	1.0
2897	3221	1	1.0
2897	3226	1	1.0
2898	2902	1	1.0
2899	2906	1	1.0
2899	3379	1	1.0
2903	2913	1	1.0
2903	2926	1	1.0
2903	2934	1	1.0
2903	2942	1	1.0
2903	3085	1	1.0
2903	3109	1	1.0
2903	3315	1	1.0
2903	3398	1	1.0
2903	3432	1	1.0
2903	3486	1	1.0
2903	3490	1	1.0
2903	3509	1	1.0
2903	3557	1	1.0
2903	3576	1	1.0
2903	3592	1	1.0
2903	3600	1	1.0
2903	3656	1	1.0
2903	3657	1	1.0
2903	3663	1	1.0
2903	3666	1	1.0
2903	3683	1	1.0
2903	3685	1	1.0
2903	3714	1	1.0
2903	3715	1	1.0
2903	3758	1	1.0
2905	3379	1	1.0
2905	4449	1	1.0
2905	4496	1	1.0
2905	4505	1	1.0
2905	4525	1	1.0
2906	2976	1	1.0
2906	3297	1	1.0
2908	2914	1	1.0
2913	3240	1	1.0
2914	2915	1	1.0
2916	3275	1	1.0
2916	3544	1	1.0
2916	3547	1	1.0
2922	2968	1	1.0
2922	2976	1	1.0
2922	2999	1	1.0
2922	3094	1	1.0
2922	3396	1	1.0
2930	4539	1	1.0
2931	3109	1	1.0
2931	3146	1	1.0
2931	3379	1	1.0
2932	3215	1	1.0
2932	3246	1	1.0
2932	3601	1	1.0
2932	3709	1	1.0
2938	3055	1	1.0
2938	3230	1	1.0
2939	3379	1	1.0
2939	3493	1	1.0
2939	3527	1	1.0
2939	3631	1	1.0
2941	3002	1	1.0
2946	3033	1	1.0
2952	3029	1	1.0
2952	3082	1	1.0
2952	3617	1	1.0
2959	3029	1	1.0
2959	3100	1	1.0
2959	3172	1	1.0
2959	3334	1	1.0
2960	3158	1	1.0
2960	3288	1	1.0
2960	3296	1	1.0
2960	3448	1	1.0
2960	3958	1	1.0
2961	2974	1	1.0
2961	3065	1	1.0
2963	2964	1	1.0
2963	2979	1	1.0
2963	3007	1	1.0
2963	3025	1	1.0
2963	3029	1	1.0
2963	3042	1	1.0
2963	3058	1	1.0
2963	3080	1	1.0
2963	3087	1	1.0
2963	3100	1	1.0
2963	3116	1	1.0
2963	3117	1	1.0
2963	3119	1	1.0
2963	3201	0	1.0
2965	3029	1	1.0
2965	3112	1	1.0
2965	3379	1	1.0
2965	3698	1	1.0
2965	4496	1	1.0
2968	3172	1	1.0
2968	3309	1	1.0
2968	3379	1	1.0
2968	3437	1	1.0
2969	2976	1	1.0
2972	2978	0	1.0
2973	3019	1	1.0
2973	3027	1	1.0
2973	3051	1	1.0
2973	3085	1	1.0
2976	2980	1	1.0
2976	2988	1	1.0
2976	2990	1	1.0
2976	2991	1	1.0
2976	2997	1	1.0
2976	3007	1	1.0
2976	3008	1	1.0
2976	3009	1	1.0
2976	3032	1	1.0
2976	3033	1	1.0
2976	3045	1	1.0
2976	3048	1	1.0
2976	3088	1	1.0
2976	3109	1	1.0
2976	3185	1	1.0
2976	3212	1	1.0
2976	3284	1	1.0
2981	3231	1	1.0
2986	3165	1	1.0
2987	3379	1	1.0
2987	3437	1	1.0
2988	2999	1	1.0
2988	3117	1	1.0
2988	3157	1	1.0
2988	3160	1	1.0
2988	3222	1	1.0
2988	3236	1	1.0
2988	3379	1	1.0
2988	3418	1	1.0
2988	3437	1	1.0
2988	3624	1	1.0
2988	3853	1	1.0
2988	4016	1	1.0
2988	4173	1	1.0
2997	3165	1	1.0
2997	3437	1	1.0
2998	3379	1	1.0
2999	3029	1	1.0
2999	3033	1	1.0
2999	3084	1	1.0
2999	3260	1	1.0
2999	4423	1	1.0
2999	3184	0	1.0
3001	3437	1	1.0
3001	3653	0	1.0
3007	3029	1	1.0
3007	3100	1	1.0
3007	3160	1	1.0
3007	3172	1	1.0
3007	3196	1	1.0
3007	3379	1	1.0
3007	3401	1	1.0
3007	3425	1	1.0
3007	3438	1	1.0
3007	3449	1	1.0
3007	3456	1	1.0
3007	3471	1	1.0
3007	3477	1	1.0
3007	3488	1	1.0
3007	3491	1	1.0
3007	3495	1	1.0
3007	3503	1	1.0
3007	3538	1	1.0
3007	3556	1	1.0
3007	3566	1	1.0
3007	3637	1	1.0
3007	3798	1	1.0
3007	3947	1	1.0
3008	3431	1	1.0
3010	3131	1	1.0
3010	3377	1	1.0
3010	3379	1	1.0
3010	3656	1	1.0
3010	3757	1	1.0
3010	3928	1	1.0
3010	4120	1	1.0
3010	4144	1	1.0
3010	4298	1	1.0
3010	4336	1	1.0
3010	4369	1	1.0
3010	4370	1	1.0
3010	4404	1	1.0
3010	4405	1	1.0
3010	4412	1	1.0
3010	4423	1	1.0
3010	4424	1	1.0
3010	4425	1	1.0
3010	4458	1	1.0
3010	4464	1	1.0
3010	4470	1	1.0
3010	4503	1	1.0
3010	4504	1	1.0
3010	4533	1	1.0
3010	4553	1	1.0
3010	4557	1	1.0
3010	4611	1	1.0
3010	4633	1	1.0
3010	4634	1	1.0
3010	4635	1	1.0
3010	4681	1	1.0
3014	3020	1	1.0
3014	3029	1	1.0
3014	3222	1	1.0
3014	3233	1	1.0
3014	3304	1	1.0
3014	3299	0	1.0
3017	4039	1	1.0
3017	4054	0	1.0
3020	3364	1	1.0
3021	3029	1	1.0
3021	3082	1	1.0
3021	3100	1	1.0
3021	3195	1	1.0
3021	3211	1	1.0
3021	3236	1	1.0
3021	3518	1	1.0
3022	3100	1	1.0
3022	3437	1	1.0
3022	3457	1	1.0
3022	3632	1	1.0
3022	3709	1	1.0
3022	3923	1	1.0
3022	4048	1	1.0
3022	4248	1	1.0
3023	3448	1	1.0
3025	3100	1	1.0
3025	3160	1	1.0
3025	3437	1	1.0
3025	3556	1	1.0
3025	3757	1	1.0
3025	3966	1	1.0
3025	3984	1	1.0
3025	4236	1	1.0
3025	4261	1	1.0
3025	4333	1	1.0
3025	4345	1	1.0
3025	4379	1	1.0
3025	4713	1	1.0
3027	3028	1	1.0
3029	3033	1	1.0
3029	3056	1	1.0
3029	3063	1	1.0
3029	3082	1	1.0
3029	3094	1	1.0
3029	3100	1	1.0
3029	3101	1	1.0
3029	3108	1	1.0
3029	3112	1	1.0
3029	3119	1	1.0
3029	3121	1	1.0
3029	3122	1	1.0
3029	3134	1	1.0
3029	3135	1	1.0
3029	3149	1	1.0
3029	3151	1	1.0
3029	3157	1	1.0
3029	3160	1	1.0
3029	3172	1	1.0
3029	3176	1	1.0
3029	3178	1	1.0
3029	3180	1	1.0
3029	3183	1	1.0
3029	3193	1	1.0
3029	3202	1	1.0
3029	3210	1	1.0
3029	3215	1	1.0
3029	3222	1	1.0
3029	3226	1	1.0
3029	3247	1	1.0
3029	3251	1	1.0
3029	3252	1	1.0
3029	3253	1	1.0
3029	3254	1	1.0
3029	3255	1	1.0
3029	3256	1	1.0
3029	3259	1	1.0
3029	3261	1	1.0
3029	3270	1	1.0
3029	3303	1	1.0
3029	3304	1	1.0
3029	3306	1	1.0
3029	3308	1	1.0
3029	3309	1	1.0
3029	3312	1	1.0
3029	3313	1	1.0
3029	3324	1	1.0
3029	3326	1	1.0
3029	3334	1	1.0
3029	3348	1	1.0
3029	3349	1	1.0
3029	3356	1	1.0
3029	3358	1	1.0
3029	3359	1	1.0
3029	3360	1	1.0
3029	3369	1	1.0
3029	3370	1	1.0
3029	3380	1	1.0
3029	3381	1	1.0
3029	3382	1	1.0
3029	3383	1	1.0
3029	3387	1	1.0
3029	3388	1	1.0
3029	3389	1	1.0
3029	3392	1	1.0
3029	3402	1	1.0
3029	3403	1	1.0
3029	3413	1	1.0
3029	3931	1	1.0
3030	3065	1	1.0
3032	3038	1	1.0
3032	3160	1	1.0
3032	3172	1	1.0
3032	3437	1	1.0
3032	3518	1	1.0
3032	3656	1	1.0
3032	3885	1	1.0
3033	3056	1	1.0
3033	3084	1	1.0
3033	3100	1	1.0
3033	3121	1	1.0
3033	3142	1	1.0
3034	3046	1	1.0
3038	3039	1	1.0
3040	3041	1	1.0
3040	3059	1	1.0
3040	3065	1	1.0
3040	3203	1	1.0
3043	3379	1	1.0
3043	3387	1	1.0
3043	3571	1	1.0
3043	3594	1	1.0
3043	4002	1	1.0
3043	4029	1	1.0
3043	4348	1	1.0
3043	4083	0	1.0
3049	3050	1	1.0
3049	3052	1	1.0
3049	3053	1	1.0
3049	3069	0	1.0
3049	3070	0	1.0
3049	3071	0	1.0
3049	3072	0	1.0
3049	3073	0	1.0
3049	3074	0	1.0
3049	3075	0	1.0
3049	3076	0	1.0
3049	3077	0	1.0
3049	3078	0	1.0
3050	3052	1	1.0
3050	3053	1	1.0
3050	3069	0	1.0
3050	3070	0	1.0
3050	3071	0	1.0
3050	3072	0	1.0
3050	3073	0	1.0
3050	3074	0	1.0
3050	3075	0	1.0
3050	3076	0	1.0
3050	3077	0	1.0
3050	3078	0	1.0
3052	3053	1	1.0
3052	3069	0	1.0
3052	3070	0	1.0
3052	3071	0	1.0
3052	3072	0	1.0
3052	3073	0	1.0
3052	3074	0	1.0
3052	3075	0	1.0
3052	3076	0	1.0
3052	3077	0	1.0
3052	3078	0	1.0
3053	3069	0	1.0
3053	3070	0	1.0
3053	3071	0	1.0
3053	3072	0	1.0
3053	3073	0	1.0
3053	3074	0	1.0
3053	3075	0	1.0
3053	3076	0	1.0
3053	3077	0	1.0
3053	3078	0	1.0
3054	3151	1	1.0
3056	3102	1	1.0
3056	3234	1	1.0
3056	3607	1	1.0
3057	3353	1	1.0
3059	3067	1	1.0
3065	3066	1	1.0
3065	3067	1	1.0
3065	3100	1	1.0
3065	3118	1	1.0
3065	3119	1	1.0
3065	3170	1	1.0
3065	3222	1	1.0
3065	3339	1	1.0
3065	3340	1	1.0
3065	3437	1	1.0
3065	3556	1	1.0
3065	3853	1	1.0
3065	4463	1	1.0
3065	4746	1	1.0
3067	3090	1	1.0
3069	3727	0	1.0
3069	3732	0	1.0
3069	3736	0	1.0
3069	3738	0	1.0
3069	3739	0	1.0
3069	3742	0	1.0
3069	3743	0	1.0
3069	3744	0	1.0
3069	3745	0	1.0
3069	3746	0	1.0
3069	3747	0	1.0
3069	3748	0	1.0
3069	3749	0	1.0
3069	3750	0	1.0
3069	3752	0	1.0
3069	3753	0	1.0
3069	3763	0	1.0
3069	3769	0	1.0
3069	3777	0	1.0
3069	3785	0	1.0
3069	3786	0	1.0
3069	3788	0	1.0
3070	3727	0	1.0
3070	3732	0	1.0
3070	3736	0	1.0
3070	3738	0	1.0
3070	3739	0	1.0
3070	3742	0	1.0
3070	3743	0	1.0
3070	3744	0	1.0
3070	3745	0	1.0
3070	3746	0	1.0
3070	3747	0	1.0
3070	3748	0	1.0
3070	3749	0	1.0
3070	3750	0	1.0
3070	3752	0	1.0
3070	3753	0	1.0
3070	3763	0	1.0
3070	3777	0	1.0
3070	3785	0	1.0
3070	3786	0	1.0
3070	3788	0	1.0
3071	3727	0	1.0
3071	3732	0	1.0
3071	3736	0	1.0
3071	3738	0	1.0
3071	3739	0	1.0
3071	3741	0	1.0
3071	3742	0	1.0
3071	3743	0	1.0
3071	3744	0	1.0
3071	3745	0	1.0
3071	3746	0	1.0
3071	3747	0	1.0
3071	3748	0	1.0
3071	3749	0	1.0
3071	3750	0	1.0
3071	3752	0	1.0
3071	3753	0	1.0
3071	3763	0	1.0
3071	3769	0	1.0
3071	3777	0	1.0
3071	3786	0	1.0
3071	3788	0	1.0
3072	3727	0	1.0
3072	3732	0	1.0
3072	3733	0	1.0
3072	3734	0	1.0
3072	3736	0	1.0
3072	3738	0	1.0
3072	3739	0	1.0
3072	3741	0	1.0
3072	3742	0	1.0
3072	3743	0	1.0
3072	3744	0	1.0
3072	3745	0	1.0
3072	3746	0	1.0
3072	3747	0	1.0
3072	3748	0	1.0
3072	3749	0	1.0
3072	3750	0	1.0
3072	3752	0	1.0
3072	3753	0	1.0
3072	3763	0	1.0
3072	3769	0	1.0
3072	3777	0	1.0
3072	3785	0	1.0
3072	3786	0	1.0
3072	3788	0	1.0
3073	3727	0	1.0
3073	3732	0	1.0
3073	3733	0	1.0
3073	3734	0	1.0
3073	3736	0	1.0
3073	3738	0	1.0
3073	3739	0	1.0
3073	3741	0	1.0
3073	3742	0	1.0
3073	3743	0	1.0
3073	3744	0	1.0
3073	3745	0	1.0
3073	3746	0	1.0
3073	3747	0	1.0
3073	3748	0	1.0
3073	3749	0	1.0
3073	3750	0	1.0
3073	3752	0	1.0
3073	3753	0	1.0
3073	3763	0	1.0
3073	3769	0	1.0
3073	3777	0	1.0
3073	3785	0	1.0
3073	3786	0	1.0
3073	3788	0	1.0
3074	3727	0	1.0
3074	3732	0	1.0
3074	3733	0	1.0
3074	3734	0	1.0
3074	3736	0	1.0
3074	3738	0	1.0
3074	3739	0	1.0
3074	3741	0	1.0
3074	3742	0	1.0
3074	3743	0	1.0
3074	3744	0	1.0
3074	3745	0	1.0
3074	3746	0	1.0
3074	3747	0	1.0
3074	3748	0	1.0
3074	3749	0	1.0
3074	3750	0	1.0
3074	3752	0	1.0
3074	3753	0	1.0
3074	3763	0	1.0
3074	3769	0	1.0
3074	3777	0	1.0
3074	3785	0	1.0
3074	3786	0	1.0
3074	3788	0	1.0
3075	3727	0	1.0
3075	3732	0	1.0
3075	3733	0	1.0
3075	3734	0	1.0
3075	3736	0	1.0
3075	3738	0	1.0
3075	3739	0	1.0
3075	3741	0	1.0
3075	3742	0	1.0
3075	3743	0	1.0
3075	3744	0	1.0
3075	3745	0	1.0
3075	3746	0	1.0
3075	3747	0	1.0
3075	3748	0	1.0
3075	3749	0	1.0
3075	3750	0	1.0
3075	3752	0	1.0
3075	3753	0	1.0
3075	3763	0	1.0
3075	3769	0	1.0
3075	3777	0	1.0
3075	3785	0	1.0
3075	3786	0	1.0
3075	3788	0	1.0
3076	3727	0	1.0
3076	3732	0	1.0
3076	3733	0	1.0
3076	3734	0	1.0
3076	3736	0	1.0
3076	3738	0	1.0
3076	3739	0	1.0
3076	3741	0	1.0
3076	3742	0	1.0
3076	3743	0	1.0
3076	3744	0	1.0
3076	3745	0	1.0
3076	3746	0	1.0
3076	3747	0	1.0
3076	3748	0	1.0
3076	3749	0	1.0
3076	3750	0	1.0
3076	3752	0	1.0
3076	3753	0	1.0
3076	3763	0	1.0
3076	3769	0	1.0
3076	3777	0	1.0
3076	3785	0	1.0
3076	3786	0	1.0
3076	3788	0	1.0
3077	3727	0	1.0
3077	3732	0	1.0
3077	3733	0	1.0
3077	3734	0	1.0
3077	3736	0	1.0
3077	3738	0	1.0
3077	3739	0	1.0
3077	3741	0	1.0
3077	3742	0	1.0
3077	3743	0	1.0
3077	3744	0	1.0
3077	3745	0	1.0
3077	3746	0	1.0
3077	3747	0	1.0
3077	3748	0	1.0
3077	3749	0	1.0
3077	3750	0	1.0
3077	3752	0	1.0
3077	3753	0	1.0
3077	3763	0	1.0
3077	3769	0	1.0
3077	3777	0	1.0
3077	3785	0	1.0
3077	3786	0	1.0
3077	3788	0	1.0
3078	3618	1	1.0
3078	3727	0	1.0
3078	3732	0	1.0
3078	3733	0	1.0
3078	3734	0	1.0
3078	3736	0	1.0
3078	3738	0	1.0
3078	3739	0	1.0
3078	3741	0	1.0
3078	3742	0	1.0
3078	3743	0	1.0
3078	3744	0	1.0
3078	3745	0	1.0
3078	3746	0	1.0
3078	3747	0	1.0
3078	3748	0	1.0
3078	3749	0	1.0
3078	3750	0	1.0
3078	3752	0	1.0
3078	3753	0	1.0
3078	3763	0	1.0
3078	3769	0	1.0
3078	3777	0	1.0
3078	3785	0	1.0
3078	3786	0	1.0
3078	3788	0	1.0
3080	3870	1	1.0
3085	3094	1	1.0
3090	3191	1	1.0
3090	3379	1	1.0
3090	3437	1	1.0
3092	3408	1	1.0
3092	3457	1	1.0
3092	3518	1	1.0
3093	3656	1	1.0
3094	3100	1	1.0
3094	3176	1	1.0
3094	3437	1	1.0
3094	3442	1	1.0
3094	3477	1	1.0
3099	3276	1	1.0
3099	3319	1	1.0
3099	3320	1	1.0
3099	3367	1	1.0
3100	3105	1	1.0
3100	3109	1	1.0
3100	3110	1	1.0
3100	3118	1	1.0
3100	3121	1	1.0
3100	3125	1	1.0
3100	3131	1	1.0
3100	3144	1	1.0
3100	3160	1	1.0
3100	3191	1	1.0
3100	3222	1	1.0
3100	3226	1	1.0
3100	3257	1	1.0
3100	3282	1	1.0
3100	3327	1	1.0
3100	3369	1	1.0
3100	3373	1	1.0
3100	3379	1	1.0
3100	3384	1	1.0
3100	3425	1	1.0
3100	3437	1	1.0
3100	3462	1	1.0
3100	3493	1	1.0
3100	3509	1	1.0
3100	3538	1	1.0
3100	3567	1	1.0
3100	3610	1	1.0
3100	3624	1	1.0
3100	3632	1	1.0
3100	3649	1	1.0
3100	3698	1	1.0
3100	3718	1	1.0
3100	3757	1	1.0
3100	3796	1	1.0
3100	3879	1	1.0
3100	3940	1	1.0
3100	4090	1	1.0
3100	4301	1	1.0
3100	4403	1	1.0
3100	4445	1	1.0
3100	4449	1	1.0
3100	4463	1	1.0
3100	4482	1	1.0
3100	4485	1	1.0
3100	4493	1	1.0
3100	4496	1	1.0
3100	4507	1	1.0
3100	4510	1	1.0
3100	4513	1	1.0
3100	4535	1	1.0
3100	4538	1	1.0
3100	4554	1	1.0
3100	4605	1	1.0
3100	4609	1	1.0
3100	4650	1	1.0
3100	4688	1	1.0
3100	4709	1	1.0
3100	4469	0	1.0
3101	3418	1	1.0
3101	3495	1	1.0
3109	3110	1	1.0
3109	3111	1	1.0
3109	3121	1	1.0
3109	3160	1	1.0
3109	3172	1	1.0
3109	3192	1	1.0
3109	3210	1	1.0
3109	3222	1	1.0
3109	3315	1	1.0
3109	3356	1	1.0
3109	3379	1	1.0
3109	3387	1	1.0
3109	3403	1	1.0
3109	3416	1	1.0
3109	3424	1	1.0
3109	3431	1	1.0
3109	3445	1	1.0
3109	3447	1	1.0
3109	3462	1	1.0
3109	3478	1	1.0
3109	3484	1	1.0
3109	3505	1	1.0
3109	3556	1	1.0
3109	3557	1	1.0
3109	3709	1	1.0
3109	3853	1	1.0
3109	4070	1	1.0
3109	4090	1	1.0
3109	4246	1	1.0
3109	4482	1	1.0
3111	3193	1	1.0
3112	3709	1	1.0
3112	4073	1	1.0
3113	3115	1	1.0
3114	3199	1	1.0
3115	3187	1	1.0
3117	3126	1	1.0
3117	3390	1	1.0
3117	3535	1	1.0
3117	3614	1	1.0
3117	3709	1	1.0
3117	3710	1	1.0
3117	3811	1	1.0
3117	3836	1	1.0
3117	3869	1	1.0
3117	4016	1	1.0
3117	4306	1	1.0
3118	3120	1	1.0
3118	3566	1	1.0
3119	3121	1	1.0
3121	3157	1	1.0
3121	3166	1	1.0
3121	3331	1	1.0
3121	3403	1	1.0
3121	3698	1	1.0
3125	3727	0	1.0
3125	3732	0	1.0
3125	3738	0	1.0
3131	3165	1	1.0
3131	3180	1	1.0
3131	3457	1	1.0
3131	4585	1	1.0
3131	4680	1	1.0
3136	3147	1	1.0
3136	3446	1	1.0
3139	3140	1	1.0
3140	3331	1	1.0
3140	3446	1	1.0
3142	3437	1	1.0
3144	3379	1	1.0
3146	3170	1	1.0
3146	3173	1	1.0
3146	3198	1	1.0
3146	3217	1	1.0
3146	3219	1	1.0
3146	3222	1	1.0
3146	3437	1	1.0
3146	3493	1	1.0
3146	3556	1	1.0
3146	3625	1	1.0
3146	3656	1	1.0
3146	3687	1	1.0
3146	3884	1	1.0
3146	3928	1	1.0
3146	4107	1	1.0
3146	4250	1	1.0
3146	4370	1	1.0
3146	4405	1	1.0
3146	4423	1	1.0
3146	4424	1	1.0
3146	4425	1	1.0
3146	4431	1	1.0
3146	4432	1	1.0
3146	4433	1	1.0
3146	4435	1	1.0
3146	4437	1	1.0
3146	4443	1	1.0
3146	4458	1	1.0
3146	4464	1	1.0
3146	4466	1	1.0
3146	4496	1	1.0
3146	4499	1	1.0
3146	4536	1	1.0
3146	4623	1	1.0
3146	4680	1	1.0
3146	4708	1	1.0
3146	4711	1	1.0
3146	4783	1	1.0
3148	3171	1	1.0
3148	3230	1	1.0
3148	3240	1	1.0
3148	3241	1	1.0
3148	3310	1	1.0
3148	3313	1	1.0
3148	3331	1	1.0
3148	3376	1	1.0
3148	3429	1	1.0
3148	3627	1	1.0
3148	3804	1	1.0
3148	3814	1	1.0
3148	3989	1	1.0
3148	3990	1	1.0
3148	3992	1	1.0
3148	4003	1	1.0
3148	4024	1	1.0
3148	4057	1	1.0
3148	4087	1	1.0
3148	4126	1	1.0
3148	4183	1	1.0
3148	4220	1	1.0
3151	3223	1	1.0
3152	3178	1	1.0
3152	3206	1	1.0
3156	3235	1	1.0
3156	3656	1	1.0
3156	3663	1	1.0
3156	3885	1	1.0
3156	3902	1	1.0
3156	3940	1	1.0
3157	3215	1	1.0
3157	3303	1	1.0
3157	3329	1	1.0
3157	3490	1	1.0
3157	3509	1	1.0
3157	3514	1	1.0
3157	3520	1	1.0
3157	3521	1	1.0
3157	3541	1	1.0
3157	3564	1	1.0
3157	3600	1	1.0
3157	3213	0	1.0
3158	4425	1	1.0
3160	3205	1	1.0
3160	3222	1	1.0
3160	3309	1	1.0
3160	3316	1	1.0
3160	3321	1	1.0
3160	3379	1	1.0
3160	3387	1	1.0
3160	3390	1	1.0
3160	3431	1	1.0
3160	3437	1	1.0
3160	3462	1	1.0
3160	3471	1	1.0
3160	3475	1	1.0
3160	3490	1	1.0
3160	3500	1	1.0
3160	3509	1	1.0
3160	3536	1	1.0
3160	3537	1	1.0
3160	3541	1	1.0
3160	3545	1	1.0
3160	3556	1	1.0
3160	3557	1	1.0
3160	3567	1	1.0
3160	3610	1	1.0
3160	3624	1	1.0
3160	3649	1	1.0
3160	3659	1	1.0
3160	3669	1	1.0
3160	3672	1	1.0
3160	3685	1	1.0
3160	3707	1	1.0
3160	3709	1	1.0
3160	3756	1	1.0
3160	3757	1	1.0
3160	3761	1	1.0
3160	3772	1	1.0
3160	3798	1	1.0
3160	3812	1	1.0
3160	3861	1	1.0
3160	3885	1	1.0
3160	3891	1	1.0
3160	3896	1	1.0
3160	3945	1	1.0
3160	4006	1	1.0
3160	4096	1	1.0
3160	4210	1	1.0
3160	4233	1	1.0
3160	4246	1	1.0
3160	4256	1	1.0
3160	4378	1	1.0
3160	4459	1	1.0
3160	4464	1	1.0
3160	4496	1	1.0
3160	3727	0	1.0
3160	3732	0	1.0
3160	3733	0	1.0
3160	3734	0	1.0
3160	3736	0	1.0
3160	3738	0	1.0
3160	3739	0	1.0
3160	3741	0	1.0
3160	3742	0	1.0
3160	3744	0	1.0
3160	3745	0	1.0
3160	3746	0	1.0
3160	3747	0	1.0
3160	3748	0	1.0
3160	3749	0	1.0
3160	3750	0	1.0
3160	3752	0	1.0
3160	3753	0	1.0
3160	3763	0	1.0
3160	3769	0	1.0
3160	3777	0	1.0
3160	3785	0	1.0
3160	3786	0	1.0
3160	3789	0	1.0
3160	3881	0	1.0
3161	3364	1	1.0
3161	3612	1	1.0
3162	3163	1	1.0
3164	3792	1	1.0
3164	3814	1	1.0
3165	3340	1	1.0
3165	3361	1	1.0
3165	3379	1	1.0
3165	3403	1	1.0
3165	3853	1	1.0
3165	4139	1	1.0
3165	4178	1	1.0
3165	3184	0	1.0
3170	3222	1	1.0
3170	3718	1	1.0
3170	3853	1	1.0
3171	3330	1	1.0
3172	3248	1	1.0
3172	3304	1	1.0
3172	3327	1	1.0
3172	3349	1	1.0
3172	3359	1	1.0
3172	3369	1	1.0
3172	3390	1	1.0
3172	3393	1	1.0
3172	3396	1	1.0
3172	3418	1	1.0
3172	3419	1	1.0
3172	3422	1	1.0
3172	3426	1	1.0
3172	3465	1	1.0
3172	3477	1	1.0
3172	3493	1	1.0
3172	3495	1	1.0
3172	3500	1	1.0
3172	3502	1	1.0
3172	3509	1	1.0
3172	3517	1	1.0
3172	3539	1	1.0
3172	3540	1	1.0
3172	3624	1	1.0
3172	3668	1	1.0
3172	3709	1	1.0
3172	3712	1	1.0
3172	4591	1	1.0
3172	3526	0	1.0
3173	3210	1	1.0
3173	3217	1	1.0
3175	3230	1	1.0
3176	3379	1	1.0
3176	3402	1	1.0
3176	3568	1	1.0
3177	3757	1	1.0
3179	3324	1	1.0
3180	3232	1	1.0
3181	4306	1	1.0
3181	4345	1	1.0
3181	4348	1	1.0
3183	3191	1	1.0
3183	3258	1	1.0
3187	3295	1	1.0
3187	3634	1	1.0
3191	3206	1	1.0
3191	3209	1	1.0
3191	3304	1	1.0
3191	3379	1	1.0
3191	3213	0	1.0
3192	3193	1	1.0
3192	3432	1	1.0
3193	3194	1	1.0
3193	3210	1	1.0
3193	3222	1	1.0
3193	3377	1	1.0
3193	4384	1	1.0
3197	3231	1	1.0
3197	3288	1	1.0
3197	3313	1	1.0
3197	3418	1	1.0
3197	3628	1	1.0
3197	4522	1	1.0
3198	3218	1	1.0
3198	3220	1	1.0
3198	3222	1	1.0
3204	3230	1	1.0
3207	3222	1	1.0
3207	4029	1	1.0
3207	4226	1	1.0
3210	3237	1	1.0
3210	3369	1	1.0
3210	3379	1	1.0
3210	3656	1	1.0
3210	3709	1	1.0
3210	3885	1	1.0
3210	3943	1	1.0
3210	4006	1	1.0
3210	4650	1	1.0
3219	3234	1	1.0
3222	3233	1	1.0
3222	3282	1	1.0
3222	3304	1	1.0
3222	3316	1	1.0
3222	3321	1	1.0
3222	3325	1	1.0
3222	3326	1	1.0
3222	3329	1	1.0
3222	3333	1	1.0
3222	3337	1	1.0
3222	3349	1	1.0
3222	3371	1	1.0
3222	3377	1	1.0
3222	3406	1	1.0
3222	3437	1	1.0
3222	3448	1	1.0
3222	3493	1	1.0
3222	3509	1	1.0
3222	3556	1	1.0
3222	3610	1	1.0
3222	3624	1	1.0
3222	3649	1	1.0
3222	3656	1	1.0
3222	3659	1	1.0
3222	3698	1	1.0
3222	3718	1	1.0
3222	3757	1	1.0
3222	3776	1	1.0
3222	3821	1	1.0
3222	3865	1	1.0
3222	3884	1	1.0
3222	3894	1	1.0
3222	3925	1	1.0
3222	4118	1	1.0
3222	4139	1	1.0
3222	4173	1	1.0
3222	4186	1	1.0
3222	4196	1	1.0
3222	4206	1	1.0
3222	4208	1	1.0
3222	4210	1	1.0
3222	4229	1	1.0
3222	4233	1	1.0
3222	4257	1	1.0
3222	4258	1	1.0
3222	4266	1	1.0
3222	4289	1	1.0
3222	4295	1	1.0
3222	4301	1	1.0
3222	4321	1	1.0
3222	4332	1	1.0
3222	4334	1	1.0
3222	4337	1	1.0
3222	4346	1	1.0
3222	4357	1	1.0
3222	4365	1	1.0
3222	4367	1	1.0
3222	4376	1	1.0
3222	4383	1	1.0
3222	4385	1	1.0
3222	4386	1	1.0
3222	4389	1	1.0
3222	4391	1	1.0
3222	4424	1	1.0
3222	4449	1	1.0
3222	4496	1	1.0
3222	4511	1	1.0
3222	4514	1	1.0
3222	4541	1	1.0
3222	4544	1	1.0
3222	4558	1	1.0
3222	4563	1	1.0
3222	4565	1	1.0
3222	4605	1	1.0
3222	4610	1	1.0
3222	4640	1	1.0
3222	4641	1	1.0
3222	4665	1	1.0
3222	4251	0	1.0
3222	4290	0	1.0
3222	4371	0	1.0
3222	4387	0	1.0
3222	4388	0	1.0
3222	4397	0	1.0
3222	4516	0	1.0
3222	4517	0	1.0
3222	4575	0	1.0
3222	4576	0	1.0
3222	4577	0	1.0
3222	4578	0	1.0
3222	4579	0	1.0
3222	4583	0	1.0
3222	4606	0	1.0
3228	3245	1	1.0
3228	3280	1	1.0
3230	3231	1	1.0
3230	3238	1	1.0
3230	3241	1	1.0
3230	3242	1	1.0
3230	3243	1	1.0
3230	3355	1	1.0
3231	3241	1	1.0
3234	3244	1	1.0
3235	3403	1	1.0
3240	3241	1	1.0
3240	3250	1	1.0
3241	3331	1	1.0
3241	3500	1	1.0
3241	3514	1	1.0
3267	3293	1	1.0
3267	3294	1	1.0
3268	3276	1	1.0
3268	3277	1	1.0
3269	4177	0	1.0
3270	3290	0	1.0
3275	3342	1	1.0
3287	3398	1	1.0
3287	3400	1	1.0
3287	3403	1	1.0
3288	3331	1	1.0
3291	3368	1	1.0
3295	3347	1	1.0
3295	3352	1	1.0
3296	3331	1	1.0
3296	3347	1	1.0
3296	3418	1	1.0
3296	3441	1	1.0
3296	3467	1	1.0
3304	3305	1	1.0
3304	3379	1	1.0
3304	3437	1	1.0
3304	3709	1	1.0
3304	3718	1	1.0
3304	4058	1	1.0
3304	4059	1	1.0
3304	4061	1	1.0
3305	3411	1	1.0
3305	3876	1	1.0
3308	3379	1	1.0
3309	3431	1	1.0
3309	3532	1	1.0
3309	3556	1	1.0
3309	3928	1	1.0
3309	4060	1	1.0
3310	3311	1	1.0
3310	3318	1	1.0
3310	3352	1	1.0
3310	3523	1	1.0
3310	3577	1	1.0
3310	3578	1	1.0
3310	3579	1	1.0
3310	3580	1	1.0
3310	3581	1	1.0
3310	3582	1	1.0
3310	3583	1	1.0
3310	3584	1	1.0
3310	3585	1	1.0
3310	3586	1	1.0
3310	3587	1	1.0
3310	3588	1	1.0
3310	3589	1	1.0
3310	3595	1	1.0
3310	3615	1	1.0
3310	3616	1	1.0
3310	3639	1	1.0
3310	3799	1	1.0
3310	4012	1	1.0
3313	3318	1	1.0
3313	3331	1	1.0
3313	3341	1	1.0
3316	3356	1	1.0
3316	3379	1	1.0
3316	3698	1	1.0
3321	3610	1	1.0
3321	3864	1	1.0
3325	3431	1	1.0
3325	3357	0	1.0
3326	3418	1	1.0
3326	3709	1	1.0
3331	3336	1	1.0
3331	3343	1	1.0
3331	3350	1	1.0
3331	3363	1	1.0
3331	3376	1	1.0
3331	3417	1	1.0
3331	3427	1	1.0
3331	3433	1	1.0
3331	3441	1	1.0
3331	3446	1	1.0
3331	3450	1	1.0
3331	3458	1	1.0
3331	3529	1	1.0
3331	3534	1	1.0
3331	3559	1	1.0
3331	3623	1	1.0
3331	3634	1	1.0
3331	3640	1	1.0
3331	3662	1	1.0
3331	3705	1	1.0
3331	3754	1	1.0
3331	3764	1	1.0
3331	3792	1	1.0
3331	3804	1	1.0
3331	3814	1	1.0
3331	3823	1	1.0
3331	3925	1	1.0
3336	3814	1	1.0
3349	3378	1	1.0
3352	3353	1	1.0
3352	3418	1	1.0
3352	3433	1	1.0
3353	3814	1	1.0
3356	3369	1	1.0
3363	3467	1	1.0
3363	3623	1	1.0
3364	3368	1	1.0
3367	3529	1	1.0
3368	3610	1	1.0
3369	3378	1	1.0
3369	3379	1	1.0
3369	3576	1	1.0
3376	3479	1	1.0
3376	3615	1	1.0
3376	3764	1	1.0
3376	3886	1	1.0
3376	4304	1	1.0
3377	4196	1	1.0
3377	4384	1	1.0
3377	4423	1	1.0
3377	4693	1	1.0
3377	4726	1	1.0
3377	4731	1	1.0
3377	4732	1	1.0
3377	4737	1	1.0
3377	4738	1	1.0
3377	4739	1	1.0
3377	4741	1	1.0
3377	4743	1	1.0
3377	4744	1	1.0
3377	4747	1	1.0
3377	4777	1	1.0
3377	4524	0	1.0
3379	3387	1	1.0
3379	3393	1	1.0
3379	3396	1	1.0
3379	3398	1	1.0
3379	3401	1	1.0
3379	3415	1	1.0
3379	3421	1	1.0
3379	3424	1	1.0
3379	3431	1	1.0
3379	3434	1	1.0
3379	3437	1	1.0
3379	3448	1	1.0
3379	3451	1	1.0
3379	3453	1	1.0
3379	3462	1	1.0
3379	3465	1	1.0
3379	3471	1	1.0
3379	3474	1	1.0
3379	3491	1	1.0
3379	3493	1	1.0
3379	3500	1	1.0
3379	3503	1	1.0
3379	3537	1	1.0
3379	3538	1	1.0
3379	3548	1	1.0
3379	3549	1	1.0
3379	3555	1	1.0
3379	3556	1	1.0
3379	3565	1	1.0
3379	3574	1	1.0
3379	3599	1	1.0
3379	3610	1	1.0
3379	3624	1	1.0
3379	3633	1	1.0
3379	3649	1	1.0
3379	3654	1	1.0
3379	3659	1	1.0
3379	3660	1	1.0
3379	3661	1	1.0
3379	3689	1	1.0
3379	3693	1	1.0
3379	3698	1	1.0
3379	3704	1	1.0
3379	3709	1	1.0
3379	3717	1	1.0
3379	3718	1	1.0
3379	3765	1	1.0
3379	3798	1	1.0
3379	3827	1	1.0
3379	3828	1	1.0
3379	3833	1	1.0
3379	3834	1	1.0
3379	3840	1	1.0
3379	3853	1	1.0
3379	3859	1	1.0
3379	3868	1	1.0
3379	3884	1	1.0
3379	3885	1	1.0
3379	3895	1	1.0
3379	3899	1	1.0
3379	3912	1	1.0
3379	3925	1	1.0
3379	3928	1	1.0
3379	3940	1	1.0
3379	3964	1	1.0
3379	3969	1	1.0
3379	4006	1	1.0
3379	4016	1	1.0
3379	4119	1	1.0
3379	4186	1	1.0
3379	4248	1	1.0
3379	4256	1	1.0
3379	4301	1	1.0
3379	4373	1	1.0
3379	4401	1	1.0
3379	4403	1	1.0
3379	4413	1	1.0
3379	4417	1	1.0
3379	4424	1	1.0
3379	4445	1	1.0
3379	4485	1	1.0
3379	4497	1	1.0
3379	4552	1	1.0
3379	4638	1	1.0
3379	4709	1	1.0
3379	3554	0	1.0
3380	3624	1	1.0
3380	3700	1	1.0
3380	3709	1	1.0
3380	3757	1	1.0
3380	4502	1	1.0
3382	3396	1	1.0
3382	3401	1	1.0
3383	3401	1	1.0
3384	3757	1	1.0
3384	3928	1	1.0
3387	3403	1	1.0
3387	3404	1	1.0
3387	3410	1	1.0
3387	3428	1	1.0
3387	3576	1	1.0
3387	3607	1	1.0
3387	4380	0	1.0
3390	3399	1	1.0
3390	3411	1	1.0
3390	3556	1	1.0
3390	3576	1	1.0
3390	3659	1	1.0
3390	3757	1	1.0
3392	3403	1	1.0
3392	3463	1	1.0
3394	3395	1	1.0
3396	3401	1	1.0
3396	3447	1	1.0
3398	3527	1	1.0
3403	3405	1	1.0
3403	3427	1	1.0
3405	3470	1	1.0
3405	3482	1	1.0
3405	3489	1	1.0
3405	4148	1	1.0
3411	3437	1	1.0
3411	3983	1	1.0
3412	3456	1	1.0
3418	3435	1	1.0
3418	3436	1	1.0
3418	3448	1	1.0
3418	3492	1	1.0
3418	3499	1	1.0
3418	3522	1	1.0
3418	3799	1	1.0
3418	3814	1	1.0
3418	4763	1	1.0
3422	3437	1	1.0
3422	3661	1	1.0
3424	3437	1	1.0
3424	3527	1	1.0
3424	3698	1	1.0
3425	3556	1	1.0
3426	3556	1	1.0
3427	3428	1	1.0
3427	3663	1	1.0
3430	3431	1	1.0
3430	3434	1	1.0
3431	3538	1	1.0
3431	3618	1	1.0
3431	3638	1	1.0
3431	3700	1	1.0
3431	3709	1	1.0
3432	3508	1	1.0
3432	3556	1	1.0
3432	3557	1	1.0
3432	3630	1	1.0
3432	3681	1	1.0
3432	3691	1	1.0
3432	3698	1	1.0
3432	3773	1	1.0
3432	3780	1	1.0
3433	3446	1	1.0
3433	3529	1	1.0
3433	3595	1	1.0
3433	3634	1	1.0
3433	3799	1	1.0
3433	3913	1	1.0
3435	3467	1	1.0
3435	3634	1	1.0
3437	3448	1	1.0
3437	3493	1	1.0
3437	3495	1	1.0
3437	3500	1	1.0
3437	3515	1	1.0
3437	3556	1	1.0
3437	3564	1	1.0
3437	3567	1	1.0
3437	3596	1	1.0
3437	3601	1	1.0
3437	3610	1	1.0
3437	3624	1	1.0
3437	3625	1	1.0
3437	3632	1	1.0
3437	3649	1	1.0
3437	3656	1	1.0
3437	3659	1	1.0
3437	3672	1	1.0
3437	3677	1	1.0
3437	3691	1	1.0
3437	3698	1	1.0
3437	3709	1	1.0
3437	3718	1	1.0
3437	3756	1	1.0
3437	3757	1	1.0
3437	3810	1	1.0
3437	3831	1	1.0
3437	3852	1	1.0
3437	3859	1	1.0
3437	3864	1	1.0
3437	3868	1	1.0
3437	3884	1	1.0
3437	3902	1	1.0
3437	3912	1	1.0
3437	3925	1	1.0
3437	3944	1	1.0
3437	3947	1	1.0
3437	4124	1	1.0
3437	4186	1	1.0
3437	4249	1	1.0
3437	4301	1	1.0
3437	4302	1	1.0
3437	4308	1	1.0
3437	4345	1	1.0
3437	4348	1	1.0
3437	4372	1	1.0
3437	4378	1	1.0
3437	4395	1	1.0
3437	4432	1	1.0
3437	4449	1	1.0
3437	4463	1	1.0
3437	4482	1	1.0
3437	4486	1	1.0
3437	4488	1	1.0
3437	4496	1	1.0
3437	4545	1	1.0
3437	4553	1	1.0
3437	4637	1	1.0
3437	4641	1	1.0
3437	4655	1	1.0
3437	4699	1	1.0
3437	4713	1	1.0
3437	4757	1	1.0
3437	4772	1	1.0
3440	3462	1	1.0
3440	3557	1	1.0
3440	3757	1	1.0
3446	3473	1	1.0
3446	3529	1	1.0
3446	3579	1	1.0
3446	3595	1	1.0
3446	3613	1	1.0
3446	3616	1	1.0
3446	3628	1	1.0
3446	3634	1	1.0
3446	3639	1	1.0
3446	3640	1	1.0
3446	3641	1	1.0
3446	3829	1	1.0
3446	3867	1	1.0
3446	3936	1	1.0
3446	3937	1	1.0
3446	3938	1	1.0
3446	3939	1	1.0
3446	3941	1	1.0
3448	3486	1	1.0
3448	3556	1	1.0
3448	3564	1	1.0
3448	3645	1	1.0
3448	3656	1	1.0
3448	3859	1	1.0
3448	4196	1	1.0
3448	4432	1	1.0
3448	4492	1	1.0
3452	3457	1	1.0
3452	3591	1	1.0
3456	3491	1	1.0
3456	3527	1	1.0
3456	3556	1	1.0
3456	3663	1	1.0
3456	3697	1	1.0
3456	3740	1	1.0
3456	3751	1	1.0
3456	3756	1	1.0
3456	3757	1	1.0
3456	3821	1	1.0
3457	3476	1	1.0
3457	3518	1	1.0
3457	3525	1	1.0
3457	3528	1	1.0
3457	3572	1	1.0
3457	3573	1	1.0
3457	3696	1	1.0
3457	3815	1	1.0
3457	3820	1	1.0
3457	3975	1	1.0
3457	4048	1	1.0
3457	4090	1	1.0
3457	4178	1	1.0
3457	4212	1	1.0
3457	4235	1	1.0
3457	4244	1	1.0
3457	4453	1	1.0
3457	4568	1	1.0
3462	3491	1	1.0
3462	3709	1	1.0
3462	3793	1	1.0
3462	3810	1	1.0
3462	3885	1	1.0
3462	3896	1	1.0
3462	4256	1	1.0
3462	4373	1	1.0
3462	4638	1	1.0
3467	3510	1	1.0
3468	3469	0	1.0
3468	3727	0	1.0
3468	3732	0	1.0
3468	3733	0	1.0
3468	3734	0	1.0
3468	3736	0	1.0
3468	3738	0	1.0
3468	3739	0	1.0
3468	3741	0	1.0
3468	3742	0	1.0
3468	3743	0	1.0
3468	3744	0	1.0
3468	3745	0	1.0
3468	3746	0	1.0
3468	3747	0	1.0
3468	3748	0	1.0
3468	3749	0	1.0
3473	3522	1	1.0
3475	3491	1	1.0
3475	3656	1	1.0
3477	3620	1	1.0
3477	3709	1	1.0
3482	3489	1	1.0
3485	3556	1	1.0
3486	3709	1	1.0
3486	3757	1	1.0
3487	3519	1	1.0
3490	3556	1	1.0
3490	3656	1	1.0
3490	3663	1	1.0
3490	3709	1	1.0
3491	3709	1	1.0
3493	3556	1	1.0
3493	3624	1	1.0
3493	3656	1	1.0
3493	3698	1	1.0
3493	3709	1	1.0
3493	3710	1	1.0
3493	3718	1	1.0
3493	3757	1	1.0
3493	3820	1	1.0
3493	3853	1	1.0
3493	3884	1	1.0
3493	3885	1	1.0
3493	4071	1	1.0
3493	4093	1	1.0
3493	4210	1	1.0
3493	4424	1	1.0
3493	4445	1	1.0
3493	4482	1	1.0
3495	3507	1	1.0
3495	3576	1	1.0
3495	3631	1	1.0
3495	3665	1	1.0
3495	3774	1	1.0
3500	3556	1	1.0
3500	3630	1	1.0
3503	3511	1	1.0
3507	3556	1	1.0
3507	3698	1	1.0
3507	3757	1	1.0
3507	3759	1	1.0
3508	3521	1	1.0
3508	3600	1	1.0
3509	3527	1	1.0
3509	3718	1	1.0
3512	3861	1	1.0
3515	3557	1	1.0
3515	3858	1	1.0
3515	4006	1	1.0
3521	3861	1	1.0
3522	3523	1	1.0
3522	4198	1	1.0
3527	3543	1	1.0
3527	3557	1	1.0
3527	3558	1	1.0
3527	3564	1	1.0
3527	3576	1	1.0
3527	3597	1	1.0
3527	3599	1	1.0
3527	3604	1	1.0
3527	3605	1	1.0
3527	3606	1	1.0
3527	3649	1	1.0
3527	3663	1	1.0
3527	3669	1	1.0
3527	3672	1	1.0
3527	3673	1	1.0
3527	3677	1	1.0
3527	3678	1	1.0
3527	3679	1	1.0
3527	3681	1	1.0
3527	3689	1	1.0
3527	3692	1	1.0
3527	3697	1	1.0
3527	3699	1	1.0
3527	3714	1	1.0
3527	3718	1	1.0
3527	3611	0	1.0
3529	3627	1	1.0
3529	3965	1	1.0
3529	3991	1	1.0
3531	3601	0	1.0
3533	3656	1	1.0
3534	3771	1	1.0
3534	3792	1	1.0
3536	3688	1	1.0
3538	3556	1	1.0
3538	3622	1	1.0
3538	3718	1	1.0
3538	3757	1	1.0
3539	3757	1	1.0
3543	3600	1	1.0
3545	3727	0	1.0
3545	3734	0	1.0
3545	3738	0	1.0
3545	3739	0	1.0
3548	3556	1	1.0
3549	3550	1	1.0
3549	3569	0	1.0
3555	3556	1	1.0
3556	3576	1	1.0
3556	3590	1	1.0
3556	3602	1	1.0
3556	3632	1	1.0
3556	3680	1	1.0
3556	3868	1	1.0
3557	3567	1	1.0
3557	3600	1	1.0
3557	3610	1	1.0
3557	3626	1	1.0
3557	3648	1	1.0
3557	3663	1	1.0
3557	3705	1	1.0
3557	3725	1	1.0
3560	3772	0	1.0
3564	3620	1	1.0
3564	3663	1	1.0
3566	3621	1	1.0
3566	3570	0	1.0
3567	3576	1	1.0
3567	3718	1	1.0
3567	3797	1	1.0
3571	3656	1	1.0
3572	3573	1	1.0
3572	3696	1	1.0
3573	3696	1	1.0
3573	3815	1	1.0
3573	3824	0	1.0
3574	3576	1	1.0
3579	3814	1	1.0
3586	3814	1	1.0
3586	3989	1	1.0
3593	3594	1	1.0
3594	3630	1	1.0
3594	3638	1	1.0
3594	3920	1	1.0
3594	3927	1	1.0
3595	3613	1	1.0
3599	3757	1	1.0
3601	3625	1	1.0
3601	3688	1	1.0
3601	3698	1	1.0
3601	3700	1	1.0
3601	3760	1	1.0
3604	3656	1	1.0
3607	3608	1	1.0
3610	3624	1	1.0
3610	3656	1	1.0
3610	3709	1	1.0
3610	3718	1	1.0
3610	3740	1	1.0
3610	3757	1	1.0
3610	3884	1	1.0
3610	3885	1	1.0
3610	3893	1	1.0
3610	4196	1	1.0
3610	4542	1	1.0
3610	4638	1	1.0
3610	4678	1	1.0
3610	4713	1	1.0
3610	4426	0	1.0
3613	3628	1	1.0
3618	3619	1	1.0
3618	3709	1	1.0
3618	3779	1	1.0
3618	3782	1	1.0
3618	3723	0	1.0
3618	3727	0	1.0
3618	3732	0	1.0
3618	3733	0	1.0
3618	3734	0	1.0
3618	3736	0	1.0
3618	3738	0	1.0
3618	3739	0	1.0
3618	3741	0	1.0
3618	3742	0	1.0
3618	3743	0	1.0
3618	3744	0	1.0
3618	3745	0	1.0
3618	3746	0	1.0
3618	3747	0	1.0
3618	3748	0	1.0
3618	3749	0	1.0
3618	3750	0	1.0
3618	3752	0	1.0
3618	3753	0	1.0
3618	3763	0	1.0
3618	3769	0	1.0
3618	3777	0	1.0
3618	3781	0	1.0
3618	3785	0	1.0
3618	3786	0	1.0
3618	3788	0	1.0
3618	3789	0	1.0
3620	3649	1	1.0
3620	3676	1	1.0
3620	3710	1	1.0
3620	3770	1	1.0
3620	3807	1	1.0
3620	3857	1	1.0
3620	3883	1	1.0
3620	4108	1	1.0
3620	4156	1	1.0
3620	4210	1	1.0
3620	4258	1	1.0
3620	4449	1	1.0
3620	4481	1	1.0
3620	4591	1	1.0
3624	3632	1	1.0
3624	3649	1	1.0
3624	3689	1	1.0
3624	3698	1	1.0
3624	3713	1	1.0
3624	3718	1	1.0
3624	3757	1	1.0
3624	3853	1	1.0
3624	4006	1	1.0
3624	4296	1	1.0
3624	4424	1	1.0
3624	4448	1	1.0
3624	4449	1	1.0
3624	4482	1	1.0
3624	4496	1	1.0
3624	4502	1	1.0
3624	4697	1	1.0
3625	4453	1	1.0
3627	3634	1	1.0
3627	3991	1	1.0
3628	3629	1	1.0
3628	3719	1	1.0
3631	3677	1	1.0
3632	3649	1	1.0
3632	3656	1	1.0
3632	3678	1	1.0
3632	3698	1	1.0
3632	3757	1	1.0
3632	4147	1	1.0
3632	4196	1	1.0
3632	4383	1	1.0
3632	4638	1	1.0
3632	4677	1	1.0
3632	4678	1	1.0
3632	4679	1	1.0
3632	4683	1	1.0
3632	4713	1	1.0
3632	4727	1	1.0
3632	4770	1	1.0
3632	3651	0	1.0
3632	4021	0	1.0
3632	4153	0	1.0
3632	4199	0	1.0
3632	4225	0	1.0
3632	4560	0	1.0
3632	4670	0	1.0
3632	4671	0	1.0
3632	4672	0	1.0
3632	4673	0	1.0
3632	4674	0	1.0
3632	4684	0	1.0
3632	4692	0	1.0
3632	4695	0	1.0
3632	4760	0	1.0
3632	4761	0	1.0
3632	4762	0	1.0
3634	3652	1	1.0
3634	3722	1	1.0
3634	3767	1	1.0
3634	4012	1	1.0
3634	3651	0	1.0
3637	3695	1	1.0
3638	3663	1	1.0
3639	3814	1	1.0
3640	3814	1	1.0
3640	3989	1	1.0
3641	3989	1	1.0
3649	3663	1	1.0
3649	3700	1	1.0
3649	3709	1	1.0
3649	3756	1	1.0
3649	3820	1	1.0
3649	3853	1	1.0
3649	3861	1	1.0
3649	4039	1	1.0
3649	4301	1	1.0
3649	4363	1	1.0
3649	4496	1	1.0
3650	3709	1	1.0
3654	3655	1	1.0
3656	3659	1	1.0
3656	3663	1	1.0
3656	3698	1	1.0
3656	3710	1	1.0
3656	3873	1	1.0
3656	3874	1	1.0
3656	3885	1	1.0
3656	3891	1	1.0
3656	3896	1	1.0
3656	3900	1	1.0
3656	3902	1	1.0
3656	3921	1	1.0
3656	3922	1	1.0
3656	3940	1	1.0
3656	3945	1	1.0
3656	3946	1	1.0
3656	3999	1	1.0
3656	4002	1	1.0
3656	4009	1	1.0
3656	4025	1	1.0
3656	4168	1	1.0
3656	4298	1	1.0
3656	4423	1	1.0
3656	4504	1	1.0
3656	3753	0	1.0
3656	3789	0	1.0
3656	4053	0	1.0
3656	4099	0	1.0
3656	4111	0	1.0
3656	4115	0	1.0
3656	4121	0	1.0
3656	4122	0	1.0
3656	4123	0	1.0
3656	4153	0	1.0
3656	4158	0	1.0
3656	4159	0	1.0
3656	4160	0	1.0
3656	4162	0	1.0
3656	4163	0	1.0
3656	4164	0	1.0
3656	4165	0	1.0
3656	4166	0	1.0
3656	4167	0	1.0
3656	4192	0	1.0
3656	4194	0	1.0
3656	4195	0	1.0
3656	4280	0	1.0
3656	4397	0	1.0
3656	4408	0	1.0
3656	4447	0	1.0
3659	3698	1	1.0
3659	3818	1	1.0
3659	4605	1	1.0
3661	3667	1	1.0
3663	3671	1	1.0
3663	3680	1	1.0
3663	3716	1	1.0
3663	3756	1	1.0
3663	3778	1	1.0
3663	3988	1	1.0
3663	4014	1	1.0
3663	4047	1	1.0
3663	4082	1	1.0
3663	4089	1	1.0
3663	4109	1	1.0
3663	4210	1	1.0
3663	4223	1	1.0
3668	3902	1	1.0
3669	3757	1	1.0
3676	3853	1	1.0
3678	3700	1	1.0
3682	3724	1	1.0
3683	3684	1	1.0
3687	3820	1	1.0
3688	3709	1	1.0
3689	3699	1	1.0
3689	3713	1	1.0
3691	3757	1	1.0
3698	3757	1	1.0
3698	3818	1	1.0
3698	3826	1	1.0
3698	3835	1	1.0
3698	3842	1	1.0
3698	3849	1	1.0
3698	3853	1	1.0
3698	3854	1	1.0
3698	3861	1	1.0
3698	3885	1	1.0
3698	3925	1	1.0
3698	3928	1	1.0
3698	4006	1	1.0
3698	4085	1	1.0
3698	4104	1	1.0
3698	4142	1	1.0
3698	4186	1	1.0
3698	4208	1	1.0
3698	4301	1	1.0
3698	4345	1	1.0
3698	4347	1	1.0
3698	4425	1	1.0
3698	4445	1	1.0
3698	4624	1	1.0
3698	4638	1	1.0
3698	3768	0	1.0
3705	3790	1	1.0
3707	3757	1	1.0
3709	3715	1	1.0
3709	3731	1	1.0
3709	3735	1	1.0
3709	3761	1	1.0
3709	3794	1	1.0
3709	3797	1	1.0
3709	3798	1	1.0
3709	3831	1	1.0
3709	3832	1	1.0
3709	3884	1	1.0
3709	3896	1	1.0
3709	3899	1	1.0
3709	4030	1	1.0
3709	4071	1	1.0
3709	4084	1	1.0
3709	4233	1	1.0
3709	3727	0	1.0
3709	3732	0	1.0
3709	3733	0	1.0
3709	3734	0	1.0
3709	3736	0	1.0
3709	3738	0	1.0
3709	3739	0	1.0
3709	3741	0	1.0
3709	3742	0	1.0
3709	3744	0	1.0
3709	3745	0	1.0
3709	3746	0	1.0
3709	3747	0	1.0
3709	3748	0	1.0
3709	3749	0	1.0
3709	3750	0	1.0
3709	3752	0	1.0
3709	3753	0	1.0
3709	3763	0	1.0
3709	3769	0	1.0
3709	3777	0	1.0
3710	4110	1	1.0
3717	3720	0	1.0
3718	3902	1	1.0
3718	3925	1	1.0
3718	3928	1	1.0
3718	4104	1	1.0
3718	4196	1	1.0
3718	4233	1	1.0
3718	4245	1	1.0
3718	4283	1	1.0
3718	4301	1	1.0
3718	4348	1	1.0
3718	4378	1	1.0
3718	4383	1	1.0
3718	4386	1	1.0
3718	4389	1	1.0
3718	4396	1	1.0
3718	4432	1	1.0
3718	4463	1	1.0
3718	4493	1	1.0
3718	4496	1	1.0
3718	4497	1	1.0
3718	4638	1	1.0
3718	4650	1	1.0
3718	4669	1	1.0
3718	4714	1	1.0
3719	3814	1	1.0
3719	3933	1	1.0
3719	3938	1	1.0
3727	3732	1	1.0
3727	3733	1	1.0
3727	3739	1	1.0
3727	3741	1	1.0
3727	3749	1	1.0
3727	3769	1	1.0
3727	3777	1	1.0
3728	3729	1	1.0
3728	3730	1	1.0
3729	3730	1	1.0
3732	3733	1	1.0
3732	3739	1	1.0
3732	3741	1	1.0
3732	3749	1	1.0
3732	3769	1	1.0
3732	3777	1	1.0
3733	3734	1	1.0
3733	3736	1	1.0
3733	3738	1	1.0
3733	3739	1	1.0
3733	3741	1	1.0
3733	3742	1	1.0
3733	3743	1	1.0
3733	3749	1	1.0
3733	3769	1	1.0
3733	3777	1	1.0
3734	3736	1	1.0
3734	3739	1	1.0
3734	3741	1	1.0
3734	3742	1	1.0
3734	3743	1	1.0
3734	3749	1	1.0
3734	3763	1	1.0
3734	3769	1	1.0
3734	3777	1	1.0
3738	3739	1	1.0
3738	3749	1	1.0
3738	3769	1	1.0
3739	3749	1	1.0
3739	3769	1	1.0
3739	3791	0	1.0
3741	3749	1	1.0
3741	3769	1	1.0
3741	3791	0	1.0
3742	3749	1	1.0
3742	3752	1	1.0
3742	3763	1	1.0
3742	3769	1	1.0
3742	3777	1	1.0
3742	3786	1	1.0
3744	3745	1	1.0
3744	3746	1	1.0
3744	3747	1	1.0
3744	3748	1	1.0
3744	3749	1	1.0
3744	3750	1	1.0
3744	3752	1	1.0
3744	3769	1	1.0
3744	3777	1	1.0
3745	3746	1	1.0
3745	3747	1	1.0
3745	3748	1	1.0
3745	3749	1	1.0
3745	3750	1	1.0
3745	3752	1	1.0
3745	3753	1	1.0
3745	3769	1	1.0
3745	3777	1	1.0
3745	3757	0	1.0
3746	3747	1	1.0
3746	3748	1	1.0
3746	3749	1	1.0
3746	3750	1	1.0
3746	3752	1	1.0
3746	3753	1	1.0
3746	3769	1	1.0
3746	3777	1	1.0
3747	3748	1	1.0
3747	3749	1	1.0
3747	3750	1	1.0
3747	3752	1	1.0
3747	3753	1	1.0
3747	3769	1	1.0
3747	3777	1	1.0
3747	3757	0	1.0
3748	3749	1	1.0
3748	3750	1	1.0
3748	3752	1	1.0
3748	3753	1	1.0
3748	3769	1	1.0
3748	3777	1	1.0
3748	3757	0	1.0
3749	3750	1	1.0
3749	3752	1	1.0
3749	3753	1	1.0
3749	3777	1	1.0
3749	3766	0	1.0
3752	3753	1	1.0
3752	3769	1	1.0
3752	3777	1	1.0
3752	3785	1	1.0
3752	3757	0	1.0
3753	3769	1	1.0
3753	3777	1	1.0
3753	3785	1	1.0
3753	3757	0	1.0
3753	3791	0	1.0
3756	3852	1	1.0
3756	3896	1	1.0
3757	3773	1	1.0
3757	3787	1	1.0
3757	3800	1	1.0
3757	3813	1	1.0
3757	3841	1	1.0
3757	3849	1	1.0
3757	3852	1	1.0
3757	3853	1	1.0
3757	3863	1	1.0
3757	3885	1	1.0
3757	3892	1	1.0
3757	3893	1	1.0
3757	3912	1	1.0
3757	3923	1	1.0
3757	4179	1	1.0
3757	4186	1	1.0
3757	4233	1	1.0
3757	4422	1	1.0
3763	3789	1	1.0
3769	3791	0	1.0
3779	4301	1	1.0
3783	3784	1	1.0
3785	3791	0	1.0
3786	3791	0	1.0
3787	3871	1	1.0
3789	3791	0	1.0
3792	3974	1	1.0
3792	4049	1	1.0
3792	4368	1	1.0
3795	4239	0	1.0
3804	3805	1	1.0
3804	3901	1	1.0
3804	4049	1	1.0
3807	3902	1	1.0
3807	4238	1	1.0
3810	3826	1	1.0
3811	4222	1	1.0
3812	3884	1	1.0
3814	3823	1	1.0
3814	3837	1	1.0
3814	3838	1	1.0
3814	3901	1	1.0
3814	3910	1	1.0
3814	3924	1	1.0
3814	3935	1	1.0
3814	3937	1	1.0
3814	3941	1	1.0
3814	3949	1	1.0
3814	3950	1	1.0
3814	3951	1	1.0
3814	3952	1	1.0
3814	3953	1	1.0
3814	3954	1	1.0
3814	3955	1	1.0
3814	3956	1	1.0
3814	3957	1	1.0
3814	3958	1	1.0
3814	3959	1	1.0
3814	3962	1	1.0
3814	3963	1	1.0
3814	3976	1	1.0
3814	3996	1	1.0
3815	3820	1	1.0
3815	4290	0	1.0
3816	3820	1	1.0
3820	3858	1	1.0
3820	3859	1	1.0
3820	3860	1	1.0
3820	3865	1	1.0
3820	3873	1	1.0
3820	3896	1	1.0
3820	4035	1	1.0
3821	3902	1	1.0
3821	3912	1	1.0
3821	4006	1	1.0
3821	4058	1	1.0
3838	3989	1	1.0
3841	3843	1	1.0
3847	3848	1	1.0
3851	4052	1	1.0
3852	3873	1	1.0
3853	3859	1	1.0
3853	3861	1	1.0
3853	3896	1	1.0
3853	3925	1	1.0
3853	3940	1	1.0
3853	4000	1	1.0
3853	4006	1	1.0
3853	4016	1	1.0
3853	4036	1	1.0
3853	4096	1	1.0
3853	4104	1	1.0
3853	4139	1	1.0
3853	4186	1	1.0
3853	4249	1	1.0
3853	4256	1	1.0
3855	3872	1	1.0
3856	3885	1	1.0
3857	4238	1	1.0
3857	4237	0	1.0
3858	3874	1	1.0
3859	4150	1	1.0
3859	4185	1	1.0
3859	4198	1	1.0
3859	4200	1	1.0
3859	4177	0	1.0
3862	3864	1	1.0
3864	4496	1	1.0
3865	4071	1	1.0
3865	4345	1	1.0
3865	4728	1	1.0
3870	3885	1	1.0
3871	3881	0	1.0
3871	3995	0	1.0
3873	3875	1	1.0
3874	3895	1	1.0
3880	3885	1	1.0
3881	3882	0	1.0
3884	3885	1	1.0
3884	3902	1	1.0
3884	4006	1	1.0
3884	4118	1	1.0
3884	4196	1	1.0
3884	4301	1	1.0
3884	4373	1	1.0
3884	4392	1	1.0
3884	4398	1	1.0
3884	4445	1	1.0
3884	4496	1	1.0
3885	3895	1	1.0
3885	3896	1	1.0
3885	3902	1	1.0
3885	3907	0	1.0
3894	4389	1	1.0
3895	3896	1	1.0
3895	3897	0	1.0
3896	3903	1	1.0
3896	3980	1	1.0
3896	3981	1	1.0
3896	4018	1	1.0
3896	4066	1	1.0
3899	4006	1	1.0
3900	3908	0	1.0
3905	3906	1	1.0
3906	3959	1	1.0
3906	3989	1	1.0
3906	3994	1	1.0
3912	3929	1	1.0
3921	4196	1	1.0
3921	4383	1	1.0
3925	3926	1	1.0
3925	4298	1	1.0
3925	4404	1	1.0
3925	4405	1	1.0
3925	4423	1	1.0
3925	4424	1	1.0
3925	4427	1	1.0
3925	4433	1	1.0
3925	4482	1	1.0
3925	4519	1	1.0
3925	4636	1	1.0
3925	4647	1	1.0
3926	4144	1	1.0
3926	4363	1	1.0
3926	4506	1	1.0
3928	4295	1	1.0
3928	4302	1	1.0
3928	4373	1	1.0
3928	4411	1	1.0
3928	4423	1	1.0
3928	4427	1	1.0
3928	4491	1	1.0
3928	4498	1	1.0
3928	4523	1	1.0
3928	4621	1	1.0
3928	4634	1	1.0
3928	4706	1	1.0
3930	3932	1	1.0
3930	3933	1	1.0
3930	3934	1	1.0
3930	3935	1	1.0
3934	3991	1	1.0
3936	3992	1	1.0
3940	4496	1	1.0
3941	3959	1	1.0
3941	4012	1	1.0
3951	3989	1	1.0
3954	4658	1	1.0
3959	3960	1	1.0
3960	4012	1	1.0
3962	4049	1	1.0
3962	4763	1	1.0
3968	3979	0	1.0
3969	4072	1	1.0
3970	3981	1	1.0
3970	3987	1	1.0
3981	3984	1	1.0
3981	3986	1	1.0
3981	4006	1	1.0
3987	4069	1	1.0
3987	4085	1	1.0
3987	4096	1	1.0
3987	4110	1	1.0
3989	3994	1	1.0
3989	4015	1	1.0
3989	4038	1	1.0
3989	4056	1	1.0
3991	3997	1	1.0
3991	3998	1	1.0
4006	4036	1	1.0
4006	4039	1	1.0
4006	4047	1	1.0
4006	4061	1	1.0
4006	4062	1	1.0
4006	4084	1	1.0
4006	4023	0	1.0
4014	4094	1	1.0
4014	4496	1	1.0
4016	4020	1	1.0
4016	4206	1	1.0
4016	4207	1	1.0
4017	4019	1	1.0
4017	4031	1	1.0
4021	4053	1	1.0
4030	4097	1	1.0
4034	4196	1	1.0
4039	4040	0	1.0
4040	4041	1	1.0
4040	4042	1	1.0
4040	4043	1	1.0
4040	4044	1	1.0
4040	4045	1	1.0
4040	4046	1	1.0
4041	4042	1	1.0
4041	4043	1	1.0
4041	4044	1	1.0
4041	4045	1	1.0
4041	4046	1	1.0
4042	4043	1	1.0
4042	4044	1	1.0
4042	4045	1	1.0
4042	4046	1	1.0
4043	4044	1	1.0
4043	4045	1	1.0
4043	4046	1	1.0
4044	4045	1	1.0
4044	4046	1	1.0
4045	4046	1	1.0
4049	4409	1	1.0
4052	4552	1	1.0
4053	4099	1	1.0
4058	4068	1	1.0
4086	4107	1	1.0
4090	4091	1	1.0
4090	4092	1	1.0
4096	4196	1	1.0
4110	4150	1	1.0
4110	4208	1	1.0
4118	4296	1	1.0
4120	4298	1	1.0
4120	4404	1	1.0
4120	4444	1	1.0
4139	4449	1	1.0
4144	4429	1	1.0
4144	4587	1	1.0
4150	4158	0	1.0
4158	4159	1	1.0
4158	4160	1	1.0
4158	4162	1	1.0
4158	4166	1	1.0
4158	4161	0	1.0
4159	4160	1	1.0
4159	4161	0	1.0
4160	4161	0	1.0
4162	4163	1	1.0
4163	4164	1	1.0
4164	4165	1	1.0
4173	4186	1	1.0
4174	4186	0	1.0
4175	4176	1	1.0
4177	4186	0	1.0
4186	4238	1	1.0
4186	4246	1	1.0
4186	4248	1	1.0
4192	4194	1	1.0
4192	4193	0	1.0
4193	4194	0	1.0
4194	4195	1	1.0
4196	4197	1	1.0
4196	4208	1	1.0
4196	4210	1	1.0
4196	4246	1	1.0
4196	4378	1	1.0
4196	4383	1	1.0
4196	4389	1	1.0
4196	4495	1	1.0
4196	4496	1	1.0
4196	4532	1	1.0
4196	4552	1	1.0
4196	4553	1	1.0
4196	4582	1	1.0
4196	4588	1	1.0
4196	4601	1	1.0
4196	4617	1	1.0
4196	4638	1	1.0
4196	4659	1	1.0
4196	4660	1	1.0
4196	4712	1	1.0
4196	4713	1	1.0
4196	4719	1	1.0
4196	4729	1	1.0
4196	4730	1	1.0
4196	4734	1	1.0
4196	4742	1	1.0
4196	4750	1	1.0
4196	4754	1	1.0
4196	4773	1	1.0
4196	4579	0	1.0
4198	4205	1	1.0
4201	4208	1	1.0
4206	4207	1	1.0
4206	4301	1	1.0
4206	4423	1	1.0
4206	4431	1	1.0
4208	4333	1	1.0
4208	4334	1	1.0
4208	4353	1	1.0
4208	4374	1	1.0
4208	4375	1	1.0
4208	4377	1	1.0
4210	4238	1	1.0
4210	4248	1	1.0
4224	4232	1	1.0
4224	4304	1	1.0
4233	4321	1	1.0
4238	4241	1	1.0
4238	4253	1	1.0
4248	4258	1	1.0
4248	4283	1	1.0
4256	4496	1	1.0
4262	4298	1	1.0
4262	4423	1	1.0
4262	4443	1	1.0
4263	4423	1	1.0
4263	4551	1	1.0
4296	4348	1	1.0
4296	4424	1	1.0
4296	4449	1	1.0
4298	4370	1	1.0
4298	4405	1	1.0
4298	4423	1	1.0
4298	4470	1	1.0
4298	4504	1	1.0
4298	4512	1	1.0
4298	4515	1	1.0
4298	4562	1	1.0
4301	4419	1	1.0
4301	4449	1	1.0
4301	4457	1	1.0
4301	4475	1	1.0
4301	4482	1	1.0
4301	4485	1	1.0
4301	4493	1	1.0
4301	4496	1	1.0
4301	4535	1	1.0
4303	4304	1	1.0
4303	4327	1	1.0
4307	4355	1	1.0
4308	4372	1	1.0
4321	4386	1	1.0
4345	4350	1	1.0
4345	4354	1	1.0
4345	4356	1	1.0
4348	4389	1	1.0
4348	4705	1	1.0
4350	4351	1	1.0
4351	4352	1	1.0
4351	4354	1	1.0
4359	4360	1	1.0
4359	4363	1	1.0
4369	4694	1	1.0
4370	4423	1	1.0
4370	4519	1	1.0
4370	4520	1	1.0
4373	4473	1	1.0
4378	4597	1	1.0
4378	4697	1	1.0
4378	4752	1	1.0
4378	4755	1	1.0
4383	4389	1	1.0
4383	4465	1	1.0
4384	4627	1	1.0
4384	4693	1	1.0
4384	4731	1	1.0
4384	4732	1	1.0
4384	4741	1	1.0
4384	4777	1	1.0
4386	4392	1	1.0
4389	4390	1	1.0
4389	4401	1	1.0
4389	4563	1	1.0
4389	4610	1	1.0
4389	4721	1	1.0
4397	4447	1	1.0
4398	4410	0	1.0
4400	4476	1	1.0
4400	4477	1	1.0
4400	4478	1	1.0
4400	4479	1	1.0
4400	4480	1	1.0
4401	4414	1	1.0
4401	4521	1	1.0
4402	4406	1	1.0
4402	4407	1	1.0
4404	4405	1	1.0
4404	4423	1	1.0
4404	4424	1	1.0
4404	4633	1	1.0
4405	4423	1	1.0
4405	4424	1	1.0
4405	4427	1	1.0
4405	4489	1	1.0
4405	4503	1	1.0
4405	4508	1	1.0
4405	4509	1	1.0
4405	4515	1	1.0
4405	4533	1	1.0
4405	4646	1	1.0
4405	4707	1	1.0
4412	4462	1	1.0
4423	4424	1	1.0
4423	4515	1	1.0
4423	4551	1	1.0
4424	4427	1	1.0
4424	4519	1	1.0
4424	4570	1	1.0
4424	4591	1	1.0
4424	4600	1	1.0
4425	4639	1	1.0
4427	4433	1	1.0
4428	4492	1	1.0
4430	4467	0	1.0
4431	4451	0	1.0
4432	4438	0	1.0
4432	4439	0	1.0
4435	4458	1	1.0
4437	4452	1	1.0
4443	4546	1	1.0
4443	4612	1	1.0
4445	4465	1	1.0
4445	4482	1	1.0
4445	4572	1	1.0
4448	4449	1	1.0
4448	4452	1	1.0
4449	4496	1	1.0
4449	4539	1	1.0
4449	4541	1	1.0
4449	4544	1	1.0
4449	4567	1	1.0
4449	4638	1	1.0
4449	4450	0	1.0
4453	4620	1	1.0
4456	4560	1	1.0
4456	4580	0	1.0
4470	4632	1	1.0
4474	4496	1	1.0
4481	4500	1	1.0
4481	4501	1	1.0
4482	4537	1	1.0
4482	4713	1	1.0
4485	4528	1	1.0
4485	4529	1	1.0
4487	4646	1	1.0
4487	4690	1	1.0
4494	4508	1	1.0
4496	4514	1	1.0
4496	4541	1	1.0
4496	4547	1	1.0
4496	4550	1	1.0
4496	4555	1	1.0
4496	4558	1	1.0
4496	4561	1	1.0
4496	4566	1	1.0
4496	4567	1	1.0
4496	4573	1	1.0
4496	4574	1	1.0
4496	4598	1	1.0
4496	4564	0	1.0
4496	4615	0	1.0
4500	4501	1	1.0
4501	4531	1	1.0
4501	4645	1	1.0
4503	4508	1	1.0
4503	4509	1	1.0
4503	4515	1	1.0
4503	4533	1	1.0
4503	4594	1	1.0
4503	4626	1	1.0
4503	4644	1	1.0
4508	4509	1	1.0
4508	4533	1	1.0
4508	4626	1	1.0
4508	4643	1	1.0
4508	4720	1	1.0
4509	4533	1	1.0
4509	4594	1	1.0
4509	4626	1	1.0
4509	4644	1	1.0
4514	4516	0	1.0
4514	4518	0	1.0
4522	4602	1	1.0
4522	4603	1	1.0
4523	4530	1	1.0
4523	4543	1	1.0
4523	4553	1	1.0
4523	4619	1	1.0
4523	4624	1	1.0
4524	4731	0	1.0
4524	4741	0	1.0
4525	4530	1	1.0
4533	4626	1	1.0
4541	4653	1	1.0
4551	4586	1	1.0
4553	4599	1	1.0
4553	4757	1	1.0
4556	4557	1	1.0
4557	4581	1	1.0
4557	4647	1	1.0
4557	4652	1	1.0
4557	4675	1	1.0
4557	4651	0	1.0
4575	4576	1	1.0
4575	4577	1	1.0
4575	4578	1	1.0
4591	4593	1	1.0
4591	4656	1	1.0
4592	4594	1	1.0
4592	4595	1	1.0
4592	4596	1	1.0
4592	4614	1	1.0
4594	4595	1	1.0
4595	4596	1	1.0
4595	4614	1	1.0
4597	4637	1	1.0
4609	4709	1	1.0
4634	4735	1	1.0
4634	4784	1	1.0
4637	4658	1	1.0
4646	4690	1	1.0
4650	4769	1	1.0
4654	4655	1	1.0
4657	4658	1	1.0
4658	4700	1	1.0
4658	4701	1	1.0
4658	4702	1	1.0
4658	4703	1	1.0
4658	4704	1	1.0
4678	4685	1	1.0
4693	4731	1	1.0
4713	4768	1	1.0
4719	4755	1	1.0
4726	4731	1	1.0
4731	4732	1	1.0
4731	4741	1	1.0
4732	4739	1	1.0
4732	4741	1	1.0
4732	4744	1	1.0
4737	4738	1	1.0
4737	4740	1	1.0
4738	4739	1	1.0
4739	4745	1	1.0
4739	4779	1	1.0
4741	4744	1	1.0
4754	4768	1	1.0
4755	4756	1	1.0
4757	4758	1	1.0
