3856	24332
0	1	1	1.0
0	8	1	1.0
0	11	1	1.0
0	14	1	1.0
0	17	1	1.0
0	19	1	1.0
0	23	1	1.0
0	31	1	1.0
0	36	1	1.0
0	63	1	1.0
0	64	1	1.0
0	67	1	1.0
0	82	1	1.0
0	84	1	1.0
0	115	1	1.0
0	123	1	1.0
0	125	1	1.0
0	157	1	1.0
0	289	1	1.0
0	301	1	1.0
0	306	1	1.0
0	310	1	1.0
0	316	1	1.0
0	49	0	1.0
0	122	0	1.0
1	2	1	1.0
1	3	1	1.0
1	4	1	1.0
1	5	1	1.0
1	6	1	1.0
1	7	1	1.0
1	8	1	1.0
1	9	1	1.0
1	10	1	1.0
1	739	1	1.0
2	11	1	1.0
2	12	1	1.0
2	16	1	1.0
2	27	1	1.0
2	46	1	1.0
2	68	1	1.0
2	75	1	1.0
2	77	1	1.0
3	11	1	1.0
3	14	1	1.0
3	16	1	1.0
3	27	1	1.0
3	28	1	1.0
3	99	1	1.0
3	260	1	1.0
3	599	1	1.0
3	604	1	1.0
3	749	1	1.0
4	11	1	1.0
4	12	1	1.0
4	27	1	1.0
4	28	1	1.0
4	40	1	1.0
4	60	1	1.0
4	77	1	1.0
4	99	1	1.0
4	106	1	1.0
4	109	1	1.0
4	110	1	1.0
4	117	1	1.0
4	151	1	1.0
4	167	1	1.0
4	175	1	1.0
4	179	1	1.0
4	180	1	1.0
4	183	1	1.0
4	184	1	1.0
4	185	1	1.0
4	186	1	1.0
4	190	1	1.0
4	209	1	1.0
4	210	1	1.0
4	214	1	1.0
4	221	1	1.0
4	222	1	1.0
4	255	1	1.0
4	279	1	1.0
4	285	1	1.0
4	297	1	1.0
4	316	1	1.0
4	326	1	1.0
4	340	1	1.0
4	343	1	1.0
4	373	1	1.0
4	383	1	1.0
4	442	1	1.0
4	451	1	1.0
4	488	1	1.0
4	508	1	1.0
4	548	1	1.0
4	571	1	1.0
4	836	1	1.0
4	856	1	1.0
4	915	1	1.0
4	1039	1	1.0
4	49	0	1.0
4	58	0	1.0
4	248	0	1.0
5	82	1	1.0
5	94	1	1.0
5	106	1	1.0
5	107	1	1.0
6	331	1	1.0
6	419	1	1.0
6	442	1	1.0
6	465	1	1.0
6	522	1	1.0
6	739	1	1.0
6	836	1	1.0
6	894	1	1.0
7	13	1	1.0
7	28	1	1.0
7	131	1	1.0
7	213	1	1.0
7	276	1	1.0
7	1317	1	1.0
7	58	0	1.0
7	236	0	1.0
8	11	1	1.0
8	12	1	1.0
8	16	1	1.0
8	19	1	1.0
8	27	1	1.0
8	28	1	1.0
8	33	1	1.0
8	46	1	1.0
8	61	1	1.0
8	63	1	1.0
8	67	1	1.0
8	75	1	1.0
8	77	1	1.0
8	80	1	1.0
8	94	1	1.0
8	106	1	1.0
8	107	1	1.0
8	109	1	1.0
8	117	1	1.0
8	123	1	1.0
8	174	1	1.0
8	287	1	1.0
8	299	1	1.0
8	301	1	1.0
8	304	1	1.0
8	306	1	1.0
8	49	0	1.0
8	122	0	1.0
9	11	1	1.0
9	14	1	1.0
9	27	1	1.0
9	46	1	1.0
9	60	1	1.0
9	65	1	1.0
9	77	1	1.0
9	102	1	1.0
9	106	1	1.0
9	107	1	1.0
9	131	1	1.0
9	147	1	1.0
9	167	1	1.0
9	209	1	1.0
9	213	1	1.0
9	216	1	1.0
9	221	1	1.0
9	233	1	1.0
9	242	1	1.0
9	276	1	1.0
9	306	1	1.0
9	316	1	1.0
9	331	1	1.0
9	339	1	1.0
9	343	1	1.0
9	345	1	1.0
9	379	1	1.0
9	380	1	1.0
9	392	1	1.0
9	394	1	1.0
9	429	1	1.0
9	437	1	1.0
9	445	1	1.0
9	451	1	1.0
9	456	1	1.0
9	465	1	1.0
9	488	1	1.0
9	548	1	1.0
9	599	1	1.0
9	787	1	1.0
9	911	1	1.0
9	915	1	1.0
9	916	1	1.0
9	1096	1	1.0
9	1111	1	1.0
9	1138	1	1.0
9	1152	1	1.0
9	1372	1	1.0
9	1388	1	1.0
9	1413	1	1.0
9	58	0	1.0
11	12	1	1.0
11	13	1	1.0
11	14	1	1.0
11	15	1	1.0
11	16	1	1.0
11	17	1	1.0
11	18	1	1.0
11	19	1	1.0
11	20	1	1.0
11	21	1	1.0
11	22	1	1.0
11	23	1	1.0
11	24	1	1.0
11	25	1	1.0
11	26	1	1.0
11	173	1	1.0
11	186	1	1.0
12	14	1	1.0
12	16	1	1.0
12	17	1	1.0
12	18	1	1.0
12	19	1	1.0
12	31	1	1.0
12	40	1	1.0
12	41	1	1.0
12	42	1	1.0
12	43	1	1.0
12	44	1	1.0
12	46	1	1.0
12	47	1	1.0
12	65	1	1.0
12	68	1	1.0
12	82	1	1.0
12	188	1	1.0
12	190	1	1.0
12	222	1	1.0
12	266	1	1.0
12	585	1	1.0
12	915	1	1.0
12	1110	1	1.0
12	45	0	1.0
12	58	0	1.0
13	14	1	1.0
13	16	1	1.0
13	23	1	1.0
13	28	1	1.0
13	40	1	1.0
13	46	1	1.0
13	63	1	1.0
13	67	1	1.0
13	90	1	1.0
13	99	1	1.0
13	108	1	1.0
13	117	1	1.0
13	130	1	1.0
13	131	1	1.0
13	134	1	1.0
13	151	1	1.0
13	167	1	1.0
13	173	1	1.0
13	175	1	1.0
13	178	1	1.0
13	184	1	1.0
13	186	1	1.0
13	188	1	1.0
13	190	1	1.0
13	210	1	1.0
13	214	1	1.0
13	217	1	1.0
13	221	1	1.0
13	224	1	1.0
13	233	1	1.0
13	276	1	1.0
13	279	1	1.0
13	297	1	1.0
13	306	1	1.0
13	326	1	1.0
13	331	1	1.0
13	335	1	1.0
13	344	1	1.0
13	345	1	1.0
13	350	1	1.0
13	357	1	1.0
13	365	1	1.0
13	366	1	1.0
13	368	1	1.0
13	376	1	1.0
13	383	1	1.0
13	419	1	1.0
13	421	1	1.0
13	422	1	1.0
13	429	1	1.0
13	438	1	1.0
13	442	1	1.0
13	447	1	1.0
13	470	1	1.0
13	476	1	1.0
13	494	1	1.0
13	495	1	1.0
13	502	1	1.0
13	508	1	1.0
13	513	1	1.0
13	514	1	1.0
13	522	1	1.0
13	525	1	1.0
13	537	1	1.0
13	543	1	1.0
13	577	1	1.0
13	591	1	1.0
13	599	1	1.0
13	604	1	1.0
13	605	1	1.0
13	624	1	1.0
13	635	1	1.0
13	673	1	1.0
13	682	1	1.0
13	714	1	1.0
13	716	1	1.0
13	721	1	1.0
13	722	1	1.0
13	747	1	1.0
13	782	1	1.0
13	801	1	1.0
13	808	1	1.0
13	811	1	1.0
13	827	1	1.0
13	832	1	1.0
13	911	1	1.0
13	916	1	1.0
13	946	1	1.0
13	953	1	1.0
13	968	1	1.0
13	981	1	1.0
13	1040	1	1.0
13	1042	1	1.0
13	1063	1	1.0
13	1087	1	1.0
13	1111	1	1.0
13	1122	1	1.0
13	1126	1	1.0
13	1174	1	1.0
13	1176	1	1.0
13	1217	1	1.0
13	1260	1	1.0
13	1275	1	1.0
13	1288	1	1.0
13	1317	1	1.0
13	1320	1	1.0
13	1337	1	1.0
13	1347	1	1.0
13	1359	1	1.0
13	1362	1	1.0
13	1372	1	1.0
13	1426	1	1.0
13	1427	1	1.0
13	1522	1	1.0
13	1573	1	1.0
13	1594	1	1.0
13	1648	1	1.0
13	1728	1	1.0
13	1729	1	1.0
13	1740	1	1.0
13	1743	1	1.0
13	1778	1	1.0
13	1816	1	1.0
13	1835	1	1.0
13	2009	1	1.0
13	2157	1	1.0
13	2190	1	1.0
13	2191	1	1.0
13	2265	1	1.0
13	2292	1	1.0
13	2477	1	1.0
13	2703	1	1.0
13	2745	1	1.0
13	2751	1	1.0
13	2802	1	1.0
13	2810	1	1.0
13	2844	1	1.0
13	2917	1	1.0
13	3297	1	1.0
13	3370	1	1.0
13	3562	1	1.0
13	3693	1	1.0
13	3815	1	1.0
13	3445	0	1.0
14	17	1	1.0
14	46	1	1.0
14	47	1	1.0
14	60	1	1.0
14	67	1	1.0
14	79	1	1.0
14	80	1	1.0
14	85	1	1.0
14	95	1	1.0
14	98	1	1.0
14	108	1	1.0
14	109	1	1.0
14	112	1	1.0
14	117	1	1.0
14	131	1	1.0
14	134	1	1.0
14	135	1	1.0
14	151	1	1.0
14	166	1	1.0
14	167	1	1.0
14	173	1	1.0
14	175	1	1.0
14	178	1	1.0
14	179	1	1.0
14	180	1	1.0
14	183	1	1.0
14	184	1	1.0
14	186	1	1.0
14	189	1	1.0
14	190	1	1.0
14	204	1	1.0
14	209	1	1.0
14	228	1	1.0
14	235	1	1.0
14	305	1	1.0
14	326	1	1.0
14	330	1	1.0
14	335	1	1.0
14	344	1	1.0
14	366	1	1.0
14	368	1	1.0
14	373	1	1.0
14	391	1	1.0
14	410	1	1.0
14	414	1	1.0
14	416	1	1.0
14	445	1	1.0
14	456	1	1.0
14	463	1	1.0
14	475	1	1.0
14	494	1	1.0
14	496	1	1.0
14	517	1	1.0
14	518	1	1.0
14	522	1	1.0
14	523	1	1.0
14	526	1	1.0
14	536	1	1.0
14	537	1	1.0
14	551	1	1.0
14	552	1	1.0
14	576	1	1.0
14	591	1	1.0
14	604	1	1.0
14	610	1	1.0
14	616	1	1.0
14	635	1	1.0
14	636	1	1.0
14	638	1	1.0
14	653	1	1.0
14	662	1	1.0
14	666	1	1.0
14	671	1	1.0
14	672	1	1.0
14	692	1	1.0
14	693	1	1.0
14	694	1	1.0
14	721	1	1.0
14	726	1	1.0
14	747	1	1.0
14	748	1	1.0
14	763	1	1.0
14	765	1	1.0
14	781	1	1.0
14	782	1	1.0
14	787	1	1.0
14	789	1	1.0
15	77	1	1.0
15	94	1	1.0
15	107	1	1.0
15	167	1	1.0
15	314	1	1.0
15	315	1	1.0
15	462	1	1.0
15	1729	1	1.0
15	2496	1	1.0
15	2788	1	1.0
16	19	1	1.0
16	28	1	1.0
16	120	1	1.0
16	204	1	1.0
16	304	1	1.0
16	314	1	1.0
16	591	1	1.0
16	1249	1	1.0
17	19	1	1.0
17	40	1	1.0
17	47	1	1.0
17	55	1	1.0
17	60	1	1.0
17	65	1	1.0
17	68	1	1.0
17	75	1	1.0
17	76	1	1.0
17	77	1	1.0
17	94	1	1.0
17	107	1	1.0
17	139	1	1.0
17	156	1	1.0
17	204	1	1.0
17	276	1	1.0
17	307	1	1.0
17	309	1	1.0
17	316	1	1.0
17	327	1	1.0
17	328	1	1.0
17	404	1	1.0
17	409	1	1.0
17	426	1	1.0
17	459	1	1.0
17	529	1	1.0
17	3130	1	1.0
17	49	0	1.0
17	265	0	1.0
17	308	0	1.0
18	28	1	1.0
18	94	1	1.0
18	107	1	1.0
18	117	1	1.0
19	28	1	1.0
19	40	1	1.0
19	46	1	1.0
19	60	1	1.0
19	65	1	1.0
19	68	1	1.0
19	75	1	1.0
19	77	1	1.0
19	94	1	1.0
19	102	1	1.0
19	106	1	1.0
19	107	1	1.0
19	109	1	1.0
19	110	1	1.0
19	117	1	1.0
19	123	1	1.0
19	134	1	1.0
19	151	1	1.0
19	157	1	1.0
19	162	1	1.0
19	166	1	1.0
19	167	1	1.0
19	173	1	1.0
19	174	1	1.0
19	175	1	1.0
19	179	1	1.0
19	180	1	1.0
19	183	1	1.0
19	184	1	1.0
19	186	1	1.0
19	188	1	1.0
19	204	1	1.0
19	207	1	1.0
19	208	1	1.0
19	209	1	1.0
19	210	1	1.0
19	214	1	1.0
19	216	1	1.0
19	224	1	1.0
19	279	1	1.0
19	287	1	1.0
19	288	1	1.0
19	289	1	1.0
19	299	1	1.0
19	301	1	1.0
19	306	1	1.0
19	348	1	1.0
19	350	1	1.0
19	352	1	1.0
19	58	0	1.0
19	165	0	1.0
19	354	0	1.0
20	442	1	1.0
21	68	1	1.0
21	183	1	1.0
21	184	1	1.0
21	233	1	1.0
21	476	1	1.0
21	915	1	1.0
21	982	1	1.0
21	1031	1	1.0
21	1129	1	1.0
21	1227	1	1.0
21	1518	1	1.0
21	2425	1	1.0
21	2630	1	1.0
21	1360	0	1.0
22	28	1	1.0
22	456	1	1.0
22	805	1	1.0
23	107	1	1.0
23	108	1	1.0
23	120	1	1.0
23	123	1	1.0
23	147	1	1.0
23	167	1	1.0
23	174	1	1.0
23	175	1	1.0
23	179	1	1.0
23	180	1	1.0
23	184	1	1.0
23	186	1	1.0
23	188	1	1.0
23	190	1	1.0
23	214	1	1.0
23	260	1	1.0
23	287	1	1.0
23	288	1	1.0
23	306	1	1.0
23	314	1	1.0
23	323	1	1.0
23	343	1	1.0
23	350	1	1.0
23	365	1	1.0
23	373	1	1.0
23	438	1	1.0
23	442	1	1.0
23	519	1	1.0
23	522	1	1.0
23	662	1	1.0
23	749	1	1.0
23	823	1	1.0
23	831	1	1.0
23	845	1	1.0
23	938	1	1.0
24	77	1	1.0
24	106	1	1.0
24	107	1	1.0
24	134	1	1.0
24	184	1	1.0
24	208	1	1.0
24	287	1	1.0
24	343	1	1.0
24	419	1	1.0
24	459	1	1.0
24	49	0	1.0
25	31	1	1.0
25	39	1	1.0
25	64	1	1.0
25	79	1	1.0
25	112	1	1.0
25	167	1	1.0
25	170	1	1.0
25	188	1	1.0
25	215	1	1.0
25	222	1	1.0
25	247	1	1.0
25	255	1	1.0
25	268	1	1.0
25	278	1	1.0
25	343	1	1.0
25	825	1	1.0
27	28	1	1.0
27	29	1	1.0
27	30	1	1.0
27	31	1	1.0
27	32	1	1.0
28	29	1	1.0
28	30	1	1.0
28	33	1	1.0
28	38	1	1.0
28	40	1	1.0
28	47	1	1.0
28	57	1	1.0
28	60	1	1.0
28	63	1	1.0
28	73	1	1.0
28	79	1	1.0
28	81	1	1.0
28	90	1	1.0
28	94	1	1.0
28	106	1	1.0
28	107	1	1.0
28	131	1	1.0
28	145	1	1.0
28	153	1	1.0
28	167	1	1.0
28	173	1	1.0
28	180	1	1.0
28	190	1	1.0
28	221	1	1.0
28	225	1	1.0
28	242	1	1.0
28	268	1	1.0
28	270	1	1.0
28	271	1	1.0
28	273	1	1.0
28	274	1	1.0
28	275	1	1.0
28	276	1	1.0
28	277	1	1.0
28	369	1	1.0
28	383	1	1.0
28	391	1	1.0
28	409	1	1.0
28	411	1	1.0
28	502	1	1.0
28	503	1	1.0
28	49	0	1.0
28	58	0	1.0
28	250	0	1.0
28	272	0	1.0
28	363	0	1.0
28	534	0	1.0
29	99	1	1.0
29	204	1	1.0
29	276	1	1.0
29	348	1	1.0
29	419	1	1.0
30	40	1	1.0
30	46	1	1.0
30	75	1	1.0
30	117	1	1.0
30	130	1	1.0
30	134	1	1.0
30	445	1	1.0
30	1039	1	1.0
30	1227	1	1.0
30	2604	1	1.0
30	2917	1	1.0
30	3837	1	1.0
30	49	0	1.0
30	58	0	1.0
31	77	1	1.0
31	99	1	1.0
31	107	1	1.0
31	127	1	1.0
31	167	1	1.0
31	174	1	1.0
31	175	1	1.0
31	179	1	1.0
31	184	1	1.0
31	208	1	1.0
31	214	1	1.0
31	276	1	1.0
31	287	1	1.0
31	301	1	1.0
31	379	1	1.0
31	383	1	1.0
31	447	1	1.0
31	470	1	1.0
31	492	1	1.0
31	493	1	1.0
31	540	1	1.0
31	577	1	1.0
31	589	1	1.0
31	633	1	1.0
31	714	1	1.0
31	733	1	1.0
31	771	1	1.0
31	787	1	1.0
31	789	1	1.0
31	848	1	1.0
31	852	1	1.0
31	865	1	1.0
31	951	1	1.0
31	966	1	1.0
31	996	1	1.0
31	1019	1	1.0
31	1083	1	1.0
31	1227	1	1.0
31	1254	1	1.0
31	1388	1	1.0
31	1460	1	1.0
31	1473	1	1.0
31	1479	1	1.0
31	1484	1	1.0
31	1507	1	1.0
31	1701	1	1.0
31	1893	1	1.0
31	2711	1	1.0
31	2972	1	1.0
32	810	1	1.0
32	915	1	1.0
32	3559	1	1.0
33	60	1	1.0
33	65	1	1.0
33	94	1	1.0
33	117	1	1.0
33	120	1	1.0
33	134	1	1.0
33	139	1	1.0
33	166	1	1.0
33	167	1	1.0
33	173	1	1.0
33	174	1	1.0
33	175	1	1.0
33	180	1	1.0
33	183	1	1.0
33	186	1	1.0
33	188	1	1.0
33	190	1	1.0
33	209	1	1.0
33	210	1	1.0
33	216	1	1.0
33	288	1	1.0
33	289	1	1.0
33	301	1	1.0
33	303	1	1.0
33	306	1	1.0
33	310	1	1.0
33	314	1	1.0
33	323	1	1.0
33	325	1	1.0
33	327	1	1.0
33	328	1	1.0
33	343	1	1.0
33	345	1	1.0
33	347	1	1.0
33	350	1	1.0
33	352	1	1.0
33	361	1	1.0
33	376	1	1.0
33	386	1	1.0
33	387	1	1.0
33	389	1	1.0
33	1383	1	1.0
33	1729	1	1.0
33	1816	1	1.0
33	2001	1	1.0
33	2126	1	1.0
33	2144	1	1.0
33	2262	1	1.0
33	2745	1	1.0
33	2763	1	1.0
33	2821	1	1.0
33	58	0	1.0
33	241	0	1.0
33	354	0	1.0
34	228	0	1.0
34	580	0	1.0
34	647	0	1.0
34	764	0	1.0
35	46	1	1.0
36	117	1	1.0
36	179	1	1.0
36	186	1	1.0
37	250	1	1.0
38	102	1	1.0
38	107	1	1.0
38	135	1	1.0
38	167	1	1.0
38	184	1	1.0
38	260	1	1.0
38	331	1	1.0
38	365	1	1.0
38	383	1	1.0
38	419	1	1.0
38	442	1	1.0
38	450	1	1.0
38	459	1	1.0
38	502	1	1.0
38	49	0	1.0
38	236	0	1.0
38	250	0	1.0
38	254	0	1.0
38	455	0	1.0
38	534	0	1.0
39	310	1	1.0
39	323	1	1.0
39	335	1	1.0
39	361	1	1.0
39	451	1	1.0
39	459	1	1.0
39	604	1	1.0
39	716	1	1.0
39	825	1	1.0
39	968	1	1.0
39	1898	1	1.0
40	53	1	1.0
40	55	1	1.0
40	61	1	1.0
40	65	1	1.0
40	67	1	1.0
40	77	1	1.0
40	84	1	1.0
40	90	1	1.0
40	102	1	1.0
40	105	1	1.0
40	107	1	1.0
40	108	1	1.0
40	120	1	1.0
40	129	1	1.0
40	130	1	1.0
40	134	1	1.0
40	135	1	1.0
40	139	1	1.0
40	141	1	1.0
40	142	1	1.0
40	143	1	1.0
40	144	1	1.0
40	147	1	1.0
40	151	1	1.0
40	167	1	1.0
40	190	1	1.0
40	216	1	1.0
40	221	1	1.0
40	279	1	1.0
40	306	1	1.0
40	328	1	1.0
40	339	1	1.0
40	340	1	1.0
40	343	1	1.0
40	348	1	1.0
40	350	1	1.0
40	352	1	1.0
40	376	1	1.0
40	379	1	1.0
40	380	1	1.0
40	383	1	1.0
40	387	1	1.0
40	404	1	1.0
40	412	1	1.0
40	419	1	1.0
40	442	1	1.0
40	495	1	1.0
40	49	0	1.0
40	58	0	1.0
40	140	0	1.0
40	320	0	1.0
41	174	1	1.0
41	255	1	1.0
41	260	1	1.0
41	1479	1	1.0
42	82	1	1.0
42	117	1	1.0
42	184	1	1.0
42	198	1	1.0
42	254	0	1.0
46	63	1	1.0
46	74	1	1.0
46	77	1	1.0
46	134	1	1.0
46	749	1	1.0
46	1126	1	1.0
46	1364	1	1.0
46	1702	1	1.0
46	534	0	1.0
46	603	0	1.0
46	660	0	1.0
46	1952	0	1.0
46	1974	0	1.0
47	107	1	1.0
47	131	1	1.0
47	150	1	1.0
47	221	1	1.0
47	260	1	1.0
47	276	1	1.0
47	279	1	1.0
47	285	1	1.0
47	335	1	1.0
47	383	1	1.0
47	390	1	1.0
47	391	1	1.0
47	488	1	1.0
47	502	1	1.0
47	523	1	1.0
47	529	1	1.0
47	574	1	1.0
47	576	1	1.0
47	577	1	1.0
47	635	1	1.0
47	782	1	1.0
47	864	1	1.0
47	870	1	1.0
47	871	1	1.0
47	1146	1	1.0
47	1517	1	1.0
47	1522	1	1.0
47	236	0	1.0
48	77	1	1.0
49	68	0	1.0
49	95	0	1.0
49	101	0	1.0
49	102	0	1.0
49	106	0	1.0
49	107	0	1.0
49	109	0	1.0
49	110	0	1.0
49	117	0	1.0
49	123	0	1.0
49	129	0	1.0
49	130	0	1.0
49	143	0	1.0
49	145	0	1.0
49	146	0	1.0
49	147	0	1.0
49	157	0	1.0
49	167	0	1.0
49	190	0	1.0
49	198	0	1.0
49	204	0	1.0
49	224	0	1.0
49	276	0	1.0
49	327	0	1.0
49	328	0	1.0
49	344	0	1.0
49	347	0	1.0
49	373	0	1.0
49	404	0	1.0
49	412	0	1.0
49	442	0	1.0
49	457	0	1.0
49	493	0	1.0
49	641	0	1.0
49	1083	0	1.0
49	1117	0	1.0
49	1174	0	1.0
49	1522	0	1.0
50	179	1	1.0
50	279	1	1.0
51	99	1	1.0
51	343	1	1.0
51	250	0	1.0
52	422	1	1.0
53	108	1	1.0
53	167	1	1.0
53	184	1	1.0
53	297	1	1.0
53	339	1	1.0
53	345	1	1.0
53	350	1	1.0
53	361	1	1.0
53	376	1	1.0
53	387	1	1.0
53	890	1	1.0
53	910	1	1.0
53	1071	1	1.0
53	1437	1	1.0
53	1460	1	1.0
53	1816	1	1.0
53	2302	1	1.0
53	2373	1	1.0
53	2728	1	1.0
53	2810	1	1.0
53	3138	1	1.0
53	3160	1	1.0
53	3246	1	1.0
53	3479	1	1.0
53	3557	1	1.0
53	58	0	1.0
53	248	0	1.0
53	354	0	1.0
53	1330	0	1.0
53	2659	0	1.0
53	3303	0	1.0
54	248	0	1.0
55	131	1	1.0
55	173	1	1.0
55	175	1	1.0
55	179	1	1.0
55	255	1	1.0
55	316	1	1.0
55	347	1	1.0
55	442	1	1.0
55	470	1	1.0
55	521	1	1.0
55	523	1	1.0
55	747	1	1.0
55	236	0	1.0
56	196	1	1.0
56	233	1	1.0
56	315	1	1.0
56	394	1	1.0
56	512	1	1.0
56	646	1	1.0
56	671	1	1.0
56	732	1	1.0
56	871	1	1.0
56	880	1	1.0
56	921	1	1.0
56	926	1	1.0
56	1041	1	1.0
56	1061	1	1.0
56	1071	1	1.0
56	1103	1	1.0
56	1122	1	1.0
56	1126	1	1.0
56	1158	1	1.0
56	1174	1	1.0
56	1187	1	1.0
56	1215	1	1.0
56	1272	1	1.0
56	1275	1	1.0
56	1288	1	1.0
56	1335	1	1.0
56	1347	1	1.0
56	1356	1	1.0
56	1359	1	1.0
56	1361	1	1.0
56	1364	1	1.0
56	1372	1	1.0
56	1380	1	1.0
56	1409	1	1.0
56	1424	1	1.0
56	1426	1	1.0
56	1464	1	1.0
56	1473	1	1.0
56	1478	1	1.0
56	1479	1	1.0
56	1504	1	1.0
56	1514	1	1.0
56	1516	1	1.0
56	1518	1	1.0
56	1522	1	1.0
56	1533	1	1.0
56	1565	1	1.0
56	1582	1	1.0
56	1584	1	1.0
56	1589	1	1.0
56	1594	1	1.0
56	1638	1	1.0
56	1666	1	1.0
56	1702	1	1.0
56	1727	1	1.0
56	1729	1	1.0
56	1730	1	1.0
56	1740	1	1.0
56	1743	1	1.0
56	1799	1	1.0
56	1808	1	1.0
56	1816	1	1.0
56	1898	1	1.0
56	1911	1	1.0
56	1939	1	1.0
56	1970	1	1.0
56	1994	1	1.0
56	2000	1	1.0
56	2040	1	1.0
56	2084	1	1.0
56	2126	1	1.0
56	2169	1	1.0
56	2190	1	1.0
56	2224	1	1.0
56	2260	1	1.0
56	2400	1	1.0
56	2487	1	1.0
56	2660	1	1.0
56	2745	1	1.0
56	2866	1	1.0
56	1232	0	1.0
56	1876	0	1.0
57	210	1	1.0
58	59	0	1.0
58	60	0	1.0
58	61	0	1.0
58	62	0	1.0
58	63	0	1.0
58	64	0	1.0
58	65	0	1.0
58	66	0	1.0
58	67	0	1.0
60	65	1	1.0
60	67	1	1.0
60	83	1	1.0
60	84	1	1.0
60	91	1	1.0
60	96	1	1.0
60	108	1	1.0
60	134	1	1.0
60	148	1	1.0
60	149	1	1.0
60	150	1	1.0
60	151	1	1.0
60	152	1	1.0
60	153	1	1.0
60	154	1	1.0
60	155	1	1.0
60	186	1	1.0
60	190	1	1.0
60	304	1	1.0
61	82	1	1.0
61	109	1	1.0
61	110	1	1.0
61	147	1	1.0
61	157	1	1.0
61	214	1	1.0
61	222	1	1.0
61	301	1	1.0
61	635	1	1.0
61	860	1	1.0
61	865	1	1.0
61	996	1	1.0
61	1019	1	1.0
61	2265	1	1.0
61	2479	1	1.0
61	2700	1	1.0
61	2761	1	1.0
61	2821	1	1.0
61	2850	1	1.0
61	2890	1	1.0
61	3096	1	1.0
61	3282	1	1.0
61	3074	0	1.0
61	3164	0	1.0
61	3180	0	1.0
61	3199	0	1.0
61	3236	0	1.0
61	3309	0	1.0
63	75	1	1.0
63	77	1	1.0
63	99	1	1.0
63	102	1	1.0
63	106	1	1.0
63	107	1	1.0
63	108	1	1.0
63	117	1	1.0
63	127	1	1.0
63	131	1	1.0
63	167	1	1.0
63	173	1	1.0
63	221	1	1.0
63	222	1	1.0
63	242	1	1.0
63	279	1	1.0
63	288	1	1.0
63	306	1	1.0
63	331	1	1.0
63	344	1	1.0
63	347	1	1.0
63	350	1	1.0
63	376	1	1.0
63	379	1	1.0
63	387	1	1.0
63	412	1	1.0
63	417	1	1.0
63	419	1	1.0
63	442	1	1.0
63	449	1	1.0
63	451	1	1.0
63	456	1	1.0
63	494	1	1.0
63	599	1	1.0
63	604	1	1.0
63	717	1	1.0
63	747	1	1.0
63	916	1	1.0
63	455	0	1.0
63	603	0	1.0
64	99	1	1.0
64	107	1	1.0
64	130	1	1.0
64	221	1	1.0
64	222	1	1.0
64	316	1	1.0
64	350	1	1.0
64	386	1	1.0
64	389	1	1.0
64	392	1	1.0
64	409	1	1.0
64	417	1	1.0
64	426	1	1.0
64	470	1	1.0
64	502	1	1.0
64	805	1	1.0
64	2745	1	1.0
64	100	0	1.0
64	501	0	1.0
65	71	1	1.0
65	92	1	1.0
65	110	1	1.0
65	151	1	1.0
65	157	1	1.0
65	162	1	1.0
65	167	1	1.0
65	180	1	1.0
65	183	1	1.0
65	188	1	1.0
65	190	1	1.0
65	201	1	1.0
65	204	1	1.0
65	206	1	1.0
65	214	1	1.0
65	306	1	1.0
65	118	0	1.0
65	165	0	1.0
67	94	1	1.0
67	106	1	1.0
67	107	1	1.0
67	117	1	1.0
67	127	1	1.0
67	151	1	1.0
67	167	1	1.0
67	173	1	1.0
67	175	1	1.0
67	179	1	1.0
67	180	1	1.0
67	183	1	1.0
67	184	1	1.0
67	186	1	1.0
67	188	1	1.0
67	190	1	1.0
67	217	1	1.0
67	285	1	1.0
67	288	1	1.0
67	289	1	1.0
67	306	1	1.0
67	329	1	1.0
67	330	1	1.0
67	335	1	1.0
67	365	1	1.0
67	368	1	1.0
67	416	1	1.0
67	419	1	1.0
67	429	1	1.0
67	456	1	1.0
67	465	1	1.0
67	508	1	1.0
67	519	1	1.0
67	521	1	1.0
67	551	1	1.0
67	662	1	1.0
67	692	1	1.0
67	747	1	1.0
67	763	1	1.0
67	787	1	1.0
67	801	1	1.0
67	834	1	1.0
67	845	1	1.0
67	996	1	1.0
67	1122	1	1.0
67	1217	1	1.0
67	2810	1	1.0
67	3144	1	1.0
67	3229	1	1.0
68	69	1	1.0
68	70	1	1.0
68	134	1	1.0
68	135	1	1.0
68	139	1	1.0
68	365	1	1.0
68	412	1	1.0
68	493	1	1.0
68	502	1	1.0
68	522	1	1.0
68	523	1	1.0
68	529	1	1.0
68	580	1	1.0
68	714	1	1.0
68	722	1	1.0
68	832	1	1.0
68	926	1	1.0
68	940	1	1.0
68	1072	1	1.0
68	1288	1	1.0
68	1317	1	1.0
68	1320	1	1.0
68	1419	1	1.0
68	1473	1	1.0
68	1533	1	1.0
68	1885	1	1.0
68	1970	1	1.0
68	2496	1	1.0
68	2620	1	1.0
68	1033	0	1.0
69	184	1	1.0
69	326	1	1.0
69	721	1	1.0
69	789	1	1.0
69	865	1	1.0
69	2505	1	1.0
71	135	1	1.0
71	188	1	1.0
71	326	1	1.0
71	344	1	1.0
71	365	1	1.0
71	366	1	1.0
71	369	1	1.0
71	386	1	1.0
71	442	1	1.0
71	523	1	1.0
71	573	1	1.0
71	795	1	1.0
71	826	1	1.0
71	1364	1	1.0
72	763	1	1.0
72	236	0	1.0
72	250	0	1.0
73	429	1	1.0
73	494	1	1.0
73	577	1	1.0
73	748	1	1.0
73	749	1	1.0
73	789	1	1.0
73	865	1	1.0
73	940	1	1.0
73	1320	1	1.0
73	1347	1	1.0
73	640	0	1.0
73	759	0	1.0
73	1711	0	1.0
74	77	1	1.0
74	100	0	1.0
75	666	1	1.0
75	667	1	1.0
75	668	1	1.0
75	916	1	1.0
75	1041	1	1.0
75	3268	1	1.0
75	3189	0	1.0
77	344	1	1.0
77	385	1	1.0
77	442	1	1.0
77	522	1	1.0
77	1517	1	1.0
77	455	0	1.0
78	184	1	1.0
78	386	1	1.0
78	457	1	1.0
78	459	1	1.0
78	513	1	1.0
78	522	1	1.0
78	641	1	1.0
78	657	1	1.0
78	714	1	1.0
78	850	1	1.0
78	865	1	1.0
78	915	1	1.0
78	940	1	1.0
78	967	1	1.0
78	1046	1	1.0
78	1072	1	1.0
78	1083	1	1.0
78	1122	1	1.0
78	1159	1	1.0
78	1166	1	1.0
78	1191	1	1.0
78	1216	1	1.0
78	1227	1	1.0
78	1243	1	1.0
78	1249	1	1.0
78	1300	1	1.0
78	1321	1	1.0
78	1359	1	1.0
78	1361	1	1.0
78	1380	1	1.0
78	1419	1	1.0
78	1425	1	1.0
78	1478	1	1.0
78	1511	1	1.0
78	1589	1	1.0
78	1638	1	1.0
78	1667	1	1.0
78	1673	1	1.0
78	1701	1	1.0
78	1733	1	1.0
78	1743	1	1.0
78	1752	1	1.0
78	1798	1	1.0
78	1804	1	1.0
78	1898	1	1.0
78	1934	1	1.0
78	2299	1	1.0
78	2399	1	1.0
78	100	0	1.0
78	236	0	1.0
78	532	0	1.0
79	82	1	1.0
79	99	1	1.0
79	107	1	1.0
79	242	1	1.0
79	326	1	1.0
79	331	1	1.0
79	368	1	1.0
79	391	1	1.0
79	414	1	1.0
79	417	1	1.0
79	419	1	1.0
79	429	1	1.0
79	449	1	1.0
79	450	1	1.0
79	470	1	1.0
79	493	1	1.0
79	502	1	1.0
79	503	1	1.0
79	521	1	1.0
79	522	1	1.0
79	591	1	1.0
79	599	1	1.0
79	667	1	1.0
79	692	1	1.0
79	841	1	1.0
79	865	1	1.0
79	1023	1	1.0
79	1066	1	1.0
79	1110	1	1.0
79	1138	1	1.0
80	217	1	1.0
80	330	1	1.0
80	368	1	1.0
80	416	1	1.0
80	429	1	1.0
80	442	1	1.0
80	456	1	1.0
80	498	1	1.0
80	577	1	1.0
80	591	1	1.0
80	599	1	1.0
80	621	1	1.0
80	624	1	1.0
80	635	1	1.0
80	717	1	1.0
80	747	1	1.0
80	771	1	1.0
80	781	1	1.0
80	782	1	1.0
80	787	1	1.0
80	809	1	1.0
80	845	1	1.0
81	150	1	1.0
81	186	1	1.0
81	190	1	1.0
81	313	1	1.0
81	577	1	1.0
81	604	1	1.0
81	657	1	1.0
81	915	1	1.0
81	926	1	1.0
81	1071	1	1.0
81	1083	1	1.0
81	1111	1	1.0
81	1146	1	1.0
81	1174	1	1.0
81	1359	1	1.0
81	1722	1	1.0
81	1835	1	1.0
81	2706	1	1.0
81	3732	1	1.0
81	165	0	1.0
81	532	0	1.0
82	95	1	1.0
82	99	1	1.0
82	101	1	1.0
82	102	1	1.0
82	103	1	1.0
82	114	1	1.0
82	120	1	1.0
82	125	1	1.0
82	147	1	1.0
82	152	1	1.0
82	174	1	1.0
82	188	1	1.0
82	198	1	1.0
82	213	1	1.0
82	217	1	1.0
82	219	1	1.0
82	220	1	1.0
82	221	1	1.0
82	222	1	1.0
82	223	1	1.0
82	279	1	1.0
82	287	1	1.0
82	306	1	1.0
82	365	1	1.0
82	376	1	1.0
82	379	1	1.0
82	412	1	1.0
82	419	1	1.0
82	438	1	1.0
82	470	1	1.0
82	502	1	1.0
82	522	1	1.0
82	523	1	1.0
82	792	1	1.0
82	929	1	1.0
82	962	1	1.0
82	996	1	1.0
82	1039	1	1.0
82	1086	1	1.0
82	1126	1	1.0
82	1807	1	1.0
82	2157	1	1.0
82	2190	1	1.0
82	2262	1	1.0
82	2733	1	1.0
82	2802	1	1.0
82	2890	1	1.0
82	2949	1	1.0
82	473	0	1.0
82	501	0	1.0
82	515	0	1.0
83	131	1	1.0
83	157	1	1.0
83	276	1	1.0
84	94	1	1.0
84	117	1	1.0
84	157	1	1.0
84	167	1	1.0
84	190	1	1.0
84	476	1	1.0
84	610	1	1.0
84	621	1	1.0
84	624	1	1.0
84	667	1	1.0
84	749	1	1.0
84	771	1	1.0
84	787	1	1.0
84	823	1	1.0
84	860	1	1.0
84	940	1	1.0
84	983	1	1.0
84	1108	1	1.0
84	1179	1	1.0
84	1335	1	1.0
84	1338	1	1.0
84	1364	1	1.0
84	1388	1	1.0
84	1504	1	1.0
84	1573	1	1.0
84	1640	1	1.0
84	1667	1	1.0
84	1740	1	1.0
85	109	1	1.0
85	117	1	1.0
85	221	1	1.0
85	233	1	1.0
85	330	1	1.0
85	383	1	1.0
85	437	1	1.0
85	476	1	1.0
85	662	1	1.0
85	789	1	1.0
85	1196	1	1.0
85	1805	1	1.0
85	2917	1	1.0
85	3023	1	1.0
85	3594	1	1.0
85	3732	1	1.0
85	3809	1	1.0
85	1025	0	1.0
85	3782	0	1.0
85	3800	0	1.0
86	391	1	1.0
87	966	1	1.0
88	167	1	1.0
89	592	0	1.0
89	996	0	1.0
89	1042	0	1.0
90	107	1	1.0
90	276	1	1.0
90	350	1	1.0
90	392	1	1.0
90	419	1	1.0
90	431	1	1.0
90	503	1	1.0
90	537	1	1.0
91	210	1	1.0
92	147	1	1.0
92	340	1	1.0
92	668	1	1.0
93	326	1	1.0
93	369	1	1.0
93	599	1	1.0
94	95	1	1.0
94	391	1	1.0
94	470	1	1.0
94	748	1	1.0
94	1807	1	1.0
95	107	1	1.0
95	127	1	1.0
95	134	1	1.0
95	158	1	1.0
95	255	1	1.0
95	285	1	1.0
95	344	1	1.0
95	352	1	1.0
95	391	1	1.0
95	435	1	1.0
95	496	1	1.0
95	503	1	1.0
95	517	1	1.0
95	522	1	1.0
95	523	1	1.0
95	533	1	1.0
95	571	1	1.0
95	574	1	1.0
95	583	1	1.0
95	604	1	1.0
95	717	1	1.0
95	792	1	1.0
95	795	1	1.0
95	798	1	1.0
95	807	1	1.0
95	810	1	1.0
95	864	1	1.0
95	916	1	1.0
95	927	1	1.0
95	933	1	1.0
95	937	1	1.0
95	938	1	1.0
95	948	1	1.0
95	953	1	1.0
95	956	1	1.0
95	958	1	1.0
95	964	1	1.0
95	981	1	1.0
95	1006	1	1.0
95	1039	1	1.0
95	1040	1	1.0
95	1176	1	1.0
95	1254	1	1.0
95	1260	1	1.0
95	1296	1	1.0
95	1317	1	1.0
95	1347	1	1.0
95	1372	1	1.0
95	248	0	1.0
95	354	0	1.0
95	1144	0	1.0
95	1257	0	1.0
96	151	1	1.0
96	183	1	1.0
96	190	1	1.0
96	306	1	1.0
96	310	1	1.0
97	1484	0	1.0
97	1724	0	1.0
97	1830	0	1.0
97	2010	0	1.0
97	2487	0	1.0
98	151	1	1.0
98	228	1	1.0
98	366	1	1.0
98	373	1	1.0
98	405	1	1.0
98	425	1	1.0
98	494	1	1.0
98	526	1	1.0
98	551	1	1.0
98	636	1	1.0
98	653	1	1.0
98	662	1	1.0
99	101	1	1.0
99	131	1	1.0
99	156	1	1.0
99	164	1	1.0
99	174	1	1.0
99	184	1	1.0
99	204	1	1.0
99	269	1	1.0
99	441	1	1.0
99	446	1	1.0
99	789	1	1.0
100	115	0	1.0
100	198	0	1.0
100	318	0	1.0
100	382	0	1.0
100	385	0	1.0
101	102	1	1.0
101	108	1	1.0
101	120	1	1.0
101	180	1	1.0
101	184	1	1.0
101	188	1	1.0
101	190	1	1.0
101	221	1	1.0
101	276	1	1.0
101	279	1	1.0
101	316	1	1.0
101	319	1	1.0
101	339	1	1.0
101	391	1	1.0
101	503	1	1.0
101	604	1	1.0
101	733	1	1.0
101	785	1	1.0
101	1101	1	1.0
101	2527	1	1.0
101	2763	1	1.0
101	3291	1	1.0
102	131	1	1.0
102	134	1	1.0
102	139	1	1.0
102	147	1	1.0
102	151	1	1.0
102	157	1	1.0
102	222	1	1.0
102	286	1	1.0
102	299	1	1.0
102	303	1	1.0
102	306	1	1.0
102	316	1	1.0
102	321	1	1.0
102	352	1	1.0
102	380	1	1.0
102	387	1	1.0
102	438	1	1.0
102	442	1	1.0
103	173	1	1.0
103	184	1	1.0
103	233	1	1.0
103	279	1	1.0
103	299	1	1.0
103	387	1	1.0
103	394	1	1.0
103	540	1	1.0
103	1103	1	1.0
103	1409	1	1.0
103	1413	1	1.0
103	1424	1	1.0
103	3226	1	1.0
103	3499	1	1.0
103	3792	1	1.0
104	162	1	1.0
108	120	1	1.0
108	134	1	1.0
108	139	1	1.0
108	174	1	1.0
108	198	1	1.0
108	217	1	1.0
108	221	1	1.0
108	276	1	1.0
108	287	1	1.0
108	289	1	1.0
108	299	1	1.0
108	313	1	1.0
108	315	1	1.0
108	318	1	1.0
108	323	1	1.0
108	325	1	1.0
108	327	1	1.0
108	328	1	1.0
108	329	1	1.0
108	331	1	1.0
108	339	1	1.0
108	340	1	1.0
108	345	1	1.0
108	347	1	1.0
108	348	1	1.0
108	350	1	1.0
108	376	1	1.0
108	379	1	1.0
108	380	1	1.0
108	386	1	1.0
108	387	1	1.0
108	389	1	1.0
108	392	1	1.0
108	394	1	1.0
108	404	1	1.0
108	412	1	1.0
108	419	1	1.0
108	450	1	1.0
108	459	1	1.0
108	522	1	1.0
108	666	1	1.0
108	792	1	1.0
108	795	1	1.0
108	834	1	1.0
108	996	1	1.0
108	1039	1	1.0
108	1061	1	1.0
108	1426	1	1.0
108	2438	1	1.0
109	110	1	1.0
109	111	1	1.0
109	123	1	1.0
109	151	1	1.0
109	198	1	1.0
109	313	1	1.0
109	314	1	1.0
110	111	1	1.0
110	551	1	1.0
111	1321	1	1.0
112	147	1	1.0
112	348	1	1.0
112	361	1	1.0
112	389	1	1.0
112	529	1	1.0
112	577	1	1.0
112	983	1	1.0
112	1333	1	1.0
112	2009	1	1.0
112	3035	1	1.0
112	3212	1	1.0
113	213	1	1.0
113	373	1	1.0
113	435	1	1.0
113	438	1	1.0
113	492	1	1.0
113	668	1	1.0
113	916	1	1.0
113	921	1	1.0
113	964	1	1.0
113	1473	1	1.0
113	1835	1	1.0
114	492	1	1.0
115	151	1	1.0
115	188	1	1.0
115	213	1	1.0
115	221	1	1.0
115	222	1	1.0
115	276	1	1.0
115	314	1	1.0
115	365	1	1.0
115	391	1	1.0
115	419	1	1.0
115	470	1	1.0
115	508	1	1.0
115	523	1	1.0
115	884	1	1.0
115	915	1	1.0
115	916	1	1.0
116	445	1	1.0
116	492	1	1.0
116	493	1	1.0
116	667	1	1.0
116	668	1	1.0
116	722	1	1.0
116	1041	1	1.0
116	1091	1	1.0
116	1288	1	1.0
116	1582	1	1.0
116	2138	1	1.0
117	118	0	1.0
119	326	1	1.0
119	450	1	1.0
120	131	1	1.0
120	139	1	1.0
120	147	1	1.0
120	204	1	1.0
120	208	1	1.0
120	209	1	1.0
120	214	1	1.0
120	216	1	1.0
120	242	1	1.0
120	288	1	1.0
120	289	1	1.0
120	297	1	1.0
120	312	1	1.0
120	326	1	1.0
120	345	1	1.0
120	376	1	1.0
120	411	1	1.0
120	419	1	1.0
120	422	1	1.0
120	476	1	1.0
120	519	1	1.0
120	521	1	1.0
120	523	1	1.0
120	529	1	1.0
120	771	1	1.0
120	921	1	1.0
120	1066	1	1.0
120	1087	1	1.0
120	1179	1	1.0
120	1299	1	1.0
120	1317	1	1.0
120	1320	1	1.0
120	1573	1	1.0
120	2302	1	1.0
120	3562	1	1.0
120	532	0	1.0
121	397	1	1.0
122	123	0	1.0
122	162	0	1.0
124	1478	1	1.0
124	1522	1	1.0
124	1808	1	1.0
124	2036	1	1.0
124	2050	1	1.0
124	2056	1	1.0
124	2087	1	1.0
124	2224	1	1.0
124	2260	1	1.0
124	2291	0	1.0
125	495	1	1.0
125	236	0	1.0
126	764	1	1.0
126	767	1	1.0
127	228	1	1.0
127	329	1	1.0
127	385	1	1.0
127	422	1	1.0
127	454	1	1.0
127	522	1	1.0
127	526	1	1.0
127	579	1	1.0
127	580	1	1.0
127	616	1	1.0
127	646	1	1.0
127	678	1	1.0
127	709	1	1.0
127	714	1	1.0
127	728	1	1.0
127	795	1	1.0
127	810	1	1.0
127	929	1	1.0
127	2795	0	1.0
128	361	1	1.0
128	526	1	1.0
128	605	1	1.0
128	870	1	1.0
128	875	1	1.0
128	879	1	1.0
130	131	1	1.0
130	133	1	1.0
130	134	1	1.0
130	135	1	1.0
130	136	1	1.0
130	137	1	1.0
130	138	1	1.0
130	139	1	1.0
130	132	0	1.0
130	246	0	1.0
131	134	1	1.0
131	135	1	1.0
131	158	1	1.0
131	217	1	1.0
131	221	1	1.0
131	233	1	1.0
131	276	1	1.0
131	297	1	1.0
131	326	1	1.0
131	330	1	1.0
131	335	1	1.0
131	344	1	1.0
131	349	1	1.0
131	365	1	1.0
131	366	1	1.0
131	368	1	1.0
131	383	1	1.0
131	387	1	1.0
131	390	1	1.0
131	391	1	1.0
131	419	1	1.0
131	422	1	1.0
131	438	1	1.0
131	441	1	1.0
131	442	1	1.0
131	445	1	1.0
131	446	1	1.0
131	447	1	1.0
131	459	1	1.0
131	470	1	1.0
131	476	1	1.0
131	494	1	1.0
131	498	1	1.0
131	502	1	1.0
131	508	1	1.0
131	512	1	1.0
131	522	1	1.0
131	523	1	1.0
131	525	1	1.0
131	536	1	1.0
131	540	1	1.0
131	542	1	1.0
131	543	1	1.0
131	551	1	1.0
131	577	1	1.0
131	604	1	1.0
131	621	1	1.0
131	647	1	1.0
131	662	1	1.0
131	726	1	1.0
131	734	1	1.0
131	747	1	1.0
131	748	1	1.0
131	771	1	1.0
131	782	1	1.0
131	787	1	1.0
131	789	1	1.0
131	801	1	1.0
131	832	1	1.0
131	842	1	1.0
131	845	1	1.0
131	852	1	1.0
131	860	1	1.0
131	879	1	1.0
131	884	1	1.0
131	894	1	1.0
131	980	1	1.0
131	1039	1	1.0
131	1066	1	1.0
131	1129	1	1.0
131	1146	1	1.0
131	1217	1	1.0
131	1222	1	1.0
131	1227	1	1.0
131	1409	1	1.0
131	1424	1	1.0
131	1573	1	1.0
131	1733	1	1.0
131	2696	1	1.0
131	2751	1	1.0
131	1257	0	1.0
134	139	1	1.0
134	143	1	1.0
134	148	1	1.0
134	150	1	1.0
134	158	1	1.0
134	174	1	1.0
134	178	1	1.0
134	181	1	1.0
134	212	1	1.0
134	213	1	1.0
134	217	1	1.0
134	221	1	1.0
134	242	1	1.0
134	276	1	1.0
134	287	1	1.0
134	302	1	1.0
134	310	1	1.0
134	326	1	1.0
134	329	1	1.0
134	331	1	1.0
134	349	1	1.0
134	355	1	1.0
134	356	1	1.0
134	365	1	1.0
134	366	1	1.0
134	368	1	1.0
134	376	1	1.0
134	379	1	1.0
134	380	1	1.0
134	383	1	1.0
134	385	1	1.0
134	389	1	1.0
134	392	1	1.0
134	394	1	1.0
134	404	1	1.0
134	412	1	1.0
134	416	1	1.0
134	417	1	1.0
134	419	1	1.0
134	422	1	1.0
134	438	1	1.0
134	442	1	1.0
134	451	1	1.0
134	456	1	1.0
134	459	1	1.0
134	488	1	1.0
134	491	1	1.0
134	492	1	1.0
134	495	1	1.0
134	502	1	1.0
134	508	1	1.0
134	517	1	1.0
134	519	1	1.0
134	521	1	1.0
134	522	1	1.0
134	523	1	1.0
134	525	1	1.0
134	526	1	1.0
134	542	1	1.0
134	571	1	1.0
134	576	1	1.0
134	577	1	1.0
134	591	1	1.0
134	604	1	1.0
134	605	1	1.0
134	621	1	1.0
134	624	1	1.0
134	637	1	1.0
134	657	1	1.0
134	668	1	1.0
134	717	1	1.0
134	722	1	1.0
134	747	1	1.0
134	771	1	1.0
134	787	1	1.0
134	795	1	1.0
134	807	1	1.0
134	808	1	1.0
134	809	1	1.0
134	834	1	1.0
134	859	1	1.0
134	865	1	1.0
134	873	1	1.0
134	877	1	1.0
134	894	1	1.0
134	915	1	1.0
134	916	1	1.0
134	921	1	1.0
134	933	1	1.0
134	940	1	1.0
134	948	1	1.0
134	1003	1	1.0
134	1006	1	1.0
134	1039	1	1.0
134	1049	1	1.0
134	1051	1	1.0
134	1061	1	1.0
134	1091	1	1.0
134	1101	1	1.0
134	1111	1	1.0
134	1117	1	1.0
134	1176	1	1.0
134	1179	1	1.0
134	1187	1	1.0
134	1215	1	1.0
134	1254	1	1.0
134	1260	1	1.0
134	1288	1	1.0
134	1299	1	1.0
134	1333	1	1.0
134	1372	1	1.0
134	1380	1	1.0
134	1419	1	1.0
134	1420	1	1.0
134	1426	1	1.0
134	1473	1	1.0
134	1518	1	1.0
134	1522	1	1.0
134	1573	1	1.0
134	1638	1	1.0
134	1667	1	1.0
134	1701	1	1.0
134	1710	1	1.0
134	1722	1	1.0
134	1733	1	1.0
134	1743	1	1.0
134	1807	1	1.0
134	1828	1	1.0
134	2156	1	1.0
134	2313	1	1.0
134	2439	1	1.0
134	2520	1	1.0
134	2533	1	1.0
134	2666	1	1.0
134	2771	1	1.0
134	2821	1	1.0
134	3096	1	1.0
134	403	0	1.0
134	640	0	1.0
134	654	0	1.0
134	1113	0	1.0
135	139	1	1.0
135	142	1	1.0
135	178	1	1.0
135	217	1	1.0
135	221	1	1.0
135	228	1	1.0
135	233	1	1.0
135	242	1	1.0
135	287	1	1.0
135	326	1	1.0
135	329	1	1.0
135	330	1	1.0
135	331	1	1.0
135	344	1	1.0
135	349	1	1.0
135	365	1	1.0
135	366	1	1.0
135	368	1	1.0
135	385	1	1.0
135	391	1	1.0
135	394	1	1.0
135	411	1	1.0
135	416	1	1.0
135	438	1	1.0
135	442	1	1.0
135	447	1	1.0
135	456	1	1.0
135	459	1	1.0
135	465	1	1.0
135	470	1	1.0
135	475	1	1.0
135	476	1	1.0
135	491	1	1.0
135	493	1	1.0
135	494	1	1.0
135	496	1	1.0
135	502	1	1.0
135	503	1	1.0
135	508	1	1.0
135	514	1	1.0
135	517	1	1.0
135	521	1	1.0
135	522	1	1.0
135	523	1	1.0
135	526	1	1.0
135	535	1	1.0
135	536	1	1.0
135	537	1	1.0
135	538	1	1.0
135	540	1	1.0
135	543	1	1.0
135	570	1	1.0
135	573	1	1.0
135	576	1	1.0
135	589	1	1.0
135	591	1	1.0
135	604	1	1.0
135	624	1	1.0
135	633	1	1.0
135	635	1	1.0
135	637	1	1.0
135	641	1	1.0
135	662	1	1.0
135	666	1	1.0
135	667	1	1.0
135	668	1	1.0
135	691	1	1.0
135	692	1	1.0
135	714	1	1.0
135	717	1	1.0
135	721	1	1.0
135	747	1	1.0
135	748	1	1.0
135	749	1	1.0
135	771	1	1.0
135	781	1	1.0
135	787	1	1.0
135	789	1	1.0
135	792	1	1.0
135	795	1	1.0
135	796	1	1.0
135	798	1	1.0
135	807	1	1.0
135	810	1	1.0
135	816	1	1.0
135	836	1	1.0
135	841	1	1.0
135	842	1	1.0
135	845	1	1.0
135	856	1	1.0
135	860	1	1.0
135	865	1	1.0
135	870	1	1.0
135	873	1	1.0
135	877	1	1.0
135	885	1	1.0
135	913	1	1.0
135	915	1	1.0
135	926	1	1.0
135	938	1	1.0
135	940	1	1.0
135	946	1	1.0
135	948	1	1.0
135	967	1	1.0
135	980	1	1.0
135	981	1	1.0
135	996	1	1.0
135	1039	1	1.0
135	1040	1	1.0
135	1041	1	1.0
135	1049	1	1.0
135	1061	1	1.0
135	1063	1	1.0
135	1083	1	1.0
135	1087	1	1.0
135	1091	1	1.0
135	1103	1	1.0
135	1117	1	1.0
135	1126	1	1.0
135	1166	1	1.0
135	1176	1	1.0
135	1187	1	1.0
135	1215	1	1.0
135	1249	1	1.0
135	1275	1	1.0
135	1288	1	1.0
135	1296	1	1.0
135	1317	1	1.0
135	1340	1	1.0
135	1362	1	1.0
135	1425	1	1.0
135	1468	1	1.0
135	1479	1	1.0
135	1521	1	1.0
135	1522	1	1.0
135	1573	1	1.0
135	1582	1	1.0
135	1631	1	1.0
135	1640	1	1.0
135	1701	1	1.0
135	1729	1	1.0
135	1804	1	1.0
135	1934	1	1.0
135	1973	1	1.0
135	1996	1	1.0
135	2000	1	1.0
135	2011	1	1.0
135	2140	1	1.0
135	2171	1	1.0
135	2190	1	1.0
135	2636	1	1.0
135	2763	1	1.0
135	2844	1	1.0
135	3142	1	1.0
135	3200	1	1.0
135	3559	1	1.0
135	3562	1	1.0
135	3646	1	1.0
135	3657	1	1.0
135	3663	1	1.0
135	248	0	1.0
135	455	0	1.0
135	515	0	1.0
135	532	0	1.0
135	1265	0	1.0
135	2218	0	1.0
136	285	1	1.0
136	915	1	1.0
137	373	1	1.0
137	664	1	1.0
137	2467	1	1.0
139	167	1	1.0
139	174	1	1.0
139	180	1	1.0
139	196	1	1.0
139	198	1	1.0
139	213	1	1.0
139	221	1	1.0
139	306	1	1.0
139	318	1	1.0
139	321	1	1.0
139	325	1	1.0
139	329	1	1.0
139	330	1	1.0
139	331	1	1.0
139	348	1	1.0
139	358	1	1.0
139	365	1	1.0
139	380	1	1.0
139	383	1	1.0
139	387	1	1.0
139	394	1	1.0
139	412	1	1.0
139	414	1	1.0
139	416	1	1.0
139	419	1	1.0
139	422	1	1.0
139	426	1	1.0
139	438	1	1.0
139	442	1	1.0
139	459	1	1.0
139	475	1	1.0
139	476	1	1.0
139	491	1	1.0
139	508	1	1.0
139	509	1	1.0
139	514	1	1.0
139	521	1	1.0
139	522	1	1.0
139	537	1	1.0
139	543	1	1.0
139	571	1	1.0
139	589	1	1.0
139	591	1	1.0
139	657	1	1.0
139	673	1	1.0
139	720	1	1.0
139	747	1	1.0
139	771	1	1.0
139	792	1	1.0
139	807	1	1.0
139	832	1	1.0
139	834	1	1.0
139	836	1	1.0
139	842	1	1.0
139	845	1	1.0
139	860	1	1.0
139	890	1	1.0
139	921	1	1.0
139	962	1	1.0
139	1008	1	1.0
139	1056	1	1.0
139	1060	1	1.0
139	1066	1	1.0
139	1111	1	1.0
139	1126	1	1.0
139	1138	1	1.0
139	1332	1	1.0
139	1383	1	1.0
139	1419	1	1.0
139	1462	1	1.0
139	1516	1	1.0
139	1521	1	1.0
139	1594	1	1.0
139	1792	1	1.0
139	1816	1	1.0
139	1858	1	1.0
139	1862	1	1.0
139	1887	1	1.0
139	1917	1	1.0
139	1948	1	1.0
139	1996	1	1.0
139	2168	1	1.0
139	2180	1	1.0
139	2200	1	1.0
139	2213	1	1.0
139	2313	1	1.0
139	2377	1	1.0
139	2399	1	1.0
139	2414	1	1.0
139	2438	1	1.0
139	2439	1	1.0
139	2495	1	1.0
139	2496	1	1.0
139	2499	1	1.0
139	2527	1	1.0
139	2620	1	1.0
139	2696	1	1.0
139	2745	1	1.0
139	2801	1	1.0
139	2844	1	1.0
139	2890	1	1.0
139	3055	1	1.0
139	3096	1	1.0
139	3126	1	1.0
139	3131	1	1.0
139	3200	1	1.0
139	3224	1	1.0
139	3256	1	1.0
139	3282	1	1.0
139	3291	1	1.0
139	3334	1	1.0
139	3756	1	1.0
139	3792	1	1.0
139	3809	1	1.0
139	473	0	1.0
139	501	0	1.0
139	788	0	1.0
139	1350	0	1.0
139	2376	0	1.0
139	2440	0	1.0
139	2954	0	1.0
142	442	1	1.0
142	1157	0	1.0
143	217	1	1.0
143	376	1	1.0
144	173	1	1.0
144	326	1	1.0
144	455	0	1.0
146	304	1	1.0
146	436	1	1.0
146	653	1	1.0
146	664	1	1.0
146	834	1	1.0
146	926	1	1.0
146	1332	1	1.0
146	2180	1	1.0
146	2213	1	1.0
146	2257	1	1.0
146	2308	1	1.0
146	2399	1	1.0
146	2696	1	1.0
146	2763	1	1.0
146	2838	1	1.0
146	2977	1	1.0
146	3514	1	1.0
147	151	1	1.0
147	174	1	1.0
147	214	1	1.0
147	287	1	1.0
147	288	1	1.0
147	289	1	1.0
147	301	1	1.0
147	304	1	1.0
147	306	1	1.0
147	313	1	1.0
147	314	1	1.0
147	318	1	1.0
147	739	1	1.0
147	334	0	1.0
147	2128	0	1.0
148	174	1	1.0
148	221	1	1.0
148	233	1	1.0
148	260	1	1.0
148	306	1	1.0
148	494	1	1.0
148	605	1	1.0
148	865	1	1.0
148	1388	1	1.0
148	1631	1	1.0
148	2990	1	1.0
148	3142	1	1.0
148	3516	1	1.0
150	511	1	1.0
150	526	1	1.0
150	560	1	1.0
151	159	1	1.0
151	163	1	1.0
151	173	1	1.0
151	175	1	1.0
151	180	1	1.0
151	186	1	1.0
151	190	1	1.0
151	221	1	1.0
151	276	1	1.0
151	279	1	1.0
151	314	1	1.0
151	316	1	1.0
151	323	1	1.0
151	325	1	1.0
151	327	1	1.0
151	328	1	1.0
151	330	1	1.0
151	335	1	1.0
151	347	1	1.0
151	348	1	1.0
151	376	1	1.0
151	380	1	1.0
151	383	1	1.0
151	387	1	1.0
151	390	1	1.0
151	414	1	1.0
151	419	1	1.0
151	426	1	1.0
151	429	1	1.0
151	445	1	1.0
151	449	1	1.0
151	462	1	1.0
151	470	1	1.0
151	491	1	1.0
151	494	1	1.0
151	673	1	1.0
151	692	1	1.0
151	801	1	1.0
151	915	1	1.0
151	1359	1	1.0
151	2916	1	1.0
151	3732	1	1.0
151	161	0	1.0
152	188	1	1.0
152	221	1	1.0
152	222	1	1.0
152	287	1	1.0
152	325	1	1.0
152	327	1	1.0
152	344	1	1.0
152	488	1	1.0
152	493	1	1.0
152	495	1	1.0
152	508	1	1.0
152	517	1	1.0
152	529	1	1.0
152	747	1	1.0
152	771	1	1.0
152	534	0	1.0
156	174	1	1.0
156	289	1	1.0
156	299	1	1.0
158	178	1	1.0
158	369	1	1.0
158	395	1	1.0
158	422	1	1.0
158	574	1	1.0
158	580	1	1.0
158	616	1	1.0
158	827	1	1.0
158	970	1	1.0
158	1060	1	1.0
158	1100	1	1.0
158	1112	1	1.0
158	1132	1	1.0
158	1158	1	1.0
158	1279	1	1.0
158	1280	1	1.0
158	1314	1	1.0
158	1333	1	1.0
158	1369	1	1.0
159	221	1	1.0
159	383	1	1.0
160	260	1	1.0
160	248	0	1.0
160	559	0	1.0
161	352	0	1.0
162	163	1	1.0
162	164	1	1.0
164	190	1	1.0
164	221	1	1.0
164	233	1	1.0
164	276	1	1.0
164	383	1	1.0
164	512	1	1.0
164	1129	1	1.0
164	1522	1	1.0
167	168	1	1.0
167	169	1	1.0
167	170	1	1.0
167	172	1	1.0
167	171	0	1.0
168	260	1	1.0
168	340	1	1.0
168	529	1	1.0
168	657	1	1.0
168	748	1	1.0
168	3062	1	1.0
169	175	1	1.0
169	184	1	1.0
169	236	0	1.0
169	254	0	1.0
170	175	1	1.0
170	180	1	1.0
170	184	1	1.0
170	260	1	1.0
170	2866	1	1.0
172	260	1	1.0
173	174	1	1.0
174	217	1	1.0
174	221	1	1.0
174	289	1	1.0
174	301	1	1.0
174	302	1	1.0
174	306	1	1.0
174	325	1	1.0
174	340	1	1.0
174	343	1	1.0
174	365	1	1.0
174	383	1	1.0
174	387	1	1.0
174	431	1	1.0
174	438	1	1.0
174	442	1	1.0
174	451	1	1.0
174	459	1	1.0
174	462	1	1.0
174	470	1	1.0
174	491	1	1.0
174	495	1	1.0
174	502	1	1.0
174	519	1	1.0
174	537	1	1.0
174	546	1	1.0
174	605	1	1.0
174	624	1	1.0
174	682	1	1.0
174	733	1	1.0
174	765	1	1.0
174	782	1	1.0
174	795	1	1.0
174	834	1	1.0
174	865	1	1.0
174	910	1	1.0
174	916	1	1.0
174	1039	1	1.0
174	1126	1	1.0
174	1222	1	1.0
174	1380	1	1.0
174	1729	1	1.0
174	1887	1	1.0
174	2745	1	1.0
174	2783	1	1.0
174	3436	1	1.0
174	3646	1	1.0
174	654	0	1.0
175	176	1	1.0
175	177	1	1.0
175	178	1	1.0
176	207	1	1.0
178	186	1	1.0
178	419	1	1.0
178	517	1	1.0
178	525	1	1.0
178	537	1	1.0
178	604	1	1.0
178	635	1	1.0
178	692	1	1.0
178	734	1	1.0
178	792	1	1.0
178	808	1	1.0
178	865	1	1.0
178	964	1	1.0
178	1061	1	1.0
178	1184	1	1.0
178	1667	1	1.0
182	321	1	1.0
184	1876	0	1.0
186	187	1	1.0
188	189	1	1.0
189	391	1	1.0
189	509	1	1.0
189	714	1	1.0
189	726	1	1.0
189	748	1	1.0
189	801	1	1.0
189	845	1	1.0
189	1437	1	1.0
189	1479	1	1.0
189	1807	1	1.0
189	2050	1	1.0
189	2113	1	1.0
189	2257	1	1.0
189	2416	1	1.0
189	2514	1	1.0
189	2666	1	1.0
189	2700	1	1.0
189	2994	1	1.0
189	3264	1	1.0
189	3306	1	1.0
189	3370	1	1.0
189	3499	1	1.0
189	3687	1	1.0
189	3809	1	1.0
189	3281	0	1.0
190	191	1	1.0
190	192	1	1.0
190	193	1	1.0
190	194	1	1.0
190	195	1	1.0
190	196	1	1.0
190	197	1	1.0
190	198	1	1.0
190	199	1	1.0
190	200	1	1.0
190	201	1	1.0
190	202	1	1.0
190	203	1	1.0
192	1886	1	1.0
192	2558	1	1.0
192	2761	1	1.0
192	2963	1	1.0
192	3275	0	1.0
193	279	1	1.0
193	297	1	1.0
193	373	1	1.0
194	391	1	1.0
194	546	1	1.0
194	921	1	1.0
196	197	1	1.0
196	217	1	1.0
196	220	1	1.0
196	303	1	1.0
196	395	1	1.0
196	415	1	1.0
196	512	1	1.0
196	522	1	1.0
196	551	1	1.0
196	616	1	1.0
196	714	1	1.0
196	761	1	1.0
196	780	1	1.0
196	785	1	1.0
196	810	1	1.0
196	904	1	1.0
196	933	1	1.0
196	946	1	1.0
196	1060	1	1.0
196	1280	1	1.0
196	1300	1	1.0
196	1311	1	1.0
196	1313	1	1.0
196	1337	1	1.0
196	1340	1	1.0
196	1359	1	1.0
196	1393	1	1.0
196	1403	1	1.0
196	1406	1	1.0
196	1413	1	1.0
196	1420	1	1.0
196	1426	1	1.0
196	1460	1	1.0
197	810	1	1.0
197	933	1	1.0
198	204	1	1.0
198	331	1	1.0
198	340	1	1.0
198	1121	1	1.0
198	1804	1	1.0
198	1835	1	1.0
200	455	0	1.0
201	214	1	1.0
201	216	1	1.0
204	276	1	1.0
204	335	1	1.0
204	522	1	1.0
204	591	1	1.0
204	692	1	1.0
204	708	1	1.0
204	792	1	1.0
204	827	1	1.0
204	860	1	1.0
204	884	1	1.0
204	915	1	1.0
204	946	1	1.0
204	1063	1	1.0
204	1065	1	1.0
204	1068	1	1.0
205	279	1	1.0
210	211	1	1.0
210	212	1	1.0
210	845	1	1.0
210	2050	1	1.0
211	845	1	1.0
211	937	1	1.0
212	442	1	1.0
213	217	1	1.0
213	306	1	1.0
213	357	1	1.0
213	435	1	1.0
213	436	1	1.0
213	437	1	1.0
213	548	1	1.0
214	215	1	1.0
215	519	1	1.0
216	217	1	1.0
217	285	1	1.0
217	318	1	1.0
217	326	1	1.0
217	331	1	1.0
217	343	1	1.0
217	348	1	1.0
217	357	1	1.0
217	361	1	1.0
217	362	1	1.0
217	366	1	1.0
217	372	1	1.0
217	373	1	1.0
217	376	1	1.0
217	379	1	1.0
217	386	1	1.0
217	391	1	1.0
217	394	1	1.0
217	412	1	1.0
217	419	1	1.0
217	422	1	1.0
217	436	1	1.0
217	437	1	1.0
217	438	1	1.0
217	447	1	1.0
217	450	1	1.0
217	451	1	1.0
217	463	1	1.0
217	470	1	1.0
217	522	1	1.0
217	525	1	1.0
217	526	1	1.0
217	542	1	1.0
217	546	1	1.0
217	548	1	1.0
217	551	1	1.0
217	571	1	1.0
217	580	1	1.0
217	611	1	1.0
217	668	1	1.0
217	672	1	1.0
217	673	1	1.0
217	715	1	1.0
217	722	1	1.0
217	734	1	1.0
217	765	1	1.0
217	771	1	1.0
217	811	1	1.0
217	823	1	1.0
217	860	1	1.0
217	864	1	1.0
217	875	1	1.0
217	884	1	1.0
217	890	1	1.0
217	910	1	1.0
217	915	1	1.0
217	921	1	1.0
217	933	1	1.0
217	946	1	1.0
217	964	1	1.0
217	966	1	1.0
217	983	1	1.0
217	996	1	1.0
217	1023	1	1.0
217	1034	1	1.0
217	1040	1	1.0
217	1091	1	1.0
217	1098	1	1.0
217	1111	1	1.0
217	1146	1	1.0
217	1174	1	1.0
217	1183	1	1.0
217	1187	1	1.0
217	1217	1	1.0
217	1218	1	1.0
217	1260	1	1.0
217	1288	1	1.0
217	1299	1	1.0
217	1332	1	1.0
217	1338	1	1.0
217	1383	1	1.0
217	1419	1	1.0
217	1437	1	1.0
217	1464	1	1.0
217	1478	1	1.0
217	1479	1	1.0
217	1502	1	1.0
217	1514	1	1.0
217	1517	1	1.0
217	1521	1	1.0
217	1533	1	1.0
217	1584	1	1.0
217	1657	1	1.0
217	1701	1	1.0
217	1710	1	1.0
217	1721	1	1.0
217	1740	1	1.0
217	1808	1	1.0
217	1835	1	1.0
217	1887	1	1.0
217	2003	1	1.0
217	2024	1	1.0
217	2087	1	1.0
217	2126	1	1.0
217	2180	1	1.0
217	2190	1	1.0
217	2200	1	1.0
217	2202	1	1.0
217	2221	1	1.0
217	2254	1	1.0
217	2313	1	1.0
217	2438	1	1.0
217	2467	1	1.0
217	2520	1	1.0
217	2620	1	1.0
217	2735	1	1.0
217	2745	1	1.0
217	2994	1	1.0
217	3226	1	1.0
217	3246	1	1.0
217	3268	1	1.0
217	3514	1	1.0
217	3649	1	1.0
217	3668	1	1.0
217	3732	1	1.0
218	2844	1	1.0
218	3246	1	1.0
218	3479	1	1.0
220	279	1	1.0
220	350	1	1.0
220	373	1	1.0
220	438	1	1.0
220	451	1	1.0
220	493	1	1.0
220	2425	1	1.0
221	303	1	1.0
221	326	1	1.0
221	329	1	1.0
221	335	1	1.0
221	344	1	1.0
221	383	1	1.0
221	384	1	1.0
221	391	1	1.0
221	422	1	1.0
221	431	1	1.0
221	470	1	1.0
221	476	1	1.0
221	477	1	1.0
221	478	1	1.0
221	479	1	1.0
221	480	1	1.0
221	1129	1	1.0
221	603	0	1.0
222	266	1	1.0
222	279	1	1.0
226	255	1	1.0
227	419	1	1.0
227	2394	1	1.0
228	285	1	1.0
228	296	1	1.0
228	315	1	1.0
228	329	1	1.0
228	344	1	1.0
228	366	1	1.0
228	369	1	1.0
228	435	1	1.0
228	442	1	1.0
228	447	1	1.0
228	456	1	1.0
228	457	1	1.0
228	476	1	1.0
228	492	1	1.0
228	494	1	1.0
228	513	1	1.0
228	522	1	1.0
228	533	1	1.0
228	536	1	1.0
228	551	1	1.0
228	571	1	1.0
228	591	1	1.0
228	604	1	1.0
228	624	1	1.0
228	633	1	1.0
228	635	1	1.0
228	646	1	1.0
228	664	1	1.0
228	666	1	1.0
228	667	1	1.0
228	668	1	1.0
228	682	1	1.0
228	709	1	1.0
228	714	1	1.0
228	721	1	1.0
228	722	1	1.0
228	731	1	1.0
228	733	1	1.0
228	747	1	1.0
228	748	1	1.0
228	789	1	1.0
228	792	1	1.0
228	795	1	1.0
228	796	1	1.0
228	798	1	1.0
228	805	1	1.0
228	807	1	1.0
228	809	1	1.0
228	811	1	1.0
228	816	1	1.0
228	826	1	1.0
228	827	1	1.0
228	832	1	1.0
228	834	1	1.0
228	836	1	1.0
228	845	1	1.0
228	852	1	1.0
228	860	1	1.0
228	864	1	1.0
228	865	1	1.0
228	870	1	1.0
228	875	1	1.0
228	879	1	1.0
228	885	1	1.0
228	915	1	1.0
228	916	1	1.0
228	926	1	1.0
228	929	1	1.0
228	938	1	1.0
228	940	1	1.0
228	948	1	1.0
228	953	1	1.0
228	956	1	1.0
228	958	1	1.0
228	962	1	1.0
228	964	1	1.0
228	967	1	1.0
228	968	1	1.0
228	981	1	1.0
228	991	1	1.0
228	996	1	1.0
228	1008	1	1.0
228	1019	1	1.0
228	1031	1	1.0
228	1039	1	1.0
228	1042	1	1.0
228	1046	1	1.0
228	1051	1	1.0
228	1056	1	1.0
228	1060	1	1.0
228	1065	1	1.0
228	1066	1	1.0
228	1087	1	1.0
228	1098	1	1.0
228	1111	1	1.0
228	1117	1	1.0
228	1123	1	1.0
228	1126	1	1.0
228	1129	1	1.0
228	1158	1	1.0
228	1166	1	1.0
228	1174	1	1.0
228	1176	1	1.0
228	1179	1	1.0
228	1184	1	1.0
228	1191	1	1.0
228	1216	1	1.0
228	1230	1	1.0
228	1240	1	1.0
228	1268	1	1.0
228	1272	1	1.0
228	1275	1	1.0
228	1296	1	1.0
228	1301	1	1.0
228	1320	1	1.0
228	1321	1	1.0
228	1340	1	1.0
228	1359	1	1.0
228	1361	1	1.0
228	1380	1	1.0
228	1383	1	1.0
228	1388	1	1.0
228	1400	1	1.0
228	1401	1	1.0
228	1420	1	1.0
228	1427	1	1.0
228	1437	1	1.0
228	1464	1	1.0
228	1478	1	1.0
228	1504	1	1.0
228	1511	1	1.0
228	1522	1	1.0
228	1533	1	1.0
228	1571	1	1.0
228	1573	1	1.0
228	1582	1	1.0
228	1594	1	1.0
228	1648	1	1.0
228	1666	1	1.0
228	1701	1	1.0
228	1702	1	1.0
228	1721	1	1.0
228	1722	1	1.0
228	1728	1	1.0
228	1729	1	1.0
228	1739	1	1.0
228	1752	1	1.0
228	1778	1	1.0
228	1798	1	1.0
228	1799	1	1.0
228	1804	1	1.0
228	1807	1	1.0
228	1816	1	1.0
228	1826	1	1.0
228	1835	1	1.0
228	1851	1	1.0
228	1887	1	1.0
228	1893	1	1.0
228	1898	1	1.0
228	1911	1	1.0
228	1917	1	1.0
228	1948	1	1.0
228	1968	1	1.0
228	1996	1	1.0
228	1998	1	1.0
228	2001	1	1.0
228	2009	1	1.0
228	2024	1	1.0
228	2084	1	1.0
228	2105	1	1.0
228	2126	1	1.0
228	2144	1	1.0
228	2156	1	1.0
228	2157	1	1.0
228	2159	1	1.0
228	2168	1	1.0
228	2171	1	1.0
228	2179	1	1.0
228	2191	1	1.0
228	2200	1	1.0
228	2202	1	1.0
228	2221	1	1.0
228	2239	1	1.0
228	2257	1	1.0
228	2262	1	1.0
228	2265	1	1.0
228	2284	1	1.0
228	2286	1	1.0
228	2292	1	1.0
228	2297	1	1.0
228	2299	1	1.0
228	2308	1	1.0
228	2311	1	1.0
228	2313	1	1.0
228	2335	1	1.0
228	2359	1	1.0
228	2373	1	1.0
228	2393	1	1.0
228	2395	1	1.0
228	2399	1	1.0
228	2400	1	1.0
228	2419	1	1.0
228	2425	1	1.0
228	2432	1	1.0
228	2439	1	1.0
228	2446	1	1.0
228	2453	1	1.0
228	2467	1	1.0
228	2468	1	1.0
228	2479	1	1.0
228	2495	1	1.0
228	2504	1	1.0
228	2505	1	1.0
228	2508	1	1.0
228	2514	1	1.0
228	2520	1	1.0
228	2527	1	1.0
228	2533	1	1.0
228	2554	1	1.0
228	2558	1	1.0
228	2604	1	1.0
228	2628	1	1.0
228	2630	1	1.0
228	2636	1	1.0
228	2660	1	1.0
228	2666	1	1.0
228	2696	1	1.0
228	2700	1	1.0
228	2706	1	1.0
228	2712	1	1.0
228	2714	1	1.0
228	2732	1	1.0
228	2733	1	1.0
228	2735	1	1.0
228	2745	1	1.0
228	2751	1	1.0
228	2756	1	1.0
228	2761	1	1.0
228	2763	1	1.0
228	2771	1	1.0
228	2783	1	1.0
228	2786	1	1.0
228	2788	1	1.0
228	2798	1	1.0
228	2799	1	1.0
228	2801	1	1.0
228	2802	1	1.0
228	2806	1	1.0
228	2810	1	1.0
228	2813	1	1.0
228	2814	1	1.0
228	2821	1	1.0
228	2838	1	1.0
228	2844	1	1.0
228	2850	1	1.0
228	2858	1	1.0
228	2862	1	1.0
228	2888	1	1.0
228	2890	1	1.0
228	2904	1	1.0
228	2917	1	1.0
228	2960	1	1.0
228	2963	1	1.0
228	2972	1	1.0
228	2976	1	1.0
228	2990	1	1.0
228	2994	1	1.0
228	3002	1	1.0
228	3010	1	1.0
228	3014	1	1.0
228	3023	1	1.0
228	3035	1	1.0
228	3055	1	1.0
228	3062	1	1.0
228	3079	1	1.0
228	3081	1	1.0
228	3096	1	1.0
228	3112	1	1.0
228	3125	1	1.0
228	3126	1	1.0
228	3134	1	1.0
228	3138	1	1.0
228	3140	1	1.0
228	3141	1	1.0
228	3142	1	1.0
228	3144	1	1.0
228	3165	1	1.0
228	3194	1	1.0
228	3200	1	1.0
228	3224	1	1.0
228	3226	1	1.0
228	3228	1	1.0
228	3229	1	1.0
228	3246	1	1.0
228	3256	1	1.0
228	3264	1	1.0
228	3267	1	1.0
228	3268	1	1.0
228	3282	1	1.0
228	3284	1	1.0
228	3291	1	1.0
228	3334	1	1.0
228	3416	1	1.0
228	3417	1	1.0
228	3438	1	1.0
228	3479	1	1.0
228	3490	1	1.0
228	3499	1	1.0
228	3516	1	1.0
228	3538	1	1.0
228	3559	1	1.0
228	3571	1	1.0
228	3575	1	1.0
228	3614	1	1.0
228	3657	1	1.0
228	3658	1	1.0
228	3669	1	1.0
228	3725	1	1.0
228	3732	1	1.0
228	3735	1	1.0
228	3741	1	1.0
228	3756	1	1.0
228	3763	1	1.0
228	3769	1	1.0
228	3792	1	1.0
228	3815	1	1.0
228	3826	1	1.0
228	3827	1	1.0
228	3831	1	1.0
228	3849	1	1.0
228	248	0	1.0
228	532	0	1.0
228	654	0	1.0
228	815	0	1.0
228	1232	0	1.0
228	1499	0	1.0
228	1914	0	1.0
228	2049	0	1.0
228	2210	0	1.0
228	2315	0	1.0
228	2537	0	1.0
228	2709	0	1.0
228	2775	0	1.0
228	2794	0	1.0
228	2815	0	1.0
228	2860	0	1.0
228	2887	0	1.0
228	2892	0	1.0
228	2893	0	1.0
228	2950	0	1.0
228	2968	0	1.0
228	3021	0	1.0
228	3040	0	1.0
228	3048	0	1.0
228	3074	0	1.0
228	3150	0	1.0
228	3176	0	1.0
228	3179	0	1.0
228	3184	0	1.0
228	3186	0	1.0
228	3275	0	1.0
228	3342	0	1.0
228	3731	0	1.0
229	250	0	1.0
230	236	0	1.0
230	254	0	1.0
231	260	0	1.0
232	255	0	1.0
232	260	0	1.0
233	432	1	1.0
233	841	1	1.0
233	966	1	1.0
233	1046	1	1.0
233	1174	1	1.0
233	1272	1	1.0
233	1288	1	1.0
233	1359	1	1.0
233	1504	1	1.0
233	1518	1	1.0
233	1532	1	1.0
233	1572	1	1.0
233	1588	1	1.0
233	1702	1	1.0
233	1745	1	1.0
233	1759	1	1.0
233	1798	1	1.0
233	1799	1	1.0
233	1802	1	1.0
233	1813	1	1.0
233	1815	1	1.0
233	1825	1	1.0
233	1841	1	1.0
233	1889	1	1.0
233	1890	1	1.0
233	1892	1	1.0
233	1898	1	1.0
233	1947	1	1.0
233	1948	1	1.0
233	250	0	1.0
233	1957	0	1.0
233	1958	0	1.0
234	255	0	1.0
235	306	1	1.0
235	327	1	1.0
235	570	1	1.0
235	635	1	1.0
236	237	1	1.0
236	238	0	1.0
236	239	0	1.0
236	240	0	1.0
238	276	1	1.0
241	368	0	1.0
242	276	1	1.0
242	391	1	1.0
242	425	1	1.0
242	445	1	1.0
243	250	1	1.0
243	260	0	1.0
244	260	1	1.0
245	279	1	1.0
245	326	1	1.0
245	525	1	1.0
245	604	1	1.0
245	621	1	1.0
246	260	0	1.0
248	249	0	1.0
248	492	0	1.0
248	522	0	1.0
248	798	0	1.0
248	827	0	1.0
250	253	1	1.0
250	251	0	1.0
250	252	0	1.0
252	1666	1	1.0
255	256	1	1.0
257	1518	0	1.0
257	2153	0	1.0
257	2168	0	1.0
257	2412	0	1.0
258	533	1	1.0
258	1187	1	1.0
259	2179	1	1.0
260	261	1	1.0
260	262	1	1.0
260	264	1	1.0
260	263	0	1.0
267	1504	1	1.0
269	276	1	1.0
271	3062	1	1.0
273	559	0	1.0
276	335	1	1.0
276	337	1	1.0
276	382	1	1.0
276	383	1	1.0
276	395	1	1.0
276	399	1	1.0
276	400	1	1.0
276	401	1	1.0
276	402	1	1.0
276	363	0	1.0
279	280	1	1.0
279	281	1	1.0
279	282	1	1.0
279	283	1	1.0
279	284	1	1.0
279	285	1	1.0
279	389	1	1.0
279	390	1	1.0
279	392	1	1.0
279	870	1	1.0
280	326	1	1.0
280	966	1	1.0
280	1111	1	1.0
280	1573	1	1.0
280	1701	1	1.0
281	571	1	1.0
281	832	1	1.0
281	1455	1	1.0
281	1783	1	1.0
281	1784	1	1.0
285	422	1	1.0
285	454	1	1.0
285	482	1	1.0
285	572	1	1.0
285	609	1	1.0
285	708	1	1.0
285	709	1	1.0
285	728	1	1.0
285	795	1	1.0
285	801	1	1.0
285	853	1	1.0
285	927	1	1.0
285	942	1	1.0
285	943	1	1.0
285	964	1	1.0
285	1089	1	1.0
287	310	1	1.0
287	470	1	1.0
287	473	0	1.0
289	290	1	1.0
289	291	1	1.0
289	292	1	1.0
289	293	1	1.0
289	294	1	1.0
289	295	1	1.0
289	301	1	1.0
292	299	1	1.0
296	394	1	1.0
296	662	1	1.0
296	795	1	1.0
296	888	1	1.0
297	306	1	1.0
297	326	1	1.0
297	365	1	1.0
297	366	1	1.0
297	395	1	1.0
297	411	1	1.0
297	416	1	1.0
297	422	1	1.0
297	438	1	1.0
297	447	1	1.0
297	454	1	1.0
297	494	1	1.0
297	522	1	1.0
297	524	1	1.0
297	526	1	1.0
297	540	1	1.0
297	566	1	1.0
297	580	1	1.0
297	584	1	1.0
297	591	1	1.0
297	657	1	1.0
297	662	1	1.0
297	668	1	1.0
297	708	1	1.0
297	714	1	1.0
297	728	1	1.0
297	785	1	1.0
297	793	1	1.0
297	795	1	1.0
297	798	1	1.0
297	810	1	1.0
297	827	1	1.0
297	889	1	1.0
298	929	1	1.0
298	1188	1	1.0
298	1828	1	1.0
298	1998	1	1.0
298	2221	1	1.0
298	2257	1	1.0
298	2359	1	1.0
298	2458	1	1.0
298	2477	1	1.0
298	2904	1	1.0
298	2916	1	1.0
298	3035	1	1.0
298	3204	1	1.0
298	3229	1	1.0
298	3388	1	1.0
298	3490	1	1.0
298	3575	1	1.0
298	3725	1	1.0
298	3732	1	1.0
298	3756	1	1.0
300	304	1	1.0
300	922	1	1.0
300	1275	1	1.0
300	1540	1	1.0
300	1666	1	1.0
300	1722	1	1.0
300	1898	1	1.0
300	1996	1	1.0
300	2011	1	1.0
300	2063	1	1.0
300	2087	1	1.0
300	2224	1	1.0
300	2269	1	1.0
300	2302	1	1.0
300	2183	0	1.0
300	2198	0	1.0
300	2203	0	1.0
301	306	1	1.0
301	310	1	1.0
301	870	1	1.0
303	345	1	1.0
303	383	1	1.0
304	305	1	1.0
305	494	1	1.0
305	525	1	1.0
305	591	1	1.0
305	604	1	1.0
305	692	1	1.0
305	749	1	1.0
305	763	1	1.0
305	1040	1	1.0
305	1083	1	1.0
305	1227	1	1.0
305	1249	1	1.0
306	551	1	1.0
306	717	1	1.0
310	311	1	1.0
310	380	1	1.0
310	387	1	1.0
310	721	1	1.0
314	315	1	1.0
315	395	1	1.0
315	422	1	1.0
315	463	1	1.0
315	579	1	1.0
315	825	1	1.0
315	1046	1	1.0
315	1174	1	1.0
315	1316	1	1.0
315	1359	1	1.0
315	1361	1	1.0
315	1376	1	1.0
315	1484	1	1.0
315	1504	1	1.0
315	1518	1	1.0
315	1532	1	1.0
315	1594	1	1.0
315	1724	1	1.0
315	1727	1	1.0
315	1728	1	1.0
315	1729	1	1.0
315	1745	1	1.0
315	1759	1	1.0
315	1798	1	1.0
315	1808	1	1.0
315	1910	1	1.0
315	1960	1	1.0
315	1961	1	1.0
315	2000	1	1.0
315	2007	1	1.0
315	2309	1	1.0
315	2311	1	1.0
315	2359	1	1.0
315	2381	1	1.0
315	2396	1	1.0
315	2408	1	1.0
315	2417	1	1.0
315	2501	1	1.0
315	2505	1	1.0
315	2506	1	1.0
315	2571	1	1.0
315	2613	1	1.0
315	2646	1	1.0
315	2647	1	1.0
315	2703	1	1.0
315	1929	0	1.0
316	317	0	1.0
318	319	1	1.0
318	321	1	1.0
318	323	1	1.0
318	325	1	1.0
318	327	1	1.0
318	339	1	1.0
318	343	1	1.0
318	347	1	1.0
318	348	1	1.0
318	352	1	1.0
318	361	1	1.0
318	376	1	1.0
318	390	1	1.0
318	392	1	1.0
318	354	0	1.0
318	360	0	1.0
321	322	0	1.0
322	1071	0	1.0
323	324	1	1.0
323	325	1	1.0
323	327	1	1.0
325	326	1	1.0
326	329	1	1.0
326	330	1	1.0
326	366	1	1.0
326	383	1	1.0
326	397	1	1.0
326	414	1	1.0
326	419	1	1.0
326	431	1	1.0
326	479	1	1.0
326	511	1	1.0
326	514	1	1.0
326	518	1	1.0
326	522	1	1.0
326	539	1	1.0
326	560	1	1.0
326	561	1	1.0
326	565	1	1.0
326	566	1	1.0
326	567	1	1.0
326	568	1	1.0
326	583	1	1.0
326	604	1	1.0
326	692	1	1.0
326	749	1	1.0
326	771	1	1.0
326	782	1	1.0
326	1573	1	1.0
329	335	1	1.0
329	365	1	1.0
329	387	1	1.0
329	392	1	1.0
329	395	1	1.0
329	412	1	1.0
329	419	1	1.0
329	442	1	1.0
329	449	1	1.0
329	498	1	1.0
329	579	1	1.0
329	616	1	1.0
329	625	1	1.0
329	646	1	1.0
329	749	1	1.0
329	798	1	1.0
329	834	1	1.0
329	836	1	1.0
329	845	1	1.0
329	896	1	1.0
329	1039	1	1.0
329	1060	1	1.0
329	1173	1	1.0
329	1279	1	1.0
329	1280	1	1.0
329	1297	1	1.0
329	1376	1	1.0
329	1377	1	1.0
329	1378	1	1.0
329	1383	1	1.0
329	1511	1	1.0
329	1514	1	1.0
329	1555	1	1.0
329	1557	1	1.0
329	1634	1	1.0
329	1635	1	1.0
329	1636	1	1.0
329	1637	1	1.0
329	1657	1	1.0
329	1792	1	1.0
329	2171	1	1.0
329	473	0	1.0
329	534	0	1.0
329	2640	0	1.0
330	365	1	1.0
330	373	1	1.0
330	410	1	1.0
330	435	1	1.0
330	442	1	1.0
330	494	1	1.0
330	517	1	1.0
330	551	1	1.0
330	591	1	1.0
330	604	1	1.0
330	621	1	1.0
330	689	1	1.0
330	692	1	1.0
330	722	1	1.0
330	731	1	1.0
330	1083	1	1.0
330	1215	1	1.0
330	1227	1	1.0
330	1230	1	1.0
330	1249	1	1.0
331	344	1	1.0
331	385	1	1.0
331	438	1	1.0
331	442	1	1.0
331	448	1	1.0
331	449	1	1.0
331	493	1	1.0
331	834	1	1.0
331	1174	1	1.0
331	1359	1	1.0
332	335	1	1.0
333	339	1	1.0
335	368	1	1.0
335	373	1	1.0
335	395	1	1.0
335	413	1	1.0
335	416	1	1.0
335	425	1	1.0
335	449	1	1.0
335	476	1	1.0
335	516	1	1.0
335	536	1	1.0
335	550	1	1.0
335	551	1	1.0
335	580	1	1.0
335	616	1	1.0
335	644	1	1.0
335	645	1	1.0
335	662	1	1.0
335	679	1	1.0
335	680	1	1.0
335	682	1	1.0
335	683	1	1.0
335	684	1	1.0
335	716	1	1.0
335	811	1	1.0
335	845	1	1.0
335	1460	1	1.0
335	681	0	1.0
335	1463	0	1.0
336	363	0	1.0
338	502	1	1.0
340	341	1	1.0
340	342	1	1.0
340	343	1	1.0
340	345	1	1.0
340	599	1	1.0
340	3062	1	1.0
342	1362	1	1.0
343	344	1	1.0
343	1359	1	1.0
343	473	0	1.0
344	345	1	1.0
344	348	1	1.0
344	352	1	1.0
344	361	1	1.0
344	365	1	1.0
344	366	1	1.0
344	368	1	1.0
344	369	1	1.0
344	373	1	1.0
344	376	1	1.0
344	380	1	1.0
344	385	1	1.0
344	386	1	1.0
344	387	1	1.0
344	390	1	1.0
344	391	1	1.0
344	392	1	1.0
344	412	1	1.0
344	419	1	1.0
344	426	1	1.0
344	438	1	1.0
344	442	1	1.0
344	445	1	1.0
344	450	1	1.0
344	451	1	1.0
344	456	1	1.0
344	459	1	1.0
344	462	1	1.0
344	465	1	1.0
344	486	1	1.0
344	491	1	1.0
344	503	1	1.0
344	517	1	1.0
344	522	1	1.0
344	523	1	1.0
344	524	1	1.0
344	527	1	1.0
344	529	1	1.0
344	536	1	1.0
344	551	1	1.0
344	573	1	1.0
344	576	1	1.0
344	579	1	1.0
344	587	1	1.0
344	588	1	1.0
344	591	1	1.0
344	604	1	1.0
344	624	1	1.0
344	635	1	1.0
344	798	1	1.0
344	799	1	1.0
344	834	1	1.0
344	884	1	1.0
344	922	1	1.0
344	940	1	1.0
344	946	1	1.0
344	1039	1	1.0
344	1103	1	1.0
344	1122	1	1.0
344	1216	1	1.0
344	1240	1	1.0
344	1288	1	1.0
344	1332	1	1.0
344	1425	1	1.0
344	1652	1	1.0
344	1729	1	1.0
344	1808	1	1.0
344	1948	1	1.0
344	1968	1	1.0
344	1996	1	1.0
344	2126	1	1.0
344	2155	1	1.0
344	2335	1	1.0
344	2393	1	1.0
344	2446	1	1.0
344	2477	1	1.0
344	2508	1	1.0
344	2801	1	1.0
344	3130	1	1.0
344	3229	1	1.0
344	3646	1	1.0
344	455	0	1.0
344	472	0	1.0
344	534	0	1.0
344	656	0	1.0
344	660	0	1.0
344	669	0	1.0
345	346	1	1.0
345	604	1	1.0
345	926	1	1.0
345	1023	1	1.0
345	1122	1	1.0
345	1260	1	1.0
345	1478	1	1.0
345	1702	1	1.0
345	2202	1	1.0
345	2890	1	1.0
348	349	1	1.0
349	383	1	1.0
349	442	1	1.0
349	445	1	1.0
349	453	1	1.0
349	454	1	1.0
349	459	1	1.0
349	470	1	1.0
349	508	1	1.0
349	514	1	1.0
349	624	1	1.0
350	351	0	1.0
352	353	0	1.0
355	386	1	1.0
355	605	1	1.0
356	1729	1	1.0
356	2202	1	1.0
357	369	1	1.0
357	419	1	1.0
357	422	1	1.0
357	449	1	1.0
357	493	1	1.0
357	494	1	1.0
357	591	1	1.0
357	610	1	1.0
357	637	1	1.0
357	641	1	1.0
357	795	1	1.0
357	853	1	1.0
357	860	1	1.0
357	980	1	1.0
357	1031	1	1.0
357	1042	1	1.0
357	1111	1	1.0
357	3291	1	1.0
359	360	1	1.0
363	364	1	1.0
363	365	0	1.0
363	366	0	1.0
363	367	0	1.0
363	368	0	1.0
363	369	0	1.0
363	370	0	1.0
363	371	0	1.0
363	372	0	1.0
365	368	1	1.0
365	379	1	1.0
365	385	1	1.0
365	391	1	1.0
365	394	1	1.0
365	411	1	1.0
365	416	1	1.0
365	422	1	1.0
365	429	1	1.0
365	442	1	1.0
365	457	1	1.0
365	475	1	1.0
365	476	1	1.0
365	479	1	1.0
365	494	1	1.0
365	498	1	1.0
365	512	1	1.0
365	514	1	1.0
365	516	1	1.0
365	517	1	1.0
365	518	1	1.0
365	522	1	1.0
365	525	1	1.0
365	529	1	1.0
365	540	1	1.0
365	570	1	1.0
365	624	1	1.0
365	733	1	1.0
365	747	1	1.0
365	807	1	1.0
365	848	1	1.0
365	865	1	1.0
365	1006	1	1.0
365	1039	1	1.0
365	1056	1	1.0
365	1103	1	1.0
365	1110	1	1.0
365	1111	1	1.0
365	1138	1	1.0
365	1166	1	1.0
365	1254	1	1.0
365	1320	1	1.0
365	1333	1	1.0
365	1362	1	1.0
365	1413	1	1.0
365	1458	1	1.0
365	1518	1	1.0
365	1733	1	1.0
365	1835	1	1.0
365	2508	1	1.0
366	368	1	1.0
366	369	1	1.0
366	385	1	1.0
366	391	1	1.0
366	411	1	1.0
366	414	1	1.0
366	422	1	1.0
366	442	1	1.0
366	445	1	1.0
366	447	1	1.0
366	475	1	1.0
366	494	1	1.0
366	495	1	1.0
366	498	1	1.0
366	503	1	1.0
366	519	1	1.0
366	523	1	1.0
366	525	1	1.0
366	529	1	1.0
366	535	1	1.0
366	537	1	1.0
366	542	1	1.0
366	543	1	1.0
366	551	1	1.0
366	577	1	1.0
366	599	1	1.0
366	604	1	1.0
366	610	1	1.0
366	635	1	1.0
366	647	1	1.0
366	692	1	1.0
366	716	1	1.0
366	717	1	1.0
366	721	1	1.0
366	726	1	1.0
366	734	1	1.0
366	787	1	1.0
366	789	1	1.0
366	796	1	1.0
366	798	1	1.0
366	801	1	1.0
366	807	1	1.0
366	808	1	1.0
366	810	1	1.0
366	823	1	1.0
366	826	1	1.0
366	834	1	1.0
366	836	1	1.0
366	842	1	1.0
366	845	1	1.0
366	884	1	1.0
366	888	1	1.0
366	916	1	1.0
366	948	1	1.0
366	966	1	1.0
366	1573	1	1.0
366	534	0	1.0
366	603	0	1.0
366	794	0	1.0
366	814	0	1.0
368	391	1	1.0
368	411	1	1.0
368	416	1	1.0
368	442	1	1.0
368	447	1	1.0
368	456	1	1.0
368	493	1	1.0
368	494	1	1.0
368	508	1	1.0
368	519	1	1.0
368	522	1	1.0
368	523	1	1.0
368	541	1	1.0
368	543	1	1.0
368	546	1	1.0
368	551	1	1.0
368	573	1	1.0
368	583	1	1.0
368	589	1	1.0
368	591	1	1.0
368	604	1	1.0
368	611	1	1.0
368	633	1	1.0
368	635	1	1.0
368	657	1	1.0
368	662	1	1.0
368	666	1	1.0
368	721	1	1.0
368	747	1	1.0
368	763	1	1.0
368	798	1	1.0
368	807	1	1.0
368	845	1	1.0
368	865	1	1.0
368	875	1	1.0
368	940	1	1.0
368	948	1	1.0
368	1042	1	1.0
368	1111	1	1.0
368	1166	1	1.0
368	1196	1	1.0
368	1222	1	1.0
368	1359	1	1.0
368	1364	1	1.0
368	1652	1	1.0
368	1729	1	1.0
368	1816	1	1.0
368	1833	0	1.0
369	391	1	1.0
369	503	1	1.0
369	514	1	1.0
369	523	1	1.0
369	524	1	1.0
369	526	1	1.0
369	574	1	1.0
369	575	1	1.0
369	472	0	1.0
371	411	1	1.0
371	604	1	1.0
371	647	1	1.0
371	798	1	1.0
371	827	1	1.0
371	848	1	1.0
371	852	1	1.0
371	860	1	1.0
371	948	1	1.0
371	1023	1	1.0
372	1260	1	1.0
372	1267	0	1.0
373	374	1	1.0
373	375	1	1.0
373	376	1	1.0
373	377	1	1.0
373	414	1	1.0
373	429	1	1.0
373	442	1	1.0
373	525	1	1.0
373	526	1	1.0
373	551	1	1.0
373	604	1	1.0
373	625	1	1.0
373	664	1	1.0
373	666	1	1.0
373	673	1	1.0
373	692	1	1.0
373	871	1	1.0
373	378	0	1.0
376	379	1	1.0
379	411	1	1.0
380	526	1	1.0
381	419	1	1.0
382	442	1	1.0
383	422	1	1.0
383	454	1	1.0
383	475	1	1.0
383	771	1	1.0
384	389	1	1.0
384	1196	1	1.0
385	413	1	1.0
385	419	1	1.0
385	425	1	1.0
385	442	1	1.0
385	449	1	1.0
385	494	1	1.0
385	503	1	1.0
385	509	1	1.0
385	522	1	1.0
385	523	1	1.0
385	526	1	1.0
385	529	1	1.0
385	537	1	1.0
385	542	1	1.0
385	543	1	1.0
385	592	1	1.0
385	682	1	1.0
385	747	1	1.0
385	749	1	1.0
385	787	1	1.0
385	1055	1	1.0
385	1101	1	1.0
385	1268	1	1.0
385	1468	1	1.0
385	1631	1	1.0
385	1722	1	1.0
385	2001	1	1.0
385	2087	1	1.0
385	2438	1	1.0
385	3160	1	1.0
385	3203	1	1.0
385	3246	1	1.0
385	3402	1	1.0
385	3436	1	1.0
385	3575	1	1.0
385	3646	1	1.0
385	473	0	1.0
385	2124	0	1.0
385	2125	0	1.0
385	2203	0	1.0
385	2765	0	1.0
387	388	1	1.0
388	390	1	1.0
390	391	1	1.0
391	411	1	1.0
391	419	1	1.0
391	470	1	1.0
391	479	1	1.0
391	495	1	1.0
391	502	1	1.0
391	503	1	1.0
391	508	1	1.0
391	523	1	1.0
391	537	1	1.0
391	538	1	1.0
391	540	1	1.0
391	549	1	1.0
391	551	1	1.0
391	599	1	1.0
392	393	1	1.0
393	2467	1	1.0
394	395	1	1.0
394	435	1	1.0
394	503	1	1.0
394	522	1	1.0
394	551	1	1.0
394	616	1	1.0
394	625	1	1.0
394	646	1	1.0
394	666	1	1.0
394	761	1	1.0
394	780	1	1.0
394	798	1	1.0
394	946	1	1.0
394	966	1	1.0
394	997	1	1.0
394	1040	1	1.0
394	1060	1	1.0
394	1082	1	1.0
394	1110	1	1.0
394	1112	1	1.0
394	1187	1	1.0
394	1279	1	1.0
394	1280	1	1.0
394	1288	1	1.0
394	1297	1	1.0
394	1300	1	1.0
394	1312	1	1.0
394	1313	1	1.0
394	1321	1	1.0
394	1323	1	1.0
394	1333	1	1.0
394	1334	1	1.0
394	1342	1	1.0
394	1346	1	1.0
394	1356	1	1.0
394	1393	1	1.0
394	1401	1	1.0
394	1406	1	1.0
394	1420	1	1.0
394	1421	1	1.0
394	1422	1	1.0
394	1423	1	1.0
395	419	1	1.0
395	432	1	1.0
395	442	1	1.0
395	456	1	1.0
395	459	1	1.0
395	476	1	1.0
395	509	1	1.0
395	512	1	1.0
395	548	1	1.0
395	573	1	1.0
395	641	1	1.0
395	646	1	1.0
395	657	1	1.0
395	666	1	1.0
395	671	1	1.0
395	682	1	1.0
395	709	1	1.0
395	714	1	1.0
395	722	1	1.0
395	732	1	1.0
395	740	1	1.0
395	785	1	1.0
395	798	1	1.0
395	807	1	1.0
395	825	1	1.0
395	850	1	1.0
395	860	1	1.0
395	865	1	1.0
395	880	1	1.0
395	910	1	1.0
395	915	1	1.0
395	921	1	1.0
395	922	1	1.0
395	929	1	1.0
395	940	1	1.0
395	946	1	1.0
395	948	1	1.0
395	951	1	1.0
395	962	1	1.0
395	966	1	1.0
395	967	1	1.0
395	980	1	1.0
395	983	1	1.0
395	996	1	1.0
395	1019	1	1.0
395	1039	1	1.0
395	1040	1	1.0
395	1042	1	1.0
395	1046	1	1.0
395	1061	1	1.0
395	1065	1	1.0
395	1066	1	1.0
395	1071	1	1.0
395	1072	1	1.0
395	1087	1	1.0
395	1089	1	1.0
395	1103	1	1.0
395	1108	1	1.0
395	1111	1	1.0
395	1121	1	1.0
395	1122	1	1.0
395	1126	1	1.0
395	1146	1	1.0
395	1158	1	1.0
395	1166	1	1.0
395	1174	1	1.0
395	1176	1	1.0
395	1183	1	1.0
395	1187	1	1.0
395	1188	1	1.0
395	1196	1	1.0
395	1215	1	1.0
395	1216	1	1.0
395	1240	1	1.0
395	1243	1	1.0
395	1260	1	1.0
395	1272	1	1.0
395	1275	1	1.0
395	1288	1	1.0
395	1297	1	1.0
395	1299	1	1.0
395	1300	1	1.0
395	1301	1	1.0
395	1320	1	1.0
395	1321	1	1.0
395	1332	1	1.0
395	1333	1	1.0
395	1335	1	1.0
395	1337	1	1.0
395	1340	1	1.0
395	1346	1	1.0
395	1347	1	1.0
395	1356	1	1.0
395	1361	1	1.0
395	1372	1	1.0
395	1380	1	1.0
395	1383	1	1.0
395	1400	1	1.0
395	1401	1	1.0
395	1409	1	1.0
395	1413	1	1.0
395	1415	1	1.0
395	1416	1	1.0
395	1419	1	1.0
395	1420	1	1.0
395	1424	1	1.0
395	1425	1	1.0
395	1426	1	1.0
395	1427	1	1.0
395	1437	1	1.0
395	1441	1	1.0
395	1458	1	1.0
395	1460	1	1.0
395	1462	1	1.0
395	1464	1	1.0
395	1468	1	1.0
395	1473	1	1.0
395	1478	1	1.0
395	1479	1	1.0
395	1484	1	1.0
395	1501	1	1.0
395	1502	1	1.0
395	1504	1	1.0
395	1506	1	1.0
395	1507	1	1.0
395	1516	1	1.0
395	1517	1	1.0
395	1521	1	1.0
395	1522	1	1.0
395	1540	1	1.0
395	1555	1	1.0
395	1560	1	1.0
395	1565	1	1.0
395	1571	1	1.0
395	1582	1	1.0
395	1584	1	1.0
395	1594	1	1.0
395	1631	1	1.0
395	1638	1	1.0
395	1640	1	1.0
395	1648	1	1.0
395	1652	1	1.0
395	1657	1	1.0
395	1666	1	1.0
395	1667	1	1.0
395	1676	1	1.0
395	1691	1	1.0
395	1701	1	1.0
395	1710	1	1.0
395	1713	1	1.0
395	1721	1	1.0
395	1722	1	1.0
395	1727	1	1.0
395	1728	1	1.0
395	1729	1	1.0
395	1730	1	1.0
395	1733	1	1.0
395	1743	1	1.0
395	1778	1	1.0
395	1792	1	1.0
395	1798	1	1.0
395	1799	1	1.0
395	1804	1	1.0
395	1807	1	1.0
395	1808	1	1.0
395	1816	1	1.0
395	1828	1	1.0
395	1851	1	1.0
395	1858	1	1.0
395	1862	1	1.0
395	1885	1	1.0
395	1886	1	1.0
395	1887	1	1.0
395	1898	1	1.0
395	1910	1	1.0
395	1917	1	1.0
395	1928	1	1.0
395	1948	1	1.0
395	1968	1	1.0
395	1973	1	1.0
395	1994	1	1.0
395	1996	1	1.0
395	1998	1	1.0
395	2000	1	1.0
395	2001	1	1.0
395	2003	1	1.0
395	2009	1	1.0
395	2011	1	1.0
395	2024	1	1.0
395	2040	1	1.0
395	2050	1	1.0
395	2063	1	1.0
395	2084	1	1.0
395	2087	1	1.0
395	2100	1	1.0
395	2105	1	1.0
395	2113	1	1.0
395	2126	1	1.0
395	2140	1	1.0
395	2144	1	1.0
395	2155	1	1.0
395	2156	1	1.0
395	2159	1	1.0
395	2168	1	1.0
395	2169	1	1.0
395	2171	1	1.0
395	2179	1	1.0
395	2180	1	1.0
395	2190	1	1.0
395	2200	1	1.0
395	2202	1	1.0
395	2205	1	1.0
395	2213	1	1.0
395	2221	1	1.0
395	2224	1	1.0
395	2239	1	1.0
395	2254	1	1.0
395	2257	1	1.0
395	2260	1	1.0
395	2262	1	1.0
395	2265	1	1.0
395	2284	1	1.0
395	2286	1	1.0
395	2292	1	1.0
395	2297	1	1.0
395	2299	1	1.0
395	2302	1	1.0
395	2308	1	1.0
395	2311	1	1.0
395	2313	1	1.0
395	2335	1	1.0
395	2359	1	1.0
395	2373	1	1.0
395	2377	1	1.0
395	2382	1	1.0
395	2393	1	1.0
395	2394	1	1.0
395	2395	1	1.0
395	2399	1	1.0
395	2400	1	1.0
395	2414	1	1.0
395	2419	1	1.0
395	2425	1	1.0
395	2432	1	1.0
395	2438	1	1.0
395	2439	1	1.0
395	2446	1	1.0
395	2453	1	1.0
395	2454	1	1.0
395	2458	1	1.0
395	2467	1	1.0
395	2468	1	1.0
395	2477	1	1.0
395	2479	1	1.0
395	2487	1	1.0
395	2495	1	1.0
395	2496	1	1.0
395	2499	1	1.0
395	2504	1	1.0
395	2505	1	1.0
395	2508	1	1.0
395	2514	1	1.0
395	2520	1	1.0
395	2527	1	1.0
395	2533	1	1.0
395	2620	1	1.0
395	2625	1	1.0
395	2628	1	1.0
395	2630	1	1.0
395	2660	1	1.0
395	2666	1	1.0
395	2696	1	1.0
395	2700	1	1.0
395	2711	1	1.0
395	2712	1	1.0
395	2714	1	1.0
395	2728	1	1.0
395	2733	1	1.0
395	2735	1	1.0
395	2745	1	1.0
395	2751	1	1.0
395	2756	1	1.0
395	2761	1	1.0
395	2763	1	1.0
395	2771	1	1.0
395	2783	1	1.0
395	2786	1	1.0
395	2788	1	1.0
395	2799	1	1.0
395	2801	1	1.0
395	2810	1	1.0
395	2812	1	1.0
395	2813	1	1.0
395	2814	1	1.0
395	2816	1	1.0
395	2820	1	1.0
395	2821	1	1.0
395	2823	1	1.0
395	2844	1	1.0
395	2850	1	1.0
395	2851	1	1.0
395	2862	1	1.0
395	2866	1	1.0
395	2888	1	1.0
395	2890	1	1.0
395	2904	1	1.0
395	2911	1	1.0
395	2916	1	1.0
395	2917	1	1.0
395	2949	1	1.0
395	2960	1	1.0
395	2963	1	1.0
395	2972	1	1.0
395	2976	1	1.0
395	2977	1	1.0
395	2990	1	1.0
395	2994	1	1.0
395	2999	1	1.0
395	3002	1	1.0
395	3005	1	1.0
395	3010	1	1.0
395	3014	1	1.0
395	3055	1	1.0
395	3062	1	1.0
395	3079	1	1.0
395	3081	1	1.0
395	3094	1	1.0
395	3096	1	1.0
395	3112	1	1.0
395	3125	1	1.0
395	3126	1	1.0
395	3130	1	1.0
395	3131	1	1.0
395	3134	1	1.0
395	3138	1	1.0
395	3141	1	1.0
395	3142	1	1.0
395	3144	1	1.0
395	3160	1	1.0
395	3165	1	1.0
395	3194	1	1.0
395	3200	1	1.0
395	3204	1	1.0
395	3224	1	1.0
395	3228	1	1.0
395	3229	1	1.0
395	3230	1	1.0
395	3246	1	1.0
395	3256	1	1.0
395	3264	1	1.0
395	3267	1	1.0
395	3284	1	1.0
395	3291	1	1.0
395	3306	1	1.0
395	3318	1	1.0
395	3325	1	1.0
395	3334	1	1.0
395	3355	1	1.0
395	3363	1	1.0
395	3370	1	1.0
395	3376	1	1.0
395	3385	1	1.0
395	3388	1	1.0
395	3402	1	1.0
395	3416	1	1.0
395	3417	1	1.0
395	3436	1	1.0
395	3438	1	1.0
395	3479	1	1.0
395	3490	1	1.0
395	3499	1	1.0
395	3514	1	1.0
395	3516	1	1.0
395	3537	1	1.0
395	3538	1	1.0
395	3557	1	1.0
395	3559	1	1.0
395	3562	1	1.0
395	3567	1	1.0
395	3571	1	1.0
395	3575	1	1.0
395	3593	1	1.0
395	3594	1	1.0
395	3614	1	1.0
395	3619	1	1.0
395	3631	1	1.0
395	3640	1	1.0
395	3646	1	1.0
395	3649	1	1.0
395	3663	1	1.0
395	3668	1	1.0
395	3669	1	1.0
395	3674	1	1.0
395	3680	1	1.0
395	3684	1	1.0
395	3687	1	1.0
395	3693	1	1.0
395	3703	1	1.0
395	3711	1	1.0
395	3725	1	1.0
395	3732	1	1.0
395	3735	1	1.0
395	3741	1	1.0
395	3756	1	1.0
395	3759	1	1.0
395	3780	1	1.0
395	1025	0	1.0
395	1045	0	1.0
395	1232	0	1.0
395	1496	0	1.0
395	1558	0	1.0
395	1665	0	1.0
395	1770	0	1.0
395	1797	0	1.0
395	1876	0	1.0
395	1919	0	1.0
395	2160	0	1.0
395	2196	0	1.0
395	2291	0	1.0
395	2440	0	1.0
395	2537	0	1.0
395	2709	0	1.0
396	915	0	1.0
397	662	1	1.0
397	713	1	1.0
397	728	1	1.0
397	793	1	1.0
397	801	1	1.0
397	818	1	1.0
397	819	1	1.0
397	823	1	1.0
397	873	1	1.0
397	916	1	1.0
397	406	0	1.0
397	820	0	1.0
397	821	0	1.0
397	822	0	1.0
398	412	1	1.0
398	419	1	1.0
403	1929	1	1.0
403	1103	0	1.0
403	1361	0	1.0
403	1484	0	1.0
403	1582	0	1.0
403	1759	0	1.0
403	1799	0	1.0
403	1813	0	1.0
403	1910	0	1.0
407	807	1	1.0
408	412	1	1.0
408	419	1	1.0
409	410	1	1.0
410	419	1	1.0
410	514	1	1.0
410	518	1	1.0
410	536	1	1.0
410	604	1	1.0
410	625	1	1.0
410	653	1	1.0
410	662	1	1.0
410	782	1	1.0
410	801	1	1.0
410	865	1	1.0
410	2802	1	1.0
410	654	0	1.0
410	660	0	1.0
410	2887	0	1.0
411	438	1	1.0
411	445	1	1.0
411	465	1	1.0
411	470	1	1.0
411	479	1	1.0
411	493	1	1.0
411	522	1	1.0
411	525	1	1.0
411	537	1	1.0
411	540	1	1.0
411	747	1	1.0
411	811	1	1.0
411	842	1	1.0
411	848	1	1.0
411	880	1	1.0
411	915	1	1.0
411	1111	1	1.0
411	1129	1	1.0
411	1254	1	1.0
411	2000	1	1.0
412	413	1	1.0
412	875	1	1.0
412	926	1	1.0
412	1826	1	1.0
413	825	1	1.0
414	417	1	1.0
414	526	1	1.0
414	551	1	1.0
414	591	1	1.0
414	611	1	1.0
414	616	1	1.0
414	625	1	1.0
415	927	1	1.0
415	933	1	1.0
416	422	1	1.0
416	432	1	1.0
416	438	1	1.0
416	442	1	1.0
416	456	1	1.0
416	494	1	1.0
416	498	1	1.0
416	518	1	1.0
416	522	1	1.0
416	523	1	1.0
416	526	1	1.0
416	570	1	1.0
416	571	1	1.0
416	579	1	1.0
416	581	1	1.0
416	585	1	1.0
416	604	1	1.0
416	607	1	1.0
416	610	1	1.0
416	624	1	1.0
416	633	1	1.0
416	643	1	1.0
416	644	1	1.0
416	645	1	1.0
416	646	1	1.0
416	721	1	1.0
416	731	1	1.0
416	733	1	1.0
416	734	1	1.0
416	747	1	1.0
416	749	1	1.0
416	782	1	1.0
416	787	1	1.0
416	798	1	1.0
416	801	1	1.0
416	807	1	1.0
416	823	1	1.0
416	834	1	1.0
416	836	1	1.0
416	845	1	1.0
416	852	1	1.0
416	864	1	1.0
416	865	1	1.0
416	885	1	1.0
416	953	1	1.0
416	980	1	1.0
416	1042	1	1.0
416	1174	1	1.0
416	1594	1	1.0
416	1891	1	1.0
416	2703	1	1.0
416	3668	1	1.0
417	418	1	1.0
419	420	1	1.0
419	421	1	1.0
419	422	1	1.0
419	423	1	1.0
419	424	1	1.0
419	425	1	1.0
421	426	1	1.0
422	426	1	1.0
422	432	1	1.0
422	450	1	1.0
422	456	1	1.0
422	459	1	1.0
422	465	1	1.0
422	476	1	1.0
422	493	1	1.0
422	494	1	1.0
422	502	1	1.0
422	512	1	1.0
422	522	1	1.0
422	523	1	1.0
422	526	1	1.0
422	533	1	1.0
422	548	1	1.0
422	570	1	1.0
422	580	1	1.0
422	604	1	1.0
422	633	1	1.0
422	647	1	1.0
422	657	1	1.0
422	662	1	1.0
422	667	1	1.0
422	668	1	1.0
422	671	1	1.0
422	673	1	1.0
422	678	1	1.0
422	714	1	1.0
422	722	1	1.0
422	725	1	1.0
422	728	1	1.0
422	747	1	1.0
422	764	1	1.0
422	767	1	1.0
422	775	1	1.0
422	787	1	1.0
422	792	1	1.0
422	793	1	1.0
422	798	1	1.0
422	810	1	1.0
422	816	1	1.0
422	823	1	1.0
422	827	1	1.0
422	831	1	1.0
422	832	1	1.0
422	850	1	1.0
422	880	1	1.0
422	884	1	1.0
422	885	1	1.0
422	915	1	1.0
422	916	1	1.0
422	921	1	1.0
422	933	1	1.0
422	940	1	1.0
422	966	1	1.0
422	980	1	1.0
422	996	1	1.0
422	1008	1	1.0
422	1023	1	1.0
422	1040	1	1.0
422	1056	1	1.0
422	1060	1	1.0
422	1061	1	1.0
422	1072	1	1.0
422	1086	1	1.0
422	1087	1	1.0
422	1089	1	1.0
422	1091	1	1.0
422	1117	1	1.0
422	1121	1	1.0
422	1146	1	1.0
422	1158	1	1.0
422	1176	1	1.0
422	1183	1	1.0
422	1215	1	1.0
422	1216	1	1.0
422	1217	1	1.0
422	1249	1	1.0
422	1254	1	1.0
422	1260	1	1.0
422	1277	1	1.0
422	1288	1	1.0
422	1299	1	1.0
422	1300	1	1.0
422	1320	1	1.0
422	1333	1	1.0
422	1335	1	1.0
422	1347	1	1.0
422	1361	1	1.0
422	1362	1	1.0
422	1380	1	1.0
422	1383	1	1.0
422	1388	1	1.0
422	1415	1	1.0
422	1416	1	1.0
422	1419	1	1.0
422	1462	1	1.0
422	1464	1	1.0
422	1473	1	1.0
422	1478	1	1.0
422	1479	1	1.0
422	1506	1	1.0
422	1514	1	1.0
422	1516	1	1.0
422	1521	1	1.0
422	1522	1	1.0
422	1533	1	1.0
422	1560	1	1.0
422	1584	1	1.0
422	1589	1	1.0
422	1594	1	1.0
422	1652	1	1.0
422	1702	1	1.0
422	1713	1	1.0
422	1733	1	1.0
422	1743	1	1.0
422	1799	1	1.0
422	1804	1	1.0
422	1805	1	1.0
422	1816	1	1.0
422	1858	1	1.0
422	1911	1	1.0
422	1917	1	1.0
422	1994	1	1.0
422	1998	1	1.0
422	2000	1	1.0
422	2003	1	1.0
422	2024	1	1.0
422	2040	1	1.0
422	2050	1	1.0
422	2084	1	1.0
422	2190	1	1.0
422	2221	1	1.0
422	2292	1	1.0
422	2400	1	1.0
422	2414	1	1.0
422	2446	1	1.0
422	2453	1	1.0
422	2458	1	1.0
422	2771	1	1.0
422	2823	1	1.0
422	2851	1	1.0
422	2949	1	1.0
422	2960	1	1.0
422	1232	0	1.0
422	1844	0	1.0
422	1930	0	1.0
425	456	1	1.0
425	522	1	1.0
425	604	1	1.0
425	621	1	1.0
425	875	1	1.0
425	1222	1	1.0
425	2972	1	1.0
426	427	1	1.0
426	428	1	1.0
426	429	1	1.0
426	430	1	1.0
426	580	1	1.0
426	832	1	1.0
426	1008	1	1.0
426	1072	1	1.0
426	1816	1	1.0
426	1858	1	1.0
426	1917	1	1.0
429	436	1	1.0
429	449	1	1.0
429	450	1	1.0
429	488	1	1.0
429	494	1	1.0
429	495	1	1.0
429	517	1	1.0
429	518	1	1.0
429	522	1	1.0
429	535	1	1.0
429	537	1	1.0
429	573	1	1.0
429	591	1	1.0
429	610	1	1.0
429	616	1	1.0
429	621	1	1.0
429	644	1	1.0
429	653	1	1.0
429	666	1	1.0
429	674	1	1.0
429	675	1	1.0
429	676	1	1.0
429	677	1	1.0
429	678	1	1.0
429	747	1	1.0
429	948	1	1.0
429	1152	1	1.0
429	1217	1	1.0
429	2050	1	1.0
430	488	1	1.0
431	503	1	1.0
431	577	1	1.0
431	1731	0	1.0
432	463	1	1.0
432	579	1	1.0
432	682	1	1.0
432	798	1	1.0
432	910	1	1.0
432	922	1	1.0
432	940	1	1.0
432	946	1	1.0
432	976	1	1.0
432	1046	1	1.0
432	1103	1	1.0
432	1122	1	1.0
432	1126	1	1.0
432	1158	1	1.0
432	1162	1	1.0
432	1174	1	1.0
432	1196	1	1.0
432	1275	1	1.0
432	1288	1	1.0
432	1289	1	1.0
432	1296	1	1.0
432	1321	1	1.0
432	1347	1	1.0
432	1359	1	1.0
432	1361	1	1.0
432	1468	1	1.0
432	1478	1	1.0
432	1484	1	1.0
432	1504	1	1.0
432	1506	1	1.0
432	1514	1	1.0
432	1518	1	1.0
432	1560	1	1.0
432	1571	1	1.0
432	1584	1	1.0
432	1594	1	1.0
432	1597	1	1.0
432	1664	1	1.0
432	1666	1	1.0
432	1671	1	1.0
432	1721	1	1.0
432	1728	1	1.0
432	1729	1	1.0
432	1733	1	1.0
432	1736	1	1.0
432	1737	1	1.0
432	1798	1	1.0
432	1799	1	1.0
432	1805	1	1.0
432	1808	1	1.0
432	1816	1	1.0
432	1821	1	1.0
432	1825	1	1.0
432	1826	1	1.0
432	1858	1	1.0
432	1887	1	1.0
432	1889	1	1.0
432	1891	1	1.0
432	1898	1	1.0
432	1899	1	1.0
432	1934	1	1.0
432	1948	1	1.0
432	1969	1	1.0
432	1970	1	1.0
432	1973	1	1.0
432	1993	1	1.0
432	1994	1	1.0
432	1997	1	1.0
432	1999	1	1.0
432	2009	1	1.0
432	2012	1	1.0
432	2015	1	1.0
432	2016	1	1.0
432	2017	1	1.0
432	2024	1	1.0
432	2087	1	1.0
432	2180	1	1.0
432	2190	1	1.0
432	2313	1	1.0
432	2395	1	1.0
432	2496	1	1.0
432	2666	1	1.0
432	2745	1	1.0
432	2763	1	1.0
432	2812	1	1.0
432	3005	1	1.0
432	3144	1	1.0
432	3646	1	1.0
432	1897	0	1.0
432	1900	0	1.0
432	1946	0	1.0
432	1990	0	1.0
432	2018	0	1.0
432	2049	0	1.0
432	2233	0	1.0
432	2294	0	1.0
432	2584	0	1.0
432	2619	0	1.0
432	2709	0	1.0
432	2762	0	1.0
432	2765	0	1.0
432	3139	0	1.0
432	3164	0	1.0
432	3422	0	1.0
433	459	1	1.0
434	747	1	1.0
434	983	1	1.0
434	1023	1	1.0
434	1096	1	1.0
434	1098	1	1.0
434	1180	1	1.0
435	522	1	1.0
435	526	1	1.0
435	551	1	1.0
435	728	1	1.0
435	764	1	1.0
435	921	1	1.0
435	940	1	1.0
435	964	1	1.0
435	976	1	1.0
435	981	1	1.0
435	1003	1	1.0
435	1063	1	1.0
435	1083	1	1.0
435	1166	1	1.0
435	1740	1	1.0
435	1911	1	1.0
436	437	1	1.0
437	1087	1	1.0
438	439	1	1.0
438	440	1	1.0
438	442	1	1.0
438	491	1	1.0
438	492	1	1.0
438	495	1	1.0
438	529	1	1.0
438	546	1	1.0
438	621	1	1.0
438	666	1	1.0
438	782	1	1.0
438	863	1	1.0
438	915	1	1.0
438	916	1	1.0
438	921	1	1.0
438	1356	1	1.0
438	1257	0	1.0
439	445	1	1.0
439	491	1	1.0
439	492	1	1.0
439	493	1	1.0
439	495	1	1.0
439	498	1	1.0
439	574	1	1.0
439	585	1	1.0
439	666	1	1.0
439	667	1	1.0
439	910	1	1.0
439	916	1	1.0
439	922	1	1.0
439	1039	1	1.0
439	1183	1	1.0
439	1288	1	1.0
439	2003	1	1.0
439	1499	0	1.0
441	462	1	1.0
442	443	1	1.0
442	445	1	1.0
442	454	1	1.0
442	456	1	1.0
442	503	1	1.0
442	511	1	1.0
442	514	1	1.0
442	517	1	1.0
442	522	1	1.0
442	526	1	1.0
442	527	1	1.0
442	540	1	1.0
442	553	1	1.0
442	592	1	1.0
442	444	0	1.0
443	789	1	1.0
445	451	1	1.0
445	492	1	1.0
445	517	1	1.0
445	551	1	1.0
445	573	1	1.0
445	611	1	1.0
445	653	1	1.0
445	666	1	1.0
445	668	1	1.0
445	739	1	1.0
445	771	1	1.0
445	916	1	1.0
445	1454	0	1.0
446	473	0	1.0
447	454	1	1.0
447	494	1	1.0
447	526	1	1.0
447	543	1	1.0
447	591	1	1.0
447	647	1	1.0
447	798	1	1.0
447	851	1	1.0
447	854	1	1.0
447	855	1	1.0
447	1061	1	1.0
447	1372	1	1.0
447	1835	1	1.0
449	465	1	1.0
449	466	1	1.0
449	467	1	1.0
449	468	1	1.0
449	469	1	1.0
449	473	0	1.0
451	452	1	1.0
453	494	1	1.0
453	526	1	1.0
453	599	1	1.0
453	605	1	1.0
453	879	1	1.0
453	1506	1	1.0
453	603	0	1.0
454	465	1	1.0
454	522	1	1.0
454	635	1	1.0
454	662	1	1.0
454	795	1	1.0
454	807	1	1.0
454	809	1	1.0
454	827	1	1.0
454	834	1	1.0
454	873	1	1.0
454	879	1	1.0
454	933	1	1.0
454	996	1	1.0
454	1031	1	1.0
454	1039	1	1.0
455	456	0	1.0
455	457	0	1.0
455	458	0	1.0
456	494	1	1.0
456	496	1	1.0
456	522	1	1.0
456	525	1	1.0
456	526	1	1.0
456	551	1	1.0
456	591	1	1.0
456	592	1	1.0
456	593	1	1.0
456	604	1	1.0
456	609	1	1.0
456	624	1	1.0
456	637	1	1.0
456	662	1	1.0
456	666	1	1.0
456	670	1	1.0
456	671	1	1.0
456	714	1	1.0
456	721	1	1.0
456	724	1	1.0
456	753	1	1.0
456	763	1	1.0
456	765	1	1.0
456	781	1	1.0
456	782	1	1.0
456	789	1	1.0
456	793	1	1.0
456	796	1	1.0
456	801	1	1.0
456	808	1	1.0
456	810	1	1.0
456	811	1	1.0
456	865	1	1.0
456	968	1	1.0
456	1031	1	1.0
456	1039	1	1.0
456	1425	1	1.0
456	1426	1	1.0
456	669	0	1.0
456	814	0	1.0
456	1495	0	1.0
456	1496	0	1.0
456	1499	0	1.0
456	1513	0	1.0
457	522	1	1.0
457	823	1	1.0
457	1043	1	1.0
457	1063	1	1.0
457	1083	1	1.0
457	1136	1	1.0
459	460	1	1.0
459	461	1	1.0
462	463	1	1.0
462	464	1	1.0
463	720	1	1.0
463	1158	1	1.0
463	1174	1	1.0
463	1187	1	1.0
463	1240	1	1.0
463	1356	1	1.0
463	1361	1	1.0
463	1362	1	1.0
463	1364	1	1.0
463	1518	1	1.0
463	1533	1	1.0
463	1571	1	1.0
463	1584	1	1.0
463	1666	1	1.0
463	1721	1	1.0
463	1727	1	1.0
463	1728	1	1.0
463	1729	1	1.0
463	1792	1	1.0
463	1804	1	1.0
463	1805	1	1.0
463	1808	1	1.0
463	1816	1	1.0
463	1835	1	1.0
463	1898	1	1.0
463	1934	1	1.0
463	1996	1	1.0
463	2001	1	1.0
463	2024	1	1.0
463	2040	1	1.0
463	2063	1	1.0
463	2087	1	1.0
463	2144	1	1.0
463	2155	1	1.0
463	2169	1	1.0
463	2190	1	1.0
463	2224	1	1.0
463	2308	1	1.0
463	2377	1	1.0
463	2382	1	1.0
463	2558	1	1.0
463	2761	1	1.0
463	2814	1	1.0
463	1930	0	1.0
463	1958	0	1.0
463	2124	0	1.0
463	2216	0	1.0
465	522	1	1.0
465	580	1	1.0
465	591	1	1.0
465	604	1	1.0
465	609	1	1.0
465	610	1	1.0
465	625	1	1.0
465	662	1	1.0
465	709	1	1.0
465	714	1	1.0
465	728	1	1.0
465	753	1	1.0
465	793	1	1.0
465	795	1	1.0
465	798	1	1.0
465	827	1	1.0
465	861	1	1.0
465	878	1	1.0
471	1301	1	1.0
471	1400	1	1.0
471	1401	1	1.0
473	474	0	1.0
475	494	1	1.0
475	540	1	1.0
475	609	1	1.0
475	625	1	1.0
475	662	1	1.0
475	678	1	1.0
475	714	1	1.0
475	753	1	1.0
475	785	1	1.0
475	786	1	1.0
475	1159	1	1.0
476	502	1	1.0
476	522	1	1.0
476	591	1	1.0
476	625	1	1.0
476	708	1	1.0
476	709	1	1.0
476	785	1	1.0
476	792	1	1.0
476	798	1	1.0
476	976	1	1.0
476	1057	1	1.0
477	3497	0	1.0
477	3511	0	1.0
479	488	1	1.0
479	502	1	1.0
479	542	1	1.0
479	546	1	1.0
479	577	1	1.0
480	486	1	1.0
480	523	1	1.0
481	836	1	1.0
481	915	1	1.0
481	1039	1	1.0
483	494	1	1.0
483	796	1	1.0
483	890	1	1.0
484	763	1	1.0
484	789	1	1.0
485	533	0	1.0
485	1359	0	1.0
485	1808	0	1.0
485	2063	0	1.0
486	487	0	1.0
488	489	1	1.0
488	490	1	1.0
489	577	1	1.0
489	583	1	1.0
491	492	1	1.0
492	522	1	1.0
492	526	1	1.0
492	551	1	1.0
492	616	1	1.0
492	657	1	1.0
492	666	1	1.0
492	667	1	1.0
492	668	1	1.0
492	722	1	1.0
492	728	1	1.0
492	795	1	1.0
492	816	1	1.0
492	872	1	1.0
492	907	1	1.0
492	915	1	1.0
492	916	1	1.0
492	918	1	1.0
492	920	1	1.0
492	921	1	1.0
492	922	1	1.0
492	934	1	1.0
492	988	1	1.0
492	993	1	1.0
492	994	1	1.0
492	995	1	1.0
492	1006	1	1.0
492	1041	1	1.0
492	1091	1	1.0
492	1288	1	1.0
492	1887	1	1.0
492	3268	1	1.0
492	945	0	1.0
493	502	1	1.0
493	514	1	1.0
493	522	1	1.0
493	526	1	1.0
493	589	1	1.0
493	591	1	1.0
493	616	1	1.0
493	624	1	1.0
493	667	1	1.0
493	709	1	1.0
493	722	1	1.0
493	728	1	1.0
493	747	1	1.0
493	810	1	1.0
493	827	1	1.0
493	832	1	1.0
493	921	1	1.0
493	940	1	1.0
493	951	1	1.0
493	976	1	1.0
493	1039	1	1.0
493	1041	1	1.0
493	1061	1	1.0
493	1063	1	1.0
493	1083	1	1.0
493	1084	1	1.0
493	1087	1	1.0
493	1108	1	1.0
493	1183	1	1.0
493	1288	1	1.0
493	1473	1	1.0
493	501	0	1.0
493	515	0	1.0
493	534	0	1.0
493	640	0	1.0
493	654	0	1.0
494	526	1	1.0
494	540	1	1.0
494	546	1	1.0
494	551	1	1.0
494	570	1	1.0
494	573	1	1.0
494	585	1	1.0
494	591	1	1.0
494	597	1	1.0
494	604	1	1.0
494	609	1	1.0
494	610	1	1.0
494	611	1	1.0
494	612	1	1.0
494	613	1	1.0
494	614	1	1.0
494	615	1	1.0
494	616	1	1.0
494	617	1	1.0
494	618	1	1.0
494	619	1	1.0
494	620	1	1.0
494	624	1	1.0
494	633	1	1.0
494	635	1	1.0
494	647	1	1.0
494	662	1	1.0
494	666	1	1.0
494	692	1	1.0
494	717	1	1.0
494	747	1	1.0
494	749	1	1.0
494	763	1	1.0
494	789	1	1.0
494	792	1	1.0
494	798	1	1.0
494	807	1	1.0
494	810	1	1.0
494	827	1	1.0
494	836	1	1.0
494	842	1	1.0
494	845	1	1.0
494	860	1	1.0
494	940	1	1.0
494	948	1	1.0
494	968	1	1.0
494	996	1	1.0
494	1042	1	1.0
494	1103	1	1.0
494	1218	1	1.0
494	1573	1	1.0
494	654	0	1.0
495	496	1	1.0
495	497	1	1.0
496	537	1	1.0
496	551	1	1.0
496	591	1	1.0
496	596	1	1.0
496	604	1	1.0
496	611	1	1.0
496	635	1	1.0
496	645	1	1.0
496	653	1	1.0
496	661	1	1.0
496	749	1	1.0
496	808	1	1.0
496	860	1	1.0
496	865	1	1.0
496	1087	1	1.0
496	1121	1	1.0
496	1733	1	1.0
497	1638	1	1.0
498	518	1	1.0
498	522	1	1.0
498	526	1	1.0
498	535	1	1.0
498	637	1	1.0
498	662	1	1.0
498	725	1	1.0
498	728	1	1.0
498	792	1	1.0
498	816	1	1.0
498	827	1	1.0
498	839	1	1.0
498	844	1	1.0
498	913	1	1.0
498	916	1	1.0
498	1123	1	1.0
498	1138	1	1.0
498	1288	1	1.0
498	1347	1	1.0
498	1416	1	1.0
498	1426	1	1.0
498	1584	1	1.0
498	3246	1	1.0
498	3284	1	1.0
498	3559	1	1.0
498	2543	0	1.0
499	834	1	1.0
499	836	1	1.0
499	1215	1	1.0
500	1065	1	1.0
500	1340	1	1.0
500	2399	1	1.0
500	2745	1	1.0
500	3741	1	1.0
500	2775	0	1.0
501	515	1	1.0
501	835	0	1.0
502	503	1	1.0
502	504	1	1.0
503	522	1	1.0
503	524	1	1.0
503	526	1	1.0
503	537	1	1.0
503	542	1	1.0
503	577	1	1.0
503	599	1	1.0
503	1039	1	1.0
503	1179	1	1.0
503	1296	1	1.0
503	1713	1	1.0
504	537	1	1.0
505	548	1	1.0
505	980	1	1.0
505	1040	1	1.0
505	1086	1	1.0
505	1117	1	1.0
505	1138	1	1.0
506	1729	1	1.0
507	720	1	1.0
507	1807	1	1.0
508	509	1	1.0
508	510	1	1.0
508	511	1	1.0
509	823	1	1.0
509	906	1	1.0
509	1437	1	1.0
509	1520	1	1.0
509	1729	1	1.0
509	1996	1	1.0
509	2114	1	1.0
509	2213	1	1.0
509	2265	1	1.0
509	2309	1	1.0
509	2462	1	1.0
509	2502	1	1.0
509	2633	1	1.0
509	2666	1	1.0
509	2742	1	1.0
509	2799	1	1.0
509	3046	1	1.0
509	3072	1	1.0
509	3114	1	1.0
509	3127	1	1.0
509	3160	1	1.0
509	3202	1	1.0
509	3205	1	1.0
509	3284	1	1.0
509	3299	1	1.0
509	3346	1	1.0
509	3348	1	1.0
509	3412	1	1.0
509	3467	1	1.0
509	3546	1	1.0
509	3574	1	1.0
509	3612	1	1.0
509	3629	1	1.0
509	3673	1	1.0
509	3756	1	1.0
509	3759	1	1.0
509	3763	1	1.0
510	726	1	1.0
511	536	1	1.0
511	585	1	1.0
511	808	1	1.0
511	996	1	1.0
512	540	1	1.0
512	591	1	1.0
512	599	1	1.0
512	724	1	1.0
512	801	1	1.0
512	884	1	1.0
512	953	1	1.0
512	1021	1	1.0
512	1043	1	1.0
512	1046	1	1.0
512	1048	1	1.0
512	1126	1	1.0
512	1158	1	1.0
512	1174	1	1.0
512	1288	1	1.0
512	1304	1	1.0
512	1316	1	1.0
512	1321	1	1.0
512	1359	1	1.0
512	1364	1	1.0
512	1500	1	1.0
512	1504	1	1.0
512	1519	1	1.0
512	1583	1	1.0
512	1689	1	1.0
512	1737	1	1.0
512	1760	1	1.0
512	1790	1	1.0
512	1791	1	1.0
512	1792	1	1.0
512	2377	1	1.0
512	2394	1	1.0
512	2810	1	1.0
512	1411	0	1.0
513	522	1	1.0
513	526	1	1.0
513	551	1	1.0
513	724	1	1.0
513	728	1	1.0
513	850	1	1.0
513	913	1	1.0
513	1021	1	1.0
513	1063	1	1.0
513	1083	1	1.0
513	1087	1	1.0
513	1127	1	1.0
513	1155	1	1.0
513	1156	1	1.0
513	1159	1	1.0
513	1144	0	1.0
513	1599	0	1.0
514	604	1	1.0
514	721	1	1.0
514	845	1	1.0
516	521	1	1.0
517	518	1	1.0
517	573	1	1.0
517	604	1	1.0
517	642	1	1.0
517	670	1	1.0
517	671	1	1.0
517	672	1	1.0
518	522	1	1.0
518	551	1	1.0
518	591	1	1.0
518	610	1	1.0
518	666	1	1.0
518	771	1	1.0
518	789	1	1.0
518	792	1	1.0
518	834	1	1.0
518	938	1	1.0
518	1039	1	1.0
518	1111	1	1.0
518	1174	1	1.0
518	1183	1	1.0
518	1215	1	1.0
518	1260	1	1.0
518	1441	1	1.0
518	1729	1	1.0
518	1970	1	1.0
518	603	0	1.0
518	640	0	1.0
518	656	0	1.0
518	660	0	1.0
518	669	0	1.0
518	814	0	1.0
519	520	1	1.0
521	522	1	1.0
521	523	1	1.0
522	525	1	1.0
522	536	1	1.0
522	551	1	1.0
522	570	1	1.0
522	571	1	1.0
522	574	1	1.0
522	591	1	1.0
522	592	1	1.0
522	593	1	1.0
522	599	1	1.0
522	610	1	1.0
522	616	1	1.0
522	624	1	1.0
522	633	1	1.0
522	635	1	1.0
522	637	1	1.0
522	641	1	1.0
522	646	1	1.0
522	647	1	1.0
522	657	1	1.0
522	662	1	1.0
522	665	1	1.0
522	666	1	1.0
522	667	1	1.0
522	668	1	1.0
522	671	1	1.0
522	686	1	1.0
522	692	1	1.0
522	699	1	1.0
522	708	1	1.0
522	709	1	1.0
522	720	1	1.0
522	721	1	1.0
522	722	1	1.0
522	724	1	1.0
522	725	1	1.0
522	732	1	1.0
522	747	1	1.0
522	749	1	1.0
522	764	1	1.0
522	767	1	1.0
522	771	1	1.0
522	785	1	1.0
522	787	1	1.0
522	790	1	1.0
522	792	1	1.0
522	798	1	1.0
522	801	1	1.0
522	807	1	1.0
522	809	1	1.0
522	810	1	1.0
522	816	1	1.0
522	823	1	1.0
522	826	1	1.0
522	827	1	1.0
522	831	1	1.0
522	832	1	1.0
522	834	1	1.0
522	836	1	1.0
522	840	1	1.0
522	841	1	1.0
522	842	1	1.0
522	860	1	1.0
522	861	1	1.0
522	863	1	1.0
522	865	1	1.0
522	871	1	1.0
522	873	1	1.0
522	884	1	1.0
522	905	1	1.0
522	907	1	1.0
522	911	1	1.0
522	913	1	1.0
522	915	1	1.0
522	916	1	1.0
522	938	1	1.0
522	946	1	1.0
522	948	1	1.0
522	956	1	1.0
522	963	1	1.0
522	964	1	1.0
522	966	1	1.0
522	967	1	1.0
522	970	1	1.0
522	976	1	1.0
522	980	1	1.0
522	981	1	1.0
522	991	1	1.0
522	1003	1	1.0
522	1006	1	1.0
522	1008	1	1.0
522	1034	1	1.0
522	1038	1	1.0
522	1039	1	1.0
522	1041	1	1.0
522	1042	1	1.0
522	1049	1	1.0
522	1053	1	1.0
522	1056	1	1.0
522	1057	1	1.0
522	1060	1	1.0
522	1063	1	1.0
522	1078	1	1.0
522	1083	1	1.0
522	1086	1	1.0
522	1087	1	1.0
522	1100	1	1.0
522	1101	1	1.0
522	1103	1	1.0
522	1110	1	1.0
522	1111	1	1.0
522	1112	1	1.0
522	1115	1	1.0
522	1116	1	1.0
522	1117	1	1.0
522	1118	1	1.0
522	1119	1	1.0
522	1120	1	1.0
522	1121	1	1.0
522	1122	1	1.0
522	1123	1	1.0
522	1129	1	1.0
522	1132	1	1.0
522	1159	1	1.0
522	1166	1	1.0
522	1179	1	1.0
522	1216	1	1.0
522	1217	1	1.0
522	1227	1	1.0
522	1254	1	1.0
522	1277	1	1.0
522	1281	1	1.0
522	1296	1	1.0
522	1317	1	1.0
522	1347	1	1.0
522	1362	1	1.0
522	1372	1	1.0
522	1380	1	1.0
522	1409	1	1.0
522	1413	1	1.0
522	1416	1	1.0
522	1424	1	1.0
522	1426	1	1.0
522	1484	1	1.0
522	1573	1	1.0
522	1816	1	1.0
522	1891	1	1.0
522	1970	1	1.0
522	2453	1	1.0
522	3355	1	1.0
522	3732	1	1.0
522	815	0	1.0
522	829	0	1.0
522	1144	0	1.0
523	526	1	1.0
523	529	1	1.0
523	535	1	1.0
523	537	1	1.0
523	542	1	1.0
523	551	1	1.0
523	580	1	1.0
523	581	1	1.0
523	582	1	1.0
523	604	1	1.0
523	653	1	1.0
523	732	1	1.0
523	865	1	1.0
523	910	1	1.0
523	1108	1	1.0
523	1158	1	1.0
523	1441	1	1.0
523	1594	1	1.0
523	1752	1	1.0
523	1816	1	1.0
523	1934	1	1.0
524	589	1	1.0
524	764	1	1.0
524	787	1	1.0
524	879	1	1.0
524	884	1	1.0
524	888	1	1.0
524	915	1	1.0
525	551	1	1.0
525	616	1	1.0
525	695	1	1.0
526	529	1	1.0
526	537	1	1.0
526	540	1	1.0
526	542	1	1.0
526	583	1	1.0
526	585	1	1.0
526	597	1	1.0
526	607	1	1.0
526	608	1	1.0
526	610	1	1.0
526	622	1	1.0
526	624	1	1.0
526	625	1	1.0
526	635	1	1.0
526	666	1	1.0
526	691	1	1.0
526	692	1	1.0
526	717	1	1.0
526	726	1	1.0
526	733	1	1.0
526	734	1	1.0
526	739	1	1.0
526	747	1	1.0
526	748	1	1.0
526	767	1	1.0
526	781	1	1.0
526	782	1	1.0
526	795	1	1.0
526	798	1	1.0
526	801	1	1.0
526	807	1	1.0
526	808	1	1.0
526	811	1	1.0
526	816	1	1.0
526	826	1	1.0
526	827	1	1.0
526	834	1	1.0
526	841	1	1.0
526	842	1	1.0
526	845	1	1.0
526	848	1	1.0
526	937	1	1.0
526	948	1	1.0
526	953	1	1.0
526	956	1	1.0
526	981	1	1.0
526	982	1	1.0
526	996	1	1.0
526	1031	1	1.0
526	1055	1	1.0
526	1086	1	1.0
526	1096	1	1.0
526	1101	1	1.0
526	1117	1	1.0
526	1137	1	1.0
526	1138	1	1.0
526	1152	1	1.0
526	1216	1	1.0
526	1268	1	1.0
526	1320	1	1.0
526	1359	1	1.0
526	1458	1	1.0
526	1522	1	1.0
526	1573	1	1.0
527	633	1	1.0
527	991	1	1.0
527	1039	1	1.0
527	1296	1	1.0
527	1437	1	1.0
527	3370	1	1.0
528	2335	1	1.0
528	2495	1	1.0
528	3021	0	1.0
530	2751	1	1.0
530	3184	0	1.0
531	1146	1	1.0
531	1666	1	1.0
532	1319	1	1.0
532	579	0	1.0
532	621	0	1.0
532	1101	0	1.0
532	1103	0	1.0
532	1180	0	1.0
532	1195	0	1.0
533	657	1	1.0
533	761	1	1.0
533	809	1	1.0
533	1049	1	1.0
533	1063	1	1.0
533	1096	1	1.0
533	1101	1	1.0
533	1112	1	1.0
533	1167	1	1.0
533	1174	1	1.0
533	1187	1	1.0
533	1195	1	1.0
533	1294	1	1.0
533	1301	1	1.0
533	2269	1	1.0
533	2709	0	1.0
535	537	1	1.0
535	592	1	1.0
535	610	1	1.0
535	734	1	1.0
535	739	1	1.0
535	749	1	1.0
535	763	1	1.0
535	764	1	1.0
535	771	1	1.0
535	807	1	1.0
535	983	1	1.0
535	996	1	1.0
535	1023	1	1.0
535	1034	1	1.0
535	1039	1	1.0
535	1152	1	1.0
535	1260	1	1.0
535	1335	1	1.0
535	1584	1	1.0
535	1752	1	1.0
535	2084	1	1.0
535	2911	1	1.0
535	3005	1	1.0
535	3490	1	1.0
535	794	0	1.0
536	577	1	1.0
536	579	1	1.0
536	591	1	1.0
536	647	1	1.0
536	662	1	1.0
536	708	1	1.0
536	714	1	1.0
536	721	1	1.0
536	789	1	1.0
537	538	1	1.0
537	1260	1	1.0
538	542	1	1.0
540	551	1	1.0
540	583	1	1.0
540	591	1	1.0
540	616	1	1.0
540	621	1	1.0
540	647	1	1.0
540	721	1	1.0
540	789	1	1.0
540	792	1	1.0
540	795	1	1.0
540	827	1	1.0
540	848	1	1.0
540	860	1	1.0
540	1835	1	1.0
542	543	1	1.0
542	792	1	1.0
542	1129	1	1.0
542	1372	1	1.0
543	544	1	1.0
543	856	1	1.0
545	580	1	1.0
545	657	1	1.0
545	733	1	1.0
545	1061	1	1.0
545	1086	1	1.0
545	1260	1	1.0
545	1296	1	1.0
545	1479	1	1.0
545	2221	1	1.0
545	2487	1	1.0
545	3142	1	1.0
546	548	1	1.0
546	555	1	1.0
546	556	1	1.0
546	557	1	1.0
546	558	1	1.0
546	621	1	1.0
546	781	1	1.0
546	1108	1	1.0
546	2425	1	1.0
547	1739	1	1.0
548	570	1	1.0
548	580	1	1.0
548	616	1	1.0
548	646	1	1.0
548	781	1	1.0
548	810	1	1.0
548	830	1	1.0
548	861	1	1.0
548	874	1	1.0
548	891	1	1.0
548	906	1	1.0
548	966	1	1.0
548	1060	1	1.0
548	1096	1	1.0
548	1100	1	1.0
548	1111	1	1.0
548	1112	1	1.0
548	1166	1	1.0
548	1258	1	1.0
548	1279	1	1.0
548	1280	1	1.0
548	1318	1	1.0
548	1333	1	1.0
548	1356	1	1.0
548	1385	1	1.0
548	1386	1	1.0
548	1387	1	1.0
549	951	1	1.0
550	863	1	1.0
550	865	1	1.0
550	888	1	1.0
550	1122	1	1.0
550	1288	1	1.0
550	1320	1	1.0
550	1437	1	1.0
550	1479	1	1.0
550	1740	1	1.0
550	2050	1	1.0
550	2313	1	1.0
550	3081	1	1.0
550	3297	1	1.0
550	3631	1	1.0
550	3687	1	1.0
550	3815	1	1.0
550	3821	1	1.0
551	573	1	1.0
551	589	1	1.0
551	591	1	1.0
551	599	1	1.0
551	604	1	1.0
551	610	1	1.0
551	625	1	1.0
551	633	1	1.0
551	641	1	1.0
551	644	1	1.0
551	648	1	1.0
551	649	1	1.0
551	650	1	1.0
551	651	1	1.0
551	652	1	1.0
551	653	1	1.0
551	657	1	1.0
551	664	1	1.0
551	666	1	1.0
551	671	1	1.0
551	673	1	1.0
551	692	1	1.0
551	714	1	1.0
551	748	1	1.0
551	749	1	1.0
551	767	1	1.0
551	810	1	1.0
551	816	1	1.0
551	832	1	1.0
551	841	1	1.0
551	865	1	1.0
551	885	1	1.0
551	910	1	1.0
551	913	1	1.0
551	921	1	1.0
551	922	1	1.0
551	940	1	1.0
551	966	1	1.0
551	967	1	1.0
551	968	1	1.0
551	981	1	1.0
551	983	1	1.0
551	996	1	1.0
551	1003	1	1.0
551	1040	1	1.0
551	1061	1	1.0
551	1087	1	1.0
551	1096	1	1.0
551	1111	1	1.0
551	1117	1	1.0
551	1121	1	1.0
551	1137	1	1.0
551	1166	1	1.0
551	1176	1	1.0
551	1183	1	1.0
551	1215	1	1.0
551	1217	1	1.0
551	1218	1	1.0
551	1254	1	1.0
551	1268	1	1.0
551	1277	1	1.0
551	1288	1	1.0
551	1299	1	1.0
551	1300	1	1.0
551	1320	1	1.0
551	1324	1	1.0
551	1333	1	1.0
551	1361	1	1.0
551	1364	1	1.0
551	1372	1	1.0
551	1388	1	1.0
551	1424	1	1.0
551	1425	1	1.0
551	1426	1	1.0
551	1464	1	1.0
551	1506	1	1.0
551	1514	1	1.0
551	1516	1	1.0
551	1521	1	1.0
551	1533	1	1.0
551	1594	1	1.0
551	1676	1	1.0
551	1702	1	1.0
551	1752	1	1.0
551	1898	1	1.0
551	2084	1	1.0
551	2169	1	1.0
551	656	0	1.0
552	781	1	1.0
552	962	1	1.0
552	1003	1	1.0
552	1126	1	1.0
552	1560	1	1.0
552	1729	1	1.0
552	1928	1	1.0
552	2265	1	1.0
552	2419	1	1.0
552	2728	1	1.0
552	2732	1	1.0
552	2821	1	1.0
552	2890	1	1.0
552	3126	1	1.0
552	3130	1	1.0
552	3246	1	1.0
552	3334	1	1.0
552	3693	1	1.0
553	787	1	1.0
553	879	1	1.0
553	1166	1	1.0
553	1218	1	1.0
553	1522	1	1.0
553	2063	1	1.0
553	3002	1	1.0
553	3138	1	1.0
553	1900	0	1.0
554	621	1	1.0
554	982	1	1.0
555	577	1	1.0
555	1222	1	1.0
561	604	1	1.0
562	2851	1	1.0
563	801	1	1.0
563	1006	1	1.0
564	953	1	1.0
566	589	1	1.0
566	771	1	1.0
566	1060	1	1.0
566	1101	1	1.0
569	571	1	1.0
569	823	1	1.0
569	1296	1	1.0
570	604	1	1.0
570	646	1	1.0
570	732	1	1.0
570	798	1	1.0
570	810	1	1.0
570	827	1	1.0
570	832	1	1.0
570	834	1	1.0
570	841	1	1.0
570	848	1	1.0
570	865	1	1.0
570	871	1	1.0
570	966	1	1.0
570	967	1	1.0
570	970	1	1.0
570	997	1	1.0
570	1063	1	1.0
570	1078	1	1.0
570	1100	1	1.0
570	1103	1	1.0
570	1112	1	1.0
570	1171	1	1.0
570	1176	1	1.0
570	1241	1	1.0
570	1242	1	1.0
570	1281	1	1.0
570	1317	1	1.0
570	1321	1	1.0
570	1359	1	1.0
570	1361	1	1.0
570	1372	1	1.0
570	1425	1	1.0
570	1478	1	1.0
570	1484	1	1.0
570	1511	1	1.0
570	1517	1	1.0
570	1521	1	1.0
570	1594	1	1.0
570	1648	1	1.0
570	1729	1	1.0
570	2024	1	1.0
570	2496	1	1.0
570	2763	1	1.0
570	3516	1	1.0
571	572	1	1.0
571	580	1	1.0
571	591	1	1.0
571	616	1	1.0
571	637	1	1.0
571	657	1	1.0
571	708	1	1.0
571	709	1	1.0
571	790	1	1.0
571	798	1	1.0
571	823	1	1.0
571	870	1	1.0
571	953	1	1.0
571	954	1	1.0
571	955	1	1.0
571	1296	1	1.0
571	1317	1	1.0
572	823	1	1.0
573	585	1	1.0
573	591	1	1.0
573	604	1	1.0
573	622	1	1.0
573	624	1	1.0
573	625	1	1.0
573	666	1	1.0
573	692	1	1.0
573	747	1	1.0
573	603	0	1.0
573	660	0	1.0
573	945	0	1.0
574	708	1	1.0
574	709	1	1.0
574	795	1	1.0
574	888	1	1.0
574	893	1	1.0
574	926	1	1.0
574	1061	1	1.0
574	1083	1	1.0
574	1111	1	1.0
574	1117	1	1.0
574	1132	1	1.0
574	1320	1	1.0
574	1372	1	1.0
574	1144	0	1.0
574	1157	0	1.0
576	662	1	1.0
576	787	1	1.0
576	873	1	1.0
576	962	1	1.0
577	578	1	1.0
579	591	1	1.0
579	592	1	1.0
579	599	1	1.0
579	624	1	1.0
579	664	1	1.0
579	673	1	1.0
579	682	1	1.0
579	771	1	1.0
579	787	1	1.0
579	789	1	1.0
579	796	1	1.0
579	827	1	1.0
579	842	1	1.0
579	859	1	1.0
579	860	1	1.0
579	884	1	1.0
579	922	1	1.0
579	926	1	1.0
579	929	1	1.0
579	958	1	1.0
579	962	1	1.0
579	1071	1	1.0
579	1121	1	1.0
579	1126	1	1.0
579	1196	1	1.0
579	1218	1	1.0
579	1240	1	1.0
579	1275	1	1.0
579	1297	1	1.0
579	1321	1	1.0
579	1337	1	1.0
579	1356	1	1.0
579	1359	1	1.0
579	1361	1	1.0
579	1383	1	1.0
579	1401	1	1.0
579	1425	1	1.0
579	1462	1	1.0
579	1464	1	1.0
579	1478	1	1.0
579	1502	1	1.0
579	1522	1	1.0
579	1540	1	1.0
579	1571	1	1.0
579	1573	1	1.0
579	1582	1	1.0
579	1594	1	1.0
579	1631	1	1.0
579	1652	1	1.0
579	1666	1	1.0
579	1713	1	1.0
579	1721	1	1.0
579	1722	1	1.0
579	1727	1	1.0
579	1728	1	1.0
579	1729	1	1.0
579	1730	1	1.0
579	1778	1	1.0
579	1792	1	1.0
579	1799	1	1.0
579	1808	1	1.0
579	1816	1	1.0
579	1826	1	1.0
579	1828	1	1.0
579	1858	1	1.0
579	1885	1	1.0
579	1887	1	1.0
579	1898	1	1.0
579	1917	1	1.0
579	1928	1	1.0
579	1996	1	1.0
579	1998	1	1.0
579	2000	1	1.0
579	2001	1	1.0
579	2003	1	1.0
579	2009	1	1.0
579	2011	1	1.0
579	2024	1	1.0
579	2063	1	1.0
579	2084	1	1.0
579	2087	1	1.0
579	2100	1	1.0
579	2126	1	1.0
579	2144	1	1.0
579	2155	1	1.0
579	2156	1	1.0
579	2168	1	1.0
579	2169	1	1.0
579	2171	1	1.0
579	2180	1	1.0
579	2190	1	1.0
579	2191	1	1.0
579	2200	1	1.0
579	2202	1	1.0
579	2224	1	1.0
579	2254	1	1.0
579	2260	1	1.0
579	2269	1	1.0
579	2292	1	1.0
579	2297	1	1.0
579	2302	1	1.0
579	2308	1	1.0
579	2311	1	1.0
579	2313	1	1.0
579	2335	1	1.0
579	2377	1	1.0
579	2382	1	1.0
579	2400	1	1.0
579	2414	1	1.0
579	2425	1	1.0
579	2432	1	1.0
579	2438	1	1.0
579	2446	1	1.0
579	2453	1	1.0
579	2458	1	1.0
579	2468	1	1.0
579	2496	1	1.0
579	2499	1	1.0
579	2505	1	1.0
579	2508	1	1.0
579	2520	1	1.0
579	2628	1	1.0
579	2703	1	1.0
579	2711	1	1.0
579	2714	1	1.0
579	2732	1	1.0
579	2771	1	1.0
579	2783	1	1.0
579	2788	1	1.0
579	2806	1	1.0
579	2823	1	1.0
579	2838	1	1.0
579	2851	1	1.0
579	2858	1	1.0
579	2866	1	1.0
579	2911	1	1.0
579	2949	1	1.0
579	2960	1	1.0
579	2972	1	1.0
579	3657	1	1.0
579	3687	1	1.0
579	3769	1	1.0
579	640	0	1.0
579	656	0	1.0
579	2072	0	1.0
579	2081	0	1.0
579	2124	0	1.0
579	2128	0	1.0
579	2160	0	1.0
579	2183	0	1.0
579	2198	0	1.0
579	2208	0	1.0
579	2210	0	1.0
579	2232	0	1.0
579	2315	0	1.0
579	2713	0	1.0
579	2876	0	1.0
579	2877	0	1.0
579	2892	0	1.0
579	2993	0	1.0
580	591	1	1.0
580	610	1	1.0
580	616	1	1.0
580	625	1	1.0
580	633	1	1.0
580	666	1	1.0
580	667	1	1.0
580	714	1	1.0
580	716	1	1.0
580	717	1	1.0
580	722	1	1.0
580	747	1	1.0
580	748	1	1.0
580	771	1	1.0
580	781	1	1.0
580	807	1	1.0
580	810	1	1.0
580	811	1	1.0
580	816	1	1.0
580	832	1	1.0
580	871	1	1.0
580	910	1	1.0
580	921	1	1.0
580	940	1	1.0
580	951	1	1.0
580	976	1	1.0
580	983	1	1.0
580	1006	1	1.0
580	1008	1	1.0
580	1060	1	1.0
580	1063	1	1.0
580	1086	1	1.0
580	1087	1	1.0
580	1117	1	1.0
580	1176	1	1.0
580	1288	1	1.0
580	1300	1	1.0
580	1333	1	1.0
580	1361	1	1.0
580	1383	1	1.0
580	1409	1	1.0
580	1413	1	1.0
580	1424	1	1.0
580	1425	1	1.0
580	1478	1	1.0
580	1521	1	1.0
580	1533	1	1.0
580	1594	1	1.0
580	1640	1	1.0
580	1799	1	1.0
580	1816	1	1.0
580	1858	1	1.0
580	1887	1	1.0
580	1917	1	1.0
580	1998	1	1.0
580	2040	1	1.0
580	2221	1	1.0
580	2313	1	1.0
580	2414	1	1.0
580	759	0	1.0
580	1107	0	1.0
580	1157	0	1.0
580	1232	0	1.0
583	604	1	1.0
584	1083	1	1.0
584	1281	1	1.0
584	1337	1	1.0
584	1479	1	1.0
585	599	1	1.0
585	605	1	1.0
585	621	1	1.0
586	816	1	1.0
588	1425	1	1.0
588	1740	1	1.0
589	590	1	1.0
590	789	1	1.0
590	841	1	1.0
590	860	1	1.0
590	1573	1	1.0
591	592	1	1.0
591	597	1	1.0
591	604	1	1.0
591	610	1	1.0
591	611	1	1.0
591	619	1	1.0
591	622	1	1.0
591	624	1	1.0
591	626	1	1.0
591	627	1	1.0
591	628	1	1.0
591	629	1	1.0
591	630	1	1.0
591	631	1	1.0
591	632	1	1.0
591	633	1	1.0
591	634	1	1.0
591	635	1	1.0
591	636	1	1.0
591	637	1	1.0
591	638	1	1.0
591	639	1	1.0
591	641	1	1.0
591	647	1	1.0
591	662	1	1.0
591	666	1	1.0
591	667	1	1.0
591	673	1	1.0
591	692	1	1.0
591	721	1	1.0
591	747	1	1.0
591	749	1	1.0
591	763	1	1.0
591	789	1	1.0
591	792	1	1.0
591	796	1	1.0
591	798	1	1.0
591	801	1	1.0
591	807	1	1.0
591	809	1	1.0
591	825	1	1.0
591	827	1	1.0
591	831	1	1.0
591	834	1	1.0
591	836	1	1.0
591	842	1	1.0
591	845	1	1.0
591	848	1	1.0
591	856	1	1.0
591	860	1	1.0
591	865	1	1.0
591	879	1	1.0
591	884	1	1.0
591	948	1	1.0
591	968	1	1.0
591	982	1	1.0
591	991	1	1.0
591	996	1	1.0
591	1023	1	1.0
591	1034	1	1.0
591	1041	1	1.0
591	1042	1	1.0
591	1051	1	1.0
591	1063	1	1.0
591	1066	1	1.0
591	1129	1	1.0
591	1573	1	1.0
591	1893	1	1.0
591	656	0	1.0
591	794	0	1.0
591	829	0	1.0
592	610	1	1.0
592	708	1	1.0
592	790	1	1.0
592	795	1	1.0
592	827	1	1.0
592	867	1	1.0
592	974	1	1.0
592	1004	1	1.0
592	1029	1	1.0
592	1030	1	1.0
592	1506	1	1.0
593	637	1	1.0
593	721	1	1.0
593	795	1	1.0
593	853	1	1.0
593	867	1	1.0
593	968	1	1.0
593	1137	1	1.0
593	1826	1	1.0
594	771	1	1.0
594	2260	1	1.0
594	3821	1	1.0
595	599	1	1.0
597	624	1	1.0
597	640	0	1.0
598	726	1	1.0
598	880	1	1.0
598	966	1	1.0
598	1460	1	1.0
598	1473	1	1.0
599	600	1	1.0
599	601	1	1.0
599	602	1	1.0
599	798	1	1.0
603	604	0	1.0
604	616	1	1.0
604	625	1	1.0
604	635	1	1.0
604	636	1	1.0
604	638	1	1.0
604	653	1	1.0
604	666	1	1.0
604	671	1	1.0
604	672	1	1.0
604	693	1	1.0
604	696	1	1.0
604	697	1	1.0
604	698	1	1.0
604	699	1	1.0
604	700	1	1.0
604	701	1	1.0
604	702	1	1.0
604	703	1	1.0
604	704	1	1.0
604	705	1	1.0
604	706	1	1.0
604	808	1	1.0
604	848	1	1.0
604	884	1	1.0
604	890	1	1.0
604	654	0	1.0
605	606	1	1.0
605	607	1	1.0
607	621	1	1.0
608	624	1	1.0
609	647	1	1.0
609	667	1	1.0
609	671	1	1.0
609	792	1	1.0
609	807	1	1.0
609	827	1	1.0
609	836	1	1.0
609	852	1	1.0
609	860	1	1.0
609	884	1	1.0
609	915	1	1.0
609	938	1	1.0
609	980	1	1.0
609	996	1	1.0
609	1023	1	1.0
609	1063	1	1.0
609	1138	1	1.0
609	1183	1	1.0
609	1296	1	1.0
609	1299	1	1.0
609	1521	1	1.0
609	1522	1	1.0
609	1573	1	1.0
610	616	1	1.0
610	625	1	1.0
610	636	1	1.0
610	637	1	1.0
610	671	1	1.0
610	674	1	1.0
610	678	1	1.0
610	691	1	1.0
610	714	1	1.0
610	724	1	1.0
610	728	1	1.0
610	754	1	1.0
610	755	1	1.0
610	756	1	1.0
610	757	1	1.0
610	758	1	1.0
610	865	1	1.0
610	1051	1	1.0
610	1132	1	1.0
610	1254	1	1.0
611	622	1	1.0
611	624	1	1.0
611	635	1	1.0
611	653	1	1.0
611	657	1	1.0
611	666	1	1.0
611	692	1	1.0
611	716	1	1.0
611	717	1	1.0
611	734	1	1.0
611	856	1	1.0
611	865	1	1.0
611	875	1	1.0
611	888	1	1.0
611	1240	1	1.0
611	1359	1	1.0
611	1383	1	1.0
611	1502	1	1.0
611	1667	1	1.0
611	1673	1	1.0
611	1713	1	1.0
611	1721	1	1.0
611	1730	1	1.0
611	1816	1	1.0
611	1917	1	1.0
611	2297	1	1.0
611	2382	1	1.0
611	2414	1	1.0
611	2514	1	1.0
616	624	1	1.0
616	633	1	1.0
616	641	1	1.0
616	666	1	1.0
616	667	1	1.0
616	692	1	1.0
616	709	1	1.0
616	714	1	1.0
616	721	1	1.0
616	722	1	1.0
616	726	1	1.0
616	732	1	1.0
616	733	1	1.0
616	734	1	1.0
616	739	1	1.0
616	747	1	1.0
616	748	1	1.0
616	749	1	1.0
616	807	1	1.0
616	816	1	1.0
616	831	1	1.0
616	885	1	1.0
616	911	1	1.0
616	915	1	1.0
616	938	1	1.0
616	940	1	1.0
616	953	1	1.0
616	967	1	1.0
616	981	1	1.0
616	991	1	1.0
616	996	1	1.0
616	1006	1	1.0
616	1008	1	1.0
616	1039	1	1.0
616	1040	1	1.0
616	1041	1	1.0
616	1060	1	1.0
616	1061	1	1.0
616	1083	1	1.0
616	1086	1	1.0
616	1089	1	1.0
616	1091	1	1.0
616	1096	1	1.0
616	1098	1	1.0
616	1101	1	1.0
616	1111	1	1.0
616	1117	1	1.0
616	1122	1	1.0
616	1129	1	1.0
616	1132	1	1.0
616	1138	1	1.0
616	1146	1	1.0
616	1159	1	1.0
616	1184	1	1.0
616	1191	1	1.0
616	1215	1	1.0
616	1216	1	1.0
616	1227	1	1.0
616	1240	1	1.0
616	1254	1	1.0
616	1277	1	1.0
616	1296	1	1.0
616	1300	1	1.0
616	1317	1	1.0
616	1320	1	1.0
616	1324	1	1.0
616	1333	1	1.0
616	1338	1	1.0
616	1364	1	1.0
616	1372	1	1.0
616	1409	1	1.0
616	1426	1	1.0
616	1437	1	1.0
616	1511	1	1.0
616	1517	1	1.0
616	1584	1	1.0
616	1638	1	1.0
616	1652	1	1.0
616	1676	1	1.0
616	1729	1	1.0
616	1739	1	1.0
616	1778	1	1.0
616	1807	1	1.0
616	1816	1	1.0
616	1893	1	1.0
616	2126	1	1.0
616	2299	1	1.0
616	2335	1	1.0
616	2438	1	1.0
616	2453	1	1.0
616	2620	1	1.0
616	2666	1	1.0
616	2802	1	1.0
616	2810	1	1.0
616	3023	1	1.0
616	3200	1	1.0
616	3230	1	1.0
616	3256	1	1.0
616	3291	1	1.0
622	623	1	1.0
624	625	1	1.0
625	637	1	1.0
625	644	1	1.0
625	647	1	1.0
625	653	1	1.0
625	664	1	1.0
625	667	1	1.0
625	673	1	1.0
625	717	1	1.0
625	722	1	1.0
625	731	1	1.0
625	733	1	1.0
625	747	1	1.0
625	749	1	1.0
625	763	1	1.0
625	808	1	1.0
625	811	1	1.0
625	832	1	1.0
625	842	1	1.0
625	850	1	1.0
625	922	1	1.0
625	940	1	1.0
625	948	1	1.0
625	967	1	1.0
625	980	1	1.0
625	983	1	1.0
625	1023	1	1.0
625	1034	1	1.0
625	1039	1	1.0
625	1101	1	1.0
625	1132	1	1.0
625	1166	1	1.0
625	1176	1	1.0
625	1216	1	1.0
625	1320	1	1.0
625	1372	1	1.0
625	1426	1	1.0
625	1460	1	1.0
625	1506	1	1.0
625	1514	1	1.0
625	1638	1	1.0
625	1676	1	1.0
625	1893	1	1.0
625	1939	1	1.0
631	1359	1	1.0
631	1372	1	1.0
631	1468	1	1.0
631	2100	1	1.0
633	635	1	1.0
633	637	1	1.0
633	641	1	1.0
633	666	1	1.0
633	708	1	1.0
633	709	1	1.0
633	714	1	1.0
633	790	1	1.0
633	798	1	1.0
633	807	1	1.0
633	810	1	1.0
633	827	1	1.0
633	842	1	1.0
633	948	1	1.0
633	966	1	1.0
633	967	1	1.0
633	972	1	1.0
633	982	1	1.0
633	991	1	1.0
633	996	1	1.0
633	1004	1	1.0
633	1008	1	1.0
633	1020	1	1.0
633	1031	1	1.0
633	1042	1	1.0
633	1056	1	1.0
633	1111	1	1.0
633	1218	1	1.0
633	1254	1	1.0
635	637	1	1.0
635	662	1	1.0
635	670	1	1.0
635	678	1	1.0
635	709	1	1.0
635	714	1	1.0
635	721	1	1.0
635	724	1	1.0
635	753	1	1.0
635	763	1	1.0
635	764	1	1.0
635	769	1	1.0
635	771	1	1.0
635	793	1	1.0
635	802	1	1.0
635	823	1	1.0
635	827	1	1.0
635	836	1	1.0
635	842	1	1.0
636	691	1	1.0
636	692	1	1.0
636	726	1	1.0
636	739	1	1.0
636	747	1	1.0
636	748	1	1.0
636	749	1	1.0
636	771	1	1.0
637	647	1	1.0
637	662	1	1.0
637	671	1	1.0
637	709	1	1.0
637	714	1	1.0
637	722	1	1.0
637	728	1	1.0
637	731	1	1.0
637	749	1	1.0
637	753	1	1.0
637	763	1	1.0
637	789	1	1.0
637	792	1	1.0
637	798	1	1.0
637	807	1	1.0
637	808	1	1.0
637	809	1	1.0
637	810	1	1.0
637	827	1	1.0
637	841	1	1.0
637	845	1	1.0
637	856	1	1.0
637	860	1	1.0
637	865	1	1.0
637	873	1	1.0
637	884	1	1.0
637	940	1	1.0
637	953	1	1.0
637	966	1	1.0
637	968	1	1.0
637	980	1	1.0
637	996	1	1.0
637	1019	1	1.0
637	1039	1	1.0
637	1041	1	1.0
637	1101	1	1.0
637	1183	1	1.0
637	1187	1	1.0
637	1243	1	1.0
637	1296	1	1.0
637	1333	1	1.0
637	1372	1	1.0
637	1388	1	1.0
637	1799	1	1.0
637	1893	1	1.0
637	2000	1	1.0
637	2084	1	1.0
637	788	0	1.0
638	763	1	1.0
638	654	0	1.0
641	845	1	1.0
641	1049	1	1.0
641	1083	1	1.0
641	1103	1	1.0
641	1117	1	1.0
641	1186	1	1.0
642	666	1	1.0
642	798	1	1.0
642	827	1	1.0
642	1372	1	1.0
644	653	1	1.0
644	666	1	1.0
645	666	1	1.0
645	789	1	1.0
645	1051	1	1.0
645	656	0	1.0
646	647	1	1.0
646	714	1	1.0
646	782	1	1.0
646	789	1	1.0
646	792	1	1.0
646	807	1	1.0
646	836	1	1.0
646	865	1	1.0
646	888	1	1.0
646	929	1	1.0
646	940	1	1.0
646	980	1	1.0
646	1046	1	1.0
646	1122	1	1.0
646	1126	1	1.0
646	1183	1	1.0
646	1187	1	1.0
646	1216	1	1.0
646	1317	1	1.0
646	1364	1	1.0
646	1484	1	1.0
646	1502	1	1.0
646	1660	1	1.0
646	1724	1	1.0
646	1727	1	1.0
646	1728	1	1.0
646	1733	1	1.0
646	1798	1	1.0
646	1816	1	1.0
646	1830	1	1.0
646	1928	1	1.0
646	1993	1	1.0
646	1998	1	1.0
646	2007	1	1.0
646	2100	1	1.0
646	2115	1	1.0
646	2171	1	1.0
646	2316	1	1.0
646	2381	1	1.0
646	2461	1	1.0
646	2501	1	1.0
646	2505	1	1.0
646	2533	1	1.0
646	2624	1	1.0
646	2625	1	1.0
646	2696	1	1.0
646	2858	1	1.0
646	2291	0	1.0
646	2539	0	1.0
647	662	1	1.0
647	678	1	1.0
647	708	1	1.0
647	709	1	1.0
647	714	1	1.0
647	720	1	1.0
647	721	1	1.0
647	724	1	1.0
647	725	1	1.0
647	728	1	1.0
647	790	1	1.0
647	795	1	1.0
647	798	1	1.0
647	809	1	1.0
647	832	1	1.0
647	840	1	1.0
647	852	1	1.0
647	853	1	1.0
647	926	1	1.0
647	956	1	1.0
647	980	1	1.0
647	1087	1	1.0
647	1521	1	1.0
647	1648	1	1.0
647	1729	1	1.0
647	2812	1	1.0
647	869	0	1.0
653	657	1	1.0
653	673	1	1.0
653	716	1	1.0
653	726	1	1.0
653	747	1	1.0
653	850	1	1.0
653	865	1	1.0
653	1158	1	1.0
653	1243	1	1.0
653	1324	1	1.0
653	1364	1	1.0
653	1380	1	1.0
653	1388	1	1.0
653	1424	1	1.0
653	1701	1	1.0
653	1733	1	1.0
653	1743	1	1.0
653	1752	1	1.0
653	1835	1	1.0
653	658	0	1.0
653	659	0	1.0
653	1707	0	1.0
653	1711	0	1.0
653	1720	0	1.0
654	704	0	1.0
655	767	1	1.0
657	662	1	1.0
657	668	1	1.0
657	714	1	1.0
657	798	1	1.0
657	807	1	1.0
657	810	1	1.0
657	816	1	1.0
657	832	1	1.0
657	894	1	1.0
657	911	1	1.0
657	915	1	1.0
657	958	1	1.0
657	970	1	1.0
657	1008	1	1.0
657	1040	1	1.0
657	1041	1	1.0
657	1043	1	1.0
657	1046	1	1.0
657	1060	1	1.0
657	1071	1	1.0
657	1072	1	1.0
657	1083	1	1.0
657	1096	1	1.0
657	1101	1	1.0
657	1122	1	1.0
657	1173	1	1.0
657	1183	1	1.0
657	1195	1	1.0
657	1234	1	1.0
657	1279	1	1.0
657	1280	1	1.0
657	1288	1	1.0
657	1296	1	1.0
657	1299	1	1.0
657	1300	1	1.0
657	1317	1	1.0
657	1320	1	1.0
657	1347	1	1.0
657	1361	1	1.0
657	1377	1	1.0
657	1378	1	1.0
657	1383	1	1.0
657	1419	1	1.0
657	1427	1	1.0
657	1441	1	1.0
657	1473	1	1.0
657	1478	1	1.0
657	1479	1	1.0
657	1503	1	1.0
657	1506	1	1.0
657	1511	1	1.0
657	1519	1	1.0
657	1521	1	1.0
657	1557	1	1.0
657	1562	1	1.0
657	1564	1	1.0
657	1597	1	1.0
657	1601	1	1.0
657	1619	1	1.0
657	1620	1	1.0
657	1621	1	1.0
657	1622	1	1.0
657	1729	1	1.0
657	1891	1	1.0
657	1970	1	1.0
657	2202	1	1.0
657	2382	1	1.0
657	2976	1	1.0
657	3081	1	1.0
661	664	1	1.0
662	666	1	1.0
662	691	1	1.0
662	708	1	1.0
662	714	1	1.0
662	721	1	1.0
662	749	1	1.0
662	765	1	1.0
662	771	1	1.0
662	780	1	1.0
662	782	1	1.0
662	785	1	1.0
662	789	1	1.0
662	793	1	1.0
662	795	1	1.0
662	796	1	1.0
662	798	1	1.0
662	801	1	1.0
662	805	1	1.0
662	808	1	1.0
662	809	1	1.0
662	810	1	1.0
662	811	1	1.0
662	813	1	1.0
662	827	1	1.0
662	834	1	1.0
662	836	1	1.0
662	840	1	1.0
662	842	1	1.0
662	848	1	1.0
662	850	1	1.0
662	856	1	1.0
662	859	1	1.0
662	860	1	1.0
662	863	1	1.0
662	865	1	1.0
662	866	1	1.0
662	870	1	1.0
662	873	1	1.0
662	877	1	1.0
662	879	1	1.0
662	884	1	1.0
662	888	1	1.0
662	894	1	1.0
662	895	1	1.0
662	896	1	1.0
662	897	1	1.0
662	898	1	1.0
662	899	1	1.0
662	914	1	1.0
662	916	1	1.0
662	927	1	1.0
662	948	1	1.0
662	980	1	1.0
662	1083	1	1.0
662	1227	1	1.0
662	1249	1	1.0
662	1254	1	1.0
662	1260	1	1.0
662	1296	1	1.0
662	1324	1	1.0
662	1362	1	1.0
662	1419	1	1.0
662	1479	1	1.0
662	1804	1	1.0
662	1934	1	1.0
663	1183	1	1.0
663	2113	1	1.0
664	665	1	1.0
665	771	1	1.0
665	911	1	1.0
665	996	1	1.0
666	667	1	1.0
666	668	1	1.0
666	740	1	1.0
666	747	1	1.0
666	910	1	1.0
666	922	1	1.0
666	1003	1	1.0
666	1006	1	1.0
666	1041	1	1.0
666	1091	1	1.0
666	1126	1	1.0
666	1146	1	1.0
666	1275	1	1.0
666	1347	1	1.0
666	1359	1	1.0
666	1364	1	1.0
666	1437	1	1.0
666	1441	1	1.0
666	1473	1	1.0
666	1722	1	1.0
666	1728	1	1.0
666	1729	1	1.0
666	1816	1	1.0
666	1835	1	1.0
666	2003	1	1.0
666	2138	1	1.0
666	2224	1	1.0
666	2745	1	1.0
666	2821	1	1.0
666	2851	1	1.0
666	2904	1	1.0
666	2994	1	1.0
666	3268	1	1.0
666	1265	0	1.0
666	2775	0	1.0
667	668	1	1.0
667	709	1	1.0
667	722	1	1.0
667	761	1	1.0
667	780	1	1.0
667	785	1	1.0
667	790	1	1.0
667	816	1	1.0
667	872	1	1.0
667	915	1	1.0
667	916	1	1.0
667	921	1	1.0
667	922	1	1.0
667	946	1	1.0
667	966	1	1.0
667	1004	1	1.0
667	1038	1	1.0
667	1039	1	1.0
667	1041	1	1.0
667	1047	1	1.0
667	1048	1	1.0
667	1049	1	1.0
667	1050	1	1.0
667	1055	1	1.0
667	1056	1	1.0
667	1091	1	1.0
667	1473	1	1.0
667	3268	1	1.0
667	1069	0	1.0
668	708	1	1.0
668	709	1	1.0
668	722	1	1.0
668	911	1	1.0
668	916	1	1.0
668	918	1	1.0
668	921	1	1.0
668	922	1	1.0
668	966	1	1.0
668	976	1	1.0
668	1039	1	1.0
668	1041	1	1.0
668	1043	1	1.0
668	1048	1	1.0
668	1063	1	1.0
668	1083	1	1.0
668	1084	1	1.0
668	1091	1	1.0
668	1109	1	1.0
668	1112	1	1.0
668	1125	1	1.0
668	1288	1	1.0
668	1473	1	1.0
668	2202	1	1.0
668	2733	1	1.0
670	692	1	1.0
670	721	1	1.0
670	763	1	1.0
670	808	1	1.0
670	834	1	1.0
670	836	1	1.0
671	692	1	1.0
671	714	1	1.0
671	717	1	1.0
671	721	1	1.0
671	734	1	1.0
671	753	1	1.0
671	801	1	1.0
671	967	1	1.0
671	970	1	1.0
671	1046	1	1.0
671	1049	1	1.0
671	1060	1	1.0
671	1103	1	1.0
671	1108	1	1.0
671	1173	1	1.0
671	1174	1	1.0
671	1183	1	1.0
671	1186	1	1.0
671	1280	1	1.0
671	1282	1	1.0
671	1288	1	1.0
671	1356	1	1.0
671	1416	1	1.0
671	1420	1	1.0
671	1470	1	1.0
671	1484	1	1.0
671	1503	1	1.0
671	1504	1	1.0
671	1509	1	1.0
671	1514	1	1.0
671	1733	1	1.0
671	2260	1	1.0
672	734	1	1.0
673	685	1	1.0
673	686	1	1.0
673	687	1	1.0
673	688	1	1.0
673	1594	1	1.0
673	1816	1	1.0
673	1144	0	1.0
678	787	1	1.0
678	789	1	1.0
678	807	1	1.0
678	916	1	1.0
678	966	1	1.0
678	1460	1	1.0
678	1506	1	1.0
678	1533	1	1.0
678	1702	1	1.0
678	1835	1	1.0
678	1925	0	1.0
679	747	1	1.0
679	749	1	1.0
679	968	1	1.0
682	1109	1	1.0
682	1313	1	1.0
682	1380	1	1.0
682	1484	1	1.0
682	1517	1	1.0
682	1540	1	1.0
682	1721	1	1.0
682	1724	1	1.0
682	1727	1	1.0
682	1728	1	1.0
682	1729	1	1.0
682	1789	1	1.0
682	1798	1	1.0
682	1885	1	1.0
682	1931	1	1.0
682	1993	1	1.0
682	2002	1	1.0
682	2009	1	1.0
682	2057	1	1.0
682	2191	1	1.0
682	2235	1	1.0
682	2238	1	1.0
682	2268	1	1.0
682	2284	1	1.0
682	2309	1	1.0
682	2313	1	1.0
682	2370	1	1.0
682	2379	1	1.0
682	2391	1	1.0
682	2392	1	1.0
682	2393	1	1.0
682	2394	1	1.0
683	716	1	1.0
686	1008	1	1.0
686	1594	1	1.0
689	2393	1	1.0
690	865	1	1.0
690	870	1	1.0
691	762	1	1.0
691	763	1	1.0
691	996	1	1.0
691	1066	1	1.0
698	739	1	1.0
699	845	1	1.0
706	739	1	1.0
707	1049	0	1.0
708	726	1	1.0
708	792	1	1.0
708	795	1	1.0
708	796	1	1.0
708	798	1	1.0
708	801	1	1.0
708	807	1	1.0
708	809	1	1.0
708	816	1	1.0
708	827	1	1.0
708	832	1	1.0
708	859	1	1.0
708	860	1	1.0
708	864	1	1.0
708	865	1	1.0
708	870	1	1.0
708	877	1	1.0
708	883	1	1.0
708	884	1	1.0
708	885	1	1.0
708	888	1	1.0
708	894	1	1.0
708	915	1	1.0
708	916	1	1.0
708	927	1	1.0
708	938	1	1.0
708	948	1	1.0
708	953	1	1.0
708	956	1	1.0
708	958	1	1.0
708	964	1	1.0
708	968	1	1.0
708	983	1	1.0
708	1003	1	1.0
708	1006	1	1.0
708	1008	1	1.0
708	1031	1	1.0
708	1034	1	1.0
708	1039	1	1.0
708	1042	1	1.0
708	1083	1	1.0
708	1111	1	1.0
708	1129	1	1.0
708	1137	1	1.0
708	1215	1	1.0
708	1254	1	1.0
708	815	0	1.0
709	714	1	1.0
709	733	1	1.0
709	792	1	1.0
709	795	1	1.0
709	798	1	1.0
709	807	1	1.0
709	816	1	1.0
709	826	1	1.0
709	827	1	1.0
709	832	1	1.0
709	834	1	1.0
709	836	1	1.0
709	841	1	1.0
709	856	1	1.0
709	860	1	1.0
709	863	1	1.0
709	864	1	1.0
709	870	1	1.0
709	877	1	1.0
709	884	1	1.0
709	885	1	1.0
709	913	1	1.0
709	915	1	1.0
709	916	1	1.0
709	929	1	1.0
709	933	1	1.0
709	937	1	1.0
709	938	1	1.0
709	948	1	1.0
709	953	1	1.0
709	958	1	1.0
709	964	1	1.0
709	968	1	1.0
709	983	1	1.0
709	996	1	1.0
709	1008	1	1.0
709	1023	1	1.0
709	1034	1	1.0
709	1039	1	1.0
709	1042	1	1.0
709	1051	1	1.0
709	1056	1	1.0
709	1066	1	1.0
709	1086	1	1.0
709	1110	1	1.0
709	1123	1	1.0
709	1129	1	1.0
709	1138	1	1.0
709	1159	1	1.0
709	1297	1	1.0
709	1316	1	1.0
709	1364	1	1.0
709	1468	1	1.0
709	1523	1	1.0
709	1573	1	1.0
709	1729	1	1.0
709	1732	1	1.0
709	1813	1	1.0
709	1917	1	1.0
709	2002	1	1.0
709	2145	1	1.0
709	2159	1	1.0
709	2229	1	1.0
709	2292	1	1.0
709	2309	1	1.0
709	2344	1	1.0
709	2381	1	1.0
709	2479	1	1.0
709	2488	1	1.0
709	2496	1	1.0
709	2498	1	1.0
709	2502	1	1.0
709	2504	1	1.0
709	2751	1	1.0
709	2799	1	1.0
709	2809	1	1.0
709	2820	1	1.0
709	2832	1	1.0
709	2863	1	1.0
709	2888	1	1.0
709	2988	1	1.0
709	3062	1	1.0
709	3073	1	1.0
709	3149	1	1.0
709	788	0	1.0
709	945	0	1.0
710	716	1	1.0
710	1573	1	1.0
711	739	1	1.0
712	848	1	1.0
712	870	1	1.0
712	927	1	1.0
712	1511	1	1.0
714	721	1	1.0
714	753	1	1.0
714	761	1	1.0
714	763	1	1.0
714	781	1	1.0
714	782	1	1.0
714	785	1	1.0
714	787	1	1.0
714	792	1	1.0
714	798	1	1.0
714	807	1	1.0
714	808	1	1.0
714	836	1	1.0
714	845	1	1.0
714	850	1	1.0
714	852	1	1.0
714	859	1	1.0
714	860	1	1.0
714	861	1	1.0
714	873	1	1.0
714	877	1	1.0
714	884	1	1.0
714	894	1	1.0
714	915	1	1.0
714	916	1	1.0
714	937	1	1.0
714	938	1	1.0
714	948	1	1.0
714	960	1	1.0
714	962	1	1.0
714	966	1	1.0
714	967	1	1.0
714	970	1	1.0
714	997	1	1.0
714	1034	1	1.0
714	1039	1	1.0
714	1046	1	1.0
714	1103	1	1.0
714	1158	1	1.0
714	1173	1	1.0
714	1174	1	1.0
714	1279	1	1.0
714	1282	1	1.0
714	1288	1	1.0
714	1297	1	1.0
714	1309	1	1.0
714	1321	1	1.0
714	1333	1	1.0
714	1347	1	1.0
714	1374	1	1.0
714	1378	1	1.0
714	1388	1	1.0
714	1453	1	1.0
714	1458	1	1.0
714	1471	1	1.0
714	1492	1	1.0
714	1506	1	1.0
714	1511	1	1.0
714	1521	1	1.0
714	1539	1	1.0
714	1557	1	1.0
714	1561	1	1.0
714	1562	1	1.0
714	1594	1	1.0
714	1640	1	1.0
715	1631	1	1.0
715	3230	1	1.0
717	718	1	1.0
717	2838	1	1.0
718	759	0	1.0
719	720	1	1.0
720	721	1	1.0
720	722	1	1.0
720	723	1	1.0
720	724	1	1.0
720	725	1	1.0
720	1187	1	1.0
720	1288	1	1.0
720	1364	1	1.0
720	1388	1	1.0
720	1740	1	1.0
720	1930	0	1.0
721	724	1	1.0
721	731	1	1.0
721	733	1	1.0
721	734	1	1.0
721	753	1	1.0
721	783	1	1.0
721	789	1	1.0
721	793	1	1.0
721	796	1	1.0
721	798	1	1.0
721	807	1	1.0
721	808	1	1.0
721	884	1	1.0
721	948	1	1.0
721	953	1	1.0
721	1039	1	1.0
721	806	0	1.0
721	969	0	1.0
722	725	1	1.0
722	832	1	1.0
722	872	1	1.0
722	916	1	1.0
722	918	1	1.0
722	920	1	1.0
722	921	1	1.0
722	922	1	1.0
722	933	1	1.0
722	966	1	1.0
722	1039	1	1.0
722	1041	1	1.0
722	1049	1	1.0
722	1063	1	1.0
722	1083	1	1.0
722	1084	1	1.0
722	1087	1	1.0
722	1091	1	1.0
722	1178	1	1.0
722	1179	1	1.0
724	734	1	1.0
724	747	1	1.0
724	748	1	1.0
724	749	1	1.0
724	763	1	1.0
724	771	1	1.0
724	782	1	1.0
724	787	1	1.0
724	795	1	1.0
724	808	1	1.0
724	834	1	1.0
724	870	1	1.0
724	940	1	1.0
724	948	1	1.0
724	1083	1	1.0
724	1086	1	1.0
724	1110	1	1.0
724	1111	1	1.0
724	1146	1	1.0
724	1254	1	1.0
725	792	1	1.0
725	807	1	1.0
725	832	1	1.0
725	860	1	1.0
725	888	1	1.0
725	922	1	1.0
725	1008	1	1.0
725	1061	1	1.0
725	1072	1	1.0
725	1123	1	1.0
725	1288	1	1.0
725	1361	1	1.0
725	1383	1	1.0
725	1533	1	1.0
725	1582	1	1.0
725	1589	1	1.0
725	1594	1	1.0
725	1807	1	1.0
725	1816	1	1.0
725	1858	1	1.0
725	2414	1	1.0
726	727	1	1.0
726	728	1	1.0
726	729	1	1.0
726	730	1	1.0
727	1479	1	1.0
727	2050	1	1.0
728	747	1	1.0
728	749	1	1.0
728	767	1	1.0
728	792	1	1.0
728	798	1	1.0
728	808	1	1.0
728	816	1	1.0
728	827	1	1.0
728	832	1	1.0
728	848	1	1.0
728	860	1	1.0
728	873	1	1.0
728	877	1	1.0
728	915	1	1.0
728	948	1	1.0
728	958	1	1.0
728	981	1	1.0
728	983	1	1.0
728	996	1	1.0
728	1003	1	1.0
728	1006	1	1.0
728	1023	1	1.0
728	1031	1	1.0
728	1039	1	1.0
728	1087	1	1.0
728	1096	1	1.0
728	1176	1	1.0
728	1157	0	1.0
731	893	1	1.0
731	1061	1	1.0
731	1134	1	1.0
731	1186	1	1.0
731	1207	1	1.0
731	1208	1	1.0
731	1209	1	1.0
731	1210	1	1.0
731	1215	1	1.0
731	1337	1	1.0
731	1506	1	1.0
731	1511	1	1.0
731	1667	1	1.0
732	798	1	1.0
732	967	1	1.0
732	1173	1	1.0
732	1239	1	1.0
732	1279	1	1.0
732	1280	1	1.0
732	1288	1	1.0
732	1297	1	1.0
732	1377	1	1.0
732	1379	1	1.0
732	1383	1	1.0
732	1446	1	1.0
732	1458	1	1.0
732	1511	1	1.0
732	1518	1	1.0
732	1521	1	1.0
732	1539	1	1.0
732	1557	1	1.0
734	735	1	1.0
734	736	1	1.0
734	737	1	1.0
734	738	1	1.0
738	2458	1	1.0
739	740	1	1.0
739	741	1	1.0
739	742	1	1.0
739	743	1	1.0
739	744	1	1.0
739	745	1	1.0
739	746	1	1.0
740	920	1	1.0
740	1091	1	1.0
740	1181	1	1.0
740	1288	1	1.0
740	1691	1	1.0
740	1759	1	1.0
740	1783	1	1.0
740	1849	1	1.0
740	1973	1	1.0
740	1996	1	1.0
740	2002	1	1.0
740	2381	1	1.0
740	2451	1	1.0
740	2457	1	1.0
740	2496	1	1.0
740	2666	1	1.0
740	2708	1	1.0
740	2799	1	1.0
740	2831	1	1.0
740	2904	1	1.0
740	2999	1	1.0
740	3010	1	1.0
740	3084	1	1.0
740	3107	1	1.0
740	3143	1	1.0
740	3154	1	1.0
740	3160	1	1.0
740	3197	1	1.0
740	3258	1	1.0
740	3283	1	1.0
740	3284	1	1.0
740	3285	1	1.0
740	3304	1	1.0
740	3361	1	1.0
740	3367	1	1.0
740	3397	1	1.0
740	3410	1	1.0
740	3419	1	1.0
740	3420	1	1.0
749	750	1	1.0
749	751	1	1.0
749	752	1	1.0
749	753	1	1.0
752	834	1	1.0
752	875	1	1.0
753	771	1	1.0
753	789	1	1.0
753	792	1	1.0
753	826	1	1.0
753	845	1	1.0
753	848	1	1.0
753	856	1	1.0
753	860	1	1.0
753	967	1	1.0
753	1023	1	1.0
753	1039	1	1.0
753	1086	1	1.0
753	1166	1	1.0
753	1183	1	1.0
753	1419	1	1.0
753	1727	1	1.0
753	788	0	1.0
759	760	0	1.0
760	763	1	1.0
761	798	1	1.0
761	966	1	1.0
761	1126	1	1.0
761	1129	1	1.0
761	1215	1	1.0
761	1296	1	1.0
761	1337	1	1.0
761	1426	1	1.0
761	1460	1	1.0
761	1479	1	1.0
761	1522	1	1.0
761	1727	1	1.0
761	1808	1	1.0
761	1996	1	1.0
761	2063	1	1.0
761	2087	1	1.0
761	2260	1	1.0
761	2949	1	1.0
761	2307	0	1.0
763	769	1	1.0
763	789	1	1.0
763	808	1	1.0
763	967	1	1.0
764	765	1	1.0
764	767	1	1.0
764	795	1	1.0
764	798	1	1.0
764	827	1	1.0
764	853	1	1.0
764	900	1	1.0
764	901	1	1.0
764	948	1	1.0
765	766	1	1.0
765	767	1	1.0
765	768	1	1.0
767	1083	1	1.0
767	1163	1	1.0
767	1164	1	1.0
769	796	1	1.0
769	845	1	1.0
769	856	1	1.0
769	873	1	1.0
770	856	1	1.0
771	772	1	1.0
771	773	1	1.0
771	774	1	1.0
771	775	1	1.0
771	776	1	1.0
771	777	1	1.0
771	778	1	1.0
771	779	1	1.0
771	780	1	1.0
775	1383	1	1.0
775	1858	1	1.0
780	789	1	1.0
780	880	1	1.0
780	966	1	1.0
780	996	1	1.0
780	1061	1	1.0
780	1479	1	1.0
780	1573	1	1.0
780	1582	1	1.0
780	1934	1	1.0
780	2373	1	1.0
780	2810	1	1.0
782	783	1	1.0
782	787	1	1.0
782	1275	1	1.0
782	1356	1	1.0
782	2063	1	1.0
782	2302	1	1.0
782	2308	1	1.0
782	2313	1	1.0
783	787	1	1.0
783	845	1	1.0
783	865	1	1.0
783	1086	1	1.0
783	1217	1	1.0
783	1400	1	1.0
784	894	1	1.0
785	795	1	1.0
785	823	1	1.0
785	872	1	1.0
785	922	1	1.0
785	937	1	1.0
785	940	1	1.0
785	953	1	1.0
785	991	1	1.0
785	996	1	1.0
785	1031	1	1.0
785	1034	1	1.0
785	1051	1	1.0
785	1066	1	1.0
785	1101	1	1.0
785	1103	1	1.0
785	1122	1	1.0
785	1166	1	1.0
785	1277	1	1.0
785	1288	1	1.0
785	1296	1	1.0
785	1316	1	1.0
785	1424	1	1.0
785	1493	1	1.0
785	1506	1	1.0
785	1507	1	1.0
785	1573	1	1.0
785	1584	1	1.0
785	1701	1	1.0
785	1704	1	1.0
785	1724	1	1.0
785	1727	1	1.0
785	1730	1	1.0
785	1733	1	1.0
785	1742	1	1.0
785	1745	1	1.0
785	1798	1	1.0
785	1813	1	1.0
785	1835	1	1.0
785	1838	1	1.0
785	1917	1	1.0
785	1939	1	1.0
785	1970	1	1.0
785	2002	1	1.0
785	2145	1	1.0
785	2213	1	1.0
785	2254	1	1.0
785	2257	1	1.0
785	2260	1	1.0
785	2274	1	1.0
785	2308	1	1.0
785	2311	1	1.0
785	2313	1	1.0
785	2331	1	1.0
785	2381	1	1.0
785	2459	1	1.0
785	2496	1	1.0
785	2497	1	1.0
785	2504	1	1.0
785	2566	1	1.0
785	2643	1	1.0
785	2651	1	1.0
785	2680	1	1.0
785	2701	1	1.0
785	2704	1	1.0
785	2708	1	1.0
785	2751	1	1.0
785	2777	1	1.0
785	2778	1	1.0
785	2779	1	1.0
785	3370	1	1.0
785	3687	1	1.0
785	1069	0	1.0
786	1364	1	1.0
789	790	1	1.0
789	791	1	1.0
789	792	1	1.0
789	793	1	1.0
790	807	1	1.0
790	816	1	1.0
790	860	1	1.0
790	864	1	1.0
790	865	1	1.0
790	885	1	1.0
790	915	1	1.0
790	938	1	1.0
790	956	1	1.0
790	958	1	1.0
790	964	1	1.0
790	968	1	1.0
790	996	1	1.0
790	1003	1	1.0
790	1008	1	1.0
790	1051	1	1.0
790	1056	1	1.0
790	1061	1	1.0
790	1117	1	1.0
790	2706	1	1.0
792	797	1	1.0
792	798	1	1.0
792	807	1	1.0
792	810	1	1.0
792	824	1	1.0
792	827	1	1.0
792	836	1	1.0
792	841	1	1.0
792	850	1	1.0
792	860	1	1.0
792	915	1	1.0
792	929	1	1.0
792	966	1	1.0
792	968	1	1.0
792	996	1	1.0
792	997	1	1.0
792	1006	1	1.0
792	1031	1	1.0
792	1038	1	1.0
792	1039	1	1.0
792	1042	1	1.0
792	1049	1	1.0
792	1052	1	1.0
792	1053	1	1.0
792	1060	1	1.0
792	1063	1	1.0
792	1064	1	1.0
792	1065	1	1.0
793	795	1	1.0
793	796	1	1.0
793	798	1	1.0
793	805	1	1.0
793	807	1	1.0
793	827	1	1.0
793	834	1	1.0
793	836	1	1.0
793	848	1	1.0
793	865	1	1.0
793	877	1	1.0
793	914	1	1.0
793	915	1	1.0
793	916	1	1.0
793	938	1	1.0
793	948	1	1.0
793	958	1	1.0
793	964	1	1.0
793	996	1	1.0
795	798	1	1.0
795	809	1	1.0
795	810	1	1.0
795	816	1	1.0
795	827	1	1.0
795	856	1	1.0
795	859	1	1.0
795	860	1	1.0
795	861	1	1.0
795	863	1	1.0
795	865	1	1.0
795	870	1	1.0
795	873	1	1.0
795	875	1	1.0
795	879	1	1.0
795	884	1	1.0
795	885	1	1.0
795	888	1	1.0
795	890	1	1.0
795	894	1	1.0
795	905	1	1.0
795	911	1	1.0
795	916	1	1.0
795	927	1	1.0
795	933	1	1.0
795	937	1	1.0
795	944	1	1.0
795	968	1	1.0
795	980	1	1.0
795	982	1	1.0
795	983	1	1.0
795	996	1	1.0
795	1003	1	1.0
795	1006	1	1.0
795	1008	1	1.0
795	1031	1	1.0
795	1042	1	1.0
795	1051	1	1.0
795	1056	1	1.0
795	1060	1	1.0
795	1086	1	1.0
795	1243	1	1.0
795	1277	1	1.0
795	1321	1	1.0
795	1333	1	1.0
795	1347	1	1.0
795	1359	1	1.0
795	1458	1	1.0
795	1511	1	1.0
795	1640	1	1.0
795	1667	1	1.0
795	1673	1	1.0
795	1676	1	1.0
795	1701	1	1.0
795	1733	1	1.0
795	1743	1	1.0
795	1354	0	1.0
797	807	1	1.0
797	968	1	1.0
797	996	1	1.0
797	1359	1	1.0
798	807	1	1.0
798	810	1	1.0
798	827	1	1.0
798	845	1	1.0
798	850	1	1.0
798	856	1	1.0
798	860	1	1.0
798	865	1	1.0
798	875	1	1.0
798	879	1	1.0
798	880	1	1.0
798	885	1	1.0
798	916	1	1.0
798	917	1	1.0
798	932	1	1.0
798	940	1	1.0
798	948	1	1.0
798	953	1	1.0
798	958	1	1.0
798	966	1	1.0
798	967	1	1.0
798	968	1	1.0
798	980	1	1.0
798	991	1	1.0
798	996	1	1.0
798	1006	1	1.0
798	1008	1	1.0
798	1031	1	1.0
798	1039	1	1.0
798	1042	1	1.0
798	1061	1	1.0
798	1065	1	1.0
798	1086	1	1.0
798	1087	1	1.0
798	1108	1	1.0
798	1111	1	1.0
798	1126	1	1.0
798	1159	1	1.0
798	1166	1	1.0
798	1176	1	1.0
798	1183	1	1.0
798	1216	1	1.0
798	1296	1	1.0
798	1300	1	1.0
798	1320	1	1.0
798	1333	1	1.0
798	1335	1	1.0
798	1340	1	1.0
798	1356	1	1.0
798	1364	1	1.0
798	1372	1	1.0
798	1388	1	1.0
798	1419	1	1.0
798	1441	1	1.0
798	1521	1	1.0
798	1573	1	1.0
798	1638	1	1.0
798	1701	1	1.0
798	1729	1	1.0
798	1733	1	1.0
798	1743	1	1.0
798	1778	1	1.0
798	1934	1	1.0
798	1996	1	1.0
798	2000	1	1.0
798	2087	1	1.0
798	2126	1	1.0
798	2257	1	1.0
798	2425	1	1.0
798	2495	1	1.0
798	2496	1	1.0
798	2533	1	1.0
798	2745	1	1.0
798	2756	1	1.0
798	2866	1	1.0
798	3062	1	1.0
798	3318	1	1.0
798	3562	1	1.0
798	3687	1	1.0
798	1113	0	1.0
798	1499	0	1.0
798	2129	0	1.0
799	1526	1	1.0
799	1540	1	1.0
799	1631	1	1.0
799	1729	1	1.0
799	2060	1	1.0
799	2157	1	1.0
799	2159	1	1.0
799	2213	1	1.0
799	2234	1	1.0
799	2458	1	1.0
799	2505	1	1.0
799	2549	1	1.0
799	2666	1	1.0
799	2796	1	1.0
799	2799	1	1.0
799	2890	1	1.0
799	3114	1	1.0
799	3160	1	1.0
799	3215	1	1.0
799	3284	1	1.0
799	3299	1	1.0
799	3346	1	1.0
799	3348	1	1.0
799	3351	1	1.0
799	3361	1	1.0
799	3546	1	1.0
799	3577	1	1.0
799	3585	1	1.0
799	3628	1	1.0
799	3635	1	1.0
799	3684	1	1.0
799	3696	1	1.0
800	834	1	1.0
800	836	1	1.0
800	885	1	1.0
800	948	1	1.0
801	802	1	1.0
801	803	1	1.0
801	804	1	1.0
801	809	1	1.0
801	811	1	1.0
801	826	1	1.0
801	877	1	1.0
801	879	1	1.0
801	888	1	1.0
801	894	1	1.0
801	915	1	1.0
801	991	1	1.0
801	1083	1	1.0
801	1122	1	1.0
801	1218	1	1.0
801	1296	1	1.0
801	1458	1	1.0
801	1511	1	1.0
801	3014	1	1.0
803	870	1	1.0
804	865	1	1.0
804	1359	1	1.0
804	815	0	1.0
805	1083	1	1.0
805	3134	1	1.0
807	810	1	1.0
807	824	1	1.0
807	827	1	1.0
807	850	1	1.0
807	860	1	1.0
807	864	1	1.0
807	929	1	1.0
807	947	1	1.0
807	966	1	1.0
807	970	1	1.0
807	971	1	1.0
807	972	1	1.0
809	853	1	1.0
809	881	1	1.0
809	882	1	1.0
810	840	1	1.0
810	841	1	1.0
810	865	1	1.0
810	874	1	1.0
810	910	1	1.0
810	913	1	1.0
810	933	1	1.0
810	937	1	1.0
810	958	1	1.0
810	966	1	1.0
810	967	1	1.0
810	970	1	1.0
810	996	1	1.0
810	1040	1	1.0
810	1060	1	1.0
810	1061	1	1.0
810	1063	1	1.0
810	1083	1	1.0
810	1096	1	1.0
810	1111	1	1.0
810	1117	1	1.0
810	1134	1	1.0
810	1137	1	1.0
810	1166	1	1.0
810	1176	1	1.0
810	1233	1	1.0
810	1234	1	1.0
810	1249	1	1.0
810	1254	1	1.0
810	1279	1	1.0
810	1280	1	1.0
810	1288	1	1.0
810	1300	1	1.0
810	1333	1	1.0
810	1361	1	1.0
810	1372	1	1.0
810	1388	1	1.0
810	1389	1	1.0
810	1413	1	1.0
810	1426	1	1.0
810	1478	1	1.0
810	1514	1	1.0
810	1573	1	1.0
810	1640	1	1.0
810	1702	1	1.0
810	2003	1	1.0
811	812	1	1.0
811	1733	1	1.0
816	997	1	1.0
816	1001	1	1.0
816	1002	1	1.0
817	852	1	1.0
823	831	1	1.0
823	841	1	1.0
823	864	1	1.0
823	875	1	1.0
823	953	1	1.0
823	962	1	1.0
823	977	1	1.0
823	978	1	1.0
823	996	1	1.0
823	1019	1	1.0
823	1021	1	1.0
823	1024	1	1.0
823	1046	1	1.0
823	1063	1	1.0
823	1083	1	1.0
823	1087	1	1.0
823	1146	1	1.0
823	1183	1	1.0
823	1196	1	1.0
823	1199	1	1.0
823	1200	1	1.0
823	1218	1	1.0
823	1240	1	1.0
823	1249	1	1.0
823	1260	1	1.0
823	1297	1	1.0
823	1356	1	1.0
823	1420	1	1.0
823	1468	1	1.0
823	1507	1	1.0
823	1517	1	1.0
823	1555	1	1.0
823	1631	1	1.0
823	1657	1	1.0
823	1666	1	1.0
823	1691	1	1.0
823	1710	1	1.0
823	1729	1	1.0
823	1778	1	1.0
823	1804	1	1.0
823	1807	1	1.0
823	1816	1	1.0
823	1928	1	1.0
823	1934	1	1.0
823	1948	1	1.0
823	1994	1	1.0
823	2024	1	1.0
823	2144	1	1.0
823	2155	1	1.0
823	2157	1	1.0
823	2168	1	1.0
823	2171	1	1.0
823	2179	1	1.0
823	2190	1	1.0
823	2200	1	1.0
823	2262	1	1.0
823	2265	1	1.0
823	2284	1	1.0
823	2292	1	1.0
823	2335	1	1.0
823	2359	1	1.0
823	2394	1	1.0
823	2399	1	1.0
823	2432	1	1.0
823	2439	1	1.0
823	2446	1	1.0
823	2458	1	1.0
823	2477	1	1.0
823	2479	1	1.0
823	2487	1	1.0
823	2495	1	1.0
823	2496	1	1.0
823	2527	1	1.0
823	2533	1	1.0
823	2628	1	1.0
823	2666	1	1.0
823	2711	1	1.0
823	2751	1	1.0
823	2761	1	1.0
823	2763	1	1.0
823	2788	1	1.0
823	2798	1	1.0
823	2838	1	1.0
823	2851	1	1.0
823	2858	1	1.0
823	2862	1	1.0
823	2866	1	1.0
823	2911	1	1.0
823	2949	1	1.0
823	2960	1	1.0
823	2972	1	1.0
823	2994	1	1.0
823	2999	1	1.0
823	3002	1	1.0
823	3035	1	1.0
823	3079	1	1.0
823	3081	1	1.0
823	3096	1	1.0
823	3112	1	1.0
823	3130	1	1.0
823	3131	1	1.0
823	3134	1	1.0
823	3138	1	1.0
823	3141	1	1.0
823	3142	1	1.0
823	3160	1	1.0
823	3204	1	1.0
823	3246	1	1.0
823	3297	1	1.0
823	3325	1	1.0
823	3334	1	1.0
823	3370	1	1.0
823	3479	1	1.0
823	3499	1	1.0
823	3571	1	1.0
823	3575	1	1.0
823	3614	1	1.0
823	3619	1	1.0
823	3646	1	1.0
823	3663	1	1.0
823	3668	1	1.0
823	3711	1	1.0
823	3725	1	1.0
823	1232	0	1.0
823	1264	0	1.0
823	1876	0	1.0
823	1986	0	1.0
823	2892	0	1.0
823	2929	0	1.0
823	2945	0	1.0
824	938	1	1.0
824	956	1	1.0
824	968	1	1.0
824	1296	1	1.0
825	926	1	1.0
825	1038	1	1.0
825	1079	1	1.0
825	1080	1	1.0
825	1081	1	1.0
825	1594	1	1.0
825	1805	1	1.0
825	1826	1	1.0
825	1891	1	1.0
825	1898	1	1.0
825	1939	1	1.0
825	1987	0	1.0
826	827	1	1.0
826	828	1	1.0
827	842	1	1.0
827	860	1	1.0
827	861	1	1.0
827	863	1	1.0
827	865	1	1.0
827	873	1	1.0
827	885	1	1.0
827	894	1	1.0
827	905	1	1.0
827	948	1	1.0
827	964	1	1.0
827	968	1	1.0
827	980	1	1.0
827	996	1	1.0
827	1003	1	1.0
827	1006	1	1.0
827	1008	1	1.0
827	1039	1	1.0
827	1042	1	1.0
827	1111	1	1.0
827	1338	1	1.0
827	1573	1	1.0
827	829	0	1.0
827	869	0	1.0
828	2496	1	1.0
830	1956	0	1.0
831	861	1	1.0
831	1019	1	1.0
831	1049	1	1.0
831	1083	1	1.0
831	1102	1	1.0
831	1112	1	1.0
831	1181	1	1.0
831	1186	1	1.0
831	1216	1	1.0
831	1217	1	1.0
831	1249	1	1.0
831	3668	1	1.0
832	858	1	1.0
832	864	1	1.0
832	906	1	1.0
832	907	1	1.0
832	966	1	1.0
832	980	1	1.0
832	1006	1	1.0
832	1008	1	1.0
832	1041	1	1.0
832	1083	1	1.0
832	1086	1	1.0
832	1087	1	1.0
832	1091	1	1.0
832	1100	1	1.0
832	1111	1	1.0
832	1112	1	1.0
832	1114	1	1.0
832	1179	1	1.0
832	1288	1	1.0
832	1333	1	1.0
832	1361	1	1.0
832	1372	1	1.0
832	1383	1	1.0
832	1521	1	1.0
832	1533	1	1.0
832	1589	1	1.0
832	1594	1	1.0
832	1816	1	1.0
832	1858	1	1.0
832	1917	1	1.0
832	2414	1	1.0
832	1354	0	1.0
833	1249	1	1.0
833	1573	1	1.0
836	837	1	1.0
836	838	1	1.0
839	1584	1	1.0
839	2911	1	1.0
839	3490	1	1.0
840	879	1	1.0
840	948	1	1.0
841	852	1	1.0
841	859	1	1.0
841	865	1	1.0
841	871	1	1.0
841	910	1	1.0
841	940	1	1.0
841	1041	1	1.0
841	1056	1	1.0
841	1083	1	1.0
841	1086	1	1.0
841	1111	1	1.0
841	1152	1	1.0
841	1166	1	1.0
841	1176	1	1.0
841	1191	1	1.0
841	1337	1	1.0
841	1367	1	1.0
841	1424	1	1.0
841	1425	1	1.0
841	1473	1	1.0
841	1506	1	1.0
841	1522	1	1.0
841	1638	1	1.0
841	1640	1	1.0
841	1676	1	1.0
841	1743	1	1.0
841	1805	1	1.0
842	843	1	1.0
845	846	1	1.0
845	847	1	1.0
849	948	1	1.0
850	870	1	1.0
850	884	1	1.0
850	960	1	1.0
850	1046	1	1.0
850	1061	1	1.0
850	1087	1	1.0
850	1112	1	1.0
850	1167	1	1.0
850	1288	1	1.0
850	1359	1	1.0
850	1380	1	1.0
850	1468	1	1.0
850	1519	1	1.0
850	1521	1	1.0
850	1573	1	1.0
850	1595	1	1.0
850	1649	1	1.0
850	1661	1	1.0
850	1672	1	1.0
850	1675	1	1.0
850	1677	1	1.0
850	1689	1	1.0
850	1691	1	1.0
850	1733	1	1.0
851	2751	1	1.0
852	1573	1	1.0
853	879	1	1.0
853	883	1	1.0
854	1023	1	1.0
855	884	1	1.0
856	857	1	1.0
858	2213	1	1.0
858	2527	1	1.0
858	2745	1	1.0
858	2812	1	1.0
859	916	1	1.0
860	906	1	1.0
860	908	1	1.0
860	915	1	1.0
860	917	1	1.0
860	956	1	1.0
860	966	1	1.0
860	968	1	1.0
860	976	1	1.0
860	996	1	1.0
860	1031	1	1.0
860	1038	1	1.0
860	1039	1	1.0
860	1052	1	1.0
860	1053	1	1.0
860	1058	1	1.0
860	1059	1	1.0
860	1060	1	1.0
860	1061	1	1.0
860	1062	1	1.0
860	1388	1	1.0
860	1425	1	1.0
860	1478	1	1.0
860	1573	1	1.0
860	1640	1	1.0
860	1835	1	1.0
860	1886	1	1.0
860	2190	1	1.0
860	1025	0	1.0
861	996	1	1.0
861	1039	1	1.0
861	1227	1	1.0
861	1333	1	1.0
861	1372	1	1.0
861	1380	1	1.0
861	1437	1	1.0
861	1807	1	1.0
861	1898	1	1.0
861	2265	1	1.0
861	2467	1	1.0
861	2479	1	1.0
861	2858	1	1.0
861	3081	1	1.0
862	1805	1	1.0
863	864	1	1.0
864	890	1	1.0
864	891	1	1.0
864	962	1	1.0
864	963	1	1.0
864	983	1	1.0
864	1117	1	1.0
864	1146	1	1.0
865	866	1	1.0
865	867	1	1.0
865	868	1	1.0
865	960	1	1.0
865	970	1	1.0
865	971	1	1.0
865	1021	1	1.0
865	1046	1	1.0
865	1060	1	1.0
865	1083	1	1.0
865	1103	1	1.0
865	1112	1	1.0
865	1122	1	1.0
865	1158	1	1.0
865	1169	1	1.0
865	1174	1	1.0
865	1233	1	1.0
865	1268	1	1.0
865	1289	1	1.0
865	1297	1	1.0
865	1300	1	1.0
865	1321	1	1.0
865	1379	1	1.0
865	1380	1	1.0
865	1416	1	1.0
865	1419	1	1.0
865	1467	1	1.0
865	1468	1	1.0
865	1501	1	1.0
865	1504	1	1.0
865	1506	1	1.0
865	1511	1	1.0
865	1518	1	1.0
865	1519	1	1.0
865	1525	1	1.0
865	1530	1	1.0
865	1531	1	1.0
865	1532	1	1.0
865	1548	1	1.0
865	1564	1	1.0
865	1582	1	1.0
865	1619	1	1.0
865	1656	1	1.0
865	1673	1	1.0
865	1675	1	1.0
865	1689	1	1.0
865	1693	1	1.0
865	1694	1	1.0
865	1695	1	1.0
865	1696	1	1.0
865	1650	0	1.0
867	938	1	1.0
868	884	1	1.0
870	871	1	1.0
870	872	1	1.0
870	884	1	1.0
871	872	1	1.0
871	1060	1	1.0
871	1126	1	1.0
871	1174	1	1.0
871	1268	1	1.0
871	1279	1	1.0
871	1280	1	1.0
871	1288	1	1.0
871	1311	1	1.0
871	1313	1	1.0
871	1393	1	1.0
871	1394	1	1.0
871	1395	1	1.0
871	1396	1	1.0
872	953	1	1.0
872	983	1	1.0
872	1072	1	1.0
872	1087	1	1.0
872	1091	1	1.0
872	1098	1	1.0
872	1174	1	1.0
872	1176	1	1.0
872	1288	1	1.0
872	1359	1	1.0
872	1473	1	1.0
872	1710	1	1.0
872	1835	1	1.0
872	1886	1	1.0
872	2284	1	1.0
872	2439	1	1.0
872	2505	1	1.0
872	2735	1	1.0
873	902	1	1.0
873	903	1	1.0
873	904	1	1.0
874	884	1	1.0
874	915	1	1.0
874	1063	1	1.0
874	1066	1	1.0
874	1098	1	1.0
874	1101	1	1.0
874	1159	1	1.0
874	1174	1	1.0
874	1359	1	1.0
874	1631	1	1.0
874	2202	1	1.0
874	2732	1	1.0
875	876	1	1.0
875	1188	1	1.0
875	1288	1	1.0
875	1300	1	1.0
875	1309	1	1.0
875	1464	1	1.0
875	1724	1	1.0
875	1798	1	1.0
875	1813	1	1.0
875	1830	1	1.0
875	1887	1	1.0
875	1993	1	1.0
875	2002	1	1.0
875	2010	1	1.0
875	2067	1	1.0
875	2157	1	1.0
875	2311	1	1.0
875	2359	1	1.0
875	2363	1	1.0
875	2381	1	1.0
875	2494	1	1.0
875	2497	1	1.0
875	2504	1	1.0
875	2506	1	1.0
875	2704	1	1.0
875	2738	1	1.0
875	2792	1	1.0
876	2838	1	1.0
879	880	1	1.0
880	904	1	1.0
880	970	1	1.0
880	1060	1	1.0
880	1126	1	1.0
880	1158	1	1.0
880	1233	1	1.0
880	1280	1	1.0
880	1300	1	1.0
880	1311	1	1.0
880	1312	1	1.0
880	1323	1	1.0
880	1346	1	1.0
880	1393	1	1.0
880	1399	1	1.0
880	1413	1	1.0
884	885	1	1.0
884	886	1	1.0
884	887	1	1.0
884	940	1	1.0
884	966	1	1.0
884	1031	1	1.0
884	1039	1	1.0
884	1103	1	1.0
884	1458	1	1.0
884	1468	1	1.0
884	1582	1	1.0
884	1701	1	1.0
884	1721	1	1.0
884	1729	1	1.0
884	1808	1	1.0
884	1968	1	1.0
884	2156	1	1.0
884	2446	1	1.0
884	2703	1	1.0
884	3014	1	1.0
884	3144	1	1.0
884	2194	0	1.0
885	915	1	1.0
885	940	1	1.0
885	957	1	1.0
885	1016	1	1.0
885	1017	1	1.0
885	1018	1	1.0
885	2425	1	1.0
885	3674	1	1.0
888	1006	1	1.0
888	2533	1	1.0
888	1623	0	1.0
889	1198	1	1.0
890	891	1	1.0
890	892	1	1.0
891	964	1	1.0
891	982	1	1.0
891	1324	1	1.0
891	1721	1	1.0
891	1816	1	1.0
891	1887	1	1.0
891	2113	1	1.0
891	2179	1	1.0
891	2458	1	1.0
891	2495	1	1.0
891	2496	1	1.0
891	2703	1	1.0
891	2706	1	1.0
891	2821	1	1.0
891	3021	0	1.0
892	968	1	1.0
892	1098	1	1.0
892	1372	1	1.0
893	980	1	1.0
893	1063	1	1.0
893	1111	1	1.0
893	1126	1	1.0
895	2011	1	1.0
895	2105	1	1.0
895	2527	1	1.0
895	3229	1	1.0
896	1299	1	1.0
896	1324	1	1.0
896	2666	1	1.0
896	2756	1	1.0
896	3318	1	1.0
902	964	1	1.0
904	1103	1	1.0
904	1166	1	1.0
904	1215	1	1.0
904	1359	1	1.0
906	921	1	1.0
906	946	1	1.0
906	1008	1	1.0
906	1111	1	1.0
906	1333	1	1.0
906	1364	1	1.0
906	1460	1	1.0
906	1501	1	1.0
906	1521	1	1.0
906	1673	1	1.0
906	1743	1	1.0
906	1893	1	1.0
906	1994	1	1.0
906	2140	1	1.0
906	2394	1	1.0
906	2453	1	1.0
906	2495	1	1.0
906	2636	1	1.0
906	2751	1	1.0
906	3370	1	1.0
906	3668	1	1.0
906	3674	1	1.0
907	1083	1	1.0
907	1086	1	1.0
908	996	1	1.0
909	1573	1	1.0
910	1039	1	1.0
910	1046	1	1.0
910	1108	1	1.0
910	1174	1	1.0
910	1359	1	1.0
910	1376	1	1.0
910	1473	1	1.0
910	1475	1	1.0
910	1504	1	1.0
910	1632	1	1.0
910	1661	1	1.0
910	1674	1	1.0
910	1728	1	1.0
910	1745	1	1.0
910	1750	1	1.0
910	1758	1	1.0
910	1759	1	1.0
910	1799	1	1.0
910	1802	1	1.0
910	1815	1	1.0
910	1825	1	1.0
910	1933	0	1.0
911	921	1	1.0
911	976	1	1.0
911	1049	1	1.0
911	1063	1	1.0
911	1083	1	1.0
911	1084	1	1.0
911	1089	1	1.0
911	1092	1	1.0
911	1093	1	1.0
911	1138	1	1.0
911	1288	1	1.0
911	1317	1	1.0
911	1409	1	1.0
911	1473	1	1.0
911	1638	1	1.0
911	2003	1	1.0
911	2190	1	1.0
911	3562	1	1.0
911	1237	0	1.0
912	1257	0	1.0
913	976	1	1.0
913	1083	1	1.0
913	1112	1	1.0
913	1123	1	1.0
913	1161	1	1.0
913	1162	1	1.0
913	1296	1	1.0
914	937	1	1.0
914	925	0	1.0
915	960	1	1.0
915	966	1	1.0
915	975	1	1.0
915	983	1	1.0
915	984	1	1.0
915	985	1	1.0
915	987	1	1.0
915	988	1	1.0
915	990	1	1.0
915	1019	1	1.0
915	1021	1	1.0
915	1042	1	1.0
915	1051	1	1.0
915	1056	1	1.0
915	1063	1	1.0
915	1066	1	1.0
915	1078	1	1.0
915	1083	1	1.0
915	1100	1	1.0
915	1117	1	1.0
915	1129	1	1.0
915	1171	1	1.0
915	1222	1	1.0
915	1317	1	1.0
915	1323	1	1.0
915	1333	1	1.0
915	1349	1	1.0
915	1516	1	1.0
915	1573	1	1.0
915	1582	1	1.0
915	1666	1	1.0
915	1673	1	1.0
915	1721	1	1.0
915	1792	1	1.0
915	1798	1	1.0
915	1835	1	1.0
915	1928	1	1.0
915	2788	1	1.0
915	986	0	1.0
915	989	0	1.0
915	1348	0	1.0
916	917	1	1.0
916	918	1	1.0
916	919	1	1.0
916	920	1	1.0
916	921	1	1.0
916	922	1	1.0
916	923	1	1.0
916	924	1	1.0
917	1041	1	1.0
918	1041	1	1.0
918	1288	1	1.0
918	2458	1	1.0
918	2851	1	1.0
918	2994	1	1.0
918	3669	1	1.0
920	966	1	1.0
920	1091	1	1.0
920	2851	1	1.0
920	2994	1	1.0
921	922	1	1.0
921	932	1	1.0
921	966	1	1.0
921	1039	1	1.0
921	1043	1	1.0
921	1060	1	1.0
921	1118	1	1.0
921	1268	1	1.0
921	1279	1	1.0
921	1280	1	1.0
921	1288	1	1.0
921	1311	1	1.0
921	1313	1	1.0
921	1342	1	1.0
921	1377	1	1.0
921	1406	1	1.0
921	1420	1	1.0
921	1425	1	1.0
921	1431	1	1.0
921	1432	1	1.0
921	1433	1	1.0
921	1434	1	1.0
921	1435	1	1.0
921	1436	1	1.0
921	1437	1	1.0
921	1438	1	1.0
921	1439	0	1.0
922	1039	1	1.0
922	1041	1	1.0
922	1106	1	1.0
922	1174	1	1.0
922	1247	1	1.0
922	1280	1	1.0
922	1288	1	1.0
922	1321	1	1.0
922	1340	1	1.0
922	1359	1	1.0
922	1361	1	1.0
922	1383	1	1.0
922	1464	1	1.0
922	1473	1	1.0
922	1475	1	1.0
922	1484	1	1.0
922	1560	1	1.0
922	1582	1	1.0
922	1594	1	1.0
922	1631	1	1.0
922	1661	1	1.0
922	1671	1	1.0
922	1702	1	1.0
922	1710	1	1.0
922	1721	1	1.0
922	1723	1	1.0
922	1724	1	1.0
922	1725	1	1.0
922	1727	1	1.0
922	1728	1	1.0
922	1729	1	1.0
922	1799	1	1.0
922	1816	1	1.0
922	1849	1	1.0
922	1858	1	1.0
922	1887	1	1.0
922	1889	1	1.0
922	1917	1	1.0
922	1969	1	1.0
922	1996	1	1.0
922	2001	1	1.0
922	2002	1	1.0
922	2009	1	1.0
922	2033	1	1.0
922	2037	1	1.0
922	2038	1	1.0
922	2040	1	1.0
922	2050	1	1.0
922	2067	1	1.0
922	2087	1	1.0
922	2123	1	1.0
922	2135	1	1.0
922	2164	1	1.0
922	2172	1	1.0
922	2178	1	1.0
922	2179	1	1.0
922	2313	1	1.0
922	2798	1	1.0
922	2994	1	1.0
922	3081	1	1.0
922	3815	1	1.0
926	940	1	1.0
926	982	1	1.0
926	996	1	1.0
926	1071	1	1.0
926	1122	1	1.0
926	1174	1	1.0
926	1288	1	1.0
926	1359	1	1.0
926	1401	1	1.0
926	1441	1	1.0
926	1582	1	1.0
926	1594	1	1.0
926	1597	1	1.0
926	1640	1	1.0
926	1726	1	1.0
926	1728	1	1.0
926	1729	1	1.0
926	1739	1	1.0
926	1799	1	1.0
926	1808	1	1.0
926	1824	1	1.0
926	1825	1	1.0
926	1830	1	1.0
926	1950	1	1.0
926	1973	1	1.0
926	2009	1	1.0
926	2013	1	1.0
926	2033	1	1.0
926	2105	1	1.0
926	2117	1	1.0
926	2118	1	1.0
927	996	1	1.0
927	1008	1	1.0
927	1359	1	1.0
927	1473	1	1.0
927	928	0	1.0
929	962	1	1.0
929	968	1	1.0
929	1039	1	1.0
929	1188	1	1.0
929	1240	1	1.0
929	1359	1	1.0
929	1364	1	1.0
929	1484	1	1.0
929	1506	1	1.0
929	1507	1	1.0
929	1540	1	1.0
929	1631	1	1.0
929	1713	1	1.0
929	1724	1	1.0
929	1727	1	1.0
929	1792	1	1.0
929	1798	1	1.0
929	1813	1	1.0
929	1887	1	1.0
929	1970	1	1.0
929	2002	1	1.0
929	2010	1	1.0
929	2311	1	1.0
929	2359	1	1.0
929	2381	1	1.0
929	2497	1	1.0
929	2501	1	1.0
929	2504	1	1.0
929	2657	1	1.0
929	2731	1	1.0
929	2738	1	1.0
929	2751	1	1.0
929	2776	1	1.0
929	3079	1	1.0
929	3224	1	1.0
929	3385	1	1.0
929	3562	1	1.0
930	2495	1	1.0
930	2711	1	1.0
930	2949	1	1.0
930	3031	0	1.0
931	1096	1	1.0
932	1215	1	1.0
933	934	1	1.0
933	935	1	1.0
933	936	1	1.0
933	956	1	1.0
933	981	1	1.0
933	996	1	1.0
933	1174	1	1.0
934	1003	1	1.0
937	1281	1	1.0
937	1740	1	1.0
938	939	1	1.0
938	940	1	1.0
938	941	1	1.0
938	956	1	1.0
938	964	1	1.0
940	946	1	1.0
940	953	1	1.0
940	967	1	1.0
940	970	1	1.0
940	996	1	1.0
940	1019	1	1.0
940	1043	1	1.0
940	1046	1	1.0
940	1060	1	1.0
940	1083	1	1.0
940	1108	1	1.0
940	1111	1	1.0
940	1159	1	1.0
940	1173	1	1.0
940	1174	1	1.0
940	1183	1	1.0
940	1227	1	1.0
940	1234	1	1.0
940	1275	1	1.0
940	1279	1	1.0
940	1280	1	1.0
940	1282	1	1.0
940	1288	1	1.0
940	1304	1	1.0
940	1309	1	1.0
940	1333	1	1.0
940	1347	1	1.0
940	1359	1	1.0
940	1377	1	1.0
940	1378	1	1.0
940	1388	1	1.0
940	1437	1	1.0
940	1453	1	1.0
940	1458	1	1.0
940	1471	1	1.0
940	1492	1	1.0
940	1504	1	1.0
940	1511	1	1.0
940	1514	1	1.0
940	1519	1	1.0
940	1532	1	1.0
940	1533	1	1.0
940	1539	1	1.0
940	1542	1	1.0
940	1548	1	1.0
940	1557	1	1.0
940	1885	1	1.0
943	945	0	1.0
944	1055	1	1.0
945	946	0	1.0
946	951	1	1.0
946	1039	1	1.0
946	1041	1	1.0
946	1103	1	1.0
946	1111	1	1.0
946	1112	1	1.0
946	1174	1	1.0
946	1184	1	1.0
946	1281	1	1.0
946	1288	1	1.0
946	1289	1	1.0
946	1296	1	1.0
946	1313	1	1.0
946	1324	1	1.0
946	1333	1	1.0
946	1346	1	1.0
946	1347	1	1.0
946	1359	1	1.0
946	1362	1	1.0
946	1424	1	1.0
946	1458	1	1.0
946	1460	1	1.0
946	1484	1	1.0
946	1517	1	1.0
946	1555	1	1.0
946	1571	1	1.0
946	1724	1	1.0
946	1727	1	1.0
946	1728	1	1.0
946	1729	1	1.0
946	1798	1	1.0
946	1799	1	1.0
946	1816	1	1.0
946	1826	1	1.0
946	1887	1	1.0
946	1888	1	1.0
946	1969	1	1.0
946	1993	1	1.0
946	1994	1	1.0
946	1996	1	1.0
946	2001	1	1.0
946	2002	1	1.0
946	2009	1	1.0
946	2011	1	1.0
946	2037	1	1.0
946	2179	1	1.0
946	2224	1	1.0
946	2235	1	1.0
946	2238	1	1.0
946	2268	1	1.0
946	2358	1	1.0
946	2379	1	1.0
946	2383	1	1.0
946	2384	1	1.0
946	2385	1	1.0
946	2386	1	1.0
946	2387	1	1.0
946	2388	1	1.0
946	2732	1	1.0
946	1319	0	1.0
947	1039	1	1.0
948	949	0	1.0
950	958	1	1.0
950	1039	1	1.0
950	969	0	1.0
950	1033	0	1.0
951	952	1	1.0
951	967	1	1.0
951	1046	1	1.0
951	1108	1	1.0
951	1173	1	1.0
951	1174	1	1.0
951	1279	1	1.0
951	1280	1	1.0
951	1297	1	1.0
951	1321	1	1.0
951	1347	1	1.0
951	1364	1	1.0
951	1471	1	1.0
951	1511	1	1.0
951	1521	1	1.0
951	1534	1	1.0
951	1539	1	1.0
951	1557	1	1.0
951	1585	1	1.0
951	1586	1	1.0
953	957	1	1.0
953	966	1	1.0
953	1006	1	1.0
953	1019	1	1.0
953	1061	1	1.0
953	1063	1	1.0
953	1065	1	1.0
953	1083	1	1.0
953	1085	1	1.0
953	1087	1	1.0
953	1172	1	1.0
953	1173	1	1.0
953	1174	1	1.0
953	1176	1	1.0
953	1179	1	1.0
953	1183	1	1.0
953	1215	1	1.0
953	1300	1	1.0
953	1361	1	1.0
953	1409	1	1.0
953	1722	1	1.0
953	1816	1	1.0
953	1858	1	1.0
957	1183	1	1.0
957	1887	1	1.0
957	3657	1	1.0
957	3674	1	1.0
958	959	1	1.0
959	1413	1	1.0
960	967	1	1.0
960	1072	1	1.0
960	1183	1	1.0
960	1216	1	1.0
960	1240	1	1.0
960	1300	1	1.0
960	1419	1	1.0
960	1458	1	1.0
960	1511	1	1.0
960	1640	1	1.0
960	1652	1	1.0
960	1701	1	1.0
960	1804	1	1.0
960	1994	1	1.0
960	2438	1	1.0
960	2446	1	1.0
961	1272	1	1.0
961	1798	1	1.0
961	2157	1	1.0
961	2265	1	1.0
961	2284	1	1.0
961	2666	1	1.0
961	2733	1	1.0
961	2761	1	1.0
961	2850	1	1.0
961	2990	1	1.0
961	3023	1	1.0
961	3096	1	1.0
961	3126	1	1.0
961	3140	1	1.0
961	3224	1	1.0
961	3246	1	1.0
962	1039	1	1.0
962	1046	1	1.0
962	1296	1	1.0
962	1316	1	1.0
962	1321	1	1.0
962	1332	1	1.0
962	1362	1	1.0
962	1383	1	1.0
962	1447	1	1.0
962	1458	1	1.0
962	1484	1	1.0
962	1504	1	1.0
962	1520	1	1.0
962	1591	1	1.0
962	1702	1	1.0
962	1721	1	1.0
962	1724	1	1.0
962	1727	1	1.0
962	1729	1	1.0
962	1798	1	1.0
962	1807	1	1.0
962	1830	1	1.0
962	1885	1	1.0
962	1887	1	1.0
962	1970	1	1.0
962	1973	1	1.0
962	1994	1	1.0
962	2000	1	1.0
962	2007	1	1.0
962	2037	1	1.0
962	2115	1	1.0
962	2213	1	1.0
962	2221	1	1.0
962	2224	1	1.0
962	2266	1	1.0
962	2297	1	1.0
962	2311	1	1.0
962	2316	1	1.0
962	2359	1	1.0
962	2381	1	1.0
962	2394	1	1.0
962	2464	1	1.0
962	2465	1	1.0
962	2489	1	1.0
962	2495	1	1.0
962	2496	1	1.0
962	2501	1	1.0
962	2505	1	1.0
962	2506	1	1.0
962	2517	1	1.0
962	2622	1	1.0
962	2636	1	1.0
962	2733	1	1.0
962	2735	1	1.0
962	2745	1	1.0
962	2798	1	1.0
962	2802	1	1.0
962	2917	1	1.0
962	2990	1	1.0
962	3142	1	1.0
962	3200	1	1.0
962	3325	1	1.0
962	3646	1	1.0
962	3693	1	1.0
962	2687	0	1.0
963	983	1	1.0
963	1008	1	1.0
963	1179	1	1.0
963	1281	1	1.0
963	3081	1	1.0
963	3200	1	1.0
965	1533	1	1.0
965	1887	1	1.0
965	2221	1	1.0
965	1232	0	1.0
966	968	1	1.0
966	970	1	1.0
966	980	1	1.0
966	1023	1	1.0
966	1042	1	1.0
966	1049	1	1.0
966	1060	1	1.0
966	1061	1	1.0
966	1066	1	1.0
966	1103	1	1.0
966	1111	1	1.0
966	1126	1	1.0
966	1129	1	1.0
966	1168	1	1.0
966	1169	1	1.0
966	1249	1	1.0
966	1277	1	1.0
966	1279	1	1.0
966	1280	1	1.0
966	1288	1	1.0
966	1300	1	1.0
966	1309	1	1.0
966	1320	1	1.0
966	1321	1	1.0
966	1324	1	1.0
966	1337	1	1.0
966	1338	1	1.0
966	1340	1	1.0
966	1347	1	1.0
966	1356	1	1.0
966	1359	1	1.0
966	1405	1	1.0
966	1408	1	1.0
966	1426	1	1.0
966	1460	1	1.0
966	1462	1	1.0
966	1466	1	1.0
966	1473	1	1.0
966	1479	1	1.0
966	1518	1	1.0
966	1573	1	1.0
966	1701	1	1.0
966	1702	1	1.0
966	2024	1	1.0
966	2745	1	1.0
966	2751	1	1.0
966	2866	1	1.0
966	1113	0	1.0
966	1144	0	1.0
966	1330	0	1.0
966	1331	0	1.0
966	1350	0	1.0
966	1360	0	1.0
966	1397	0	1.0
966	2546	0	1.0
967	970	1	1.0
967	1060	1	1.0
967	1065	1	1.0
967	1110	1	1.0
967	1121	1	1.0
967	1126	1	1.0
967	1166	1	1.0
967	1173	1	1.0
967	1183	1	1.0
967	1196	1	1.0
967	1272	1	1.0
967	1280	1	1.0
967	1292	1	1.0
967	1297	1	1.0
967	1300	1	1.0
967	1333	1	1.0
967	1359	1	1.0
967	1361	1	1.0
967	1364	1	1.0
967	1377	1	1.0
967	1378	1	1.0
967	1381	1	1.0
967	1416	1	1.0
967	1425	1	1.0
967	1441	1	1.0
967	1473	1	1.0
967	1479	1	1.0
967	1484	1	1.0
967	1503	1	1.0
967	1506	1	1.0
967	1511	1	1.0
967	1516	1	1.0
967	1518	1	1.0
967	1521	1	1.0
967	1522	1	1.0
967	1555	1	1.0
967	1557	1	1.0
967	1564	1	1.0
967	1571	1	1.0
967	1619	1	1.0
967	1729	1	1.0
967	1910	1	1.0
967	2000	1	1.0
967	2100	1	1.0
967	2373	1	1.0
967	2798	1	1.0
967	2960	1	1.0
967	2963	1	1.0
967	3821	1	1.0
967	3831	1	1.0
967	3837	1	1.0
967	1496	0	1.0
967	3820	0	1.0
968	1028	1	1.0
968	1038	1	1.0
968	1052	1	1.0
968	1053	1	1.0
968	1054	1	1.0
968	2481	0	1.0
970	1019	1	1.0
970	1061	1	1.0
970	1083	1	1.0
970	1103	1	1.0
970	1111	1	1.0
970	1117	1	1.0
970	1166	1	1.0
970	1215	1	1.0
970	1218	1	1.0
970	1243	1	1.0
970	1254	1	1.0
970	1300	1	1.0
970	1333	1	1.0
970	1337	1	1.0
970	1372	1	1.0
970	1380	1	1.0
970	1388	1	1.0
970	1413	1	1.0
970	1441	1	1.0
970	1479	1	1.0
970	1702	1	1.0
970	1805	1	1.0
970	1893	1	1.0
970	1934	1	1.0
970	1939	1	1.0
970	1267	0	1.0
971	1831	0	1.0
972	991	1	1.0
972	996	1	1.0
972	1006	1	1.0
972	1008	1	1.0
972	1039	1	1.0
972	1086	1	1.0
973	1441	1	1.0
974	1031	1	1.0
976	996	1	1.0
976	1031	1	1.0
976	1042	1	1.0
976	1060	1	1.0
976	1061	1	1.0
976	1086	1	1.0
976	1087	1	1.0
976	1091	1	1.0
976	1101	1	1.0
976	1117	1	1.0
976	1129	1	1.0
976	1132	1	1.0
976	1137	1	1.0
976	1478	1	1.0
976	1885	1	1.0
976	1107	0	1.0
979	1419	1	1.0
980	996	1	1.0
980	1006	1	1.0
980	1008	1	1.0
980	1031	1	1.0
980	1100	1	1.0
980	1112	1	1.0
980	1126	1	1.0
980	1137	1	1.0
980	1169	1	1.0
980	1185	1	1.0
980	1216	1	1.0
980	1280	1	1.0
980	1297	1	1.0
980	1300	1	1.0
980	1308	1	1.0
980	1333	1	1.0
980	1336	1	1.0
980	1347	1	1.0
980	1355	1	1.0
980	1356	1	1.0
980	1380	1	1.0
980	1560	1	1.0
980	1804	1	1.0
980	1948	1	1.0
980	2126	1	1.0
980	2504	1	1.0
980	2813	1	1.0
980	3140	1	1.0
980	1232	0	1.0
981	1063	1	1.0
981	1083	1	1.0
981	1103	1	1.0
981	1173	1	1.0
981	1835	1	1.0
982	1027	1	1.0
983	1008	1	1.0
983	1038	1	1.0
983	1043	1	1.0
984	1083	1	1.0
984	1835	1	1.0
986	1594	0	1.0
988	1288	1	1.0
988	1752	1	1.0
991	992	1	1.0
992	3023	1	1.0
992	3055	1	1.0
992	3130	1	1.0
992	3499	1	1.0
992	3559	1	1.0
996	997	1	1.0
996	998	1	1.0
996	999	1	1.0
996	1000	1	1.0
997	1008	1	1.0
997	1072	1	1.0
997	1103	1	1.0
997	1108	1	1.0
997	1122	1	1.0
997	1166	1	1.0
997	1187	1	1.0
997	1215	1	1.0
997	1277	1	1.0
997	1288	1	1.0
997	1324	1	1.0
997	1333	1	1.0
997	1346	1	1.0
997	1347	1	1.0
997	1362	1	1.0
997	1364	1	1.0
997	1464	1	1.0
997	1573	1	1.0
997	1702	1	1.0
997	1727	1	1.0
997	1805	1	1.0
997	1934	1	1.0
1000	1031	1	1.0
1000	1034	1	1.0
1000	1042	1	1.0
1003	1004	1	1.0
1003	1005	1	1.0
1003	1911	1	1.0
1006	1007	1	1.0
1008	1009	1	1.0
1008	1010	1	1.0
1008	1011	1	1.0
1008	1012	1	1.0
1008	1013	1	1.0
1008	1014	1	1.0
1008	1015	1	1.0
1008	1023	1	1.0
1008	1034	1	1.0
1008	1218	1	1.0
1014	1533	1	1.0
1019	1046	1	1.0
1019	1049	1	1.0
1019	1061	1	1.0
1019	1083	1	1.0
1019	1111	1	1.0
1019	1215	1	1.0
1019	1279	1	1.0
1019	1280	1	1.0
1019	1304	1	1.0
1019	1309	1	1.0
1019	1313	1	1.0
1019	1346	1	1.0
1019	1359	1	1.0
1019	1388	1	1.0
1019	1405	1	1.0
1019	1453	1	1.0
1019	1462	1	1.0
1019	1464	1	1.0
1019	1477	1	1.0
1019	1478	1	1.0
1019	2011	1	1.0
1021	1049	1	1.0
1021	1055	1	1.0
1021	1066	1	1.0
1021	1359	1	1.0
1021	1573	1	1.0
1021	1701	1	1.0
1022	1023	1	1.0
1022	1701	1	1.0
1023	1024	1	1.0
1023	1038	1	1.0
1024	1040	1	1.0
1024	1063	1	1.0
1024	1701	1	1.0
1024	2994	1	1.0
1024	3827	1	1.0
1025	1902	1	1.0
1025	1903	1	1.0
1025	1146	0	1.0
1025	1359	0	1.0
1025	1364	0	1.0
1025	1376	0	1.0
1025	1420	0	1.0
1025	1594	0	1.0
1025	1757	0	1.0
1025	1773	0	1.0
1025	1836	0	1.0
1025	1904	0	1.0
1025	1905	0	1.0
1026	1425	0	1.0
1030	1388	1	1.0
1030	1891	1	1.0
1030	1934	1	1.0
1030	1991	0	1.0
1031	1032	1	1.0
1032	1111	1	1.0
1032	1117	1	1.0
1032	1187	1	1.0
1032	1216	1	1.0
1032	1268	1	1.0
1032	1288	1	1.0
1032	1361	1	1.0
1032	1364	1	1.0
1032	1419	1	1.0
1032	1504	1	1.0
1032	1565	1	1.0
1032	1701	1	1.0
1032	1740	1	1.0
1032	1799	1	1.0
1032	1804	1	1.0
1032	2399	1	1.0
1032	3079	1	1.0
1032	3096	1	1.0
1032	3165	1	1.0
1032	1144	0	1.0
1032	1770	0	1.0
1034	1035	1	1.0
1034	1036	1	1.0
1034	1037	1	1.0
1034	1038	1	1.0
1038	1039	1	1.0
1038	1042	1	1.0
1038	1051	1	1.0
1038	1056	1	1.0
1038	1129	1	1.0
1038	1159	1	1.0
1038	1573	1	1.0
1039	1040	1	1.0
1039	1041	1	1.0
1039	1049	1	1.0
1039	1091	1	1.0
1039	1288	1	1.0
1039	1473	1	1.0
1039	2003	1	1.0
1039	3732	1	1.0
1040	1053	1	1.0
1040	1100	1	1.0
1040	1136	1	1.0
1040	1169	1	1.0
1040	1186	1	1.0
1040	1195	1	1.0
1040	1234	1	1.0
1040	1243	1	1.0
1040	1244	1	1.0
1040	1245	1	1.0
1040	1246	1	1.0
1040	1288	1	1.0
1040	1301	1	1.0
1040	1400	1	1.0
1040	1401	1	1.0
1040	2260	1	1.0
1040	3157	0	1.0
1040	3216	0	1.0
1041	1063	1	1.0
1041	1083	1	1.0
1041	1084	1	1.0
1041	1091	1	1.0
1041	1108	1	1.0
1041	1109	1	1.0
1041	1123	1	1.0
1042	1043	1	1.0
1042	1044	1	1.0
1043	1137	1	1.0
1043	1158	1	1.0
1043	1288	1	1.0
1043	1335	1	1.0
1043	1380	1	1.0
1043	1804	1	1.0
1043	1816	1	1.0
1046	1072	1	1.0
1046	1083	1	1.0
1046	1108	1	1.0
1046	1122	1	1.0
1046	1158	1	1.0
1046	1166	1	1.0
1046	1187	1	1.0
1046	1216	1	1.0
1046	1243	1	1.0
1046	1288	1	1.0
1046	1300	1	1.0
1046	1321	1	1.0
1046	1335	1	1.0
1046	1347	1	1.0
1046	1359	1	1.0
1046	1361	1	1.0
1046	1362	1	1.0
1046	1364	1	1.0
1046	1380	1	1.0
1046	1388	1	1.0
1046	1415	1	1.0
1046	1416	1	1.0
1046	1419	1	1.0
1046	1425	1	1.0
1046	1427	1	1.0
1046	1473	1	1.0
1046	1478	1	1.0
1046	1484	1	1.0
1046	1506	1	1.0
1046	1514	1	1.0
1046	1516	1	1.0
1046	1517	1	1.0
1046	1518	1	1.0
1046	1533	1	1.0
1046	1565	1	1.0
1046	1584	1	1.0
1046	1589	1	1.0
1046	1667	1	1.0
1046	1673	1	1.0
1046	1701	1	1.0
1046	1702	1	1.0
1046	1710	1	1.0
1046	1727	1	1.0
1046	1729	1	1.0
1046	1733	1	1.0
1046	1740	1	1.0
1046	1743	1	1.0
1046	1752	1	1.0
1046	1805	1	1.0
1046	1813	1	1.0
1046	1835	1	1.0
1046	1891	1	1.0
1046	1893	1	1.0
1046	1910	1	1.0
1046	1911	1	1.0
1046	1934	1	1.0
1046	1939	1	1.0
1046	1970	1	1.0
1046	1994	1	1.0
1046	1998	1	1.0
1046	2000	1	1.0
1046	2002	1	1.0
1046	2003	1	1.0
1046	2012	1	1.0
1046	2040	1	1.0
1046	2050	1	1.0
1046	2144	1	1.0
1046	2202	1	1.0
1046	2205	1	1.0
1046	2229	1	1.0
1046	2284	1	1.0
1046	2309	1	1.0
1046	2359	1	1.0
1046	2378	1	1.0
1046	2381	1	1.0
1046	2487	1	1.0
1046	2494	1	1.0
1046	2502	1	1.0
1046	2504	1	1.0
1046	2505	1	1.0
1046	2511	1	1.0
1046	2620	1	1.0
1046	2630	1	1.0
1046	2636	1	1.0
1046	2666	1	1.0
1046	2696	1	1.0
1046	2712	1	1.0
1046	2741	1	1.0
1046	2799	1	1.0
1046	2803	1	1.0
1046	2810	1	1.0
1046	2813	1	1.0
1046	2890	1	1.0
1046	3004	1	1.0
1046	3023	1	1.0
1046	3047	1	1.0
1046	3053	1	1.0
1046	3062	1	1.0
1046	3094	1	1.0
1046	3097	1	1.0
1046	3106	1	1.0
1046	3126	1	1.0
1046	3138	1	1.0
1046	3140	1	1.0
1046	3141	1	1.0
1046	3144	1	1.0
1048	1049	1	1.0
1048	1473	1	1.0
1049	1063	1	1.0
1049	1066	1	1.0
1049	1083	1	1.0
1049	1084	1	1.0
1049	1089	1	1.0
1049	1118	1	1.0
1049	1126	1	1.0
1049	1134	1	1.0
1049	1179	1	1.0
1049	1183	1	1.0
1049	1203	1	1.0
1049	1204	1	1.0
1049	1206	1	1.0
1049	1217	1	1.0
1049	1222	1	1.0
1049	1249	1	1.0
1049	1333	1	1.0
1049	1372	1	1.0
1049	1205	0	1.0
1049	1237	0	1.0
1053	1086	1	1.0
1053	1117	1	1.0
1053	1126	1	1.0
1053	1176	1	1.0
1053	1217	1	1.0
1053	1243	1	1.0
1053	1254	1	1.0
1053	1296	1	1.0
1053	1324	1	1.0
1053	1372	1	1.0
1053	1460	1	1.0
1053	1516	1	1.0
1053	1666	1	1.0
1053	1826	1	1.0
1053	2224	1	1.0
1053	1496	0	1.0
1056	1057	1	1.0
1057	1126	1	1.0
1057	1146	1	1.0
1057	1159	1	1.0
1057	1296	1	1.0
1060	1061	1	1.0
1060	1063	1	1.0
1060	1065	1	1.0
1060	1083	1	1.0
1060	1090	1	1.0
1060	1101	1	1.0
1060	1103	1	1.0
1060	1166	1	1.0
1060	1215	1	1.0
1060	1333	1	1.0
1060	1337	1	1.0
1060	1372	1	1.0
1060	1409	1	1.0
1060	1413	1	1.0
1060	1424	1	1.0
1060	1425	1	1.0
1060	1426	1	1.0
1060	1441	1	1.0
1060	1460	1	1.0
1060	1473	1	1.0
1060	1479	1	1.0
1060	1506	1	1.0
1060	1638	1	1.0
1061	1087	1	1.0
1061	1096	1	1.0
1061	1100	1	1.0
1061	1111	1	1.0
1061	1117	1	1.0
1061	1166	1	1.0
1061	1176	1	1.0
1061	1185	1	1.0
1061	1215	1	1.0
1061	1228	1	1.0
1061	1233	1	1.0
1061	1268	1	1.0
1061	1280	1	1.0
1061	1296	1	1.0
1061	1297	1	1.0
1061	1300	1	1.0
1061	1336	1	1.0
1061	1340	1	1.0
1061	1368	1	1.0
1061	1369	1	1.0
1061	1370	1	1.0
1062	1533	1	1.0
1063	1066	1	1.0
1063	1083	1	1.0
1063	1086	1	1.0
1063	1087	1	1.0
1063	1091	1	1.0
1063	1095	1	1.0
1063	1096	1	1.0
1063	1097	1	1.0
1063	1101	1	1.0
1063	1102	1	1.0
1063	1110	1	1.0
1063	1111	1	1.0
1063	1117	1	1.0
1063	1129	1	1.0
1063	1132	1	1.0
1063	1134	1	1.0
1063	1137	1	1.0
1063	1138	1	1.0
1063	1152	1	1.0
1063	1160	1	1.0
1063	1176	1	1.0
1063	1179	1	1.0
1063	1191	1	1.0
1063	1199	1	1.0
1063	1201	1	1.0
1063	1202	1	1.0
1063	1260	1	1.0
1063	1268	1	1.0
1063	1277	1	1.0
1063	1296	1	1.0
1063	1320	1	1.0
1063	1324	1	1.0
1063	1333	1	1.0
1063	1338	1	1.0
1063	1573	1	1.0
1065	1066	1	1.0
1065	1087	1	1.0
1065	1176	1	1.0
1065	1321	1	1.0
1065	1340	1	1.0
1065	1359	1	1.0
1065	1427	1	1.0
1065	1484	1	1.0
1065	1507	1	1.0
1065	1704	1	1.0
1065	1724	1	1.0
1065	1727	1	1.0
1065	1729	1	1.0
1065	1742	1	1.0
1065	1754	1	1.0
1065	1798	1	1.0
1065	1813	1	1.0
1065	1948	1	1.0
1065	1993	1	1.0
1065	2010	1	1.0
1065	2115	1	1.0
1065	2144	1	1.0
1065	2266	1	1.0
1065	2282	1	1.0
1065	2311	1	1.0
1065	2359	1	1.0
1065	2381	1	1.0
1065	2394	1	1.0
1065	2464	1	1.0
1065	2496	1	1.0
1065	2497	1	1.0
1065	2505	1	1.0
1065	2506	1	1.0
1065	2511	1	1.0
1065	2621	1	1.0
1065	2656	1	1.0
1065	2738	1	1.0
1065	2745	1	1.0
1065	2760	1	1.0
1065	2812	1	1.0
1065	2838	1	1.0
1065	2911	1	1.0
1065	3325	1	1.0
1065	3759	1	1.0
1065	3792	1	1.0
1066	1067	0	1.0
1070	1071	1	1.0
1070	1122	1	1.0
1071	1122	1	1.0
1071	1174	1	1.0
1071	1184	1	1.0
1071	1288	1	1.0
1071	1535	1	1.0
1071	1724	1	1.0
1071	1728	1	1.0
1071	1729	1	1.0
1071	1792	1	1.0
1071	1885	1	1.0
1071	1950	1	1.0
1071	2007	1	1.0
1071	2009	1	1.0
1071	2179	1	1.0
1071	2238	1	1.0
1071	2282	1	1.0
1071	2285	1	1.0
1071	2356	1	1.0
1071	2358	1	1.0
1071	2359	1	1.0
1071	2360	1	1.0
1071	2361	1	1.0
1072	1108	1	1.0
1072	1174	1	1.0
1072	1288	1	1.0
1072	1359	1	1.0
1072	1361	1	1.0
1072	1419	1	1.0
1072	1468	1	1.0
1072	1490	1	1.0
1072	1493	1	1.0
1072	1519	1	1.0
1072	1521	1	1.0
1072	1533	1	1.0
1072	1552	1	1.0
1072	1562	1	1.0
1072	1582	1	1.0
1072	1594	1	1.0
1072	1677	1	1.0
1072	1689	1	1.0
1072	1691	1	1.0
1072	1697	1	1.0
1072	1762	1	1.0
1072	1763	1	1.0
1072	1858	1	1.0
1072	1934	1	1.0
1073	1122	1	1.0
1074	2458	1	1.0
1074	2479	1	1.0
1074	2666	1	1.0
1074	3079	1	1.0
1075	1361	1	1.0
1076	1230	1	1.0
1077	1215	1	1.0
1078	1111	1	1.0
1078	1146	1	1.0
1078	1179	1	1.0
1078	1277	1	1.0
1078	1317	1	1.0
1083	1086	1	1.0
1083	1087	1	1.0
1083	1091	1	1.0
1083	1096	1	1.0
1083	1098	1	1.0
1083	1101	1	1.0
1083	1102	1	1.0
1083	1108	1	1.0
1083	1110	1	1.0
1083	1117	1	1.0
1083	1123	1	1.0
1083	1126	1	1.0
1083	1129	1	1.0
1083	1132	1	1.0
1083	1137	1	1.0
1083	1138	1	1.0
1083	1146	1	1.0
1083	1152	1	1.0
1083	1159	1	1.0
1083	1176	1	1.0
1083	1179	1	1.0
1083	1184	1	1.0
1083	1191	1	1.0
1083	1215	1	1.0
1083	1217	1	1.0
1083	1218	1	1.0
1083	1222	1	1.0
1083	1230	1	1.0
1083	1247	1	1.0
1083	1248	1	1.0
1083	1249	1	1.0
1083	1254	1	1.0
1083	1260	1	1.0
1083	1333	1	1.0
1083	1359	1	1.0
1083	1380	1	1.0
1083	1594	1	1.0
1083	1640	1	1.0
1083	1667	1	1.0
1083	1113	0	1.0
1083	1144	0	1.0
1083	1157	0	1.0
1084	1091	1	1.0
1084	1111	1	1.0
1084	1277	1	1.0
1084	1333	1	1.0
1084	1372	1	1.0
1084	1265	0	1.0
1085	2394	1	1.0
1086	1087	1	1.0
1086	1088	1	1.0
1087	1112	1	1.0
1087	1126	1	1.0
1087	1159	1	1.0
1087	1166	1	1.0
1087	1168	1	1.0
1087	1173	1	1.0
1087	1181	1	1.0
1087	1182	1	1.0
1087	1183	1	1.0
1089	1096	1	1.0
1089	1279	1	1.0
1089	1366	1	1.0
1089	1371	1	1.0
1094	1215	1	1.0
1095	1096	1	1.0
1095	1098	1	1.0
1095	1099	1	1.0
1095	1141	1	1.0
1095	1180	1	1.0
1096	1097	1	1.0
1096	1098	1	1.0
1096	1099	1	1.0
1096	1102	1	1.0
1096	1111	1	1.0
1096	1117	1	1.0
1096	1143	1	1.0
1096	1148	1	1.0
1096	1149	1	1.0
1096	1150	1	1.0
1096	1151	1	1.0
1096	1215	1	1.0
1096	1254	1	1.0
1096	1268	1	1.0
1096	1296	1	1.0
1096	1299	1	1.0
1096	1320	1	1.0
1096	1333	1	1.0
1096	1372	1	1.0
1096	1426	1	1.0
1096	1128	0	1.0
1097	1098	1	1.0
1097	1107	0	1.0
1098	1099	1	1.0
1098	1102	1	1.0
1098	1146	1	1.0
1098	1150	1	1.0
1098	1174	1	1.0
1098	1175	1	1.0
1099	1102	1	1.0
1099	1141	1	1.0
1099	1180	1	1.0
1100	1110	1	1.0
1100	1111	1	1.0
1100	1123	1	1.0
1100	1129	1	1.0
1100	1268	1	1.0
1100	1277	1	1.0
1100	1299	1	1.0
1100	1320	1	1.0
1100	1324	1	1.0
1100	1333	1	1.0
1100	1338	1	1.0
1100	1372	1	1.0
1100	1425	1	1.0
1100	1460	1	1.0
1100	1484	1	1.0
1100	1506	1	1.0
1100	1516	1	1.0
1100	1676	1	1.0
1100	2257	1	1.0
1100	3741	1	1.0
1100	1341	0	1.0
1101	1263	0	1.0
1101	1341	0	1.0
1102	1141	1	1.0
1102	1146	1	1.0
1102	1180	1	1.0
1102	1249	1	1.0
1102	1296	1	1.0
1103	1165	1	1.0
1103	1279	1	1.0
1103	1280	1	1.0
1103	1289	1	1.0
1103	1297	1	1.0
1103	1300	1	1.0
1103	1312	1	1.0
1103	1313	1	1.0
1103	1321	1	1.0
1103	1333	1	1.0
1103	1346	1	1.0
1103	1393	1	1.0
1103	1399	1	1.0
1103	1403	1	1.0
1103	1416	1	1.0
1103	1506	1	1.0
1103	2745	1	1.0
1103	2788	1	1.0
1103	2866	1	1.0
1103	1354	0	1.0
1103	1545	0	1.0
1104	1359	1	1.0
1105	3687	1	1.0
1107	1141	0	1.0
1108	1112	1	1.0
1108	1174	1	1.0
1108	1183	1	1.0
1108	1247	1	1.0
1108	1288	1	1.0
1108	1333	1	1.0
1108	1346	1	1.0
1108	1388	1	1.0
1108	1416	1	1.0
1108	1420	1	1.0
1108	1425	1	1.0
1108	1468	1	1.0
1108	1501	1	1.0
1108	1516	1	1.0
1108	1518	1	1.0
1108	1522	1	1.0
1108	1532	1	1.0
1108	1533	1	1.0
1108	1673	1	1.0
1108	1702	1	1.0
1108	1730	1	1.0
1108	1757	1	1.0
1108	1759	1	1.0
1108	1835	1	1.0
1108	1836	1	1.0
1108	1906	1	1.0
1108	1907	1	1.0
1108	1908	1	1.0
1108	1970	1	1.0
1108	1496	0	1.0
1109	1321	1	1.0
1109	2191	1	1.0
1109	2745	1	1.0
1109	2812	1	1.0
1110	1111	1	1.0
1110	1112	1	1.0
1110	1638	1	1.0
1111	1122	1	1.0
1111	1134	1	1.0
1111	1166	1	1.0
1111	1169	1	1.0
1111	1171	1	1.0
1111	1176	1	1.0
1111	1195	1	1.0
1111	1233	1	1.0
1111	1240	1	1.0
1111	1268	1	1.0
1111	1275	1	1.0
1111	1280	1	1.0
1111	1292	1	1.0
1111	1296	1	1.0
1111	1297	1	1.0
1111	1300	1	1.0
1111	1308	1	1.0
1111	1323	1	1.0
1111	1332	1	1.0
1111	1333	1	1.0
1111	1334	1	1.0
1111	1335	1	1.0
1111	1336	1	1.0
1111	1337	1	1.0
1111	2302	1	1.0
1111	2313	1	1.0
1112	1117	1	1.0
1112	1158	1	1.0
1112	1179	1	1.0
1112	1216	1	1.0
1112	1227	1	1.0
1112	1243	1	1.0
1112	1249	1	1.0
1112	1254	1	1.0
1112	1268	1	1.0
1112	1275	1	1.0
1112	1301	1	1.0
1112	1320	1	1.0
1112	1324	1	1.0
1112	1346	1	1.0
1112	1359	1	1.0
1112	1361	1	1.0
1112	1362	1	1.0
1112	1364	1	1.0
1112	1372	1	1.0
1112	1380	1	1.0
1112	1383	1	1.0
1112	1388	1	1.0
1112	1409	1	1.0
1112	1420	1	1.0
1112	1424	1	1.0
1112	1437	1	1.0
1112	1441	1	1.0
1112	1478	1	1.0
1112	1506	1	1.0
1112	1571	1	1.0
1112	1676	1	1.0
1112	1701	1	1.0
1112	1710	1	1.0
1112	1713	1	1.0
1112	1728	1	1.0
1112	1792	1	1.0
1112	1862	1	1.0
1112	1898	1	1.0
1112	1934	1	1.0
1112	2100	1	1.0
1112	2126	1	1.0
1112	2144	1	1.0
1112	2446	1	1.0
1112	2467	1	1.0
1112	2666	1	1.0
1112	2703	1	1.0
1112	2745	1	1.0
1112	2838	1	1.0
1112	1957	0	1.0
1114	1126	1	1.0
1117	1165	1	1.0
1117	1166	1	1.0
1117	1167	1	1.0
1117	1168	1	1.0
1118	1473	1	1.0
1121	1174	1	1.0
1121	1247	1	1.0
1121	1300	1	1.0
1121	1316	1	1.0
1121	1380	1	1.0
1121	1478	1	1.0
1121	1484	1	1.0
1121	1520	1	1.0
1121	1571	1	1.0
1121	1594	1	1.0
1121	1664	1	1.0
1121	1710	1	1.0
1121	1728	1	1.0
1121	1739	1	1.0
1121	1753	1	1.0
1121	1754	1	1.0
1121	1830	1	1.0
1121	1885	1	1.0
1121	1917	1	1.0
1121	1969	1	1.0
1121	1984	1	1.0
1121	1993	1	1.0
1121	2009	1	1.0
1121	2012	1	1.0
1121	2023	1	1.0
1121	2024	1	1.0
1121	2029	1	1.0
1121	2040	1	1.0
1121	2082	1	1.0
1121	2083	1	1.0
1121	2100	1	1.0
1121	2125	0	1.0
1122	1126	1	1.0
1122	1166	1	1.0
1122	1169	1	1.0
1122	1173	1	1.0
1122	1183	1	1.0
1122	1187	1	1.0
1122	1195	1	1.0
1122	1215	1	1.0
1122	1216	1	1.0
1122	1270	1	1.0
1122	1275	1	1.0
1122	1280	1	1.0
1122	1288	1	1.0
1122	1297	1	1.0
1122	1359	1	1.0
1122	1364	1	1.0
1122	1377	1	1.0
1122	1379	1	1.0
1122	1380	1	1.0
1122	1383	1	1.0
1122	1391	1	1.0
1122	1425	1	1.0
1122	1437	1	1.0
1122	1458	1	1.0
1122	1468	1	1.0
1122	1479	1	1.0
1122	1504	1	1.0
1122	1506	1	1.0
1122	1511	1	1.0
1122	1514	1	1.0
1122	1520	1	1.0
1122	1521	1	1.0
1122	1522	1	1.0
1122	1539	1	1.0
1122	1548	1	1.0
1122	1555	1	1.0
1122	1557	1	1.0
1122	1597	1	1.0
1122	1631	1	1.0
1122	1666	1	1.0
1122	1673	1	1.0
1122	1729	1	1.0
1122	1740	1	1.0
1122	1798	1	1.0
1122	1816	1	1.0
1122	1858	1	1.0
1122	1885	1	1.0
1122	1886	1	1.0
1122	1893	1	1.0
1122	1928	1	1.0
1122	2024	1	1.0
1122	2050	1	1.0
1122	2144	1	1.0
1122	2171	1	1.0
1122	2205	1	1.0
1122	2284	1	1.0
1122	2313	1	1.0
1122	2335	1	1.0
1122	2359	1	1.0
1122	2453	1	1.0
1122	2487	1	1.0
1122	2520	1	1.0
1122	2636	1	1.0
1122	2745	1	1.0
1122	2763	1	1.0
1122	3081	1	1.0
1122	3562	1	1.0
1122	3693	1	1.0
1122	1630	0	1.0
1122	1932	0	1.0
1123	1124	1	1.0
1126	1147	1	1.0
1126	1166	1	1.0
1126	1173	1	1.0
1126	1174	1	1.0
1126	1181	1	1.0
1126	1187	1	1.0
1126	1188	1	1.0
1126	1195	1	1.0
1126	1240	1	1.0
1126	1275	1	1.0
1126	1288	1	1.0
1126	1289	1	1.0
1126	1296	1	1.0
1126	1359	1	1.0
1126	1420	1	1.0
1126	1427	1	1.0
1126	1458	1	1.0
1126	1460	1	1.0
1126	1464	1	1.0
1126	1484	1	1.0
1126	1502	1	1.0
1126	1514	1	1.0
1126	1518	1	1.0
1126	1522	1	1.0
1126	1571	1	1.0
1126	1640	1	1.0
1126	1673	1	1.0
1126	1675	1	1.0
1126	1678	1	1.0
1126	1724	1	1.0
1126	1727	1	1.0
1126	1729	1	1.0
1126	1733	1	1.0
1126	1753	1	1.0
1126	1792	1	1.0
1126	1798	1	1.0
1126	1799	1	1.0
1126	1816	1	1.0
1126	1828	1	1.0
1126	1885	1	1.0
1126	1887	1	1.0
1126	1891	1	1.0
1126	1893	1	1.0
1126	1898	1	1.0
1126	1928	1	1.0
1126	1939	1	1.0
1126	1996	1	1.0
1126	2000	1	1.0
1126	2001	1	1.0
1126	2002	1	1.0
1126	2007	1	1.0
1126	2037	1	1.0
1126	2038	1	1.0
1126	2063	1	1.0
1126	2067	1	1.0
1126	2122	1	1.0
1126	2126	1	1.0
1126	2144	1	1.0
1126	2155	1	1.0
1126	2158	1	1.0
1126	2159	1	1.0
1126	2179	1	1.0
1126	2185	1	1.0
1126	2191	1	1.0
1126	2200	1	1.0
1126	2226	1	1.0
1126	2227	1	1.0
1126	2228	1	1.0
1126	2297	1	1.0
1126	2299	1	1.0
1126	2313	1	1.0
1126	2446	1	1.0
1126	2467	1	1.0
1126	2527	1	1.0
1126	2636	1	1.0
1126	2812	1	1.0
1126	2813	1	1.0
1126	2816	1	1.0
1126	2890	1	1.0
1126	2972	1	1.0
1126	2990	1	1.0
1126	3125	1	1.0
1126	3126	1	1.0
1126	3229	1	1.0
1126	3562	1	1.0
1126	3614	1	1.0
1128	1138	0	1.0
1129	1130	1	1.0
1131	1257	0	1.0
1132	1133	1	1.0
1134	1152	1	1.0
1134	1176	1	1.0
1134	1179	1	1.0
1134	1215	1	1.0
1134	1217	1	1.0
1134	1372	1	1.0
1134	1452	0	1.0
1135	1415	1	1.0
1136	1260	1	1.0
1136	1281	1	1.0
1136	1299	1	1.0
1136	1317	1	1.0
1136	1372	1	1.0
1136	1522	1	1.0
1136	1739	1	1.0
1136	1798	1	1.0
1136	2393	1	1.0
1136	3035	1	1.0
1136	1287	0	1.0
1138	1139	1	1.0
1138	1140	1	1.0
1138	1277	1	1.0
1141	1142	1	1.0
1141	1143	1	1.0
1144	1145	0	1.0
1144	1146	0	1.0
1144	1147	0	1.0
1146	1171	1	1.0
1146	1186	1	1.0
1146	1233	1	1.0
1146	1239	1	1.0
1146	1250	1	1.0
1146	1251	1	1.0
1146	1252	1	1.0
1146	1895	0	1.0
1148	2050	1	1.0
1148	3687	1	1.0
1150	1180	1	1.0
1152	1153	1	1.0
1152	1154	1	1.0
1153	1296	1	1.0
1158	1174	1	1.0
1158	1243	1	1.0
1158	1296	1	1.0
1158	1359	1	1.0
1158	1361	1	1.0
1158	1364	1	1.0
1158	1380	1	1.0
1158	1409	1	1.0
1158	1419	1	1.0
1158	1504	1	1.0
1158	1511	1	1.0
1158	1518	1	1.0
1158	1532	1	1.0
1158	1582	1	1.0
1158	1584	1	1.0
1158	1674	1	1.0
1158	1677	1	1.0
1158	1689	1	1.0
1158	1732	1	1.0
1158	1733	1	1.0
1158	1737	1	1.0
1158	1743	1	1.0
1158	1750	1	1.0
1158	1411	0	1.0
1158	1598	0	1.0
1160	1573	1	1.0
1162	1571	1	1.0
1162	1885	1	1.0
1162	2619	0	1.0
1166	1173	1	1.0
1166	1187	1	1.0
1166	1233	1	1.0
1166	1279	1	1.0
1166	1280	1	1.0
1166	1282	1	1.0
1166	1288	1	1.0
1166	1292	1	1.0
1166	1297	1	1.0
1166	1311	1	1.0
1166	1359	1	1.0
1166	1377	1	1.0
1166	1378	1	1.0
1166	1383	1	1.0
1166	1440	1	1.0
1166	1441	1	1.0
1166	1478	1	1.0
1166	1501	1	1.0
1166	1503	1	1.0
1166	1506	1	1.0
1166	1511	1	1.0
1166	1514	1	1.0
1166	1522	1	1.0
1166	1555	1	1.0
1166	1557	1	1.0
1166	1583	1	1.0
1166	1601	1	1.0
1166	1619	1	1.0
1166	1631	1	1.0
1166	1640	1	1.0
1167	1275	1	1.0
1167	1296	1	1.0
1167	1792	1	1.0
1167	2313	1	1.0
1167	3687	1	1.0
1167	3732	1	1.0
1169	1260	1	1.0
1169	1296	1	1.0
1169	1347	1	1.0
1169	1359	1	1.0
1169	1372	1	1.0
1169	1521	1	1.0
1169	1533	1	1.0
1169	1835	1	1.0
1169	1287	0	1.0
1169	1331	0	1.0
1169	1354	0	1.0
1169	1499	0	1.0
1169	1545	0	1.0
1169	1558	0	1.0
1169	1803	0	1.0
1169	1930	0	1.0
1170	1260	1	1.0
1170	1265	0	1.0
1170	1267	0	1.0
1170	1330	0	1.0
1170	1331	0	1.0
1170	1350	0	1.0
1171	1183	1	1.0
1171	1227	1	1.0
1171	1249	1	1.0
1171	1254	1	1.0
1171	1260	1	1.0
1171	1277	1	1.0
1171	1296	1	1.0
1171	1299	1	1.0
1171	1324	1	1.0
1171	1333	1	1.0
1171	1338	1	1.0
1171	1521	1	1.0
1171	1631	1	1.0
1171	3594	1	1.0
1173	1176	1	1.0
1173	1179	1	1.0
1173	1183	1	1.0
1173	1191	1	1.0
1173	1333	1	1.0
1173	1359	1	1.0
1173	1425	1	1.0
1173	1441	1	1.0
1173	1458	1	1.0
1173	1511	1	1.0
1173	1521	1	1.0
1173	1522	1	1.0
1173	1638	1	1.0
1173	1640	1	1.0
1173	1667	1	1.0
1174	1183	1	1.0
1174	1187	1	1.0
1174	1196	1	1.0
1174	1216	1	1.0
1174	1246	1	1.0
1174	1272	1	1.0
1174	1273	1	1.0
1174	1275	1	1.0
1174	1276	1	1.0
1174	1279	1	1.0
1174	1288	1	1.0
1174	1300	1	1.0
1174	1316	1	1.0
1174	1321	1	1.0
1174	1332	1	1.0
1174	1333	1	1.0
1174	1347	1	1.0
1174	1356	1	1.0
1174	1359	1	1.0
1174	1361	1	1.0
1174	1364	1	1.0
1174	1377	1	1.0
1174	1380	1	1.0
1174	1383	1	1.0
1174	1390	1	1.0
1174	1415	1	1.0
1174	1416	1	1.0
1174	1419	1	1.0
1174	1425	1	1.0
1174	1427	1	1.0
1174	1464	1	1.0
1174	1473	1	1.0
1174	1484	1	1.0
1174	1488	1	1.0
1174	1498	1	1.0
1174	1504	1	1.0
1174	1506	1	1.0
1174	1514	1	1.0
1174	1515	1	1.0
1174	1516	1	1.0
1174	1518	1	1.0
1174	1521	1	1.0
1174	1522	1	1.0
1174	1523	1	1.0
1174	1533	1	1.0
1174	1562	1	1.0
1174	1565	1	1.0
1174	1571	1	1.0
1174	1582	1	1.0
1174	1584	1	1.0
1174	1587	1	1.0
1174	1594	1	1.0
1174	1597	1	1.0
1174	1600	1	1.0
1174	1601	1	1.0
1174	1607	1	1.0
1174	1613	1	1.0
1174	1614	1	1.0
1174	1652	1	1.0
1174	1661	1	1.0
1174	1666	1	1.0
1174	1673	1	1.0
1174	1678	1	1.0
1174	1701	1	1.0
1174	1702	1	1.0
1174	1710	1	1.0
1174	1713	1	1.0
1174	1721	1	1.0
1174	1722	1	1.0
1174	1724	1	1.0
1174	1727	1	1.0
1174	1728	1	1.0
1174	1729	1	1.0
1174	1739	1	1.0
1174	1740	1	1.0
1174	1752	1	1.0
1174	1753	1	1.0
1174	1783	1	1.0
1174	1789	1	1.0
1174	1792	1	1.0
1174	1799	1	1.0
1174	1804	1	1.0
1174	1805	1	1.0
1174	1808	1	1.0
1174	1816	1	1.0
1174	1824	1	1.0
1174	1826	1	1.0
1174	1835	1	1.0
1174	1837	1	1.0
1174	1858	1	1.0
1174	1885	1	1.0
1174	1887	1	1.0
1174	1888	1	1.0
1174	1891	1	1.0
1174	1893	1	1.0
1174	1898	1	1.0
1174	1911	1	1.0
1174	1917	1	1.0
1174	1926	1	1.0
1174	1927	1	1.0
1174	1934	1	1.0
1174	1939	1	1.0
1174	1950	1	1.0
1174	1970	1	1.0
1174	1996	1	1.0
1174	2001	1	1.0
1174	2002	1	1.0
1174	2007	1	1.0
1174	2011	1	1.0
1174	2024	1	1.0
1174	2063	1	1.0
1174	2084	1	1.0
1174	2087	1	1.0
1174	2100	1	1.0
1174	2131	1	1.0
1174	2144	1	1.0
1174	2155	1	1.0
1174	2180	1	1.0
1174	2190	1	1.0
1174	2191	1	1.0
1174	2202	1	1.0
1174	2221	1	1.0
1174	2222	1	1.0
1174	2224	1	1.0
1174	2238	1	1.0
1174	2260	1	1.0
1174	2292	1	1.0
1174	2302	1	1.0
1174	2308	1	1.0
1174	2311	1	1.0
1174	2313	1	1.0
1174	2318	1	1.0
1174	2320	1	1.0
1174	2321	1	1.0
1174	2322	1	1.0
1174	2323	1	1.0
1174	2324	1	1.0
1174	2325	1	1.0
1174	2326	1	1.0
1174	2327	1	1.0
1174	2329	1	1.0
1174	2330	1	1.0
1174	2331	1	1.0
1174	2332	1	1.0
1174	2334	1	1.0
1174	2335	1	1.0
1174	2336	1	1.0
1174	2337	1	1.0
1174	2338	1	1.0
1174	2339	1	1.0
1174	2342	1	1.0
1174	2344	1	1.0
1174	2345	1	1.0
1174	2346	1	1.0
1174	2347	1	1.0
1174	2377	1	1.0
1174	2382	1	1.0
1174	2432	1	1.0
1174	2446	1	1.0
1174	2453	1	1.0
1174	2467	1	1.0
1174	2487	1	1.0
1174	2495	1	1.0
1174	2620	1	1.0
1174	2745	1	1.0
1174	2821	1	1.0
1174	2823	1	1.0
1174	2838	1	1.0
1174	3160	1	1.0
1174	1499	0	1.0
1174	1602	0	1.0
1174	1603	0	1.0
1174	1604	0	1.0
1174	1605	0	1.0
1174	1606	0	1.0
1174	1608	0	1.0
1174	1609	0	1.0
1174	1610	0	1.0
1174	1611	0	1.0
1174	1612	0	1.0
1174	1615	0	1.0
1174	1616	0	1.0
1174	1617	0	1.0
1174	1618	0	1.0
1174	2319	0	1.0
1174	2328	0	1.0
1174	2333	0	1.0
1174	2340	0	1.0
1174	2341	0	1.0
1174	2343	0	1.0
1176	1177	1	1.0
1176	1296	1	1.0
1176	1324	1	1.0
1176	1338	1	1.0
1178	1701	1	1.0
1179	1182	1	1.0
1179	1187	1	1.0
1179	1188	1	1.0
1179	1189	1	1.0
1179	2751	1	1.0
1181	1215	1	1.0
1181	1243	1	1.0
1181	1254	1	1.0
1181	1437	1	1.0
1181	1739	1	1.0
1181	1851	1	1.0
1181	2514	1	1.0
1181	2604	1	1.0
1181	2625	1	1.0
1181	2630	1	1.0
1181	3282	1	1.0
1181	3306	1	1.0
1183	1207	1	1.0
1183	1268	1	1.0
1183	1280	1	1.0
1183	1304	1	1.0
1183	1309	1	1.0
1183	1321	1	1.0
1183	1336	1	1.0
1183	1340	1	1.0
1183	1359	1	1.0
1183	1377	1	1.0
1183	1388	1	1.0
1183	1413	1	1.0
1183	1416	1	1.0
1183	1458	1	1.0
1183	1468	1	1.0
1183	1471	1	1.0
1183	1484	1	1.0
1183	1504	1	1.0
1183	1506	1	1.0
1183	1511	1	1.0
1183	1521	1	1.0
1183	1530	1	1.0
1183	1533	1	1.0
1183	1534	1	1.0
1183	1535	1	1.0
1183	1538	1	1.0
1183	1539	1	1.0
1183	1540	1	1.0
1183	1541	1	1.0
1183	1542	1	1.0
1183	1543	1	1.0
1183	1640	1	1.0
1185	1296	1	1.0
1185	1409	1	1.0
1186	1218	1	1.0
1186	1230	1	1.0
1186	1249	1	1.0
1186	1254	1	1.0
1186	1416	1	1.0
1186	1479	1	1.0
1186	1506	1	1.0
1187	1247	1	1.0
1187	1272	1	1.0
1187	1288	1	1.0
1187	1321	1	1.0
1187	1333	1	1.0
1187	1359	1	1.0
1187	1361	1	1.0
1187	1364	1	1.0
1187	1400	1	1.0
1187	1401	1	1.0
1187	1404	1	1.0
1187	1415	1	1.0
1187	1493	1	1.0
1187	1504	1	1.0
1187	1518	1	1.0
1187	1520	1	1.0
1187	1532	1	1.0
1187	1595	1	1.0
1187	1656	1	1.0
1187	1666	1	1.0
1187	1701	1	1.0
1187	1702	1	1.0
1187	1710	1	1.0
1187	1722	1	1.0
1187	1730	1	1.0
1187	1733	1	1.0
1187	1755	1	1.0
1187	1759	1	1.0
1187	1780	1	1.0
1187	1795	1	1.0
1187	1798	1	1.0
1187	1802	1	1.0
1187	1824	1	1.0
1187	1835	1	1.0
1187	1887	1	1.0
1187	1934	1	1.0
1187	2260	1	1.0
1187	2313	1	1.0
1187	2382	1	1.0
1187	2439	1	1.0
1187	2533	1	1.0
1187	2660	1	1.0
1187	2745	1	1.0
1187	2756	1	1.0
1187	2801	1	1.0
1187	1731	0	1.0
1188	1275	1	1.0
1188	1301	1	1.0
1188	1321	1	1.0
1188	1340	1	1.0
1188	1388	1	1.0
1188	1507	1	1.0
1188	1660	1	1.0
1188	1666	1	1.0
1188	1704	1	1.0
1188	1721	1	1.0
1188	1724	1	1.0
1188	1727	1	1.0
1188	1740	1	1.0
1188	1778	1	1.0
1188	1798	1	1.0
1188	1885	1	1.0
1188	1917	1	1.0
1188	1928	1	1.0
1188	1970	1	1.0
1188	1993	1	1.0
1188	1994	1	1.0
1188	2000	1	1.0
1188	2010	1	1.0
1188	2115	1	1.0
1188	2262	1	1.0
1188	2292	1	1.0
1188	2381	1	1.0
1188	2393	1	1.0
1188	2399	1	1.0
1188	2439	1	1.0
1188	2468	1	1.0
1188	2489	1	1.0
1188	2496	1	1.0
1188	2497	1	1.0
1188	2499	1	1.0
1188	2501	1	1.0
1188	2504	1	1.0
1188	2505	1	1.0
1188	2506	1	1.0
1188	2514	1	1.0
1188	2527	1	1.0
1188	2607	1	1.0
1188	2628	1	1.0
1188	2681	1	1.0
1188	2701	1	1.0
1188	2733	1	1.0
1188	2735	1	1.0
1188	2756	1	1.0
1188	2771	1	1.0
1188	2798	1	1.0
1188	2802	1	1.0
1188	2812	1	1.0
1188	2851	1	1.0
1188	2866	1	1.0
1188	2960	1	1.0
1188	3005	1	1.0
1188	3035	1	1.0
1188	3126	1	1.0
1188	3142	1	1.0
1188	3230	1	1.0
1188	3376	1	1.0
1188	3385	1	1.0
1188	3725	1	1.0
1190	1191	1	1.0
1191	1192	1	1.0
1191	1193	1	1.0
1191	1194	1	1.0
1191	1401	1	1.0
1191	1468	1	1.0
1191	1484	1	1.0
1191	2297	1	1.0
1191	2381	1	1.0
1191	2479	1	1.0
1191	2502	1	1.0
1191	2630	1	1.0
1191	2666	1	1.0
1191	2715	1	1.0
1191	2761	1	1.0
1195	1217	1	1.0
1195	1249	1	1.0
1195	1260	1	1.0
1195	1268	1	1.0
1195	1299	1	1.0
1195	1320	1	1.0
1195	1264	0	1.0
1195	1265	0	1.0
1195	1267	0	1.0
1195	1287	0	1.0
1195	1319	0	1.0
1195	1545	0	1.0
1195	1623	0	1.0
1196	1197	1	1.0
1196	1702	1	1.0
1196	1724	1	1.0
1196	1729	1	1.0
1196	1798	1	1.0
1196	1807	1	1.0
1196	1813	1	1.0
1196	1979	1	1.0
1196	2002	1	1.0
1196	2012	1	1.0
1196	2062	1	1.0
1196	2126	1	1.0
1196	2157	1	1.0
1196	2213	1	1.0
1196	2292	1	1.0
1196	2311	1	1.0
1196	2359	1	1.0
1196	2381	1	1.0
1196	2396	1	1.0
1196	2496	1	1.0
1196	2501	1	1.0
1196	2505	1	1.0
1196	2718	1	1.0
1196	2733	1	1.0
1196	2792	1	1.0
1196	2796	1	1.0
1196	2802	1	1.0
1196	2831	1	1.0
1196	2863	1	1.0
1196	2915	1	1.0
1196	2916	1	1.0
1196	3562	1	1.0
1202	1296	1	1.0
1207	1215	1	1.0
1207	1288	1	1.0
1207	1347	1	1.0
1207	1359	1	1.0
1207	1437	1	1.0
1207	1484	1	1.0
1207	1638	1	1.0
1207	1640	1	1.0
1207	1676	1	1.0
1207	1799	1	1.0
1207	1934	1	1.0
1207	1939	1	1.0
1207	2001	1	1.0
1207	2144	1	1.0
1207	2200	1	1.0
1207	2311	1	1.0
1207	2527	1	1.0
1207	2751	1	1.0
1207	2813	1	1.0
1207	2814	1	1.0
1207	2904	1	1.0
1207	3246	1	1.0
1207	3334	1	1.0
1207	3815	1	1.0
1207	3821	1	1.0
1211	1666	1	1.0
1212	2599	1	1.0
1213	1667	1	1.0
1214	2599	1	1.0
1215	1230	1	1.0
1215	1260	1	1.0
1215	1279	1	1.0
1215	1280	1	1.0
1215	1296	1	1.0
1215	1297	1	1.0
1215	1312	1	1.0
1215	1313	1	1.0
1215	1333	1	1.0
1215	1342	1	1.0
1215	1347	1	1.0
1215	1359	1	1.0
1215	1374	1	1.0
1215	1413	1	1.0
1215	1416	1	1.0
1215	1420	1	1.0
1215	2994	1	1.0
1216	1288	1	1.0
1216	1297	1	1.0
1216	1316	1	1.0
1216	1321	1	1.0
1216	1359	1	1.0
1216	1364	1	1.0
1216	1377	1	1.0
1216	1380	1	1.0
1216	1468	1	1.0
1216	1504	1	1.0
1216	1582	1	1.0
1216	1690	1	1.0
1216	1696	1	1.0
1216	1702	1	1.0
1216	1735	1	1.0
1216	1741	1	1.0
1216	1755	1	1.0
1216	1795	1	1.0
1216	1819	1	1.0
1216	1820	1	1.0
1216	1821	1	1.0
1218	1219	1	1.0
1218	1220	1	1.0
1218	1221	1	1.0
1221	2751	1	1.0
1222	1223	1	1.0
1222	1224	1	1.0
1222	1225	1	1.0
1222	1226	1	1.0
1227	1228	1	1.0
1227	1229	1	1.0
1228	1299	1	1.0
1228	1357	1	1.0
1228	1330	0	1.0
1228	1331	0	1.0
1230	1231	1	1.0
1232	1296	0	1.0
1232	1321	0	1.0
1232	1361	0	1.0
1232	1380	0	1.0
1232	1383	0	1.0
1232	1420	0	1.0
1232	1520	0	1.0
1232	1552	0	1.0
1232	1710	0	1.0
1232	1721	0	1.0
1232	1724	0	1.0
1232	1727	0	1.0
1232	1729	0	1.0
1232	1783	0	1.0
1232	1858	0	1.0
1232	1885	0	1.0
1232	1888	0	1.0
1232	1973	0	1.0
1232	1998	0	1.0
1232	2007	0	1.0
1232	2010	0	1.0
1232	2019	0	1.0
1232	2067	0	1.0
1232	2115	0	1.0
1232	2157	0	1.0
1232	2191	0	1.0
1232	2212	0	1.0
1232	2221	0	1.0
1232	2237	0	1.0
1232	2266	0	1.0
1232	2282	0	1.0
1232	2287	0	1.0
1232	2320	0	1.0
1232	2331	0	1.0
1232	2389	0	1.0
1232	2461	0	1.0
1232	2496	0	1.0
1232	2497	0	1.0
1232	2505	0	1.0
1232	2513	0	1.0
1232	2571	0	1.0
1232	2576	0	1.0
1232	2577	0	1.0
1232	2578	0	1.0
1232	2579	0	1.0
1232	2580	0	1.0
1232	2581	0	1.0
1232	2582	0	1.0
1233	1249	1	1.0
1233	1254	1	1.0
1233	1321	1	1.0
1233	1333	1	1.0
1233	1347	1	1.0
1233	1359	1	1.0
1233	1522	1	1.0
1235	1640	1	1.0
1236	1361	0	1.0
1237	1238	1	1.0
1240	1272	1	1.0
1240	1288	1	1.0
1240	1296	1	1.0
1240	1419	1	1.0
1240	1484	1	1.0
1240	1502	1	1.0
1240	1506	1	1.0
1240	1540	1	1.0
1240	1682	1	1.0
1240	1704	1	1.0
1240	1721	1	1.0
1240	1727	1	1.0
1240	1729	1	1.0
1240	1739	1	1.0
1240	1754	1	1.0
1240	1798	1	1.0
1240	1887	1	1.0
1240	1917	1	1.0
1240	1993	1	1.0
1240	2001	1	1.0
1240	2002	1	1.0
1240	2007	1	1.0
1240	2010	1	1.0
1240	2024	1	1.0
1240	2105	1	1.0
1240	2134	1	1.0
1240	2157	1	1.0
1240	2164	1	1.0
1240	2184	1	1.0
1240	2284	1	1.0
1240	2308	1	1.0
1240	2311	1	1.0
1240	2316	1	1.0
1240	2357	1	1.0
1240	2359	1	1.0
1240	2374	1	1.0
1240	2381	1	1.0
1240	2389	1	1.0
1240	2421	1	1.0
1240	2436	1	1.0
1240	2437	1	1.0
1240	1764	0	1.0
1240	2435	0	1.0
1241	1277	1	1.0
1241	1320	1	1.0
1241	1324	1	1.0
1241	1333	1	1.0
1241	1338	1	1.0
1242	1337	1	1.0
1242	1676	1	1.0
1243	1296	1	1.0
1243	1321	1	1.0
1243	1359	1	1.0
1243	1379	1	1.0
1243	1468	1	1.0
1243	1475	1	1.0
1243	1506	1	1.0
1243	1564	1	1.0
1243	1582	1	1.0
1243	1597	1	1.0
1243	1656	1	1.0
1243	1704	1	1.0
1243	1713	1	1.0
1243	1680	0	1.0
1243	1712	0	1.0
1244	1281	1	1.0
1246	1514	1	1.0
1246	2810	1	1.0
1246	2890	1	1.0
1246	3224	1	1.0
1247	1288	1	1.0
1247	1464	1	1.0
1247	1478	1	1.0
1247	1594	1	1.0
1247	1740	1	1.0
1247	1799	1	1.0
1247	1885	1	1.0
1247	2000	1	1.0
1247	2040	1	1.0
1247	2050	1	1.0
1253	1287	0	1.0
1254	1255	1	1.0
1256	1260	1	1.0
1258	1296	1	1.0
1259	1296	1	1.0
1259	3002	1	1.0
1260	1261	1	1.0
1260	1262	1	1.0
1261	3164	0	1.0
1265	1266	0	1.0
1267	1380	0	1.0
1267	1518	0	1.0
1268	1269	1	1.0
1268	1324	1	1.0
1268	1364	1	1.0
1268	1522	1	1.0
1269	1479	1	1.0
1271	1299	1	1.0
1272	1275	1	1.0
1272	1484	1	1.0
1272	1522	1	1.0
1272	1527	1	1.0
1272	1631	1	1.0
1272	1666	1	1.0
1272	1675	1	1.0
1272	1727	1	1.0
1272	1729	1	1.0
1272	1813	1	1.0
1272	1828	1	1.0
1272	1934	1	1.0
1272	1950	1	1.0
1272	1968	1	1.0
1272	1993	1	1.0
1272	2002	1	1.0
1272	2087	1	1.0
1272	2126	1	1.0
1272	2159	1	1.0
1272	2229	1	1.0
1272	2309	1	1.0
1272	2313	1	1.0
1272	2359	1	1.0
1272	2381	1	1.0
1272	2394	1	1.0
1272	2479	1	1.0
1272	2496	1	1.0
1272	2504	1	1.0
1272	2666	1	1.0
1272	2673	1	1.0
1272	2696	1	1.0
1272	2703	1	1.0
1272	2711	1	1.0
1272	2761	1	1.0
1272	2796	1	1.0
1272	2799	1	1.0
1272	2805	1	1.0
1272	2809	1	1.0
1272	2810	1	1.0
1272	2850	1	1.0
1272	2870	1	1.0
1272	2890	1	1.0
1272	2912	1	1.0
1272	2978	1	1.0
1272	2991	1	1.0
1272	3009	1	1.0
1272	3010	1	1.0
1272	3023	1	1.0
1272	3114	1	1.0
1272	3137	1	1.0
1272	3194	1	1.0
1272	3693	1	1.0
1272	3711	1	1.0
1273	2202	1	1.0
1274	2113	1	1.0
1274	2604	1	1.0
1274	2625	1	1.0
1274	2820	1	1.0
1274	3130	1	1.0
1274	3229	1	1.0
1274	3246	1	1.0
1274	3318	1	1.0
1274	3499	1	1.0
1274	3562	1	1.0
1274	3575	1	1.0
1274	3763	1	1.0
1274	3815	1	1.0
1275	1288	1	1.0
1275	1296	1	1.0
1275	1316	1	1.0
1275	1458	1	1.0
1275	1517	1	1.0
1275	1582	1	1.0
1275	1619	1	1.0
1275	1631	1	1.0
1275	1688	1	1.0
1275	1721	1	1.0
1275	1724	1	1.0
1275	1726	1	1.0
1275	1727	1	1.0
1275	1728	1	1.0
1275	1729	1	1.0
1275	1792	1	1.0
1275	1830	1	1.0
1275	1885	1	1.0
1275	1888	1	1.0
1275	1910	1	1.0
1275	1928	1	1.0
1275	1950	1	1.0
1275	2002	1	1.0
1275	2087	1	1.0
1275	2143	1	1.0
1275	2169	1	1.0
1275	2214	1	1.0
1275	2226	1	1.0
1275	2238	1	1.0
1275	2239	1	1.0
1275	2265	1	1.0
1275	2268	1	1.0
1275	2274	1	1.0
1275	2282	1	1.0
1275	2283	1	1.0
1275	2289	1	1.0
1275	2292	1	1.0
1275	2293	1	1.0
1275	2394	1	1.0
1275	2416	1	1.0
1275	2728	1	1.0
1275	3062	1	1.0
1275	3126	1	1.0
1275	3131	1	1.0
1275	3134	1	1.0
1275	3138	1	1.0
1275	3370	1	1.0
1275	3559	1	1.0
1275	3703	1	1.0
1276	3055	1	1.0
1276	3144	1	1.0
1277	1278	1	1.0
1277	1279	1	1.0
1277	1280	1	1.0
1277	2087	1	1.0
1279	1333	1	1.0
1279	1337	1	1.0
1279	1372	1	1.0
1279	1409	1	1.0
1279	1413	1	1.0
1279	1416	1	1.0
1279	1424	1	1.0
1279	1425	1	1.0
1279	1426	1	1.0
1279	1460	1	1.0
1279	1473	1	1.0
1279	1479	1	1.0
1279	1506	1	1.0
1279	1638	1	1.0
1280	1333	1	1.0
1280	1337	1	1.0
1280	1372	1	1.0
1280	1409	1	1.0
1280	1413	1	1.0
1280	1416	1	1.0
1280	1418	1	1.0
1280	1424	1	1.0
1280	1425	1	1.0
1280	1426	1	1.0
1280	1441	1	1.0
1280	1460	1	1.0
1280	1473	1	1.0
1280	1479	1	1.0
1280	1506	1	1.0
1280	1516	1	1.0
1280	1521	1	1.0
1280	1638	1	1.0
1280	1898	1	1.0
1280	2169	1	1.0
1280	1397	0	1.0
1280	1452	0	1.0
1280	1496	0	1.0
1281	1282	1	1.0
1281	1283	1	1.0
1282	1333	1	1.0
1282	1346	1	1.0
1282	1416	1	1.0
1282	1425	1	1.0
1282	1441	1	1.0
1282	1506	1	1.0
1282	1516	1	1.0
1282	1521	1	1.0
1282	1522	1	1.0
1284	2105	1	1.0
1285	2213	1	1.0
1285	3204	1	1.0
1285	3297	1	1.0
1285	3571	1	1.0
1286	1299	1	1.0
1286	1317	1	1.0
1287	1288	0	1.0
1288	1292	1	1.0
1288	1300	1	1.0
1288	1301	1	1.0
1288	1321	1	1.0
1288	1333	1	1.0
1288	1335	1	1.0
1288	1340	1	1.0
1288	1347	1	1.0
1288	1356	1	1.0
1288	1361	1	1.0
1288	1362	1	1.0
1288	1364	1	1.0
1288	1380	1	1.0
1288	1383	1	1.0
1288	1388	1	1.0
1288	1419	1	1.0
1288	1425	1	1.0
1288	1427	1	1.0
1288	1437	1	1.0
1288	1441	1	1.0
1288	1464	1	1.0
1288	1468	1	1.0
1288	1470	1	1.0
1288	1473	1	1.0
1288	1475	1	1.0
1288	1478	1	1.0
1288	1484	1	1.0
1288	1493	1	1.0
1288	1504	1	1.0
1288	1511	1	1.0
1288	1514	1	1.0
1288	1516	1	1.0
1288	1517	1	1.0
1288	1518	1	1.0
1288	1519	1	1.0
1288	1520	1	1.0
1288	1521	1	1.0
1288	1522	1	1.0
1288	1533	1	1.0
1288	1540	1	1.0
1288	1553	1	1.0
1288	1560	1	1.0
1288	1561	1	1.0
1288	1565	1	1.0
1288	1571	1	1.0
1288	1582	1	1.0
1288	1584	1	1.0
1288	1589	1	1.0
1288	1594	1	1.0
1288	1595	1	1.0
1288	1597	1	1.0
1288	1631	1	1.0
1288	1648	1	1.0
1288	1656	1	1.0
1288	1661	1	1.0
1288	1666	1	1.0
1288	1667	1	1.0
1288	1672	1	1.0
1288	1676	1	1.0
1288	1686	1	1.0
1288	1688	1	1.0
1288	1690	1	1.0
1288	1702	1	1.0
1288	1708	1	1.0
1288	1710	1	1.0
1288	1730	1	1.0
1288	1733	1	1.0
1288	1740	1	1.0
1288	1741	1	1.0
1288	1743	1	1.0
1288	1750	1	1.0
1288	1752	1	1.0
1288	1753	1	1.0
1288	1755	1	1.0
1288	1758	1	1.0
1288	1759	1	1.0
1288	1765	1	1.0
1288	1788	1	1.0
1288	1795	1	1.0
1288	1799	1	1.0
1288	1802	1	1.0
1288	1805	1	1.0
1288	1816	1	1.0
1288	1824	1	1.0
1288	1826	1	1.0
1288	1835	1	1.0
1288	1849	1	1.0
1288	1856	1	1.0
1288	1857	1	1.0
1288	1858	1	1.0
1288	1859	1	1.0
1288	1860	1	1.0
1288	1861	1	1.0
1288	1862	1	1.0
1288	1863	1	1.0
1288	1864	1	1.0
1288	1887	1	1.0
1288	1891	1	1.0
1288	1917	1	1.0
1288	1928	1	1.0
1288	1934	1	1.0
1288	1939	1	1.0
1288	1970	1	1.0
1288	1996	1	1.0
1288	2003	1	1.0
1288	2024	1	1.0
1288	2040	1	1.0
1288	2050	1	1.0
1288	2063	1	1.0
1288	2138	1	1.0
1288	2155	1	1.0
1288	2190	1	1.0
1288	2191	1	1.0
1288	2202	1	1.0
1288	2221	1	1.0
1288	2292	1	1.0
1288	2308	1	1.0
1288	2313	1	1.0
1288	2359	1	1.0
1288	2382	1	1.0
1288	2414	1	1.0
1288	2416	1	1.0
1288	2432	1	1.0
1288	2453	1	1.0
1288	2454	1	1.0
1288	2458	1	1.0
1288	2477	1	1.0
1288	2495	1	1.0
1288	2505	1	1.0
1288	2554	1	1.0
1288	2620	1	1.0
1288	2660	1	1.0
1288	2696	1	1.0
1288	2714	1	1.0
1288	2735	1	1.0
1288	2745	1	1.0
1288	2801	1	1.0
1288	2802	1	1.0
1288	2851	1	1.0
1288	2904	1	1.0
1288	2916	1	1.0
1288	2960	1	1.0
1288	2994	1	1.0
1288	3130	1	1.0
1288	3144	1	1.0
1288	3226	1	1.0
1288	3246	1	1.0
1288	3268	1	1.0
1288	3306	1	1.0
1288	3490	1	1.0
1288	3538	1	1.0
1288	3559	1	1.0
1288	3571	1	1.0
1288	3646	1	1.0
1288	3657	1	1.0
1288	3663	1	1.0
1288	3668	1	1.0
1288	3687	1	1.0
1288	3711	1	1.0
1288	3732	1	1.0
1288	3735	1	1.0
1288	3809	1	1.0
1288	3815	1	1.0
1288	3821	1	1.0
1288	3827	1	1.0
1288	1452	0	1.0
1288	1463	0	1.0
1288	1496	0	1.0
1288	1665	0	1.0
1289	1458	1	1.0
1289	1792	1	1.0
1289	1928	1	1.0
1289	1934	1	1.0
1289	2011	1	1.0
1289	2313	1	1.0
1290	1807	1	1.0
1290	2284	1	1.0
1290	3096	1	1.0
1291	2087	1	1.0
1292	1300	1	1.0
1292	1333	1	1.0
1292	1364	1	1.0
1292	1372	1	1.0
1292	1380	1	1.0
1292	1504	1	1.0
1292	1640	1	1.0
1292	1743	1	1.0
1292	1752	1	1.0
1292	1558	0	1.0
1293	1331	0	1.0
1293	1350	0	1.0
1294	1321	1	1.0
1294	1362	1	1.0
1294	1502	1	1.0
1294	1701	1	1.0
1294	2812	1	1.0
1294	3370	1	1.0
1295	1341	0	1.0
1296	1297	1	1.0
1296	1300	1	1.0
1296	1304	1	1.0
1296	1305	1	1.0
1296	1306	1	1.0
1296	1307	1	1.0
1296	1308	1	1.0
1296	1309	1	1.0
1296	1310	1	1.0
1296	1321	1	1.0
1296	1340	1	1.0
1296	1347	1	1.0
1296	1362	1	1.0
1296	1415	1	1.0
1296	1425	1	1.0
1296	1468	1	1.0
1296	1502	1	1.0
1296	1511	1	1.0
1296	1522	1	1.0
1296	1555	1	1.0
1296	1728	1	1.0
1296	1729	1	1.0
1296	1792	1	1.0
1296	1805	1	1.0
1296	1891	1	1.0
1296	1934	1	1.0
1296	1939	1	1.0
1296	1994	1	1.0
1296	2084	1	1.0
1296	2126	1	1.0
1296	2155	1	1.0
1296	2313	1	1.0
1296	2335	1	1.0
1296	2377	1	1.0
1296	2394	1	1.0
1296	2400	1	1.0
1296	2446	1	1.0
1296	2505	1	1.0
1296	2812	1	1.0
1296	2838	1	1.0
1296	2890	1	1.0
1296	2960	1	1.0
1296	3014	1	1.0
1296	3130	1	1.0
1296	3693	1	1.0
1296	3815	1	1.0
1296	2682	0	1.0
1297	1300	1	1.0
1297	1321	1	1.0
1297	1333	1	1.0
1297	1346	1	1.0
1297	1359	1	1.0
1297	1380	1	1.0
1297	1409	1	1.0
1297	1424	1	1.0
1297	1426	1	1.0
1297	1441	1	1.0
1297	1458	1	1.0
1297	1473	1	1.0
1297	1479	1	1.0
1297	1484	1	1.0
1297	1507	1	1.0
1297	1521	1	1.0
1297	1522	1	1.0
1297	1638	1	1.0
1297	1640	1	1.0
1297	1667	1	1.0
1297	1676	1	1.0
1297	1682	1	1.0
1297	1701	1	1.0
1297	1724	1	1.0
1297	1798	1	1.0
1297	1804	1	1.0
1297	1813	1	1.0
1297	2002	1	1.0
1297	2381	1	1.0
1297	2496	1	1.0
1297	2497	1	1.0
1297	2628	1	1.0
1297	2711	1	1.0
1297	2761	1	1.0
1297	1463	0	1.0
1298	1347	1	1.0
1298	1372	1	1.0
1298	1354	0	1.0
1299	1300	1	1.0
1300	1302	1	1.0
1300	1309	1	1.0
1300	1324	1	1.0
1300	1333	1	1.0
1300	1346	1	1.0
1300	1359	1	1.0
1300	1380	1	1.0
1300	1388	1	1.0
1300	1409	1	1.0
1300	1424	1	1.0
1300	1426	1	1.0
1300	1468	1	1.0
1300	1478	1	1.0
1300	1504	1	1.0
1300	1506	1	1.0
1300	1514	1	1.0
1300	1518	1	1.0
1300	1522	1	1.0
1300	1540	1	1.0
1300	1582	1	1.0
1300	1594	1	1.0
1300	1640	1	1.0
1300	1661	1	1.0
1300	1674	1	1.0
1300	1686	1	1.0
1300	1690	1	1.0
1300	1696	1	1.0
1300	1702	1	1.0
1300	1730	1	1.0
1300	1743	1	1.0
1300	1750	1	1.0
1300	1752	1	1.0
1300	1755	1	1.0
1300	1757	1	1.0
1300	1779	1	1.0
1300	1795	1	1.0
1300	1802	1	1.0
1300	1824	1	1.0
1300	1834	1	1.0
1300	2024	1	1.0
1301	1401	1	1.0
1301	1484	1	1.0
1301	1631	1	1.0
1301	1691	1	1.0
1301	1742	1	1.0
1301	2002	1	1.0
1301	2381	1	1.0
1301	2428	1	1.0
1301	2504	1	1.0
1301	2799	1	1.0
1301	2888	1	1.0
1301	2999	1	1.0
1301	3023	1	1.0
1301	3084	1	1.0
1301	3154	1	1.0
1301	3160	1	1.0
1301	3258	1	1.0
1301	3279	1	1.0
1301	3282	1	1.0
1301	3283	1	1.0
1301	3284	1	1.0
1301	3306	1	1.0
1301	3359	1	1.0
1301	3381	1	1.0
1301	3387	1	1.0
1301	3394	1	1.0
1301	3395	1	1.0
1301	3571	1	1.0
1302	1514	1	1.0
1302	3370	1	1.0
1303	3687	1	1.0
1304	1346	1	1.0
1304	1359	1	1.0
1304	1418	1	1.0
1304	1479	1	1.0
1304	1516	1	1.0
1304	1701	1	1.0
1304	1546	0	1.0
1307	1740	1	1.0
1307	2728	1	1.0
1307	3062	1	1.0
1308	1356	1	1.0
1308	1364	1	1.0
1309	1321	1	1.0
1309	1333	1	1.0
1309	1388	1	1.0
1309	1464	1	1.0
1309	1473	1	1.0
1309	1478	1	1.0
1309	1479	1	1.0
1309	1502	1	1.0
1309	1514	1	1.0
1309	1516	1	1.0
1309	1521	1	1.0
1309	1631	1	1.0
1309	1799	1	1.0
1309	1805	1	1.0
1309	1862	1	1.0
1309	1898	1	1.0
1309	2156	1	1.0
1309	2169	1	1.0
1309	2200	1	1.0
1309	2308	1	1.0
1309	2745	1	1.0
1309	2763	1	1.0
1309	2812	1	1.0
1309	2858	1	1.0
1311	1409	1	1.0
1311	1413	1	1.0
1311	1418	1	1.0
1311	1424	1	1.0
1311	1426	1	1.0
1312	1424	1	1.0
1313	1337	1	1.0
1313	1409	1	1.0
1313	1413	1	1.0
1313	1416	1	1.0
1313	1424	1	1.0
1313	1426	1	1.0
1313	1460	1	1.0
1313	1473	1	1.0
1313	1479	1	1.0
1313	1484	1	1.0
1313	1506	1	1.0
1313	1792	1	1.0
1313	1917	1	1.0
1313	2180	1	1.0
1313	2297	1	1.0
1313	2400	1	1.0
1313	1499	0	1.0
1315	1511	1	1.0
1316	1321	1	1.0
1316	1364	1	1.0
1316	1380	1	1.0
1316	1468	1	1.0
1316	1517	1	1.0
1316	1729	1	1.0
1316	1808	1	1.0
1316	1816	1	1.0
1316	1835	1	1.0
1316	2000	1	1.0
1316	2533	1	1.0
1316	2714	1	1.0
1316	2751	1	1.0
1316	2823	1	1.0
1316	3035	1	1.0
1316	3055	1	1.0
1316	3144	1	1.0
1317	1318	1	1.0
1320	1321	1	1.0
1320	1322	1	1.0
1320	1323	1	1.0
1321	1324	1	1.0
1321	1332	1	1.0
1321	1340	1	1.0
1321	1356	1	1.0
1321	1359	1	1.0
1321	1361	1	1.0
1321	1364	1	1.0
1321	1377	1	1.0
1321	1379	1	1.0
1321	1380	1	1.0
1321	1383	1	1.0
1321	1401	1	1.0
1321	1407	1	1.0
1321	1409	1	1.0
1321	1413	1	1.0
1321	1420	1	1.0
1321	1424	1	1.0
1321	1458	1	1.0
1321	1468	1	1.0
1321	1484	1	1.0
1321	1511	1	1.0
1321	1517	1	1.0
1321	1518	1	1.0
1321	1519	1	1.0
1321	1520	1	1.0
1321	1521	1	1.0
1321	1527	1	1.0
1321	1555	1	1.0
1321	1571	1	1.0
1321	1572	1	1.0
1321	1584	1	1.0
1321	1601	1	1.0
1321	1633	1	1.0
1321	1640	1	1.0
1321	1648	1	1.0
1321	1654	1	1.0
1321	1682	1	1.0
1321	1689	1	1.0
1321	1690	1	1.0
1321	1696	1	1.0
1321	1701	1	1.0
1321	1704	1	1.0
1321	1714	1	1.0
1321	1715	1	1.0
1321	1718	1	1.0
1321	1721	1	1.0
1321	1724	1	1.0
1321	1727	1	1.0
1321	1729	1	1.0
1321	1733	1	1.0
1321	1743	1	1.0
1321	1753	1	1.0
1321	1798	1	1.0
1321	1804	1	1.0
1321	1809	1	1.0
1321	1813	1	1.0
1321	1887	1	1.0
1321	1968	1	1.0
1321	1969	1	1.0
1321	1993	1	1.0
1321	1996	1	1.0
1321	2009	1	1.0
1321	2010	1	1.0
1321	2011	1	1.0
1321	2057	1	1.0
1321	2224	1	1.0
1321	2282	1	1.0
1321	2311	1	1.0
1321	2359	1	1.0
1321	2381	1	1.0
1321	2388	1	1.0
1321	2394	1	1.0
1321	2482	1	1.0
1321	2493	1	1.0
1321	2496	1	1.0
1321	2497	1	1.0
1321	2501	1	1.0
1321	2505	1	1.0
1321	2506	1	1.0
1321	2703	1	1.0
1321	2704	1	1.0
1321	2745	1	1.0
1321	2751	1	1.0
1321	2752	1	1.0
1321	2756	1	1.0
1321	2761	1	1.0
1321	2799	1	1.0
1321	2911	1	1.0
1321	2917	1	1.0
1321	2977	1	1.0
1321	3140	1	1.0
1321	3514	1	1.0
1321	3614	1	1.0
1321	3619	1	1.0
1321	3646	1	1.0
1321	3674	1	1.0
1321	3684	1	1.0
1321	1566	0	1.0
1321	1716	0	1.0
1321	1717	0	1.0
1321	1719	0	1.0
1321	2537	0	1.0
1323	1324	1	1.0
1323	1346	1	1.0
1324	1325	1	1.0
1324	1326	1	1.0
1324	1327	1	1.0
1324	1328	1	1.0
1324	1329	1	1.0
1324	1346	1	1.0
1324	2527	1	1.0
1324	2666	1	1.0
1324	2733	1	1.0
1324	2745	1	1.0
1330	2399	0	1.0
1330	2799	0	1.0
1330	3107	0	1.0
1332	1484	1	1.0
1332	1493	1	1.0
1332	1520	1	1.0
1332	1581	1	1.0
1332	1721	1	1.0
1332	1724	1	1.0
1332	1727	1	1.0
1332	1729	1	1.0
1332	1798	1	1.0
1332	1799	1	1.0
1332	1810	1	1.0
1332	1887	1	1.0
1332	1888	1	1.0
1332	2002	1	1.0
1332	2007	1	1.0
1332	2012	1	1.0
1332	2037	1	1.0
1332	2038	1	1.0
1332	2112	1	1.0
1332	2157	1	1.0
1332	2200	1	1.0
1332	2221	1	1.0
1332	2268	1	1.0
1332	2335	1	1.0
1332	2359	1	1.0
1332	2381	1	1.0
1332	2396	1	1.0
1332	2409	1	1.0
1332	2461	1	1.0
1332	2465	1	1.0
1332	2479	1	1.0
1332	2480	1	1.0
1332	2518	1	1.0
1332	1463	0	1.0
1333	1334	1	1.0
1333	1336	1	1.0
1333	1351	1	1.0
1333	1352	1	1.0
1333	1356	1	1.0
1333	1378	1	1.0
1333	1380	1	1.0
1333	1388	1	1.0
1333	1409	1	1.0
1333	1453	1	1.0
1333	1458	1	1.0
1333	1468	1	1.0
1333	1471	1	1.0
1333	1478	1	1.0
1333	1506	1	1.0
1333	1511	1	1.0
1333	1521	1	1.0
1333	1533	1	1.0
1333	1548	1	1.0
1333	1549	1	1.0
1333	1805	1	1.0
1333	1353	0	1.0
1333	1397	0	1.0
1333	1452	0	1.0
1333	1495	0	1.0
1333	1529	0	1.0
1333	1546	0	1.0
1334	1409	1	1.0
1334	1540	1	1.0
1334	1652	1	1.0
1335	1359	1	1.0
1335	1380	1	1.0
1335	1381	1	1.0
1335	1504	1	1.0
1335	1539	1	1.0
1335	1661	1	1.0
1335	1677	1	1.0
1335	1689	1	1.0
1335	1710	1	1.0
1335	1737	1	1.0
1335	1771	1	1.0
1335	1772	1	1.0
1335	1411	0	1.0
1337	1406	1	1.0
1337	1445	1	1.0
1337	2126	1	1.0
1337	3005	1	1.0
1337	3562	1	1.0
1338	1339	1	1.0
1340	1460	1	1.0
1340	1479	1	1.0
1340	1484	1	1.0
1340	1506	1	1.0
1340	1516	1	1.0
1340	1521	1	1.0
1340	1638	1	1.0
1340	1704	1	1.0
1340	1710	1	1.0
1340	1721	1	1.0
1340	1724	1	1.0
1340	1727	1	1.0
1340	1743	1	1.0
1340	1798	1	1.0
1340	1813	1	1.0
1340	1826	1	1.0
1340	1893	1	1.0
1340	1898	1	1.0
1340	1993	1	1.0
1340	1996	1	1.0
1340	2010	1	1.0
1340	2157	1	1.0
1340	2221	1	1.0
1340	2311	1	1.0
1340	2381	1	1.0
1340	2395	1	1.0
1340	2496	1	1.0
1340	2497	1	1.0
1340	2498	1	1.0
1340	2501	1	1.0
1340	2502	1	1.0
1340	2504	1	1.0
1340	2505	1	1.0
1340	2506	1	1.0
1340	2527	1	1.0
1340	2704	1	1.0
1340	2711	1	1.0
1340	2714	1	1.0
1340	2735	1	1.0
1340	2745	1	1.0
1340	2890	1	1.0
1340	3094	1	1.0
1340	3140	1	1.0
1340	3144	1	1.0
1340	1499	0	1.0
1340	1558	0	1.0
1340	1919	0	1.0
1340	2943	0	1.0
1342	1413	1	1.0
1342	1424	1	1.0
1343	1409	1	1.0
1343	1502	1	1.0
1343	2156	1	1.0
1344	1346	1	1.0
1344	2087	1	1.0
1345	1835	1	1.0
1345	1911	1	1.0
1345	1914	0	1.0
1346	1356	1	1.0
1346	1412	1	1.0
1346	1413	1	1.0
1346	1503	1	1.0
1346	1506	1	1.0
1346	1516	1	1.0
1346	1537	1	1.0
1346	2393	1	1.0
1346	1529	0	1.0
1347	1359	1	1.0
1347	1361	1	1.0
1347	1364	1	1.0
1347	1416	1	1.0
1347	1419	1	1.0
1347	1427	1	1.0
1347	1468	1	1.0
1347	1479	1	1.0
1347	1484	1	1.0
1347	1506	1	1.0
1347	1518	1	1.0
1347	1532	1	1.0
1347	1560	1	1.0
1347	1582	1	1.0
1347	1664	1	1.0
1347	1678	1	1.0
1347	1696	1	1.0
1347	1728	1	1.0
1347	1739	1	1.0
1347	1753	1	1.0
1347	1759	1	1.0
1347	1799	1	1.0
1347	1826	1	1.0
1347	1861	1	1.0
1347	1862	1	1.0
1347	1885	1	1.0
1347	1891	1	1.0
1347	1910	1	1.0
1347	1917	1	1.0
1347	1967	1	1.0
1347	1968	1	1.0
1347	3229	1	1.0
1347	3230	1	1.0
1347	3297	1	1.0
1347	3334	1	1.0
1347	3436	1	1.0
1347	3479	1	1.0
1347	3646	1	1.0
1347	1833	0	1.0
1356	1425	1	1.0
1356	1462	1	1.0
1356	1466	1	1.0
1356	1478	1	1.0
1356	1479	1	1.0
1356	1484	1	1.0
1356	1506	1	1.0
1356	1516	1	1.0
1356	1582	1	1.0
1356	1693	1	1.0
1356	1724	1	1.0
1356	1727	1	1.0
1356	1733	1	1.0
1356	1739	1	1.0
1356	1799	1	1.0
1356	1950	1	1.0
1356	1969	1	1.0
1356	2009	1	1.0
1356	2010	1	1.0
1356	2033	1	1.0
1356	2038	1	1.0
1356	1496	0	1.0
1357	1358	1	1.0
1359	1361	1	1.0
1359	1364	1	1.0
1359	1374	1	1.0
1359	1378	1	1.0
1359	1379	1	1.0
1359	1380	1	1.0
1359	1382	1	1.0
1359	1383	1	1.0
1359	1388	1	1.0
1359	1391	1	1.0
1359	1406	1	1.0
1359	1413	1	1.0
1359	1415	1	1.0
1359	1419	1	1.0
1359	1462	1	1.0
1359	1464	1	1.0
1359	1478	1	1.0
1359	1504	1	1.0
1359	1506	1	1.0
1359	1511	1	1.0
1359	1514	1	1.0
1359	1516	1	1.0
1359	1518	1	1.0
1359	1519	1	1.0
1359	1520	1	1.0
1359	1524	1	1.0
1359	1525	1	1.0
1359	1531	1	1.0
1359	1532	1	1.0
1359	1533	1	1.0
1359	1540	1	1.0
1359	1564	1	1.0
1359	1565	1	1.0
1359	1571	1	1.0
1359	1582	1	1.0
1359	1584	1	1.0
1359	1592	1	1.0
1359	1595	1	1.0
1359	1621	1	1.0
1359	1638	1	1.0
1359	1645	1	1.0
1359	1652	1	1.0
1359	1658	1	1.0
1359	1659	1	1.0
1359	1660	1	1.0
1359	1661	1	1.0
1359	1663	1	1.0
1359	1664	1	1.0
1359	1666	1	1.0
1359	1676	1	1.0
1359	1701	1	1.0
1359	1702	1	1.0
1359	1713	1	1.0
1359	1727	1	1.0
1359	1728	1	1.0
1359	1733	1	1.0
1359	1743	1	1.0
1359	1792	1	1.0
1359	1799	1	1.0
1359	1804	1	1.0
1359	1805	1	1.0
1359	1808	1	1.0
1359	1835	1	1.0
1359	1885	1	1.0
1359	1891	1	1.0
1359	1893	1	1.0
1359	1911	1	1.0
1359	1917	1	1.0
1359	1939	1	1.0
1359	1948	1	1.0
1359	1994	1	1.0
1359	2000	1	1.0
1359	2003	1	1.0
1359	2011	1	1.0
1359	2040	1	1.0
1359	2050	1	1.0
1359	2084	1	1.0
1359	2087	1	1.0
1359	2100	1	1.0
1359	2126	1	1.0
1359	2144	1	1.0
1359	2155	1	1.0
1359	2179	1	1.0
1359	2180	1	1.0
1359	2190	1	1.0
1359	2224	1	1.0
1359	2297	1	1.0
1359	2313	1	1.0
1359	2359	1	1.0
1359	2377	1	1.0
1359	2382	1	1.0
1359	2400	1	1.0
1359	2446	1	1.0
1359	2453	1	1.0
1359	2467	1	1.0
1359	2783	1	1.0
1359	2788	1	1.0
1359	2821	1	1.0
1359	2823	1	1.0
1359	3562	1	1.0
1359	1360	0	1.0
1359	1623	0	1.0
1359	1647	0	1.0
1359	1662	0	1.0
1359	1707	0	1.0
1359	1720	0	1.0
1359	1793	0	1.0
1359	1895	0	1.0
1359	1900	0	1.0
1359	1901	0	1.0
1359	1914	0	1.0
1359	1919	0	1.0
1359	1925	0	1.0
1359	1949	0	1.0
1359	1956	0	1.0
1359	1990	0	1.0
1359	2081	0	1.0
1359	2208	0	1.0
1359	2291	0	1.0
1360	1361	0	1.0
1360	1362	0	1.0
1360	1363	0	1.0
1360	1364	0	1.0
1360	1365	0	1.0
1361	1364	1	1.0
1361	1376	1	1.0
1361	1380	1	1.0
1361	1382	1	1.0
1361	1383	1	1.0
1361	1388	1	1.0
1361	1415	1	1.0
1361	1468	1	1.0
1361	1478	1	1.0
1361	1484	1	1.0
1361	1493	1	1.0
1361	1504	1	1.0
1361	1506	1	1.0
1361	1514	1	1.0
1361	1518	1	1.0
1361	1519	1	1.0
1361	1521	1	1.0
1361	1531	1	1.0
1361	1532	1	1.0
1361	1533	1	1.0
1361	1561	1	1.0
1361	1565	1	1.0
1361	1571	1	1.0
1361	1589	1	1.0
1361	1594	1	1.0
1361	1670	1	1.0
1361	1671	1	1.0
1361	1686	1	1.0
1361	1689	1	1.0
1361	1692	1	1.0
1361	1702	1	1.0
1361	1710	1	1.0
1361	1726	1	1.0
1361	1728	1	1.0
1361	1729	1	1.0
1361	1739	1	1.0
1361	1740	1	1.0
1361	1741	1	1.0
1361	1750	1	1.0
1361	1752	1	1.0
1361	1762	1	1.0
1361	1771	1	1.0
1361	1772	1	1.0
1361	1799	1	1.0
1361	1805	1	1.0
1361	1807	1	1.0
1361	1816	1	1.0
1361	1826	1	1.0
1361	1835	1	1.0
1361	1846	1	1.0
1361	1849	1	1.0
1361	1858	1	1.0
1361	1885	1	1.0
1361	1891	1	1.0
1361	1893	1	1.0
1361	1899	1	1.0
1361	1917	1	1.0
1361	1939	1	1.0
1361	1953	1	1.0
1361	1969	1	1.0
1361	1970	1	1.0
1361	1993	1	1.0
1361	1994	1	1.0
1361	1997	1	1.0
1361	1999	1	1.0
1361	2000	1	1.0
1361	2007	1	1.0
1361	2009	1	1.0
1361	2010	1	1.0
1361	2012	1	1.0
1361	2013	1	1.0
1361	2024	1	1.0
1361	2039	1	1.0
1361	2040	1	1.0
1361	2050	1	1.0
1361	2100	1	1.0
1361	2190	1	1.0
1361	2313	1	1.0
1361	2414	1	1.0
1361	1411	0	1.0
1361	1793	0	1.0
1361	1930	0	1.0
1361	1957	0	1.0
1361	2055	0	1.0
1362	1365	1	1.0
1362	1376	1	1.0
1362	1486	1	1.0
1362	1594	1	1.0
1362	1666	1	1.0
1362	1745	1	1.0
1362	1799	1	1.0
1362	1808	1	1.0
1362	1830	1	1.0
1362	1851	1	1.0
1362	1898	1	1.0
1362	1916	1	1.0
1362	1983	1	1.0
1362	1984	1	1.0
1362	1985	1	1.0
1362	1996	1	1.0
1362	2000	1	1.0
1362	2313	1	1.0
1362	2711	1	1.0
1362	2733	1	1.0
1362	2890	1	1.0
1362	3200	1	1.0
1362	3355	1	1.0
1362	1513	0	1.0
1362	3120	0	1.0
1364	1376	1	1.0
1364	1380	1	1.0
1364	1388	1	1.0
1364	1467	1	1.0
1364	1468	1	1.0
1364	1493	1	1.0
1364	1504	1	1.0
1364	1508	1	1.0
1364	1518	1	1.0
1364	1519	1	1.0
1364	1520	1	1.0
1364	1521	1	1.0
1364	1540	1	1.0
1364	1564	1	1.0
1364	1571	1	1.0
1364	1572	1	1.0
1364	1582	1	1.0
1364	1589	1	1.0
1364	1595	1	1.0
1364	1601	1	1.0
1364	1649	1	1.0
1364	1656	1	1.0
1364	1672	1	1.0
1364	1682	1	1.0
1364	1686	1	1.0
1364	1688	1	1.0
1364	1690	1	1.0
1364	1693	1	1.0
1364	1696	1	1.0
1364	1702	1	1.0
1364	1710	1	1.0
1364	1728	1	1.0
1364	1730	1	1.0
1364	1739	1	1.0
1364	1740	1	1.0
1364	1751	1	1.0
1364	1753	1	1.0
1364	1755	1	1.0
1364	1757	1	1.0
1364	1759	1	1.0
1364	1766	1	1.0
1364	1768	1	1.0
1364	1776	1	1.0
1364	1779	1	1.0
1364	1795	1	1.0
1364	1799	1	1.0
1364	1802	1	1.0
1364	1850	1	1.0
1364	1864	1	1.0
1364	1865	1	1.0
1364	1866	1	1.0
1364	1867	1	1.0
1364	1868	1	1.0
1364	1869	1	1.0
1364	1870	1	1.0
1364	1871	1	1.0
1364	1872	1	1.0
1364	1873	1	1.0
1364	2100	1	1.0
1364	2265	1	1.0
1364	3126	1	1.0
1364	1895	0	1.0
1364	1949	0	1.0
1364	2160	0	1.0
1370	2373	1	1.0
1370	2761	1	1.0
1370	2810	1	1.0
1370	2888	1	1.0
1370	3010	1	1.0
1370	3130	1	1.0
1370	3160	1	1.0
1370	3230	1	1.0
1370	3246	1	1.0
1370	3282	1	1.0
1370	3291	1	1.0
1371	2458	1	1.0
1372	1373	1	1.0
1372	1374	1	1.0
1372	1375	1	1.0
1374	1424	1	1.0
1374	2200	1	1.0
1374	1623	0	1.0
1374	1651	0	1.0
1376	1388	1	1.0
1376	1514	1	1.0
1376	1533	1	1.0
1376	1584	1	1.0
1376	1638	1	1.0
1376	1640	1	1.0
1376	1652	1	1.0
1376	1667	1	1.0
1376	1702	1	1.0
1376	1710	1	1.0
1376	1733	1	1.0
1376	1740	1	1.0
1376	1743	1	1.0
1376	1804	1	1.0
1376	1805	1	1.0
1376	1898	1	1.0
1376	1948	1	1.0
1376	1994	1	1.0
1376	1996	1	1.0
1376	2063	1	1.0
1376	2257	1	1.0
1376	2446	1	1.0
1376	2453	1	1.0
1376	3062	1	1.0
1377	1380	1	1.0
1377	1441	1	1.0
1377	1521	1	1.0
1377	1522	1	1.0
1377	1638	1	1.0
1377	1640	1	1.0
1377	1667	1	1.0
1377	1805	1	1.0
1377	2084	1	1.0
1377	2191	1	1.0
1377	2439	1	1.0
1377	2735	1	1.0
1377	1496	0	1.0
1377	1558	0	1.0
1377	1623	0	1.0
1377	1764	0	1.0
1378	1667	1	1.0
1379	1640	1	1.0
1379	1667	1	1.0
1379	1673	1	1.0
1379	1701	1	1.0
1380	1393	1	1.0
1380	1416	1	1.0
1380	1419	1	1.0
1380	1420	1	1.0
1380	1427	1	1.0
1380	1464	1	1.0
1380	1468	1	1.0
1380	1478	1	1.0
1380	1502	1	1.0
1380	1504	1	1.0
1380	1518	1	1.0
1380	1519	1	1.0
1380	1521	1	1.0
1380	1532	1	1.0
1380	1555	1	1.0
1380	1565	1	1.0
1380	1572	1	1.0
1380	1582	1	1.0
1380	1584	1	1.0
1380	1594	1	1.0
1380	1656	1	1.0
1380	1676	1	1.0
1380	1701	1	1.0
1380	1702	1	1.0
1380	1721	1	1.0
1380	1728	1	1.0
1380	1729	1	1.0
1380	1733	1	1.0
1380	1737	1	1.0
1380	1742	1	1.0
1380	1752	1	1.0
1380	1753	1	1.0
1380	1755	1	1.0
1380	1792	1	1.0
1380	1795	1	1.0
1380	1799	1	1.0
1380	1804	1	1.0
1380	1816	1	1.0
1380	1820	1	1.0
1380	1821	1	1.0
1380	1822	1	1.0
1380	1823	1	1.0
1380	1824	1	1.0
1380	1826	1	1.0
1380	1828	1	1.0
1380	1886	1	1.0
1380	1948	1	1.0
1380	2050	1	1.0
1380	2084	1	1.0
1380	2144	1	1.0
1380	2179	1	1.0
1380	2257	1	1.0
1380	2393	1	1.0
1380	2414	1	1.0
1380	2467	1	1.0
1380	2477	1	1.0
1380	2508	1	1.0
1380	2751	1	1.0
1380	2761	1	1.0
1380	2788	1	1.0
1380	2802	1	1.0
1380	3081	1	1.0
1380	3142	1	1.0
1380	3230	1	1.0
1380	3264	1	1.0
1380	3297	1	1.0
1380	1770	0	1.0
1380	2599	0	1.0
1381	1667	1	1.0
1381	1701	1	1.0
1381	1743	1	1.0
1381	1804	1	1.0
1381	1816	1	1.0
1382	1667	1	1.0
1383	1458	1	1.0
1383	1484	1	1.0
1383	1493	1	1.0
1383	1511	1	1.0
1383	1533	1	1.0
1383	1552	1	1.0
1383	1571	1	1.0
1383	1582	1	1.0
1383	1589	1	1.0
1383	1594	1	1.0
1383	1638	1	1.0
1383	1648	1	1.0
1383	1667	1	1.0
1383	1673	1	1.0
1383	1704	1	1.0
1383	1724	1	1.0
1383	1727	1	1.0
1383	1729	1	1.0
1383	1788	1	1.0
1383	1816	1	1.0
1383	1826	1	1.0
1383	1858	1	1.0
1383	1885	1	1.0
1383	1887	1	1.0
1383	1888	1	1.0
1383	1917	1	1.0
1383	1993	1	1.0
1383	2002	1	1.0
1383	2007	1	1.0
1383	2011	1	1.0
1383	2013	1	1.0
1383	2024	1	1.0
1383	2037	1	1.0
1383	2087	1	1.0
1383	2131	1	1.0
1383	2133	1	1.0
1383	2190	1	1.0
1383	2221	1	1.0
1383	2224	1	1.0
1383	2227	1	1.0
1383	2234	1	1.0
1383	2238	1	1.0
1383	2277	1	1.0
1383	2355	1	1.0
1383	2356	1	1.0
1383	2357	1	1.0
1383	2414	1	1.0
1383	2745	1	1.0
1383	2763	1	1.0
1383	2129	0	1.0
1384	2050	1	1.0
1388	1468	1	1.0
1388	1478	1	1.0
1388	1504	1	1.0
1388	1518	1	1.0
1388	1539	1	1.0
1388	1553	1	1.0
1388	1564	1	1.0
1388	1595	1	1.0
1388	1640	1	1.0
1388	1686	1	1.0
1388	1690	1	1.0
1388	1702	1	1.0
1388	1729	1	1.0
1388	1730	1	1.0
1388	1740	1	1.0
1388	1752	1	1.0
1388	1755	1	1.0
1388	1759	1	1.0
1388	1761	1	1.0
1388	1798	1	1.0
1388	1802	1	1.0
1388	1825	1	1.0
1388	1836	1	1.0
1388	1852	1	1.0
1388	1885	1	1.0
1388	1886	1	1.0
1388	2040	1	1.0
1388	2126	1	1.0
1388	2180	1	1.0
1391	2438	1	1.0
1392	3506	1	1.0
1393	1409	1	1.0
1393	1413	1	1.0
1393	1424	1	1.0
1393	1426	1	1.0
1393	1460	1	1.0
1393	1804	1	1.0
1393	1893	1	1.0
1394	2191	1	1.0
1394	2257	1	1.0
1394	2890	1	1.0
1394	3005	1	1.0
1398	1729	1	1.0
1400	1401	1	1.0
1400	1440	1	1.0
1400	1724	1	1.0
1400	1798	1	1.0
1400	1807	1	1.0
1400	1917	1	1.0
1400	2309	1	1.0
1400	2357	1	1.0
1400	2381	1	1.0
1400	2390	1	1.0
1400	2465	1	1.0
1400	2489	1	1.0
1400	2493	1	1.0
1400	2498	1	1.0
1400	2501	1	1.0
1400	2504	1	1.0
1400	2505	1	1.0
1400	2506	1	1.0
1400	2607	1	1.0
1400	2691	1	1.0
1400	2692	1	1.0
1400	2693	1	1.0
1400	2694	1	1.0
1400	2695	1	1.0
1400	2696	1	1.0
1400	2539	0	1.0
1401	1415	1	1.0
1401	1419	1	1.0
1401	1555	1	1.0
1401	1724	1	1.0
1401	1727	1	1.0
1401	1798	1	1.0
1401	1807	1	1.0
1401	1813	1	1.0
1401	1996	1	1.0
1401	2002	1	1.0
1401	2012	1	1.0
1401	2157	1	1.0
1401	2202	1	1.0
1401	2260	1	1.0
1401	2381	1	1.0
1401	2457	1	1.0
1401	2497	1	1.0
1401	2628	1	1.0
1401	2694	1	1.0
1401	2695	1	1.0
1401	2696	1	1.0
1401	2761	1	1.0
1401	2831	1	1.0
1401	2868	1	1.0
1401	2900	1	1.0
1401	2994	1	1.0
1401	3571	1	1.0
1401	3735	1	1.0
1402	1484	1	1.0
1405	1473	1	1.0
1405	1479	1	1.0
1405	1733	1	1.0
1406	1426	1	1.0
1406	1460	1	1.0
1406	1996	1	1.0
1407	2495	1	1.0
1408	1473	1	1.0
1409	1410	1	1.0
1409	1411	0	1.0
1411	1584	0	1.0
1411	1816	0	1.0
1411	2003	0	1.0
1413	1414	1	1.0
1413	1415	1	1.0
1415	1504	1	1.0
1415	1686	1	1.0
1415	1696	1	1.0
1415	1759	1	1.0
1415	1799	1	1.0
1415	1802	1	1.0
1415	1825	1	1.0
1415	1826	1	1.0
1415	1830	1	1.0
1415	1909	1	1.0
1415	1942	1	1.0
1415	1943	1	1.0
1415	1944	1	1.0
1415	1945	1	1.0
1415	2711	1	1.0
1416	1469	1	1.0
1416	1472	1	1.0
1416	1504	1	1.0
1416	1505	1	1.0
1416	1516	1	1.0
1416	1499	0	1.0
1417	1418	1	1.0
1418	1419	1	1.0
1419	1493	1	1.0
1419	1501	1	1.0
1419	1521	1	1.0
1419	1540	1	1.0
1419	1582	1	1.0
1419	1584	1	1.0
1419	1621	1	1.0
1419	1638	1	1.0
1419	1675	1	1.0
1419	1691	1	1.0
1419	1702	1	1.0
1419	1939	1	1.0
1419	2202	1	1.0
1419	3226	1	1.0
1419	1707	0	1.0
1419	1803	0	1.0
1420	1426	1	1.0
1420	1441	1	1.0
1420	1447	1	1.0
1420	1484	1	1.0
1420	1506	1	1.0
1420	1516	1	1.0
1420	1521	1	1.0
1420	1533	1	1.0
1420	1560	1	1.0
1420	1696	1	1.0
1420	1702	1	1.0
1420	1704	1	1.0
1420	1710	1	1.0
1420	1721	1	1.0
1420	1724	1	1.0
1420	1727	1	1.0
1420	1729	1	1.0
1420	1783	1	1.0
1420	1798	1	1.0
1420	1898	1	1.0
1420	1911	1	1.0
1420	1973	1	1.0
1420	2007	1	1.0
1420	2010	1	1.0
1420	2024	1	1.0
1420	2115	1	1.0
1420	2144	1	1.0
1420	2202	1	1.0
1420	2221	1	1.0
1420	2266	1	1.0
1420	2284	1	1.0
1420	2316	1	1.0
1420	2357	1	1.0
1420	2359	1	1.0
1420	2381	1	1.0
1420	2382	1	1.0
1420	2384	1	1.0
1420	2409	1	1.0
1420	2417	1	1.0
1420	2461	1	1.0
1420	2487	1	1.0
1420	2496	1	1.0
1420	2501	1	1.0
1420	2505	1	1.0
1420	2553	1	1.0
1420	2594	1	1.0
1420	2595	1	1.0
1420	2596	1	1.0
1420	2858	1	1.0
1420	1452	0	1.0
1420	1987	0	1.0
1425	1471	1	1.0
1425	1478	1	1.0
1425	1488	1	1.0
1425	1492	1	1.0
1425	1500	1	1.0
1425	1511	1	1.0
1425	1521	1	1.0
1425	1557	1	1.0
1425	1567	1	1.0
1425	1568	1	1.0
1425	1569	0	1.0
1426	1427	1	1.0
1426	1428	1	1.0
1426	1429	1	1.0
1426	1851	1	1.0
1426	3229	1	1.0
1426	2795	0	1.0
1427	1458	1	1.0
1427	1484	1	1.0
1427	1517	1	1.0
1427	1555	1	1.0
1427	1560	1	1.0
1427	1594	1	1.0
1427	1661	1	1.0
1427	1678	1	1.0
1427	1721	1	1.0
1427	1724	1	1.0
1427	1727	1	1.0
1427	1729	1	1.0
1427	1740	1	1.0
1427	1752	1	1.0
1427	1753	1	1.0
1427	1798	1	1.0
1427	1807	1	1.0
1427	1830	1	1.0
1427	1993	1	1.0
1427	2007	1	1.0
1427	2115	1	1.0
1427	2169	1	1.0
1427	2190	1	1.0
1427	2221	1	1.0
1427	2265	1	1.0
1427	2309	1	1.0
1427	2311	1	1.0
1427	2335	1	1.0
1427	2359	1	1.0
1427	2381	1	1.0
1427	2408	1	1.0
1427	2477	1	1.0
1427	2493	1	1.0
1427	2496	1	1.0
1427	2498	1	1.0
1427	2501	1	1.0
1427	2504	1	1.0
1427	2505	1	1.0
1427	2506	1	1.0
1427	2569	1	1.0
1427	2645	1	1.0
1427	2657	1	1.0
1427	2669	1	1.0
1427	2670	1	1.0
1427	2671	1	1.0
1427	2672	1	1.0
1427	2703	1	1.0
1427	2745	1	1.0
1427	2813	1	1.0
1427	2858	1	1.0
1427	2960	1	1.0
1427	3282	1	1.0
1427	3693	1	1.0
1427	3703	1	1.0
1428	1464	1	1.0
1428	1516	1	1.0
1428	1571	1	1.0
1428	1582	1	1.0
1428	1805	1	1.0
1428	1898	1	1.0
1428	2088	1	1.0
1428	2100	1	1.0
1428	2155	1	1.0
1428	2269	1	1.0
1428	2308	1	1.0
1428	2291	0	1.0
1428	2294	0	1.0
1429	1973	1	1.0
1429	3538	1	1.0
1430	3055	1	1.0
1431	1473	1	1.0
1437	1441	1	1.0
1437	1468	1	1.0
1437	1473	1	1.0
1437	1507	1	1.0
1437	1582	1	1.0
1437	1648	1	1.0
1437	1691	1	1.0
1437	1724	1	1.0
1437	1754	1	1.0
1437	1783	1	1.0
1437	1792	1	1.0
1437	1849	1	1.0
1437	1887	1	1.0
1437	2002	1	1.0
1437	2138	1	1.0
1437	2371	1	1.0
1437	2419	1	1.0
1437	2458	1	1.0
1437	2496	1	1.0
1437	2666	1	1.0
1437	2751	1	1.0
1437	2796	1	1.0
1437	2799	1	1.0
1437	2809	1	1.0
1437	2831	1	1.0
1437	2890	1	1.0
1437	2904	1	1.0
1437	2999	1	1.0
1437	3023	1	1.0
1437	3055	1	1.0
1437	3056	1	1.0
1437	3082	1	1.0
1437	3084	1	1.0
1437	3107	1	1.0
1437	3154	1	1.0
1437	3158	1	1.0
1437	3160	1	1.0
1437	3246	1	1.0
1437	3258	1	1.0
1437	3268	1	1.0
1437	3279	1	1.0
1437	3283	1	1.0
1437	3284	1	1.0
1437	3297	1	1.0
1437	3306	1	1.0
1437	3361	1	1.0
1437	3367	1	1.0
1437	3368	1	1.0
1437	3382	1	1.0
1437	3384	1	1.0
1437	3410	1	1.0
1437	3423	1	1.0
1437	3424	1	1.0
1437	3425	1	1.0
1437	3674	1	1.0
1437	3703	1	1.0
1437	3827	1	1.0
1437	3849	1	1.0
1440	1441	1	1.0
1440	1910	1	1.0
1440	2453	1	1.0
1440	3140	1	1.0
1440	3141	1	1.0
1440	3230	1	1.0
1441	1471	1	1.0
1441	1478	1	1.0
1441	1501	1	1.0
1441	1503	1	1.0
1441	1506	1	1.0
1441	1511	1	1.0
1441	1521	1	1.0
1441	1539	1	1.0
1441	1582	1	1.0
1441	1595	1	1.0
1441	1596	1	1.0
1441	1597	1	1.0
1442	1479	1	1.0
1443	1517	1	1.0
1444	1452	1	1.0
1446	1676	1	1.0
1447	1560	1	1.0
1447	1648	1	1.0
1447	1701	1	1.0
1447	2144	1	1.0
1447	2496	1	1.0
1447	2527	1	1.0
1447	2866	1	1.0
1448	1484	0	1.0
1449	2990	1	1.0
1450	1631	1	1.0
1450	3593	1	1.0
1451	1517	1	1.0
1451	2221	1	1.0
1451	2359	1	1.0
1451	2487	1	1.0
1451	2620	1	1.0
1451	2851	1	1.0
1451	3230	1	1.0
1453	1640	1	1.0
1453	1558	0	1.0
1454	1455	0	1.0
1454	1456	0	1.0
1454	1457	0	1.0
1455	1533	1	1.0
1456	3562	1	1.0
1456	3646	1	1.0
1456	2203	0	1.0
1457	2771	1	1.0
1457	3005	1	1.0
1457	3562	1	1.0
1458	1468	1	1.0
1458	1506	1	1.0
1458	1511	1	1.0
1458	1519	1	1.0
1458	1520	1	1.0
1458	1521	1	1.0
1458	1522	1	1.0
1458	1523	1	1.0
1458	1640	1	1.0
1458	1667	1	1.0
1458	1558	0	1.0
1459	1460	1	1.0
1461	1463	0	1.0
1462	1473	1	1.0
1462	1484	1	1.0
1462	1640	1	1.0
1462	1724	1	1.0
1462	1813	1	1.0
1462	2002	1	1.0
1462	2006	1	1.0
1462	2213	1	1.0
1462	2311	1	1.0
1462	2357	1	1.0
1462	2381	1	1.0
1462	2494	1	1.0
1462	2495	1	1.0
1462	2496	1	1.0
1462	2505	1	1.0
1462	2621	1	1.0
1462	2628	1	1.0
1462	2666	1	1.0
1462	2792	1	1.0
1462	2796	1	1.0
1462	2936	1	1.0
1464	1468	1	1.0
1464	1473	1	1.0
1464	1478	1	1.0
1464	1484	1	1.0
1464	1518	1	1.0
1464	1533	1	1.0
1464	1561	1	1.0
1464	1594	1	1.0
1464	1666	1	1.0
1464	1710	1	1.0
1464	1726	1	1.0
1464	1728	1	1.0
1464	1739	1	1.0
1464	1740	1	1.0
1464	1799	1	1.0
1464	1808	1	1.0
1464	1816	1	1.0
1464	1824	1	1.0
1464	1830	1	1.0
1464	1898	1	1.0
1464	1973	1	1.0
1464	1999	1	1.0
1464	2009	1	1.0
1464	2027	1	1.0
1464	2029	1	1.0
1464	2077	1	1.0
1464	2078	1	1.0
1464	2079	1	1.0
1464	2080	1	1.0
1464	2087	1	1.0
1464	2308	1	1.0
1464	2458	1	1.0
1464	2812	1	1.0
1464	2072	0	1.0
1464	2081	0	1.0
1464	2090	0	1.0
1465	3454	1	1.0
1466	1502	1	1.0
1466	1666	1	1.0
1466	1721	1	1.0
1466	1792	1	1.0
1466	1816	1	1.0
1466	1917	1	1.0
1466	2024	1	1.0
1466	2224	1	1.0
1466	2260	1	1.0
1466	2297	1	1.0
1466	2377	1	1.0
1466	2382	1	1.0
1466	2400	1	1.0
1466	2425	1	1.0
1466	2446	1	1.0
1467	1506	1	1.0
1467	1752	1	1.0
1467	1831	0	1.0
1468	1478	1	1.0
1468	1518	1	1.0
1468	1565	1	1.0
1468	1584	1	1.0
1468	1631	1	1.0
1468	1667	1	1.0
1468	1676	1	1.0
1468	1691	1	1.0
1468	1701	1	1.0
1468	1702	1	1.0
1468	1740	1	1.0
1468	1743	1	1.0
1468	1778	1	1.0
1468	1804	1	1.0
1468	1886	1	1.0
1468	1891	1	1.0
1468	1893	1	1.0
1468	1911	1	1.0
1468	1934	1	1.0
1468	1973	1	1.0
1468	2003	1	1.0
1468	2040	1	1.0
1468	2050	1	1.0
1468	2155	1	1.0
1468	2213	1	1.0
1468	2359	1	1.0
1468	2393	1	1.0
1468	2428	1	1.0
1468	2437	1	1.0
1468	2514	1	1.0
1468	2666	1	1.0
1468	2712	1	1.0
1468	2796	1	1.0
1468	2799	1	1.0
1468	2801	1	1.0
1468	2810	1	1.0
1468	3081	1	1.0
1468	3084	1	1.0
1468	3091	1	1.0
1468	3096	1	1.0
1468	3124	1	1.0
1468	3142	1	1.0
1468	3144	1	1.0
1468	3154	1	1.0
1468	3160	1	1.0
1468	3207	1	1.0
1468	3226	1	1.0
1468	3229	1	1.0
1468	3283	1	1.0
1468	3325	1	1.0
1468	3436	1	1.0
1468	3471	1	1.0
1468	3484	1	1.0
1468	3485	1	1.0
1468	3486	1	1.0
1468	3487	1	1.0
1468	3557	1	1.0
1468	1646	0	1.0
1468	2049	0	1.0
1468	2065	0	1.0
1468	2559	0	1.0
1468	3184	0	1.0
1468	3426	0	1.0
1469	1584	1	1.0
1469	3820	0	1.0
1470	1516	1	1.0
1470	1743	1	1.0
1470	1994	1	1.0
1471	1521	1	1.0
1472	1479	1	1.0
1472	1484	1	1.0
1472	1506	1	1.0
1472	1496	0	1.0
1473	1474	1	1.0
1473	1475	1	1.0
1473	1476	1	1.0
1478	1484	1	1.0
1478	1506	1	1.0
1478	1514	1	1.0
1478	1518	1	1.0
1478	1521	1	1.0
1478	1525	1	1.0
1478	1548	1	1.0
1478	1571	1	1.0
1478	1640	1	1.0
1478	1660	1	1.0
1478	1671	1	1.0
1478	1686	1	1.0
1478	1726	1	1.0
1478	1728	1	1.0
1478	1730	1	1.0
1478	1739	1	1.0
1478	1754	1	1.0
1478	1798	1	1.0
1478	1805	1	1.0
1478	1808	1	1.0
1478	1825	1	1.0
1478	1826	1	1.0
1478	1846	1	1.0
1478	1858	1	1.0
1478	1885	1	1.0
1478	1898	1	1.0
1478	1899	1	1.0
1478	1934	1	1.0
1478	1939	1	1.0
1478	1962	1	1.0
1478	1993	1	1.0
1478	1999	1	1.0
1478	2009	1	1.0
1478	2010	1	1.0
1478	2013	1	1.0
1478	2021	1	1.0
1478	2022	1	1.0
1478	2027	1	1.0
1478	2028	1	1.0
1478	2100	1	1.0
1478	2126	1	1.0
1478	2045	0	1.0
1479	1480	1	1.0
1479	1481	1	1.0
1479	1482	1	1.0
1483	1496	1	1.0
1484	1486	1	1.0
1484	1487	1	1.0
1484	1502	1	1.0
1484	1517	1	1.0
1484	1518	1	1.0
1484	1555	1	1.0
1484	1560	1	1.0
1484	1571	1	1.0
1484	1582	1	1.0
1484	1594	1	1.0
1484	1648	1	1.0
1484	1666	1	1.0
1484	1710	1	1.0
1484	1713	1	1.0
1484	1721	1	1.0
1484	1727	1	1.0
1484	1728	1	1.0
1484	1729	1	1.0
1484	1739	1	1.0
1484	1792	1	1.0
1484	1799	1	1.0
1484	1804	1	1.0
1484	1805	1	1.0
1484	1807	1	1.0
1484	1808	1	1.0
1484	1816	1	1.0
1484	1828	1	1.0
1484	1858	1	1.0
1484	1887	1	1.0
1484	1891	1	1.0
1484	1917	1	1.0
1484	1928	1	1.0
1484	1939	1	1.0
1484	1948	1	1.0
1484	1994	1	1.0
1484	1996	1	1.0
1484	2000	1	1.0
1484	2001	1	1.0
1484	2003	1	1.0
1484	2024	1	1.0
1484	2040	1	1.0
1484	2063	1	1.0
1484	2084	1	1.0
1484	2087	1	1.0
1484	2100	1	1.0
1484	2105	1	1.0
1484	2126	1	1.0
1484	2144	1	1.0
1484	2155	1	1.0
1484	2156	1	1.0
1484	2168	1	1.0
1484	2171	1	1.0
1484	2179	1	1.0
1484	2180	1	1.0
1484	2190	1	1.0
1484	2200	1	1.0
1484	2202	1	1.0
1484	2205	1	1.0
1484	2221	1	1.0
1484	2224	1	1.0
1484	2239	1	1.0
1484	2254	1	1.0
1484	2260	1	1.0
1484	2265	1	1.0
1484	2284	1	1.0
1484	2297	1	1.0
1484	2308	1	1.0
1484	2311	1	1.0
1484	2313	1	1.0
1484	2335	1	1.0
1484	2359	1	1.0
1484	2382	1	1.0
1484	2395	1	1.0
1484	2400	1	1.0
1484	2414	1	1.0
1484	2425	1	1.0
1484	2432	1	1.0
1484	2438	1	1.0
1484	2446	1	1.0
1484	2453	1	1.0
1484	2467	1	1.0
1484	2477	1	1.0
1484	2479	1	1.0
1484	2487	1	1.0
1484	2495	1	1.0
1484	2508	1	1.0
1484	2514	1	1.0
1484	2520	1	1.0
1484	2527	1	1.0
1484	2533	1	1.0
1484	2558	1	1.0
1484	2620	1	1.0
1484	2636	1	1.0
1484	2660	1	1.0
1484	2666	1	1.0
1484	2712	1	1.0
1484	2714	1	1.0
1484	2735	1	1.0
1484	2745	1	1.0
1484	2756	1	1.0
1484	2763	1	1.0
1484	2783	1	1.0
1484	2786	1	1.0
1484	2810	1	1.0
1484	2821	1	1.0
1484	2823	1	1.0
1484	2972	1	1.0
1484	2976	1	1.0
1484	3005	1	1.0
1484	3010	1	1.0
1484	3062	1	1.0
1484	3079	1	1.0
1484	3094	1	1.0
1484	3096	1	1.0
1484	3112	1	1.0
1484	3125	1	1.0
1484	3126	1	1.0
1484	3131	1	1.0
1484	3134	1	1.0
1484	3138	1	1.0
1484	3141	1	1.0
1484	3144	1	1.0
1484	3165	1	1.0
1484	3194	1	1.0
1484	3224	1	1.0
1484	3256	1	1.0
1484	3264	1	1.0
1484	3291	1	1.0
1484	3297	1	1.0
1484	3363	1	1.0
1484	3370	1	1.0
1484	3376	1	1.0
1484	1485	0	1.0
1484	1897	0	1.0
1484	1986	0	1.0
1484	1990	0	1.0
1484	1991	0	1.0
1484	2049	0	1.0
1484	2129	0	1.0
1484	2160	0	1.0
1484	2183	0	1.0
1484	2291	0	1.0
1484	2315	0	1.0
1484	2537	0	1.0
1484	2559	0	1.0
1484	2572	0	1.0
1484	2639	0	1.0
1484	2740	0	1.0
1484	2773	0	1.0
1484	2775	0	1.0
1484	2877	0	1.0
1484	2887	0	1.0
1484	2996	0	1.0
1484	3054	0	1.0
1484	3074	0	1.0
1484	3102	0	1.0
1484	3120	0	1.0
1484	3180	0	1.0
1484	3604	0	1.0
1486	1518	1	1.0
1489	2138	1	1.0
1489	3212	1	1.0
1489	3657	1	1.0
1489	3769	1	1.0
1489	3821	1	1.0
1489	3827	1	1.0
1489	3837	1	1.0
1489	3849	1	1.0
1490	1858	1	1.0
1491	1816	1	1.0
1493	1533	1	1.0
1493	1589	1	1.0
1493	1594	1	1.0
1493	1702	1	1.0
1493	1799	1	1.0
1493	1816	1	1.0
1493	1887	1	1.0
1493	1911	1	1.0
1493	1928	1	1.0
1493	1998	1	1.0
1493	2157	1	1.0
1493	2159	1	1.0
1493	2202	1	1.0
1493	2221	1	1.0
1493	2265	1	1.0
1493	2446	1	1.0
1493	2495	1	1.0
1493	2496	1	1.0
1493	2527	1	1.0
1493	2733	1	1.0
1493	2745	1	1.0
1493	2783	1	1.0
1493	3246	1	1.0
1494	1533	1	1.0
1494	1589	1	1.0
1494	1594	1	1.0
1494	1917	1	1.0
1494	2400	1	1.0
1496	1497	1	1.0
1496	1498	0	1.0
1498	1506	1	1.0
1501	1582	1	1.0
1501	1691	1	1.0
1501	1701	1	1.0
1501	1729	1	1.0
1501	1993	1	1.0
1501	2213	1	1.0
1501	2284	1	1.0
1501	2286	1	1.0
1501	2399	1	1.0
1501	2495	1	1.0
1501	2496	1	1.0
1501	2499	1	1.0
1501	2666	1	1.0
1501	2799	1	1.0
1501	2801	1	1.0
1501	2802	1	1.0
1501	3160	1	1.0
1501	3200	1	1.0
1501	3246	1	1.0
1501	3284	1	1.0
1501	3348	1	1.0
1501	3351	1	1.0
1501	3412	1	1.0
1501	3418	1	1.0
1501	3509	1	1.0
1501	2565	0	1.0
1502	1506	1	1.0
1502	1540	1	1.0
1502	1678	1	1.0
1502	1724	1	1.0
1502	1727	1	1.0
1502	1729	1	1.0
1502	1730	1	1.0
1502	1739	1	1.0
1502	1789	1	1.0
1502	1798	1	1.0
1502	1821	1	1.0
1502	1826	1	1.0
1502	1887	1	1.0
1502	2002	1	1.0
1502	2009	1	1.0
1502	2020	1	1.0
1502	2238	1	1.0
1502	2268	1	1.0
1502	2275	1	1.0
1502	2359	1	1.0
1502	2370	1	1.0
1502	2381	1	1.0
1502	2387	1	1.0
1502	2388	1	1.0
1502	2420	1	1.0
1502	2421	1	1.0
1503	1506	1	1.0
1503	1511	1	1.0
1503	1516	1	1.0
1503	1667	1	1.0
1503	1673	1	1.0
1503	1676	1	1.0
1504	1506	1	1.0
1504	1514	1	1.0
1504	1518	1	1.0
1504	1521	1	1.0
1504	1532	1	1.0
1504	1533	1	1.0
1504	1560	1	1.0
1504	1565	1	1.0
1504	1584	1	1.0
1504	1589	1	1.0
1504	1638	1	1.0
1504	1640	1	1.0
1504	1656	1	1.0
1504	1667	1	1.0
1504	1673	1	1.0
1504	1676	1	1.0
1504	1701	1	1.0
1504	1702	1	1.0
1504	1733	1	1.0
1504	1740	1	1.0
1504	1752	1	1.0
1504	1755	1	1.0
1504	1759	1	1.0
1504	1788	1	1.0
1504	1804	1	1.0
1504	1805	1	1.0
1504	1816	1	1.0
1504	1835	1	1.0
1504	1846	1	1.0
1504	1847	1	1.0
1504	1893	1	1.0
1504	1911	1	1.0
1504	1934	1	1.0
1504	1939	1	1.0
1504	2126	1	1.0
1504	2286	1	1.0
1504	2439	1	1.0
1504	2467	1	1.0
1504	2520	1	1.0
1504	2700	1	1.0
1504	2788	1	1.0
1504	2814	1	1.0
1504	2850	1	1.0
1504	3228	1	1.0
1504	1770	0	1.0
1504	1793	0	1.0
1504	1876	0	1.0
1506	1507	1	1.0
1506	1508	1	1.0
1506	1509	1	1.0
1506	1510	1	1.0
1506	1511	1	1.0
1506	1512	1	1.0
1506	1514	1	1.0
1506	1521	1	1.0
1506	1522	1	1.0
1506	1540	1	1.0
1506	1582	1	1.0
1506	1652	1	1.0
1506	1667	1	1.0
1506	1676	1	1.0
1506	1701	1	1.0
1506	1805	1	1.0
1506	1816	1	1.0
1506	1970	1	1.0
1506	1994	1	1.0
1506	2000	1	1.0
1506	2003	1	1.0
1506	2024	1	1.0
1506	2050	1	1.0
1506	2171	1	1.0
1506	2359	1	1.0
1506	2425	1	1.0
1506	2438	1	1.0
1506	2527	1	1.0
1506	2625	1	1.0
1506	2714	1	1.0
1506	2745	1	1.0
1506	2783	1	1.0
1506	3229	1	1.0
1506	3282	1	1.0
1506	3306	1	1.0
1507	1511	1	1.0
1507	1648	1	1.0
1507	1721	1	1.0
1507	1724	1	1.0
1507	1998	1	1.0
1507	2002	1	1.0
1507	2009	1	1.0
1507	2062	1	1.0
1507	2115	1	1.0
1507	2171	1	1.0
1507	2357	1	1.0
1507	2359	1	1.0
1507	2362	1	1.0
1507	2381	1	1.0
1507	2393	1	1.0
1507	2399	1	1.0
1507	2502	1	1.0
1507	2505	1	1.0
1507	2527	1	1.0
1507	2630	1	1.0
1507	2633	1	1.0
1507	2666	1	1.0
1507	2738	1	1.0
1507	2745	1	1.0
1507	2756	1	1.0
1507	2761	1	1.0
1507	2783	1	1.0
1507	2788	1	1.0
1507	2796	1	1.0
1507	2821	1	1.0
1507	2866	1	1.0
1507	2898	1	1.0
1507	2916	1	1.0
1507	2940	1	1.0
1507	3079	1	1.0
1507	3141	1	1.0
1507	3229	1	1.0
1507	3264	1	1.0
1507	2773	0	1.0
1507	2857	0	1.0
1507	2860	0	1.0
1507	2876	0	1.0
1507	2893	0	1.0
1507	3209	0	1.0
1511	1520	1	1.0
1511	1570	1	1.0
1511	1619	1	1.0
1511	1638	1	1.0
1511	1640	1	1.0
1511	1653	1	1.0
1511	1667	1	1.0
1511	1673	1	1.0
1511	1681	0	1.0
1514	1516	1	1.0
1514	1521	1	1.0
1514	1532	1	1.0
1514	1565	1	1.0
1514	1594	1	1.0
1514	1640	1	1.0
1514	1652	1	1.0
1514	1664	1	1.0
1514	1676	1	1.0
1514	1696	1	1.0
1514	1701	1	1.0
1514	1753	1	1.0
1514	1759	1	1.0
1514	1780	1	1.0
1514	1799	1	1.0
1514	1802	1	1.0
1514	1804	1	1.0
1514	1805	1	1.0
1514	1815	1	1.0
1514	1830	1	1.0
1514	1855	1	1.0
1514	1858	1	1.0
1514	1892	1	1.0
1514	1898	1	1.0
1514	1910	1	1.0
1514	1917	1	1.0
1514	1963	1	1.0
1514	1964	1	1.0
1514	1965	1	1.0
1514	1966	1	1.0
1514	2190	1	1.0
1514	2049	0	1.0
1516	1517	1	1.0
1516	1518	1	1.0
1517	1520	1	1.0
1517	1555	1	1.0
1517	1678	1	1.0
1517	1682	1	1.0
1517	1702	1	1.0
1517	1721	1	1.0
1517	1724	1	1.0
1517	1727	1	1.0
1517	1729	1	1.0
1517	1739	1	1.0
1517	1798	1	1.0
1517	1969	1	1.0
1517	1993	1	1.0
1517	2007	1	1.0
1517	2037	1	1.0
1517	2115	1	1.0
1517	2191	1	1.0
1517	2270	1	1.0
1517	2292	1	1.0
1517	2302	1	1.0
1517	2316	1	1.0
1517	2359	1	1.0
1517	2381	1	1.0
1517	2388	1	1.0
1517	2409	1	1.0
1517	2412	1	1.0
1517	2417	1	1.0
1517	2464	1	1.0
1517	2495	1	1.0
1517	2496	1	1.0
1517	2501	1	1.0
1517	2505	1	1.0
1517	2506	1	1.0
1517	2517	1	1.0
1517	2566	1	1.0
1517	2570	1	1.0
1517	2578	1	1.0
1517	2607	1	1.0
1517	2609	1	1.0
1517	2627	1	1.0
1517	2628	1	1.0
1517	2629	1	1.0
1517	2630	1	1.0
1517	2631	1	1.0
1517	2850	1	1.0
1517	2917	1	1.0
1517	2960	1	1.0
1517	3062	1	1.0
1517	3125	1	1.0
1517	3134	1	1.0
1517	3144	1	1.0
1517	3516	1	1.0
1518	1532	1	1.0
1518	1563	1	1.0
1518	1572	1	1.0
1518	1582	1	1.0
1518	1588	1	1.0
1518	1597	1	1.0
1518	1638	1	1.0
1518	1640	1	1.0
1518	1674	1	1.0
1518	1676	1	1.0
1518	1678	1	1.0
1518	1728	1	1.0
1518	1729	1	1.0
1518	1733	1	1.0
1518	1736	1	1.0
1518	1740	1	1.0
1518	1752	1	1.0
1518	1753	1	1.0
1518	1759	1	1.0
1518	1760	1	1.0
1518	1798	1	1.0
1518	1802	1	1.0
1518	1805	1	1.0
1518	1807	1	1.0
1518	1808	1	1.0
1518	1815	1	1.0
1518	1825	1	1.0
1518	1829	1	1.0
1518	1861	1	1.0
1518	1874	1	1.0
1518	1889	1	1.0
1518	1890	1	1.0
1518	1891	1	1.0
1518	1934	1	1.0
1518	1939	1	1.0
1518	2024	1	1.0
1518	2155	1	1.0
1518	2180	1	1.0
1518	2190	1	1.0
1518	2262	1	1.0
1518	2377	1	1.0
1518	2400	1	1.0
1518	2496	1	1.0
1518	2745	1	1.0
1518	2858	1	1.0
1518	2949	1	1.0
1518	1651	0	1.0
1518	1665	0	1.0
1518	1797	0	1.0
1518	1876	0	1.0
1518	1932	0	1.0
1518	1949	0	1.0
1518	1974	0	1.0
1518	2008	0	1.0
1518	2065	0	1.0
1518	2124	0	1.0
1518	2128	0	1.0
1518	2198	0	1.0
1518	2216	0	1.0
1518	2218	0	1.0
1518	2232	0	1.0
1518	2233	0	1.0
1518	2236	0	1.0
1518	2290	0	1.0
1518	2291	0	1.0
1518	2294	0	1.0
1518	2315	0	1.0
1518	2353	0	1.0
1518	2481	0	1.0
1518	2545	0	1.0
1518	2583	0	1.0
1518	2632	0	1.0
1518	2639	0	1.0
1518	2892	0	1.0
1518	2962	0	1.0
1518	3021	0	1.0
1518	3025	0	1.0
1518	3031	0	1.0
1518	3040	0	1.0
1518	3048	0	1.0
1518	3050	0	1.0
1518	3077	0	1.0
1518	3179	0	1.0
1518	3180	0	1.0
1518	3186	0	1.0
1519	1589	1	1.0
1519	1640	1	1.0
1519	1676	1	1.0
1519	1701	1	1.0
1519	1816	1	1.0
1519	1911	1	1.0
1520	1589	1	1.0
1520	1594	1	1.0
1520	1631	1	1.0
1520	1727	1	1.0
1520	1728	1	1.0
1520	1729	1	1.0
1520	1730	1	1.0
1520	1799	1	1.0
1520	1808	1	1.0
1520	1885	1	1.0
1520	1948	1	1.0
1520	2009	1	1.0
1520	2050	1	1.0
1520	2100	1	1.0
1520	2138	1	1.0
1520	2157	1	1.0
1520	2221	1	1.0
1520	2265	1	1.0
1520	2335	1	1.0
1520	2394	1	1.0
1520	2495	1	1.0
1520	2620	1	1.0
1520	2666	1	1.0
1520	2712	1	1.0
1520	2786	1	1.0
1520	2810	1	1.0
1520	2812	1	1.0
1520	2963	1	1.0
1520	2976	1	1.0
1520	3005	1	1.0
1520	3010	1	1.0
1520	3094	1	1.0
1520	3144	1	1.0
1520	3212	1	1.0
1520	3224	1	1.0
1520	3229	1	1.0
1520	2125	0	1.0
1520	2291	0	1.0
1520	2619	0	1.0
1521	1533	1	1.0
1521	1534	1	1.0
1521	1535	1	1.0
1521	1536	1	1.0
1521	1805	1	1.0
1521	1529	0	1.0
1522	1532	1	1.0
1522	1534	1	1.0
1522	1540	1	1.0
1522	1544	1	1.0
1522	1549	1	1.0
1522	1550	1	1.0
1522	1551	1	1.0
1522	1552	1	1.0
1522	1553	1	1.0
1522	1554	1	1.0
1522	1555	1	1.0
1522	1645	1	1.0
1522	1666	1	1.0
1522	1678	1	1.0
1522	1721	1	1.0
1522	1724	1	1.0
1522	1725	1	1.0
1522	1727	1	1.0
1522	1729	1	1.0
1522	1798	1	1.0
1522	1799	1	1.0
1522	1874	1	1.0
1522	1885	1	1.0
1522	1886	1	1.0
1522	1887	1	1.0
1522	1917	1	1.0
1522	2002	1	1.0
1522	2007	1	1.0
1522	2024	1	1.0
1522	2033	1	1.0
1522	2037	1	1.0
1522	2063	1	1.0
1522	2122	1	1.0
1522	2169	1	1.0
1522	2207	1	1.0
1522	2217	1	1.0
1522	2453	1	1.0
1522	1529	0	1.0
1523	1710	1	1.0
1523	2202	1	1.0
1523	2520	1	1.0
1526	1970	1	1.0
1526	2239	1	1.0
1527	2157	1	1.0
1528	1640	1	1.0
1530	1743	1	1.0
1532	1533	1	1.0
1532	1584	1	1.0
1532	1638	1	1.0
1532	1733	1	1.0
1532	1740	1	1.0
1532	1743	1	1.0
1532	1805	1	1.0
1532	1898	1	1.0
1532	1939	1	1.0
1532	1720	0	1.0
1532	1958	0	1.0
1533	1582	1	1.0
1533	1589	1	1.0
1533	1594	1	1.0
1533	1595	1	1.0
1533	1640	1	1.0
1533	1702	1	1.0
1533	1741	1	1.0
1533	1757	1	1.0
1533	1759	1	1.0
1533	1788	1	1.0
1533	1795	1	1.0
1533	1799	1	1.0
1533	1802	1	1.0
1533	1816	1	1.0
1533	1825	1	1.0
1533	1836	1	1.0
1533	1849	1	1.0
1533	1858	1	1.0
1533	1864	1	1.0
1533	1917	1	1.0
1533	1920	1	1.0
1533	1921	1	1.0
1533	1922	1	1.0
1533	1923	1	1.0
1533	1924	1	1.0
1533	2024	1	1.0
1533	2414	1	1.0
1539	1667	1	1.0
1540	1704	1	1.0
1540	1724	1	1.0
1540	1726	1	1.0
1540	1727	1	1.0
1540	1729	1	1.0
1540	1736	1	1.0
1540	1739	1	1.0
1540	1851	1	1.0
1540	1885	1	1.0
1540	1934	1	1.0
1540	1969	1	1.0
1540	1973	1	1.0
1540	1994	1	1.0
1540	2000	1	1.0
1540	2001	1	1.0
1540	2002	1	1.0
1540	2036	1	1.0
1540	2037	1	1.0
1540	2131	1	1.0
1540	2224	1	1.0
1540	2238	1	1.0
1540	2254	1	1.0
1540	2313	1	1.0
1540	2844	1	1.0
1540	3284	1	1.0
1540	3562	1	1.0
1540	3446	0	1.0
1546	1547	1	1.0
1546	1548	0	1.0
1547	3607	1	1.0
1547	1893	0	1.0
1548	1740	1	1.0
1548	1792	1	1.0
1551	1730	1	1.0
1551	1792	1	1.0
1551	2414	1	1.0
1552	1858	1	1.0
1553	1729	1	1.0
1553	2113	1	1.0
1553	2265	1	1.0
1553	3229	1	1.0
1553	3115	0	1.0
1555	1564	1	1.0
1555	1594	1	1.0
1555	1638	1	1.0
1555	1721	1	1.0
1555	1724	1	1.0
1555	1727	1	1.0
1555	1729	1	1.0
1555	1753	1	1.0
1555	1851	1	1.0
1555	1887	1	1.0
1555	1888	1	1.0
1555	1948	1	1.0
1555	2002	1	1.0
1555	2007	1	1.0
1555	2010	1	1.0
1555	2024	1	1.0
1555	2105	1	1.0
1555	2110	1	1.0
1555	2126	1	1.0
1555	2144	1	1.0
1555	2171	1	1.0
1555	2184	1	1.0
1555	2200	1	1.0
1555	2262	1	1.0
1555	2292	1	1.0
1555	2359	1	1.0
1555	2377	1	1.0
1555	2381	1	1.0
1555	2461	1	1.0
1555	2463	1	1.0
1555	2464	1	1.0
1555	2465	1	1.0
1555	2474	1	1.0
1555	2477	1	1.0
1555	2495	1	1.0
1555	2527	1	1.0
1555	2533	1	1.0
1555	2660	1	1.0
1555	2745	1	1.0
1555	2751	1	1.0
1555	2783	1	1.0
1555	2858	1	1.0
1555	3144	1	1.0
1555	3224	1	1.0
1555	3663	1	1.0
1555	2476	0	1.0
1555	2537	0	1.0
1555	2682	0	1.0
1555	2860	0	1.0
1556	1816	1	1.0
1556	2202	1	1.0
1557	1638	1	1.0
1557	1651	0	1.0
1557	1707	0	1.0
1558	1559	0	1.0
1558	1560	0	1.0
1560	1563	1	1.0
1560	1678	1	1.0
1560	1702	1	1.0
1560	1721	1	1.0
1560	1724	1	1.0
1560	1727	1	1.0
1560	1729	1	1.0
1560	1798	1	1.0
1560	1973	1	1.0
1560	1993	1	1.0
1560	1998	1	1.0
1560	2007	1	1.0
1560	2010	1	1.0
1560	2155	1	1.0
1560	2262	1	1.0
1560	2266	1	1.0
1560	2316	1	1.0
1560	2359	1	1.0
1560	2381	1	1.0
1560	2417	1	1.0
1560	2461	1	1.0
1560	2501	1	1.0
1560	2505	1	1.0
1560	2506	1	1.0
1560	2607	1	1.0
1560	2611	1	1.0
1561	1826	1	1.0
1562	2155	1	1.0
1563	1799	1	1.0
1563	1808	1	1.0
1563	1891	1	1.0
1563	1939	1	1.0
1563	2200	1	1.0
1563	2467	1	1.0
1563	2745	1	1.0
1563	2763	1	1.0
1564	1640	1	1.0
1564	1667	1	1.0
1564	1701	1	1.0
1564	1740	1	1.0
1564	1792	1	1.0
1564	1804	1	1.0
1564	1934	1	1.0
1564	2169	1	1.0
1564	2477	1	1.0
1564	2703	1	1.0
1564	2917	1	1.0
1564	3669	1	1.0
1564	3821	1	1.0
1564	3826	1	1.0
1564	1914	0	1.0
1564	3512	0	1.0
1565	1656	1	1.0
1565	1702	1	1.0
1565	1755	1	1.0
1565	1795	1	1.0
1565	1842	1	1.0
1568	1701	1	1.0
1569	1893	0	1.0
1571	1640	1	1.0
1571	1667	1	1.0
1571	1724	1	1.0
1571	1727	1	1.0
1571	1728	1	1.0
1571	1729	1	1.0
1571	1739	1	1.0
1571	1772	1	1.0
1571	1799	1	1.0
1571	1898	1	1.0
1571	1899	1	1.0
1571	1950	1	1.0
1571	1973	1	1.0
1571	2002	1	1.0
1571	2005	1	1.0
1571	2006	1	1.0
1571	2009	1	1.0
1571	2032	1	1.0
1571	2033	1	1.0
1571	2037	1	1.0
1571	2038	1	1.0
1571	2067	1	1.0
1571	2101	1	1.0
1571	2120	1	1.0
1571	2162	1	1.0
1571	2163	1	1.0
1571	2161	0	1.0
1572	1839	1	1.0
1572	1939	1	1.0
1573	1574	1	1.0
1573	1575	1	1.0
1573	1577	1	1.0
1573	1578	1	1.0
1573	1576	0	1.0
1579	1580	1	1.0
1580	1728	1	1.0
1580	2190	1	1.0
1581	1713	1	1.0
1581	2138	1	1.0
1581	2604	1	1.0
1581	2806	1	1.0
1581	2851	1	1.0
1581	3204	1	1.0
1581	3212	1	1.0
1581	3268	1	1.0
1581	3759	1	1.0
1581	3769	1	1.0
1581	3796	1	1.0
1581	3821	1	1.0
1581	3826	1	1.0
1581	3827	1	1.0
1581	3831	1	1.0
1581	3837	1	1.0
1581	3849	1	1.0
1581	3715	0	1.0
1582	1584	1	1.0
1582	1638	1	1.0
1582	1640	1	1.0
1582	1673	1	1.0
1582	1676	1	1.0
1582	1678	1	1.0
1582	1701	1	1.0
1582	1702	1	1.0
1582	1724	1	1.0
1582	1726	1	1.0
1582	1727	1	1.0
1582	1728	1	1.0
1582	1729	1	1.0
1582	1733	1	1.0
1582	1740	1	1.0
1582	1752	1	1.0
1582	1804	1	1.0
1582	1805	1	1.0
1582	1807	1	1.0
1582	1826	1	1.0
1582	1835	1	1.0
1582	1849	1	1.0
1582	1898	1	1.0
1582	1899	1	1.0
1582	1950	1	1.0
1582	1953	1	1.0
1582	1973	1	1.0
1582	1996	1	1.0
1582	2002	1	1.0
1582	2009	1	1.0
1582	2010	1	1.0
1582	2033	1	1.0
1582	2037	1	1.0
1582	2038	1	1.0
1582	2063	1	1.0
1582	2064	1	1.0
1582	2087	1	1.0
1582	2149	1	1.0
1582	2150	1	1.0
1582	2169	1	1.0
1582	2190	1	1.0
1582	1623	0	1.0
1582	1720	0	1.0
1582	1987	0	1.0
1583	2003	1	1.0
1584	1672	1	1.0
1584	1690	1	1.0
1584	1702	1	1.0
1584	1737	1	1.0
1584	1740	1	1.0
1584	1743	1	1.0
1584	1755	1	1.0
1584	1794	1	1.0
1584	1795	1	1.0
1584	1800	1	1.0
1584	1801	1	1.0
1584	1805	1	1.0
1584	2003	1	1.0
1584	2084	1	1.0
1587	1594	1	1.0
1587	1858	1	1.0
1588	1730	1	1.0
1588	1828	1	1.0
1588	1939	1	1.0
1589	1594	1	1.0
1589	1656	1	1.0
1589	1690	1	1.0
1589	1710	1	1.0
1589	1737	1	1.0
1589	1752	1	1.0
1589	1785	1	1.0
1589	1787	1	1.0
1589	1788	1	1.0
1589	1816	1	1.0
1589	1786	0	1.0
1590	1887	1	1.0
1591	2202	1	1.0
1593	2024	1	1.0
1594	1619	1	1.0
1594	1667	1	1.0
1594	1671	1	1.0
1594	1684	1	1.0
1594	1702	1	1.0
1594	1728	1	1.0
1594	1729	1	1.0
1594	1736	1	1.0
1594	1739	1	1.0
1594	1743	1	1.0
1594	1754	1	1.0
1594	1788	1	1.0
1594	1798	1	1.0
1594	1799	1	1.0
1594	1805	1	1.0
1594	1808	1	1.0
1594	1816	1	1.0
1594	1824	1	1.0
1594	1830	1	1.0
1594	1858	1	1.0
1594	1885	1	1.0
1594	1917	1	1.0
1594	1922	1	1.0
1594	1984	1	1.0
1594	2012	1	1.0
1594	2024	1	1.0
1594	2027	1	1.0
1594	2029	1	1.0
1594	2030	1	1.0
1594	2033	1	1.0
1594	2050	1	1.0
1594	2091	1	1.0
1594	2094	1	1.0
1594	2202	1	1.0
1594	2414	1	1.0
1594	1987	0	1.0
1594	2049	0	1.0
1594	2092	0	1.0
1594	2093	0	1.0
1594	2095	0	1.0
1594	2096	0	1.0
1594	2097	0	1.0
1595	1702	1	1.0
1595	1733	1	1.0
1595	1740	1	1.0
1595	1752	1	1.0
1595	1805	1	1.0
1600	1666	1	1.0
1600	2202	1	1.0
1600	2400	1	1.0
1601	1676	1	1.0
1601	1721	1	1.0
1601	1733	1	1.0
1601	1743	1	1.0
1601	2024	1	1.0
1601	2105	1	1.0
1601	2156	1	1.0
1601	2200	1	1.0
1601	2297	1	1.0
1601	2311	1	1.0
1601	2414	1	1.0
1601	2439	1	1.0
1601	2499	1	1.0
1601	2866	1	1.0
1601	1623	0	1.0
1601	1665	0	1.0
1601	2773	0	1.0
1601	2775	0	1.0
1607	2297	1	1.0
1614	1701	1	1.0
1619	1799	1	1.0
1621	2087	1	1.0
1621	2479	1	1.0
1621	2810	1	1.0
1621	3668	1	1.0
1623	1624	1	1.0
1623	1625	1	1.0
1623	1626	1	1.0
1623	1627	1	1.0
1623	1629	1	1.0
1623	1628	0	1.0
1631	1648	1	1.0
1631	1666	1	1.0
1631	1691	1	1.0
1631	1702	1	1.0
1631	1721	1	1.0
1631	1727	1	1.0
1631	1729	1	1.0
1631	1778	1	1.0
1631	1798	1	1.0
1631	1813	1	1.0
1631	1886	1	1.0
1631	1917	1	1.0
1631	2000	1	1.0
1631	2037	1	1.0
1631	2069	1	1.0
1631	2157	1	1.0
1631	2159	1	1.0
1631	2206	1	1.0
1631	2224	1	1.0
1631	2311	1	1.0
1631	2359	1	1.0
1631	2381	1	1.0
1631	2416	1	1.0
1631	2428	1	1.0
1631	2453	1	1.0
1631	2457	1	1.0
1631	2458	1	1.0
1631	2488	1	1.0
1631	2490	1	1.0
1631	2496	1	1.0
1631	2502	1	1.0
1631	2504	1	1.0
1631	2505	1	1.0
1631	2511	1	1.0
1631	2519	1	1.0
1631	2651	1	1.0
1631	2666	1	1.0
1631	2680	1	1.0
1631	2742	1	1.0
1631	2796	1	1.0
1631	2820	1	1.0
1631	2897	1	1.0
1631	2977	1	1.0
1631	2999	1	1.0
1631	3055	1	1.0
1631	3056	1	1.0
1631	3082	1	1.0
1631	3091	1	1.0
1631	3095	1	1.0
1631	3160	1	1.0
1631	3262	1	1.0
1631	3284	1	1.0
1631	3346	1	1.0
1631	3347	1	1.0
1631	3348	1	1.0
1631	3355	1	1.0
1631	3382	1	1.0
1631	3412	1	1.0
1631	3438	1	1.0
1631	3466	1	1.0
1631	3485	1	1.0
1631	3540	1	1.0
1631	3550	1	1.0
1631	3553	1	1.0
1631	3556	1	1.0
1631	3559	1	1.0
1631	3562	1	1.0
1631	3571	1	1.0
1631	3579	1	1.0
1631	3580	1	1.0
1631	3646	1	1.0
1631	3663	1	1.0
1631	3815	1	1.0
1631	2183	0	1.0
1634	2520	1	1.0
1637	2084	1	1.0
1638	1639	1	1.0
1640	1643	1	1.0
1640	1644	1	1.0
1640	1645	1	1.0
1640	1641	0	1.0
1640	1642	0	1.0
1645	1740	1	1.0
1645	1743	1	1.0
1645	1893	1	1.0
1648	1704	1	1.0
1648	1721	1	1.0
1648	1724	1	1.0
1648	1727	1	1.0
1648	1728	1	1.0
1648	1729	1	1.0
1648	1798	1	1.0
1648	1808	1	1.0
1648	1813	1	1.0
1648	1816	1	1.0
1648	1830	1	1.0
1648	1887	1	1.0
1648	1917	1	1.0
1648	1968	1	1.0
1648	1993	1	1.0
1648	2009	1	1.0
1648	2010	1	1.0
1648	2012	1	1.0
1648	2067	1	1.0
1648	2069	1	1.0
1648	2144	1	1.0
1648	2155	1	1.0
1648	2157	1	1.0
1648	2179	1	1.0
1648	2190	1	1.0
1648	2191	1	1.0
1648	2260	1	1.0
1648	2265	1	1.0
1648	2292	1	1.0
1648	2311	1	1.0
1648	2357	1	1.0
1648	2359	1	1.0
1648	2381	1	1.0
1648	2393	1	1.0
1648	2416	1	1.0
1648	2477	1	1.0
1648	2490	1	1.0
1648	2496	1	1.0
1648	2497	1	1.0
1648	2504	1	1.0
1648	2505	1	1.0
1648	2506	1	1.0
1648	2527	1	1.0
1648	2683	1	1.0
1648	2745	1	1.0
1648	2753	1	1.0
1648	2866	1	1.0
1648	2916	1	1.0
1648	3023	1	1.0
1648	3334	1	1.0
1648	3436	1	1.0
1648	3619	1	1.0
1648	3646	1	1.0
1648	2183	0	1.0
1648	2537	0	1.0
1649	1710	1	1.0
1649	1934	1	1.0
1649	2745	1	1.0
1649	1707	0	1.0
1651	1652	0	1.0
1652	1696	1	1.0
1652	1724	1	1.0
1652	1727	1	1.0
1652	1798	1	1.0
1652	1830	1	1.0
1652	1887	1	1.0
1652	1888	1	1.0
1652	1970	1	1.0
1652	2002	1	1.0
1652	2010	1	1.0
1652	2012	1	1.0
1652	2069	1	1.0
1652	2101	1	1.0
1652	2116	1	1.0
1652	2229	1	1.0
1652	2268	1	1.0
1652	2284	1	1.0
1652	2359	1	1.0
1652	2374	1	1.0
1652	2388	1	1.0
1652	2421	1	1.0
1652	2441	1	1.0
1652	2442	1	1.0
1652	2443	1	1.0
1652	2444	1	1.0
1652	1957	0	1.0
1652	1958	0	1.0
1652	2048	0	1.0
1652	2049	0	1.0
1655	1673	1	1.0
1655	1676	1	1.0
1656	1701	1	1.0
1656	1733	1	1.0
1656	1752	1	1.0
1657	2274	1	1.0
1657	2666	1	1.0
1657	2799	1	1.0
1657	2916	1	1.0
1657	3023	1	1.0
1657	3056	1	1.0
1657	3154	1	1.0
1657	3160	1	1.0
1657	3226	1	1.0
1657	3229	1	1.0
1657	3284	1	1.0
1657	3350	1	1.0
1657	3355	1	1.0
1657	3412	1	1.0
1657	3438	1	1.0
1657	3472	1	1.0
1657	3547	1	1.0
1657	3556	1	1.0
1657	3612	1	1.0
1657	3626	1	1.0
1657	3769	1	1.0
1657	3827	1	1.0
1660	2200	1	1.0
1660	2963	1	1.0
1661	1667	1	1.0
1661	1676	1	1.0
1661	1743	1	1.0
1661	1805	1	1.0
1661	1996	1	1.0
1661	2063	1	1.0
1661	2169	1	1.0
1661	2200	1	1.0
1661	2311	1	1.0
1663	2703	1	1.0
1664	1891	1	1.0
1666	1667	1	1.0
1666	1678	1	1.0
1666	1688	1	1.0
1666	1704	1	1.0
1666	1710	1	1.0
1666	1713	1	1.0
1666	1721	1	1.0
1666	1724	1	1.0
1666	1726	1	1.0
1666	1727	1	1.0
1666	1728	1	1.0
1666	1729	1	1.0
1666	1739	1	1.0
1666	1746	1	1.0
1666	1885	1	1.0
1666	1887	1	1.0
1666	1927	1	1.0
1666	1969	1	1.0
1666	1996	1	1.0
1666	2000	1	1.0
1666	2001	1	1.0
1666	2002	1	1.0
1666	2024	1	1.0
1666	2037	1	1.0
1666	2144	1	1.0
1666	2202	1	1.0
1666	2222	1	1.0
1666	2223	1	1.0
1666	2224	1	1.0
1666	2225	1	1.0
1666	2400	1	1.0
1666	2438	1	1.0
1666	3593	1	1.0
1667	1668	1	1.0
1667	1669	1	1.0
1671	2040	1	1.0
1671	2224	1	1.0
1671	2313	1	1.0
1672	2527	1	1.0
1673	1701	1	1.0
1675	1701	1	1.0
1675	1733	1	1.0
1675	1778	1	1.0
1675	2257	1	1.0
1675	2419	1	1.0
1675	2499	1	1.0
1675	2700	1	1.0
1675	2745	1	1.0
1675	2783	1	1.0
1675	2851	1	1.0
1675	3062	1	1.0
1675	3081	1	1.0
1675	3112	1	1.0
1675	3131	1	1.0
1675	3144	1	1.0
1675	3165	1	1.0
1676	1677	1	1.0
1676	1678	1	1.0
1678	1721	1	1.0
1678	1722	1	1.0
1678	1727	1	1.0
1678	1728	1	1.0
1678	1743	1	1.0
1678	1799	1	1.0
1678	1808	1	1.0
1678	1826	1	1.0
1678	1858	1	1.0
1678	1898	1	1.0
1678	1939	1	1.0
1678	2001	1	1.0
1678	2087	1	1.0
1678	2100	1	1.0
1678	2144	1	1.0
1678	2155	1	1.0
1678	2200	1	1.0
1678	2221	1	1.0
1678	2224	1	1.0
1678	2254	1	1.0
1678	2313	1	1.0
1678	2335	1	1.0
1678	2377	1	1.0
1678	2505	1	1.0
1679	2625	1	1.0
1679	3763	1	1.0
1682	1729	1	1.0
1682	2024	1	1.0
1682	2144	1	1.0
1682	2191	1	1.0
1682	2496	1	1.0
1682	2714	1	1.0
1682	2735	1	1.0
1682	2745	1	1.0
1682	3370	1	1.0
1682	2090	0	1.0
1682	2125	0	1.0
1682	2160	0	1.0
1682	2565	0	1.0
1682	2901	0	1.0
1683	2084	1	1.0
1683	3490	1	1.0
1684	1799	1	1.0
1684	2000	1	1.0
1684	2040	1	1.0
1684	2050	1	1.0
1684	2084	1	1.0
1685	1743	1	1.0
1685	2171	1	1.0
1686	1722	1	1.0
1686	1799	1	1.0
1686	1835	1	1.0
1686	1939	1	1.0
1686	2100	1	1.0
1686	2763	1	1.0
1686	1974	0	1.0
1686	2124	0	1.0
1687	1743	1	1.0
1688	1710	1	1.0
1688	1808	1	1.0
1688	1917	1	1.0
1688	2003	1	1.0
1688	2040	1	1.0
1688	2050	1	1.0
1688	2202	1	1.0
1688	2292	1	1.0
1688	2335	1	1.0
1688	2495	1	1.0
1688	2745	1	1.0
1688	3593	1	1.0
1688	2659	0	1.0
1689	1733	1	1.0
1689	1743	1	1.0
1690	1701	1	1.0
1690	1799	1	1.0
1690	2604	1	1.0
1690	3646	1	1.0
1690	3759	1	1.0
1690	3769	1	1.0
1690	3826	1	1.0
1690	3831	1	1.0
1690	1803	0	1.0
1691	1743	1	1.0
1691	1807	1	1.0
1691	1851	1	1.0
1691	1886	1	1.0
1691	1928	1	1.0
1691	1973	1	1.0
1691	1996	1	1.0
1691	2000	1	1.0
1691	2159	1	1.0
1691	2257	1	1.0
1691	2286	1	1.0
1691	2373	1	1.0
1691	2393	1	1.0
1691	2416	1	1.0
1691	2504	1	1.0
1691	2514	1	1.0
1691	2554	1	1.0
1691	2558	1	1.0
1691	2625	1	1.0
1691	2666	1	1.0
1691	2700	1	1.0
1691	2751	1	1.0
1691	2761	1	1.0
1691	2786	1	1.0
1691	2798	1	1.0
1691	2799	1	1.0
1691	2801	1	1.0
1691	2802	1	1.0
1691	2808	1	1.0
1691	2810	1	1.0
1691	2813	1	1.0
1691	2844	1	1.0
1691	2850	1	1.0
1691	2888	1	1.0
1691	2976	1	1.0
1691	2990	1	1.0
1691	2994	1	1.0
1691	3002	1	1.0
1691	3010	1	1.0
1691	3023	1	1.0
1691	3035	1	1.0
1691	3055	1	1.0
1691	3091	1	1.0
1691	3094	1	1.0
1691	3130	1	1.0
1691	3141	1	1.0
1691	3142	1	1.0
1691	3144	1	1.0
1691	3154	1	1.0
1691	3160	1	1.0
1691	3165	1	1.0
1691	3194	1	1.0
1691	3200	1	1.0
1691	3203	1	1.0
1691	3224	1	1.0
1691	3228	1	1.0
1691	3229	1	1.0
1691	3230	1	1.0
1691	3246	1	1.0
1691	3256	1	1.0
1691	3264	1	1.0
1691	3267	1	1.0
1691	3282	1	1.0
1691	3284	1	1.0
1691	3291	1	1.0
1691	3297	1	1.0
1691	3306	1	1.0
1691	3334	1	1.0
1691	3346	1	1.0
1691	3348	1	1.0
1691	3349	1	1.0
1691	3350	1	1.0
1691	3359	1	1.0
1691	3363	1	1.0
1691	3370	1	1.0
1691	3376	1	1.0
1691	3385	1	1.0
1691	3388	1	1.0
1691	3402	1	1.0
1691	3412	1	1.0
1691	3416	1	1.0
1691	3438	1	1.0
1691	3479	1	1.0
1691	3499	1	1.0
1691	3514	1	1.0
1691	3516	1	1.0
1691	3537	1	1.0
1691	3557	1	1.0
1691	3559	1	1.0
1691	3562	1	1.0
1691	3567	1	1.0
1691	3575	1	1.0
1691	3578	1	1.0
1691	3593	1	1.0
1691	3594	1	1.0
1691	3612	1	1.0
1691	3614	1	1.0
1691	3640	1	1.0
1693	2050	1	1.0
1696	1728	1	1.0
1696	1752	1	1.0
1696	1805	1	1.0
1696	1891	1	1.0
1696	1934	1	1.0
1696	1948	1	1.0
1696	1970	1	1.0
1696	2446	1	1.0
1696	2703	1	1.0
1696	1897	0	1.0
1696	1978	0	1.0
1696	2196	0	1.0
1698	1701	1	1.0
1699	1701	1	1.0
1700	1701	0	1.0
1701	1702	1	1.0
1701	1703	1	1.0
1701	1704	1	1.0
1701	1706	1	1.0
1701	1705	0	1.0
1702	1710	1	1.0
1702	1728	1	1.0
1702	1740	1	1.0
1702	1743	1	1.0
1702	1752	1	1.0
1702	1757	1	1.0
1702	1778	1	1.0
1702	1788	1	1.0
1702	1795	1	1.0
1702	1799	1	1.0
1702	1804	1	1.0
1702	1805	1	1.0
1702	1825	1	1.0
1702	1835	1	1.0
1702	1836	1	1.0
1702	1841	1	1.0
1702	1886	1	1.0
1702	1910	1	1.0
1702	1917	1	1.0
1702	1918	1	1.0
1702	1939	1	1.0
1702	1948	1	1.0
1702	1998	1	1.0
1702	2144	1	1.0
1702	2156	1	1.0
1702	2168	1	1.0
1702	2453	1	1.0
1702	2496	1	1.0
1702	2620	1	1.0
1702	2630	1	1.0
1702	2756	1	1.0
1702	2820	1	1.0
1702	2821	1	1.0
1702	2838	1	1.0
1702	2866	1	1.0
1702	2911	1	1.0
1702	3559	1	1.0
1702	3657	1	1.0
1702	3849	1	1.0
1702	2599	0	1.0
1702	3855	0	1.0
1704	1710	1	1.0
1704	1816	1	1.0
1704	1858	1	1.0
1704	1887	1	1.0
1704	1917	1	1.0
1704	1948	1	1.0
1704	2024	1	1.0
1704	2221	1	1.0
1704	2254	1	1.0
1704	2313	1	1.0
1704	2359	1	1.0
1704	2395	1	1.0
1704	2439	1	1.0
1704	2527	1	1.0
1704	2714	1	1.0
1704	2735	1	1.0
1704	2745	1	1.0
1704	2756	1	1.0
1704	2763	1	1.0
1704	2783	1	1.0
1704	2610	0	1.0
1704	2773	0	1.0
1706	2200	1	1.0
1709	2599	1	1.0
1710	1721	1	1.0
1710	1724	1	1.0
1710	1727	1	1.0
1710	1729	1	1.0
1710	1739	1	1.0
1710	1798	1	1.0
1710	1824	1	1.0
1710	1898	1	1.0
1710	1948	1	1.0
1710	2010	1	1.0
1710	2115	1	1.0
1710	2144	1	1.0
1710	2158	1	1.0
1710	2221	1	1.0
1710	2228	1	1.0
1710	2316	1	1.0
1710	2359	1	1.0
1710	2381	1	1.0
1710	2382	1	1.0
1710	2414	1	1.0
1710	2417	1	1.0
1710	2461	1	1.0
1710	2496	1	1.0
1710	2501	1	1.0
1710	2505	1	1.0
1710	2506	1	1.0
1710	2517	1	1.0
1710	2553	1	1.0
1710	2557	1	1.0
1710	2558	1	1.0
1713	1724	1	1.0
1713	1727	1	1.0
1713	1728	1	1.0
1713	1729	1	1.0
1713	1736	1	1.0
1713	1789	1	1.0
1713	1887	1	1.0
1713	1888	1	1.0
1713	2001	1	1.0
1713	2002	1	1.0
1713	2007	1	1.0
1713	2009	1	1.0
1713	2063	1	1.0
1713	2131	1	1.0
1713	2195	1	1.0
1713	2227	1	1.0
1713	2238	1	1.0
1713	2355	1	1.0
1713	2356	1	1.0
1713	2366	1	1.0
1713	2367	1	1.0
1713	2368	1	1.0
1713	2377	1	1.0
1721	1722	1	1.0
1721	1724	1	1.0
1721	1727	1	1.0
1721	1728	1	1.0
1721	1729	1	1.0
1721	1730	1	1.0
1721	1739	1	1.0
1721	1754	1	1.0
1721	1798	1	1.0
1721	1808	1	1.0
1721	1816	1	1.0
1721	1826	1	1.0
1721	1828	1	1.0
1721	1862	1	1.0
1721	1887	1	1.0
1721	1917	1	1.0
1721	1948	1	1.0
1721	1996	1	1.0
1721	1998	1	1.0
1721	2000	1	1.0
1721	2001	1	1.0
1721	2002	1	1.0
1721	2006	1	1.0
1721	2007	1	1.0
1721	2009	1	1.0
1721	2012	1	1.0
1721	2024	1	1.0
1721	2037	1	1.0
1721	2063	1	1.0
1721	2069	1	1.0
1721	2087	1	1.0
1721	2103	1	1.0
1721	2106	1	1.0
1721	2126	1	1.0
1721	2144	1	1.0
1721	2157	1	1.0
1721	2179	1	1.0
1721	2180	1	1.0
1721	2191	1	1.0
1721	2200	1	1.0
1721	2213	1	1.0
1721	2221	1	1.0
1721	2224	1	1.0
1721	2227	1	1.0
1721	2238	1	1.0
1721	2262	1	1.0
1721	2265	1	1.0
1721	2297	1	1.0
1721	2308	1	1.0
1721	2313	1	1.0
1721	2335	1	1.0
1721	2351	1	1.0
1721	2377	1	1.0
1721	2388	1	1.0
1721	2395	1	1.0
1721	2397	1	1.0
1721	2399	1	1.0
1721	2400	1	1.0
1721	2408	1	1.0
1721	2409	1	1.0
1721	2410	1	1.0
1721	2411	1	1.0
1721	2412	1	1.0
1721	2425	1	1.0
1721	2432	1	1.0
1721	2477	1	1.0
1721	2495	1	1.0
1721	2496	1	1.0
1721	2504	1	1.0
1721	2505	1	1.0
1721	2508	1	1.0
1721	2527	1	1.0
1721	2558	1	1.0
1721	2625	1	1.0
1721	2636	1	1.0
1721	2660	1	1.0
1721	2666	1	1.0
1721	2700	1	1.0
1721	2703	1	1.0
1721	2714	1	1.0
1721	2732	1	1.0
1721	2745	1	1.0
1721	2763	1	1.0
1721	2783	1	1.0
1721	2802	1	1.0
1721	2813	1	1.0
1721	2814	1	1.0
1721	2821	1	1.0
1721	2838	1	1.0
1721	2850	1	1.0
1721	2888	1	1.0
1721	2917	1	1.0
1721	2999	1	1.0
1721	3010	1	1.0
1721	3023	1	1.0
1721	3079	1	1.0
1721	3094	1	1.0
1721	3096	1	1.0
1721	3126	1	1.0
1721	3134	1	1.0
1721	3144	1	1.0
1721	3229	1	1.0
1721	3246	1	1.0
1721	3267	1	1.0
1721	3282	1	1.0
1721	3284	1	1.0
1721	3297	1	1.0
1721	3325	1	1.0
1721	3334	1	1.0
1721	3363	1	1.0
1721	3388	1	1.0
1721	3479	1	1.0
1721	3499	1	1.0
1721	3575	1	1.0
1721	3593	1	1.0
1721	3649	1	1.0
1721	3657	1	1.0
1721	3732	1	1.0
1721	2232	0	1.0
1721	2233	0	1.0
1721	2291	0	1.0
1721	2294	0	1.0
1721	2376	0	1.0
1721	2593	0	1.0
1721	2597	0	1.0
1721	2599	0	1.0
1721	2617	0	1.0
1721	2945	0	1.0
1721	2953	0	1.0
1721	2992	0	1.0
1721	3150	0	1.0
1721	3210	0	1.0
1721	3288	0	1.0
1721	3309	0	1.0
1721	3446	0	1.0
1722	1723	1	1.0
1722	1724	1	1.0
1722	1725	1	1.0
1722	1726	1	1.0
1722	1727	1	1.0
1722	1728	1	1.0
1722	1729	1	1.0
1722	1730	1	1.0
1723	2190	1	1.0
1724	1727	1	1.0
1724	1728	1	1.0
1724	1729	1	1.0
1724	1730	1	1.0
1724	1739	1	1.0
1724	1792	1	1.0
1724	1798	1	1.0
1724	1808	1	1.0
1724	1816	1	1.0
1724	1828	1	1.0
1724	1851	1	1.0
1724	1858	1	1.0
1724	1886	1	1.0
1724	1887	1	1.0
1724	1898	1	1.0
1724	1917	1	1.0
1724	1928	1	1.0
1724	1948	1	1.0
1724	1996	1	1.0
1724	1998	1	1.0
1724	2001	1	1.0
1724	2011	1	1.0
1724	2024	1	1.0
1724	2063	1	1.0
1724	2087	1	1.0
1724	2100	1	1.0
1724	2105	1	1.0
1724	2126	1	1.0
1724	2144	1	1.0
1724	2155	1	1.0
1724	2156	1	1.0
1724	2157	1	1.0
1724	2168	1	1.0
1724	2169	1	1.0
1724	2171	1	1.0
1724	2179	1	1.0
1724	2180	1	1.0
1724	2191	1	1.0
1724	2200	1	1.0
1724	2202	1	1.0
1724	2221	1	1.0
1724	2224	1	1.0
1724	2254	1	1.0
1724	2260	1	1.0
1724	2262	1	1.0
1724	2265	1	1.0
1724	2292	1	1.0
1724	2297	1	1.0
1724	2299	1	1.0
1724	2302	1	1.0
1724	2308	1	1.0
1724	2311	1	1.0
1724	2313	1	1.0
1724	2335	1	1.0
1724	2377	1	1.0
1724	2382	1	1.0
1724	2393	1	1.0
1724	2395	1	1.0
1724	2400	1	1.0
1724	2414	1	1.0
1724	2425	1	1.0
1724	2432	1	1.0
1724	2438	1	1.0
1724	2439	1	1.0
1724	2446	1	1.0
1724	2453	1	1.0
1724	2458	1	1.0
1724	2467	1	1.0
1724	2477	1	1.0
1724	2487	1	1.0
1724	2495	1	1.0
1724	2496	1	1.0
1724	2499	1	1.0
1724	2505	1	1.0
1724	2508	1	1.0
1724	2520	1	1.0
1724	2527	1	1.0
1724	2533	1	1.0
1724	2620	1	1.0
1724	2625	1	1.0
1724	2628	1	1.0
1724	2630	1	1.0
1724	2636	1	1.0
1724	2660	1	1.0
1724	2666	1	1.0
1724	2696	1	1.0
1724	2711	1	1.0
1724	2714	1	1.0
1724	2732	1	1.0
1724	2733	1	1.0
1724	2735	1	1.0
1724	2745	1	1.0
1724	2756	1	1.0
1724	2763	1	1.0
1724	2771	1	1.0
1724	2783	1	1.0
1724	2788	1	1.0
1724	2798	1	1.0
1724	2802	1	1.0
1724	2812	1	1.0
1724	2816	1	1.0
1724	2821	1	1.0
1724	2823	1	1.0
1724	2838	1	1.0
1724	2851	1	1.0
1724	2858	1	1.0
1724	2866	1	1.0
1724	2890	1	1.0
1724	2911	1	1.0
1724	2949	1	1.0
1724	2960	1	1.0
1724	2972	1	1.0
1724	3005	1	1.0
1724	3014	1	1.0
1724	3035	1	1.0
1724	3134	1	1.0
1724	3264	1	1.0
1724	3614	1	1.0
1724	2617	0	1.0
1725	1728	1	1.0
1725	1898	1	1.0
1725	2011	1	1.0
1725	2169	1	1.0
1725	2190	1	1.0
1726	1727	1	1.0
1726	1728	1	1.0
1726	1808	1	1.0
1726	1826	1	1.0
1726	1994	1	1.0
1726	1996	1	1.0
1726	2000	1	1.0
1726	2003	1	1.0
1726	2040	1	1.0
1726	2050	1	1.0
1726	2063	1	1.0
1726	2084	1	1.0
1726	2224	1	1.0
1726	2302	1	1.0
1726	2313	1	1.0
1726	2072	0	1.0
1726	2081	0	1.0
1726	2111	0	1.0
1726	2124	0	1.0
1726	2125	0	1.0
1726	2128	0	1.0
1726	2236	0	1.0
1726	2291	0	1.0
1726	2315	0	1.0
1727	1728	1	1.0
1727	1729	1	1.0
1727	1730	1	1.0
1727	1739	1	1.0
1727	1754	1	1.0
1727	1765	1	1.0
1727	1792	1	1.0
1727	1799	1	1.0
1727	1808	1	1.0
1727	1816	1	1.0
1727	1858	1	1.0
1727	1874	1	1.0
1727	1887	1	1.0
1727	1888	1	1.0
1727	1898	1	1.0
1727	1917	1	1.0
1727	1948	1	1.0
1727	1996	1	1.0
1727	1998	1	1.0
1727	2001	1	1.0
1727	2002	1	1.0
1727	2009	1	1.0
1727	2011	1	1.0
1727	2012	1	1.0
1727	2014	1	1.0
1727	2024	1	1.0
1727	2033	1	1.0
1727	2037	1	1.0
1727	2038	1	1.0
1727	2063	1	1.0
1727	2087	1	1.0
1727	2100	1	1.0
1727	2105	1	1.0
1727	2126	1	1.0
1727	2144	1	1.0
1727	2151	1	1.0
1727	2155	1	1.0
1727	2156	1	1.0
1727	2159	1	1.0
1727	2169	1	1.0
1727	2179	1	1.0
1727	2180	1	1.0
1727	2190	1	1.0
1727	2191	1	1.0
1727	2200	1	1.0
1727	2201	1	1.0
1727	2202	1	1.0
1727	2207	1	1.0
1727	2219	1	1.0
1727	2220	1	1.0
1727	2221	1	1.0
1727	2224	1	1.0
1727	2254	1	1.0
1727	2257	1	1.0
1727	2260	1	1.0
1727	2265	1	1.0
1727	2269	1	1.0
1727	2284	1	1.0
1727	2297	1	1.0
1727	2302	1	1.0
1727	2308	1	1.0
1727	2311	1	1.0
1727	2313	1	1.0
1727	2359	1	1.0
1727	2377	1	1.0
1727	2382	1	1.0
1727	2393	1	1.0
1727	2394	1	1.0
1727	2395	1	1.0
1727	2400	1	1.0
1727	2414	1	1.0
1727	2416	1	1.0
1727	2425	1	1.0
1727	2432	1	1.0
1727	2438	1	1.0
1727	2439	1	1.0
1727	2446	1	1.0
1727	2453	1	1.0
1727	2467	1	1.0
1727	2477	1	1.0
1727	2479	1	1.0
1727	2495	1	1.0
1727	2496	1	1.0
1727	2499	1	1.0
1727	2504	1	1.0
1727	2505	1	1.0
1727	2508	1	1.0
1727	2520	1	1.0
1727	2527	1	1.0
1727	2533	1	1.0
1727	2620	1	1.0
1727	2636	1	1.0
1727	2660	1	1.0
1727	2666	1	1.0
1727	2703	1	1.0
1727	2714	1	1.0
1727	2732	1	1.0
1727	2735	1	1.0
1727	2745	1	1.0
1727	2751	1	1.0
1727	2761	1	1.0
1727	2763	1	1.0
1727	2783	1	1.0
1727	2788	1	1.0
1727	2799	1	1.0
1727	2802	1	1.0
1727	2810	1	1.0
1727	2813	1	1.0
1727	2814	1	1.0
1727	2821	1	1.0
1727	2838	1	1.0
1727	2850	1	1.0
1727	2890	1	1.0
1727	3010	1	1.0
1727	3014	1	1.0
1727	3079	1	1.0
1727	3081	1	1.0
1727	3096	1	1.0
1727	3112	1	1.0
1727	3125	1	1.0
1727	3126	1	1.0
1727	3194	1	1.0
1727	3246	1	1.0
1727	3268	1	1.0
1727	3417	1	1.0
1727	3559	1	1.0
1727	3562	1	1.0
1727	3693	1	1.0
1727	3759	1	1.0
1727	3797	1	1.0
1727	2232	0	1.0
1727	2233	0	1.0
1727	2315	0	1.0
1727	2349	0	1.0
1727	2563	0	1.0
1727	2565	0	1.0
1727	2585	0	1.0
1727	2599	0	1.0
1727	2639	0	1.0
1727	2642	0	1.0
1727	2887	0	1.0
1727	2914	0	1.0
1727	2926	0	1.0
1727	3128	0	1.0
1727	3150	0	1.0
1727	3176	0	1.0
1727	3210	0	1.0
1727	3236	0	1.0
1727	3245	0	1.0
1728	1729	1	1.0
1728	1730	1	1.0
1728	1782	1	1.0
1728	1799	1	1.0
1728	1808	1	1.0
1728	1816	1	1.0
1728	1826	1	1.0
1728	1830	1	1.0
1728	1835	1	1.0
1728	1885	1	1.0
1728	1891	1	1.0
1728	1917	1	1.0
1728	1969	1	1.0
1728	1994	1	1.0
1728	1996	1	1.0
1728	2000	1	1.0
1728	2001	1	1.0
1728	2006	1	1.0
1728	2007	1	1.0
1728	2009	1	1.0
1728	2011	1	1.0
1728	2012	1	1.0
1728	2024	1	1.0
1728	2037	1	1.0
1728	2038	1	1.0
1728	2040	1	1.0
1728	2050	1	1.0
1728	2063	1	1.0
1728	2084	1	1.0
1728	2087	1	1.0
1728	2091	1	1.0
1728	2100	1	1.0
1728	2107	1	1.0
1728	2155	1	1.0
1728	2169	1	1.0
1728	2179	1	1.0
1728	2180	1	1.0
1728	2184	1	1.0
1728	2185	1	1.0
1728	2186	1	1.0
1728	2187	1	1.0
1728	2188	1	1.0
1728	2190	1	1.0
1728	2224	1	1.0
1728	2260	1	1.0
1728	2302	1	1.0
1728	2308	1	1.0
1728	2382	1	1.0
1728	2400	1	1.0
1728	2414	1	1.0
1728	2425	1	1.0
1728	2189	0	1.0
1729	1730	1	1.0
1729	1739	1	1.0
1729	1753	1	1.0
1729	1754	1	1.0
1729	1760	1	1.0
1729	1783	1	1.0
1729	1792	1	1.0
1729	1798	1	1.0
1729	1799	1	1.0
1729	1807	1	1.0
1729	1808	1	1.0
1729	1816	1	1.0
1729	1826	1	1.0
1729	1828	1	1.0
1729	1830	1	1.0
1729	1854	1	1.0
1729	1858	1	1.0
1729	1885	1	1.0
1729	1886	1	1.0
1729	1887	1	1.0
1729	1898	1	1.0
1729	1917	1	1.0
1729	1928	1	1.0
1729	1948	1	1.0
1729	1973	1	1.0
1729	1979	1	1.0
1729	1993	1	1.0
1729	1998	1	1.0
1729	2000	1	1.0
1729	2001	1	1.0
1729	2007	1	1.0
1729	2011	1	1.0
1729	2012	1	1.0
1729	2024	1	1.0
1729	2037	1	1.0
1729	2062	1	1.0
1729	2063	1	1.0
1729	2084	1	1.0
1729	2100	1	1.0
1729	2115	1	1.0
1729	2126	1	1.0
1729	2142	1	1.0
1729	2144	1	1.0
1729	2155	1	1.0
1729	2157	1	1.0
1729	2158	1	1.0
1729	2159	1	1.0
1729	2169	1	1.0
1729	2171	1	1.0
1729	2190	1	1.0
1729	2191	1	1.0
1729	2200	1	1.0
1729	2202	1	1.0
1729	2211	1	1.0
1729	2212	1	1.0
1729	2221	1	1.0
1729	2227	1	1.0
1729	2237	1	1.0
1729	2254	1	1.0
1729	2257	1	1.0
1729	2260	1	1.0
1729	2262	1	1.0
1729	2266	1	1.0
1729	2297	1	1.0
1729	2299	1	1.0
1729	2309	1	1.0
1729	2311	1	1.0
1729	2313	1	1.0
1729	2316	1	1.0
1729	2335	1	1.0
1729	2359	1	1.0
1729	2377	1	1.0
1729	2381	1	1.0
1729	2382	1	1.0
1729	2393	1	1.0
1729	2400	1	1.0
1729	2407	1	1.0
1729	2408	1	1.0
1729	2414	1	1.0
1729	2416	1	1.0
1729	2417	1	1.0
1729	2425	1	1.0
1729	2446	1	1.0
1729	2453	1	1.0
1729	2467	1	1.0
1729	2477	1	1.0
1729	2483	1	1.0
1729	2487	1	1.0
1729	2488	1	1.0
1729	2490	1	1.0
1729	2495	1	1.0
1729	2496	1	1.0
1729	2498	1	1.0
1729	2501	1	1.0
1729	2504	1	1.0
1729	2505	1	1.0
1729	2506	1	1.0
1729	2508	1	1.0
1729	2513	1	1.0
1729	2527	1	1.0
1729	2558	1	1.0
1729	2566	1	1.0
1729	2569	1	1.0
1729	2570	1	1.0
1729	2571	1	1.0
1729	2607	1	1.0
1729	2613	1	1.0
1729	2620	1	1.0
1729	2648	1	1.0
1729	2657	1	1.0
1729	2663	1	1.0
1729	2665	1	1.0
1729	2666	1	1.0
1729	2675	1	1.0
1729	2676	1	1.0
1729	2700	1	1.0
1729	2703	1	1.0
1729	2733	1	1.0
1729	2745	1	1.0
1729	2751	1	1.0
1729	2761	1	1.0
1729	2763	1	1.0
1729	2783	1	1.0
1729	2810	1	1.0
1729	2812	1	1.0
1729	2813	1	1.0
1729	2814	1	1.0
1729	2820	1	1.0
1729	2821	1	1.0
1729	2823	1	1.0
1729	2844	1	1.0
1729	2866	1	1.0
1729	2949	1	1.0
1729	3035	1	1.0
1729	3062	1	1.0
1729	3079	1	1.0
1729	3081	1	1.0
1729	3142	1	1.0
1729	3246	1	1.0
1729	3264	1	1.0
1729	3284	1	1.0
1729	3402	1	1.0
1729	3490	1	1.0
1729	3499	1	1.0
1729	3516	1	1.0
1729	3815	1	1.0
1729	3821	1	1.0
1729	2124	0	1.0
1729	2203	0	1.0
1729	2575	0	1.0
1729	2658	0	1.0
1730	1740	1	1.0
1730	1752	1	1.0
1730	1778	1	1.0
1730	1798	1	1.0
1730	1807	1	1.0
1730	1816	1	1.0
1730	1911	1	1.0
1730	1928	1	1.0
1730	1934	1	1.0
1730	1939	1	1.0
1730	1993	1	1.0
1730	1998	1	1.0
1730	2003	1	1.0
1730	2004	1	1.0
1730	2010	1	1.0
1730	2040	1	1.0
1730	2050	1	1.0
1730	2157	1	1.0
1730	2179	1	1.0
1730	2180	1	1.0
1730	2238	1	1.0
1730	2397	1	1.0
1730	2407	1	1.0
1730	2425	1	1.0
1730	2438	1	1.0
1730	2802	1	1.0
1730	2844	1	1.0
1730	2866	1	1.0
1730	3557	1	1.0
1730	3663	1	1.0
1730	3732	1	1.0
1730	2406	0	1.0
1730	2658	0	1.0
1732	1733	1	1.0
1732	1835	1	1.0
1732	1973	1	1.0
1732	2395	1	1.0
1732	2438	1	1.0
1732	3150	0	1.0
1733	1734	1	1.0
1733	1735	1	1.0
1733	1736	1	1.0
1733	1737	1	1.0
1733	1738	1	1.0
1735	1743	1	1.0
1736	1752	1	1.0
1736	1799	1	1.0
1736	2155	1	1.0
1736	2313	1	1.0
1736	2821	1	1.0
1737	1743	1	1.0
1737	1804	1	1.0
1739	1742	1	1.0
1739	1799	1	1.0
1739	1813	1	1.0
1739	1816	1	1.0
1739	1858	1	1.0
1739	1885	1	1.0
1739	1996	1	1.0
1739	1998	1	1.0
1739	2000	1	1.0
1739	2009	1	1.0
1739	2062	1	1.0
1739	2084	1	1.0
1739	2100	1	1.0
1739	2155	1	1.0
1739	2157	1	1.0
1739	2191	1	1.0
1739	2202	1	1.0
1739	2213	1	1.0
1739	2224	1	1.0
1739	2308	1	1.0
1739	2309	1	1.0
1739	2313	1	1.0
1739	2381	1	1.0
1739	2382	1	1.0
1739	2400	1	1.0
1739	2450	1	1.0
1739	2461	1	1.0
1739	2467	1	1.0
1739	2714	1	1.0
1739	2735	1	1.0
1739	2741	1	1.0
1739	2745	1	1.0
1739	2756	1	1.0
1739	2763	1	1.0
1739	2804	1	1.0
1739	2806	1	1.0
1739	2821	1	1.0
1739	2949	1	1.0
1739	2960	1	1.0
1739	3023	1	1.0
1739	1764	0	1.0
1739	2111	0	1.0
1739	2124	0	1.0
1740	1741	1	1.0
1740	1759	1	1.0
1740	1775	1	1.0
1740	1802	1	1.0
1740	1804	1	1.0
1740	1805	1	1.0
1740	1836	1	1.0
1740	1852	1	1.0
1740	1874	1	1.0
1740	1875	1	1.0
1740	1879	1	1.0
1740	1880	1	1.0
1740	1881	1	1.0
1740	1882	1	1.0
1740	1884	1	1.0
1740	1883	0	1.0
1741	1893	1	1.0
1741	1764	0	1.0
1741	1853	0	1.0
1741	1925	0	1.0
1741	1949	0	1.0
1742	1778	1	1.0
1742	1928	1	1.0
1742	2050	1	1.0
1742	2168	1	1.0
1742	2292	1	1.0
1742	2527	1	1.0
1742	2756	1	1.0
1742	2783	1	1.0
1742	2814	1	1.0
1742	2890	1	1.0
1742	2960	1	1.0
1742	2994	1	1.0
1742	3062	1	1.0
1742	3370	1	1.0
1743	1744	1	1.0
1743	1745	1	1.0
1745	1934	1	1.0
1745	2003	1	1.0
1747	2599	1	1.0
1748	2155	1	1.0
1748	2169	1	1.0
1749	1764	0	1.0
1750	2000	1	1.0
1752	1753	1	1.0
1752	1754	1	1.0
1752	1755	1	1.0
1752	1756	1	1.0
1752	1757	1	1.0
1752	1758	1	1.0
1752	1759	1	1.0
1753	1799	1	1.0
1753	1887	1	1.0
1753	1891	1	1.0
1753	1934	1	1.0
1753	2084	1	1.0
1753	2126	1	1.0
1753	2144	1	1.0
1753	2200	1	1.0
1753	2202	1	1.0
1753	2477	1	1.0
1753	2745	1	1.0
1754	1805	1	1.0
1754	1948	1	1.0
1754	2001	1	1.0
1754	2024	1	1.0
1754	2180	1	1.0
1754	2311	1	1.0
1754	2438	1	1.0
1754	2960	1	1.0
1754	2198	0	1.0
1754	2208	0	1.0
1754	2315	0	1.0
1754	2599	0	1.0
1755	1804	1	1.0
1755	1893	1	1.0
1755	1876	0	1.0
1757	1835	1	1.0
1757	1893	1	1.0
1759	1805	1	1.0
1759	1898	1	1.0
1759	1934	1	1.0
1759	1939	1	1.0
1759	3402	1	1.0
1759	1900	0	1.0
1759	1938	0	1.0
1759	1956	0	1.0
1760	1934	1	1.0
1760	2453	1	1.0
1762	2399	1	1.0
1767	1835	1	1.0
1767	3081	1	1.0
1768	1793	0	1.0
1769	3687	1	1.0
1772	2100	1	1.0
1772	2155	1	1.0
1772	2154	0	1.0
1773	1919	0	1.0
1774	2113	1	1.0
1777	3096	1	1.0
1778	1798	1	1.0
1778	1807	1	1.0
1778	1813	1	1.0
1778	1830	1	1.0
1778	1849	1	1.0
1778	1889	1	1.0
1778	1928	1	1.0
1778	1968	1	1.0
1778	1993	1	1.0
1778	1996	1	1.0
1778	2002	1	1.0
1778	2009	1	1.0
1778	2010	1	1.0
1778	2037	1	1.0
1778	2062	1	1.0
1778	2140	1	1.0
1778	2157	1	1.0
1778	2191	1	1.0
1778	2213	1	1.0
1778	2257	1	1.0
1778	2284	1	1.0
1778	2311	1	1.0
1778	2359	1	1.0
1778	2381	1	1.0
1778	2388	1	1.0
1778	2394	1	1.0
1778	2399	1	1.0
1778	2419	1	1.0
1778	2458	1	1.0
1778	2494	1	1.0
1778	2495	1	1.0
1778	2496	1	1.0
1778	2497	1	1.0
1778	2504	1	1.0
1778	2505	1	1.0
1778	2514	1	1.0
1778	2569	1	1.0
1778	2576	1	1.0
1778	2577	1	1.0
1778	2621	1	1.0
1778	2628	1	1.0
1778	2666	1	1.0
1778	2703	1	1.0
1778	2711	1	1.0
1778	2733	1	1.0
1778	2751	1	1.0
1778	2761	1	1.0
1778	2771	1	1.0
1778	2782	1	1.0
1778	2796	1	1.0
1778	2801	1	1.0
1778	2802	1	1.0
1778	2813	1	1.0
1778	2820	1	1.0
1778	2822	1	1.0
1778	2831	1	1.0
1778	2838	1	1.0
1778	2839	1	1.0
1778	2878	1	1.0
1778	2879	1	1.0
1778	2880	1	1.0
1778	2881	1	1.0
1778	2882	1	1.0
1778	2883	1	1.0
1778	2884	1	1.0
1778	2885	1	1.0
1778	2886	1	1.0
1778	2904	1	1.0
1778	2916	1	1.0
1778	2917	1	1.0
1778	2994	1	1.0
1778	3005	1	1.0
1778	3010	1	1.0
1778	3014	1	1.0
1778	3079	1	1.0
1778	3094	1	1.0
1778	3096	1	1.0
1778	3130	1	1.0
1778	3200	1	1.0
1778	3204	1	1.0
1778	3226	1	1.0
1778	3229	1	1.0
1778	3246	1	1.0
1778	3268	1	1.0
1778	3282	1	1.0
1778	3284	1	1.0
1778	3291	1	1.0
1778	3306	1	1.0
1778	3325	1	1.0
1778	3334	1	1.0
1778	3355	1	1.0
1778	3376	1	1.0
1778	3385	1	1.0
1778	3388	1	1.0
1778	3416	1	1.0
1778	3479	1	1.0
1778	3490	1	1.0
1778	3499	1	1.0
1778	3562	1	1.0
1778	3575	1	1.0
1778	3646	1	1.0
1778	3658	1	1.0
1778	3732	1	1.0
1778	3741	1	1.0
1778	3759	1	1.0
1778	3769	1	1.0
1778	3792	1	1.0
1778	3797	1	1.0
1778	2065	0	1.0
1778	2559	0	1.0
1778	2876	0	1.0
1778	2993	0	1.0
1778	3050	0	1.0
1778	3182	0	1.0
1780	1804	1	1.0
1780	1853	0	1.0
1781	1782	0	1.0
1782	1799	1	1.0
1782	2100	1	1.0
1782	2190	1	1.0
1783	1851	1	1.0
1783	2400	1	1.0
1783	2732	1	1.0
1783	2786	1	1.0
1783	2823	1	1.0
1783	3363	1	1.0
1783	3370	1	1.0
1783	3385	1	1.0
1783	3388	1	1.0
1785	1816	1	1.0
1789	2001	1	1.0
1789	2297	1	1.0
1792	1798	1	1.0
1792	1799	1	1.0
1792	1826	1	1.0
1792	1887	1	1.0
1792	1917	1	1.0
1792	1973	1	1.0
1792	1993	1	1.0
1792	2001	1	1.0
1792	2002	1	1.0
1792	2009	1	1.0
1792	2238	1	1.0
1792	2292	1	1.0
1792	2404	1	1.0
1792	2733	1	1.0
1792	3200	1	1.0
1792	3385	1	1.0
1792	2405	0	1.0
1795	1804	1	1.0
1795	1835	1	1.0
1795	1911	1	1.0
1795	1853	0	1.0
1796	1797	1	1.0
1797	1798	0	1.0
1797	1799	0	1.0
1798	1807	1	1.0
1798	1813	1	1.0
1798	1816	1	1.0
1798	1887	1	1.0
1798	1917	1	1.0
1798	1948	1	1.0
1798	2002	1	1.0
1798	2003	1	1.0
1798	2009	1	1.0
1798	2012	1	1.0
1798	2024	1	1.0
1798	2040	1	1.0
1798	2105	1	1.0
1798	2126	1	1.0
1798	2144	1	1.0
1798	2156	1	1.0
1798	2157	1	1.0
1798	2168	1	1.0
1798	2171	1	1.0
1798	2180	1	1.0
1798	2191	1	1.0
1798	2200	1	1.0
1798	2202	1	1.0
1798	2221	1	1.0
1798	2229	1	1.0
1798	2262	1	1.0
1798	2292	1	1.0
1798	2297	1	1.0
1798	2309	1	1.0
1798	2311	1	1.0
1798	2335	1	1.0
1798	2377	1	1.0
1798	2381	1	1.0
1798	2382	1	1.0
1798	2400	1	1.0
1798	2414	1	1.0
1798	2425	1	1.0
1798	2438	1	1.0
1798	2439	1	1.0
1798	2446	1	1.0
1798	2453	1	1.0
1798	2458	1	1.0
1798	2461	1	1.0
1798	2468	1	1.0
1798	2487	1	1.0
1798	2494	1	1.0
1798	2495	1	1.0
1798	2496	1	1.0
1798	2499	1	1.0
1798	2502	1	1.0
1798	2520	1	1.0
1798	2527	1	1.0
1798	2533	1	1.0
1798	2620	1	1.0
1798	2636	1	1.0
1798	2666	1	1.0
1798	2700	1	1.0
1798	2714	1	1.0
1798	2732	1	1.0
1798	2733	1	1.0
1798	2735	1	1.0
1798	2745	1	1.0
1798	2751	1	1.0
1798	2756	1	1.0
1798	2761	1	1.0
1798	2763	1	1.0
1798	2771	1	1.0
1798	2783	1	1.0
1798	2796	1	1.0
1798	2798	1	1.0
1798	2799	1	1.0
1798	2802	1	1.0
1798	2806	1	1.0
1798	2812	1	1.0
1798	2816	1	1.0
1798	2821	1	1.0
1798	2823	1	1.0
1798	2851	1	1.0
1798	2866	1	1.0
1798	2875	1	1.0
1798	2890	1	1.0
1798	2960	1	1.0
1798	2967	1	1.0
1798	2994	1	1.0
1798	3027	1	1.0
1798	3200	1	1.0
1798	3268	1	1.0
1798	1876	0	1.0
1798	1952	0	1.0
1798	2160	0	1.0
1798	2537	0	1.0
1798	2572	0	1.0
1799	1805	1	1.0
1799	1808	1	1.0
1799	1826	1	1.0
1799	1828	1	1.0
1799	1830	1	1.0
1799	1862	1	1.0
1799	1887	1	1.0
1799	1893	1	1.0
1799	1898	1	1.0
1799	1899	1	1.0
1799	1911	1	1.0
1799	1918	1	1.0
1799	1939	1	1.0
1799	1948	1	1.0
1799	1969	1	1.0
1799	1970	1	1.0
1799	1973	1	1.0
1799	1994	1	1.0
1799	1996	1	1.0
1799	1999	1	1.0
1799	2000	1	1.0
1799	2001	1	1.0
1799	2003	1	1.0
1799	2009	1	1.0
1799	2023	1	1.0
1799	2024	1	1.0
1799	2029	1	1.0
1799	2037	1	1.0
1799	2038	1	1.0
1799	2050	1	1.0
1799	2070	1	1.0
1799	2084	1	1.0
1799	2100	1	1.0
1799	2155	1	1.0
1799	2169	1	1.0
1799	2179	1	1.0
1799	2190	1	1.0
1799	2200	1	1.0
1799	2299	1	1.0
1799	2467	1	1.0
1799	2468	1	1.0
1799	2802	1	1.0
1799	1900	0	1.0
1799	1938	0	1.0
1799	1956	0	1.0
1799	1978	0	1.0
1799	1982	0	1.0
1799	2045	0	1.0
1802	1805	1	1.0
1802	1934	1	1.0
1802	1939	1	1.0
1805	1806	1	1.0
1805	1807	1	1.0
1805	1808	1	1.0
1805	1809	1	1.0
1805	1810	1	1.0
1805	1811	1	1.0
1805	1812	1	1.0
1805	1813	1	1.0
1805	1815	1	1.0
1805	1814	0	1.0
1807	1808	1	1.0
1807	1813	1	1.0
1807	1849	1	1.0
1807	1953	1	1.0
1807	1998	1	1.0
1807	2009	1	1.0
1807	2012	1	1.0
1807	2062	1	1.0
1807	2063	1	1.0
1807	2115	1	1.0
1807	2144	1	1.0
1807	2191	1	1.0
1807	2200	1	1.0
1807	2229	1	1.0
1807	2292	1	1.0
1807	2335	1	1.0
1807	2359	1	1.0
1807	2381	1	1.0
1807	2399	1	1.0
1807	2416	1	1.0
1807	2458	1	1.0
1807	2479	1	1.0
1807	2487	1	1.0
1807	2489	1	1.0
1807	2494	1	1.0
1807	2496	1	1.0
1807	2502	1	1.0
1807	2504	1	1.0
1807	2505	1	1.0
1807	2569	1	1.0
1807	2636	1	1.0
1807	2666	1	1.0
1807	2673	1	1.0
1807	2742	1	1.0
1807	2796	1	1.0
1807	2797	1	1.0
1807	2799	1	1.0
1807	2800	1	1.0
1807	2801	1	1.0
1807	2806	1	1.0
1807	2810	1	1.0
1807	2831	1	1.0
1807	2838	1	1.0
1807	2851	1	1.0
1807	2858	1	1.0
1807	2888	1	1.0
1807	2899	1	1.0
1807	2936	1	1.0
1807	2999	1	1.0
1807	3004	1	1.0
1807	3005	1	1.0
1807	3010	1	1.0
1807	3023	1	1.0
1807	3047	1	1.0
1807	3078	1	1.0
1807	3079	1	1.0
1807	3086	1	1.0
1807	3121	1	1.0
1807	3122	1	1.0
1807	3123	1	1.0
1807	3124	1	1.0
1807	3229	1	1.0
1807	3268	1	1.0
1807	3306	1	1.0
1807	3538	1	1.0
1807	3735	1	1.0
1808	1826	1	1.0
1808	1885	1	1.0
1808	1887	1	1.0
1808	1970	1	1.0
1808	1973	1	1.0
1808	1996	1	1.0
1808	2002	1	1.0
1808	2007	1	1.0
1808	2033	1	1.0
1808	2067	1	1.0
1808	2068	1	1.0
1808	2155	1	1.0
1808	2235	1	1.0
1808	2238	1	1.0
1808	2267	1	1.0
1808	3002	1	1.0
1808	1956	0	1.0
1808	1978	0	1.0
1808	2089	0	1.0
1808	2111	0	1.0
1808	2125	0	1.0
1808	2128	0	1.0
1810	1948	1	1.0
1813	1886	1	1.0
1813	1887	1	1.0
1813	1893	1	1.0
1813	1910	1	1.0
1813	1928	1	1.0
1813	1973	1	1.0
1813	1998	1	1.0
1813	2009	1	1.0
1813	2157	1	1.0
1813	2159	1	1.0
1813	2168	1	1.0
1813	2171	1	1.0
1813	2191	1	1.0
1813	2205	1	1.0
1813	2239	1	1.0
1813	2257	1	1.0
1813	2262	1	1.0
1813	2265	1	1.0
1813	2284	1	1.0
1813	2286	1	1.0
1813	2292	1	1.0
1813	2299	1	1.0
1813	2359	1	1.0
1813	2393	1	1.0
1813	2419	1	1.0
1813	2432	1	1.0
1813	2439	1	1.0
1813	2458	1	1.0
1813	2468	1	1.0
1813	2479	1	1.0
1813	2495	1	1.0
1813	2496	1	1.0
1813	2499	1	1.0
1813	2504	1	1.0
1813	2527	1	1.0
1813	2558	1	1.0
1813	2628	1	1.0
1813	2630	1	1.0
1813	2666	1	1.0
1813	2696	1	1.0
1813	2700	1	1.0
1813	2711	1	1.0
1813	2712	1	1.0
1813	2732	1	1.0
1813	2735	1	1.0
1813	2745	1	1.0
1813	2751	1	1.0
1813	2756	1	1.0
1813	2761	1	1.0
1813	2763	1	1.0
1813	2771	1	1.0
1813	2783	1	1.0
1813	2788	1	1.0
1813	2799	1	1.0
1813	2802	1	1.0
1813	2812	1	1.0
1813	2813	1	1.0
1813	2814	1	1.0
1813	2816	1	1.0
1813	2821	1	1.0
1813	2823	1	1.0
1813	2838	1	1.0
1813	2850	1	1.0
1813	2851	1	1.0
1813	2858	1	1.0
1813	2866	1	1.0
1813	2890	1	1.0
1813	2911	1	1.0
1813	2949	1	1.0
1813	2960	1	1.0
1813	2963	1	1.0
1813	2972	1	1.0
1813	2976	1	1.0
1813	2990	1	1.0
1813	3005	1	1.0
1813	3014	1	1.0
1813	3023	1	1.0
1813	3035	1	1.0
1813	3062	1	1.0
1813	3079	1	1.0
1813	3081	1	1.0
1813	3094	1	1.0
1813	3096	1	1.0
1813	3112	1	1.0
1813	3125	1	1.0
1813	3126	1	1.0
1813	3131	1	1.0
1813	3134	1	1.0
1813	3138	1	1.0
1813	3140	1	1.0
1813	3141	1	1.0
1813	3142	1	1.0
1813	3144	1	1.0
1813	3160	1	1.0
1813	3165	1	1.0
1813	3194	1	1.0
1813	3200	1	1.0
1813	3224	1	1.0
1813	3228	1	1.0
1813	3246	1	1.0
1813	3256	1	1.0
1813	3264	1	1.0
1813	3267	1	1.0
1813	3282	1	1.0
1813	3291	1	1.0
1813	3370	1	1.0
1813	3562	1	1.0
1813	3646	1	1.0
1813	2658	0	1.0
1813	2765	0	1.0
1813	2773	0	1.0
1813	2876	0	1.0
1813	2877	0	1.0
1813	2887	0	1.0
1813	2943	0	1.0
1813	2951	0	1.0
1813	2953	0	1.0
1813	2962	0	1.0
1813	2993	0	1.0
1813	3008	0	1.0
1813	3031	0	1.0
1813	3048	0	1.0
1813	3054	0	1.0
1813	3077	0	1.0
1813	3139	0	1.0
1813	3164	0	1.0
1813	3176	0	1.0
1813	3208	0	1.0
1815	1939	1	1.0
1816	1817	1	1.0
1816	1818	1	1.0
1816	1824	1	1.0
1816	1858	1	1.0
1816	1885	1	1.0
1816	1887	1	1.0
1816	1888	1	1.0
1816	1917	1	1.0
1816	1922	1	1.0
1816	1973	1	1.0
1816	2000	1	1.0
1816	2001	1	1.0
1816	2002	1	1.0
1816	2007	1	1.0
1816	2012	1	1.0
1816	2024	1	1.0
1816	2037	1	1.0
1816	2063	1	1.0
1816	2087	1	1.0
1816	2134	1	1.0
1816	2157	1	1.0
1816	2164	1	1.0
1816	2168	1	1.0
1816	2172	1	1.0
1816	2179	1	1.0
1816	2200	1	1.0
1816	2221	1	1.0
1816	2228	1	1.0
1816	2311	1	1.0
1816	2359	1	1.0
1816	2370	1	1.0
1816	2371	1	1.0
1816	2374	1	1.0
1816	2381	1	1.0
1816	2387	1	1.0
1816	2388	1	1.0
1816	2415	1	1.0
1816	2418	1	1.0
1816	2421	1	1.0
1816	2430	1	1.0
1816	2431	1	1.0
1816	2432	1	1.0
1816	2433	1	1.0
1816	2434	1	1.0
1821	2425	1	1.0
1822	2011	1	1.0
1824	1828	1	1.0
1824	1887	1	1.0
1824	2144	1	1.0
1824	2292	1	1.0
1824	2479	1	1.0
1824	2745	1	1.0
1824	2994	1	1.0
1824	3160	1	1.0
1824	3230	1	1.0
1825	1826	1	1.0
1825	1934	1	1.0
1825	2084	1	1.0
1825	1949	0	1.0
1825	2129	0	1.0
1826	1830	1	1.0
1826	1917	1	1.0
1826	2013	1	1.0
1826	2024	1	1.0
1826	2033	1	1.0
1826	2037	1	1.0
1826	2038	1	1.0
1826	2100	1	1.0
1826	2105	1	1.0
1826	2108	1	1.0
1826	2121	1	1.0
1826	2155	1	1.0
1826	2169	1	1.0
1826	2382	1	1.0
1826	2446	1	1.0
1826	2467	1	1.0
1826	1987	0	1.0
1827	3334	0	1.0
1828	1887	1	1.0
1828	1981	1	1.0
1828	2002	1	1.0
1828	2013	1	1.0
1828	2037	1	1.0
1828	2144	1	1.0
1828	2162	1	1.0
1828	2221	1	1.0
1828	2237	1	1.0
1828	2268	1	1.0
1828	2335	1	1.0
1828	2359	1	1.0
1828	2381	1	1.0
1828	2461	1	1.0
1828	2465	1	1.0
1828	2486	1	1.0
1829	3230	1	1.0
1829	3763	1	1.0
1830	1898	1	1.0
1830	1948	1	1.0
1830	2000	1	1.0
1830	2003	1	1.0
1830	2024	1	1.0
1830	2050	1	1.0
1830	2144	1	1.0
1830	2171	1	1.0
1830	2179	1	1.0
1830	2202	1	1.0
1830	2221	1	1.0
1830	2308	1	1.0
1830	2359	1	1.0
1830	2395	1	1.0
1830	2453	1	1.0
1830	2467	1	1.0
1830	2505	1	1.0
1830	2533	1	1.0
1830	2620	1	1.0
1830	2636	1	1.0
1830	2660	1	1.0
1830	2745	1	1.0
1830	2763	1	1.0
1830	2812	1	1.0
1830	2866	1	1.0
1830	2949	1	1.0
1830	1958	0	1.0
1830	2008	0	1.0
1830	2090	0	1.0
1830	2291	0	1.0
1830	2740	0	1.0
1831	1832	0	1.0
1834	2105	1	1.0
1834	2179	1	1.0
1834	2508	1	1.0
1835	1836	1	1.0
1836	1911	1	1.0
1836	1900	0	1.0
1836	1919	0	1.0
1839	1840	0	1.0
1841	3142	1	1.0
1842	3619	1	1.0
1843	1844	1	1.0
1844	1845	1	1.0
1846	1994	1	1.0
1846	2003	1	1.0
1846	2040	1	1.0
1846	2050	1	1.0
1848	3562	1	1.0
1849	2000	1	1.0
1849	2416	1	1.0
1849	2458	1	1.0
1849	2496	1	1.0
1849	2851	1	1.0
1849	2917	1	1.0
1849	2994	1	1.0
1849	3268	1	1.0
1849	3306	1	1.0
1849	3646	1	1.0
1849	3693	1	1.0
1851	2002	1	1.0
1851	2371	1	1.0
1851	2430	1	1.0
1851	2666	1	1.0
1851	2742	1	1.0
1851	2799	1	1.0
1851	2904	1	1.0
1851	3084	1	1.0
1851	3154	1	1.0
1851	3160	1	1.0
1851	3258	1	1.0
1851	3283	1	1.0
1851	3284	1	1.0
1851	3361	1	1.0
1851	3367	1	1.0
1851	3368	1	1.0
1851	3397	1	1.0
1851	3410	1	1.0
1852	1893	1	1.0
1852	1900	0	1.0
1854	2377	1	1.0
1854	2475	0	1.0
1857	3212	1	1.0
1858	1885	1	1.0
1858	1887	1	1.0
1858	1888	1	1.0
1858	1898	1	1.0
1858	1917	1	1.0
1858	1996	1	1.0
1858	2002	1	1.0
1858	2011	1	1.0
1858	2024	1	1.0
1858	2036	1	1.0
1858	2087	1	1.0
1858	2100	1	1.0
1858	2105	1	1.0
1858	2131	1	1.0
1858	2147	1	1.0
1858	2191	1	1.0
1858	2200	1	1.0
1858	2214	1	1.0
1858	2221	1	1.0
1858	2225	1	1.0
1858	2228	1	1.0
1858	2234	1	1.0
1858	2238	1	1.0
1858	2276	1	1.0
1858	2277	1	1.0
1858	2278	1	1.0
1858	2280	1	1.0
1858	2281	1	1.0
1858	2414	1	1.0
1858	2823	1	1.0
1858	2232	0	1.0
1858	2279	0	1.0
1861	2495	1	1.0
1861	2496	1	1.0
1861	3756	1	1.0
1862	1968	1	1.0
1862	1969	1	1.0
1862	2050	1	1.0
1862	2213	1	1.0
1862	2394	1	1.0
1862	2496	1	1.0
1862	2643	1	1.0
1862	2666	1	1.0
1862	2703	1	1.0
1862	2783	1	1.0
1862	2799	1	1.0
1862	2999	1	1.0
1862	3002	1	1.0
1862	3091	1	1.0
1862	3160	1	1.0
1862	3166	1	1.0
1862	3235	1	1.0
1862	3279	1	1.0
1862	3284	1	1.0
1862	3348	1	1.0
1862	3355	1	1.0
1862	3374	1	1.0
1862	3412	1	1.0
1862	3438	1	1.0
1862	3553	1	1.0
1862	3555	1	1.0
1862	3556	1	1.0
1862	3575	1	1.0
1862	3628	1	1.0
1862	3629	1	1.0
1862	3647	1	1.0
1862	3650	1	1.0
1862	3684	1	1.0
1862	3693	1	1.0
1862	3780	1	1.0
1862	3821	1	1.0
1864	1891	1	1.0
1865	2838	1	1.0
1872	1956	0	1.0
1873	3230	1	1.0
1873	3297	1	1.0
1876	1877	1	1.0
1878	2130	1	1.0
1878	2533	1	1.0
1885	1887	1	1.0
1885	1948	1	1.0
1885	1950	1	1.0
1885	1951	1	1.0
1885	1996	1	1.0
1885	1999	1	1.0
1885	2003	1	1.0
1885	2024	1	1.0
1885	2029	1	1.0
1885	2084	1	1.0
1885	2105	1	1.0
1885	2126	1	1.0
1885	2157	1	1.0
1885	2180	1	1.0
1885	2190	1	1.0
1885	2262	1	1.0
1885	2302	1	1.0
1885	2308	1	1.0
1885	2313	1	1.0
1885	2335	1	1.0
1885	2377	1	1.0
1885	2393	1	1.0
1885	2400	1	1.0
1885	2416	1	1.0
1885	2425	1	1.0
1885	2604	1	1.0
1885	2733	1	1.0
1885	2798	1	1.0
1885	2802	1	1.0
1885	2812	1	1.0
1885	2917	1	1.0
1885	3005	1	1.0
1885	3023	1	1.0
1885	3035	1	1.0
1885	3436	1	1.0
1885	3438	1	1.0
1885	3562	1	1.0
1885	3640	1	1.0
1885	3693	1	1.0
1885	3796	1	1.0
1885	3831	1	1.0
1885	3837	1	1.0
1886	1931	1	1.0
1886	2009	1	1.0
1886	2190	1	1.0
1886	2265	1	1.0
1886	2316	1	1.0
1886	2381	1	1.0
1886	2382	1	1.0
1886	2400	1	1.0
1886	2502	1	1.0
1886	2504	1	1.0
1886	2558	1	1.0
1886	2630	1	1.0
1886	2666	1	1.0
1886	2681	1	1.0
1886	2751	1	1.0
1886	2761	1	1.0
1886	2796	1	1.0
1886	2988	1	1.0
1886	3014	1	1.0
1886	3023	1	1.0
1886	3033	1	1.0
1886	3091	1	1.0
1886	3093	1	1.0
1886	3154	1	1.0
1886	3170	1	1.0
1886	3229	1	1.0
1886	3246	1	1.0
1886	3258	1	1.0
1886	3259	1	1.0
1886	3260	1	1.0
1886	3261	1	1.0
1886	3262	1	1.0
1887	1888	1	1.0
1887	1917	1	1.0
1887	1993	1	1.0
1887	1996	1	1.0
1887	1998	1	1.0
1887	2002	1	1.0
1887	2010	1	1.0
1887	2012	1	1.0
1887	2024	1	1.0
1887	2037	1	1.0
1887	2062	1	1.0
1887	2063	1	1.0
1887	2069	1	1.0
1887	2087	1	1.0
1887	2101	1	1.0
1887	2138	1	1.0
1887	2156	1	1.0
1887	2157	1	1.0
1887	2169	1	1.0
1887	2171	1	1.0
1887	2179	1	1.0
1887	2185	1	1.0
1887	2190	1	1.0
1887	2191	1	1.0
1887	2200	1	1.0
1887	2211	1	1.0
1887	2213	1	1.0
1887	2221	1	1.0
1887	2224	1	1.0
1887	2230	1	1.0
1887	2257	1	1.0
1887	2260	1	1.0
1887	2265	1	1.0
1887	2266	1	1.0
1887	2286	1	1.0
1887	2297	1	1.0
1887	2308	1	1.0
1887	2311	1	1.0
1887	2313	1	1.0
1887	2357	1	1.0
1887	2359	1	1.0
1887	2381	1	1.0
1887	2388	1	1.0
1887	2407	1	1.0
1887	2411	1	1.0
1887	2414	1	1.0
1887	2417	1	1.0
1887	2419	1	1.0
1887	2425	1	1.0
1887	2432	1	1.0
1887	2438	1	1.0
1887	2439	1	1.0
1887	2446	1	1.0
1887	2453	1	1.0
1887	2467	1	1.0
1887	2477	1	1.0
1887	2489	1	1.0
1887	2490	1	1.0
1887	2491	1	1.0
1887	2492	1	1.0
1887	2493	1	1.0
1887	2494	1	1.0
1887	2495	1	1.0
1887	2496	1	1.0
1887	2497	1	1.0
1887	2498	1	1.0
1887	2499	1	1.0
1887	2500	1	1.0
1887	2501	1	1.0
1887	2502	1	1.0
1887	2503	1	1.0
1887	2504	1	1.0
1887	2505	1	1.0
1887	2506	1	1.0
1887	2507	1	1.0
1887	2508	1	1.0
1887	2527	1	1.0
1887	2533	1	1.0
1887	2735	1	1.0
1887	2745	1	1.0
1887	2763	1	1.0
1887	2783	1	1.0
1887	2788	1	1.0
1887	2812	1	1.0
1887	2821	1	1.0
1887	2823	1	1.0
1887	2838	1	1.0
1887	2866	1	1.0
1887	2183	0	1.0
1888	1917	1	1.0
1888	2221	1	1.0
1888	2382	1	1.0
1888	2414	1	1.0
1888	2439	1	1.0
1888	2771	1	1.0
1888	2823	1	1.0
1888	3246	1	1.0
1889	1973	1	1.0
1889	2155	1	1.0
1889	2487	1	1.0
1889	2495	1	1.0
1889	3268	1	1.0
1890	1934	1	1.0
1890	1939	1	1.0
1891	1899	1	1.0
1891	1975	1	1.0
1891	1976	1	1.0
1891	1977	1	1.0
1892	1934	1	1.0
1893	1894	1	1.0
1895	1896	0	1.0
1897	1898	0	1.0
1897	1899	0	1.0
1898	1910	1	1.0
1898	1994	1	1.0
1898	1996	1	1.0
1898	2000	1	1.0
1898	2002	1	1.0
1898	2007	1	1.0
1898	2011	1	1.0
1898	2067	1	1.0
1898	2135	1	1.0
1898	2144	1	1.0
1898	2172	1	1.0
1898	2173	1	1.0
1898	2190	1	1.0
1898	2200	1	1.0
1898	2202	1	1.0
1898	2733	1	1.0
1898	3759	1	1.0
1898	1986	0	1.0
1898	1987	0	1.0
1898	1991	0	1.0
1899	1994	1	1.0
1899	2000	1	1.0
1899	2003	1	1.0
1899	2040	1	1.0
1899	2100	1	1.0
1899	3160	1	1.0
1899	1900	0	1.0
1899	1987	0	1.0
1899	1990	0	1.0
1899	1991	0	1.0
1899	2049	0	1.0
1899	2125	0	1.0
1905	1934	1	1.0
1910	1970	1	1.0
1910	2229	1	1.0
1910	2265	1	1.0
1910	2309	1	1.0
1910	2359	1	1.0
1910	2381	1	1.0
1910	2504	1	1.0
1910	2505	1	1.0
1910	2666	1	1.0
1910	2796	1	1.0
1910	2799	1	1.0
1910	2988	1	1.0
1910	3023	1	1.0
1910	3094	1	1.0
1910	3124	1	1.0
1911	1912	1	1.0
1911	1913	1	1.0
1913	2105	1	1.0
1913	2311	1	1.0
1914	1915	1	1.0
1917	1973	1	1.0
1917	1996	1	1.0
1917	2001	1	1.0
1917	2002	1	1.0
1917	2009	1	1.0
1917	2012	1	1.0
1917	2024	1	1.0
1917	2083	1	1.0
1917	2135	1	1.0
1917	2155	1	1.0
1917	2179	1	1.0
1917	2190	1	1.0
1917	2221	1	1.0
1917	2235	1	1.0
1917	2238	1	1.0
1917	2254	1	1.0
1917	2308	1	1.0
1917	2313	1	1.0
1917	2335	1	1.0
1917	2358	1	1.0
1917	2370	1	1.0
1917	2379	1	1.0
1917	2380	1	1.0
1917	2381	1	1.0
1917	2400	1	1.0
1917	2414	1	1.0
1917	2425	1	1.0
1917	2432	1	1.0
1917	2439	1	1.0
1917	2620	1	1.0
1917	2636	1	1.0
1917	2714	1	1.0
1917	2745	1	1.0
1917	2949	1	1.0
1917	3194	1	1.0
1926	2202	1	1.0
1926	2400	1	1.0
1927	2040	1	1.0
1927	2050	1	1.0
1927	2400	1	1.0
1928	1993	1	1.0
1928	2002	1	1.0
1928	2009	1	1.0
1928	2200	1	1.0
1928	2213	1	1.0
1928	2286	1	1.0
1928	2292	1	1.0
1928	2357	1	1.0
1928	2381	1	1.0
1928	2458	1	1.0
1928	2461	1	1.0
1928	2488	1	1.0
1928	2502	1	1.0
1928	2505	1	1.0
1928	2621	1	1.0
1928	2630	1	1.0
1928	2666	1	1.0
1928	2699	1	1.0
1928	2741	1	1.0
1928	2801	1	1.0
1928	2805	1	1.0
1928	2810	1	1.0
1928	2863	1	1.0
1928	2864	1	1.0
1928	2898	1	1.0
1928	2940	1	1.0
1928	2997	1	1.0
1928	2998	1	1.0
1928	2999	1	1.0
1928	3000	1	1.0
1928	3758	0	1.0
1931	2558	1	1.0
1931	3229	1	1.0
1934	1935	1	1.0
1934	1936	1	1.0
1934	1937	1	1.0
1935	2658	0	1.0
1939	1940	1	1.0
1939	1941	1	1.0
1940	2851	1	1.0
1948	1973	1	1.0
1948	1979	1	1.0
1948	1996	1	1.0
1948	2000	1	1.0
1948	2007	1	1.0
1948	2115	1	1.0
1948	2144	1	1.0
1948	2213	1	1.0
1948	2221	1	1.0
1948	2258	1	1.0
1948	2266	1	1.0
1948	2270	1	1.0
1948	2284	1	1.0
1948	2316	1	1.0
1948	2359	1	1.0
1948	2381	1	1.0
1948	2417	1	1.0
1948	2461	1	1.0
1948	2479	1	1.0
1948	2501	1	1.0
1948	2505	1	1.0
1948	2553	1	1.0
1948	2573	1	1.0
1948	2587	1	1.0
1948	2588	1	1.0
1948	2589	1	1.0
1948	2590	1	1.0
1948	2788	1	1.0
1948	2697	0	1.0
1948	3164	0	1.0
1950	2084	1	1.0
1950	2155	1	1.0
1950	2254	1	1.0
1950	2400	1	1.0
1950	2160	0	1.0
1951	2000	1	1.0
1954	2260	1	1.0
1955	2003	1	1.0
1955	2712	1	1.0
1955	3062	1	1.0
1958	1959	0	1.0
1968	2067	1	1.0
1968	2114	1	1.0
1968	2157	1	1.0
1968	2297	1	1.0
1968	2316	1	1.0
1968	2365	1	1.0
1968	2371	1	1.0
1968	2394	1	1.0
1968	2416	1	1.0
1968	2488	1	1.0
1968	2491	1	1.0
1968	2505	1	1.0
1968	2643	1	1.0
1968	2666	1	1.0
1968	2734	1	1.0
1968	2799	1	1.0
1968	2810	1	1.0
1968	2888	1	1.0
1968	2890	1	1.0
1968	2916	1	1.0
1968	2936	1	1.0
1968	2977	1	1.0
1968	2990	1	1.0
1968	2999	1	1.0
1968	3114	1	1.0
1968	3160	1	1.0
1968	3171	1	1.0
1968	3284	1	1.0
1968	3305	1	1.0
1968	3318	1	1.0
1968	3351	1	1.0
1968	3359	1	1.0
1968	3393	1	1.0
1968	3407	1	1.0
1968	3412	1	1.0
1968	3438	1	1.0
1968	3460	1	1.0
1968	3465	1	1.0
1968	3485	1	1.0
1968	3496	1	1.0
1968	3514	1	1.0
1968	3546	1	1.0
1968	3553	1	1.0
1968	3556	1	1.0
1968	3574	1	1.0
1968	3601	1	1.0
1968	3606	1	1.0
1968	3612	1	1.0
1968	3628	1	1.0
1968	3629	1	1.0
1968	3647	1	1.0
1968	3684	1	1.0
1968	3708	1	1.0
1968	3709	1	1.0
1968	2352	0	1.0
1969	1973	1	1.0
1969	2009	1	1.0
1969	2100	1	1.0
1969	2190	1	1.0
1969	2313	1	1.0
1969	2467	1	1.0
1969	2495	1	1.0
1969	2628	1	1.0
1969	2666	1	1.0
1969	2703	1	1.0
1969	2799	1	1.0
1969	2810	1	1.0
1969	2866	1	1.0
1969	2890	1	1.0
1969	2916	1	1.0
1969	2917	1	1.0
1969	2960	1	1.0
1969	2977	1	1.0
1969	3081	1	1.0
1969	3140	1	1.0
1969	3246	1	1.0
1969	3306	1	1.0
1969	3363	1	1.0
1969	3562	1	1.0
1969	3640	1	1.0
1969	3646	1	1.0
1969	3732	1	1.0
1969	3815	1	1.0
1969	3826	1	1.0
1969	3837	1	1.0
1970	1972	1	1.0
1970	1973	1	1.0
1970	1971	0	1.0
1973	1993	1	1.0
1973	1996	1	1.0
1973	2087	1	1.0
1973	2155	1	1.0
1973	2200	1	1.0
1973	2224	1	1.0
1973	2254	1	1.0
1973	2260	1	1.0
1973	2297	1	1.0
1973	2377	1	1.0
1973	2414	1	1.0
1973	2428	1	1.0
1973	2491	1	1.0
1973	2499	1	1.0
1973	2799	1	1.0
1973	2999	1	1.0
1973	3079	1	1.0
1973	3081	1	1.0
1973	3160	1	1.0
1973	3200	1	1.0
1973	3256	1	1.0
1973	3284	1	1.0
1973	3348	1	1.0
1973	3351	1	1.0
1973	3402	1	1.0
1973	3418	1	1.0
1973	3559	1	1.0
1973	3657	1	1.0
1973	3849	1	1.0
1973	2291	0	1.0
1973	2307	0	1.0
1973	2526	0	1.0
1973	2584	0	1.0
1973	3208	0	1.0
1973	3354	0	1.0
1973	3454	0	1.0
1975	2190	1	1.0
1975	1990	0	1.0
1979	3264	1	1.0
1979	3370	1	1.0
1979	3646	1	1.0
1980	2171	1	1.0
1980	3693	1	1.0
1984	1994	1	1.0
1985	2144	1	1.0
1985	2291	0	1.0
1987	1988	1	1.0
1989	2040	1	1.0
1989	2050	1	1.0
1992	1994	1	1.0
1993	2000	1	1.0
1993	2040	1	1.0
1993	2113	1	1.0
1993	2159	1	1.0
1993	2191	1	1.0
1993	2202	1	1.0
1993	2221	1	1.0
1993	2297	1	1.0
1993	2302	1	1.0
1993	2377	1	1.0
1993	2382	1	1.0
1993	2394	1	1.0
1993	2395	1	1.0
1993	2416	1	1.0
1993	2419	1	1.0
1993	2432	1	1.0
1993	2439	1	1.0
1993	2505	1	1.0
1993	2620	1	1.0
1993	2660	1	1.0
1993	2703	1	1.0
1993	2706	1	1.0
1993	2714	1	1.0
1993	2732	1	1.0
1993	2735	1	1.0
1993	2745	1	1.0
1993	2756	1	1.0
1993	2763	1	1.0
1993	2788	1	1.0
1993	2812	1	1.0
1993	2813	1	1.0
1993	2844	1	1.0
1993	2851	1	1.0
1993	2858	1	1.0
1993	2917	1	1.0
1993	3130	1	1.0
1993	3204	1	1.0
1993	3226	1	1.0
1993	3264	1	1.0
1993	3284	1	1.0
1993	3363	1	1.0
1993	3479	1	1.0
1993	3490	1	1.0
1993	3499	1	1.0
1993	3537	1	1.0
1993	3669	1	1.0
1993	3756	1	1.0
1993	3759	1	1.0
1993	3780	1	1.0
1993	3797	1	1.0
1994	1995	1	1.0
1994	1996	1	1.0
1994	1997	1	1.0
1994	1998	1	1.0
1994	1999	1	1.0
1994	2000	1	1.0
1996	2001	1	1.0
1996	2002	1	1.0
1996	2037	1	1.0
1996	2060	1	1.0
1996	2063	1	1.0
1996	2068	1	1.0
1996	2080	1	1.0
1996	2087	1	1.0
1996	2126	1	1.0
1996	2127	1	1.0
1996	2141	1	1.0
1996	2155	1	1.0
1996	2169	1	1.0
1996	2171	1	1.0
1996	2190	1	1.0
1996	2213	1	1.0
1996	2238	1	1.0
1996	2254	1	1.0
1996	2268	1	1.0
1996	2283	1	1.0
1996	2289	1	1.0
1996	2300	1	1.0
1996	2308	1	1.0
1996	2313	1	1.0
1996	2394	1	1.0
1996	2495	1	1.0
1996	2735	1	1.0
1996	2745	1	1.0
1996	2756	1	1.0
1996	2763	1	1.0
1996	2820	1	1.0
1996	2916	1	1.0
1996	3318	1	1.0
1996	3438	1	1.0
1996	3514	1	1.0
1996	3575	1	1.0
1996	3640	1	1.0
1996	3646	1	1.0
1996	3674	1	1.0
1996	3769	1	1.0
1996	3815	1	1.0
1996	3821	1	1.0
1996	3827	1	1.0
1996	3831	1	1.0
1996	2198	0	1.0
1996	2233	0	1.0
1996	2291	0	1.0
1996	2765	0	1.0
1996	2775	0	1.0
1996	2887	0	1.0
1996	3008	0	1.0
1996	3012	0	1.0
1996	3654	0	1.0
1997	2000	1	1.0
1997	2003	1	1.0
1997	2040	1	1.0
1998	2002	1	1.0
1998	2012	1	1.0
1998	2024	1	1.0
1998	2062	1	1.0
1998	2202	1	1.0
1998	2213	1	1.0
1998	2221	1	1.0
1998	2260	1	1.0
1998	2262	1	1.0
1998	2266	1	1.0
1998	2297	1	1.0
1998	2313	1	1.0
1998	2357	1	1.0
1998	2359	1	1.0
1998	2381	1	1.0
1998	2382	1	1.0
1998	2389	1	1.0
1998	2457	1	1.0
1998	2468	1	1.0
1998	2489	1	1.0
1998	2492	1	1.0
1998	2495	1	1.0
1998	2496	1	1.0
1998	2497	1	1.0
1998	2501	1	1.0
1998	2508	1	1.0
1998	2533	1	1.0
1998	2614	1	1.0
1998	2621	1	1.0
1998	2628	1	1.0
1998	2630	1	1.0
1998	2645	1	1.0
1998	2711	1	1.0
1998	2745	1	1.0
1998	2751	1	1.0
1998	2777	1	1.0
1998	2790	1	1.0
1998	2792	1	1.0
1998	2796	1	1.0
1998	2814	1	1.0
1998	2821	1	1.0
1998	2831	1	1.0
1998	2838	1	1.0
1998	2848	1	1.0
1998	2851	1	1.0
1998	2902	1	1.0
1998	2903	1	1.0
1998	2904	1	1.0
1998	2905	1	1.0
1998	2906	1	1.0
1998	2907	1	1.0
1998	2910	1	1.0
1998	2949	1	1.0
1998	2960	1	1.0
1998	2291	0	1.0
1998	2599	0	1.0
1998	2908	0	1.0
1998	2909	0	1.0
1999	2000	1	1.0
1999	2003	1	1.0
1999	2040	1	1.0
1999	2050	1	1.0
2000	2009	1	1.0
2000	2010	1	1.0
2000	2021	1	1.0
2000	2024	1	1.0
2000	2040	1	1.0
2000	2224	1	1.0
2000	2438	1	1.0
2000	2620	1	1.0
2000	2625	1	1.0
2000	2636	1	1.0
2000	2745	1	1.0
2000	2838	1	1.0
2000	3224	1	1.0
2000	3479	1	1.0
2000	3562	1	1.0
2000	3631	1	1.0
2000	3390	0	1.0
2001	2007	1	1.0
2001	2010	1	1.0
2001	2038	1	1.0
2001	2087	1	1.0
2001	2122	1	1.0
2001	2134	1	1.0
2001	2146	1	1.0
2001	2155	1	1.0
2001	2169	1	1.0
2001	2179	1	1.0
2001	2180	1	1.0
2001	2190	1	1.0
2001	2214	1	1.0
2001	2224	1	1.0
2001	2238	1	1.0
2001	2260	1	1.0
2001	2268	1	1.0
2001	2269	1	1.0
2001	2356	1	1.0
2001	2357	1	1.0
2001	2371	1	1.0
2001	2373	1	1.0
2001	2377	1	1.0
2001	2382	1	1.0
2001	2008	0	1.0
2001	2065	0	1.0
2001	2183	0	1.0
2001	2196	0	1.0
2001	2203	0	1.0
2001	2216	0	1.0
2001	2218	0	1.0
2001	2232	0	1.0
2001	2233	0	1.0
2001	2290	0	1.0
2001	2291	0	1.0
2001	2307	0	1.0
2001	2315	0	1.0
2001	2353	0	1.0
2001	2372	0	1.0
2001	2398	0	1.0
2002	2011	1	1.0
2002	2024	1	1.0
2002	2063	1	1.0
2002	2087	1	1.0
2002	2100	1	1.0
2002	2105	1	1.0
2002	2155	1	1.0
2002	2168	1	1.0
2002	2171	1	1.0
2002	2179	1	1.0
2002	2180	1	1.0
2002	2190	1	1.0
2002	2191	1	1.0
2002	2239	1	1.0
2002	2254	1	1.0
2002	2260	1	1.0
2002	2262	1	1.0
2002	2265	1	1.0
2002	2284	1	1.0
2002	2292	1	1.0
2002	2297	1	1.0
2002	2299	1	1.0
2002	2302	1	1.0
2002	2308	1	1.0
2002	2313	1	1.0
2002	2359	1	1.0
2002	2373	1	1.0
2002	2382	1	1.0
2002	2399	1	1.0
2002	2400	1	1.0
2002	2414	1	1.0
2002	2425	1	1.0
2002	2432	1	1.0
2002	2438	1	1.0
2002	2439	1	1.0
2002	2446	1	1.0
2002	2453	1	1.0
2002	2458	1	1.0
2002	2467	1	1.0
2002	2468	1	1.0
2002	2477	1	1.0
2002	2479	1	1.0
2002	2496	1	1.0
2002	2499	1	1.0
2002	2504	1	1.0
2002	2508	1	1.0
2002	2520	1	1.0
2002	2527	1	1.0
2002	2628	1	1.0
2002	2630	1	1.0
2002	2666	1	1.0
2002	2696	1	1.0
2002	2711	1	1.0
2002	2732	1	1.0
2002	2733	1	1.0
2002	2761	1	1.0
2002	2771	1	1.0
2002	2783	1	1.0
2002	2786	1	1.0
2002	2788	1	1.0
2002	2810	1	1.0
2002	2813	1	1.0
2002	2821	1	1.0
2002	2823	1	1.0
2002	2838	1	1.0
2002	2851	1	1.0
2002	2858	1	1.0
2002	2866	1	1.0
2002	2888	1	1.0
2002	2890	1	1.0
2002	2911	1	1.0
2002	2949	1	1.0
2002	2960	1	1.0
2002	2972	1	1.0
2002	3079	1	1.0
2002	3081	1	1.0
2002	3094	1	1.0
2002	3096	1	1.0
2002	3112	1	1.0
2002	3125	1	1.0
2002	3126	1	1.0
2002	3131	1	1.0
2002	3134	1	1.0
2002	3138	1	1.0
2002	3140	1	1.0
2002	3141	1	1.0
2002	3144	1	1.0
2002	3160	1	1.0
2002	3165	1	1.0
2002	3194	1	1.0
2002	3224	1	1.0
2002	3230	1	1.0
2002	3291	1	1.0
2002	3363	1	1.0
2002	3370	1	1.0
2002	3376	1	1.0
2002	3385	1	1.0
2002	3388	1	1.0
2002	3402	1	1.0
2002	2160	0	1.0
2002	2165	0	1.0
2003	2004	1	1.0
2003	2009	1	1.0
2003	2025	1	1.0
2003	2041	1	1.0
2003	2043	1	1.0
2003	2044	1	1.0
2003	2045	0	1.0
2004	2040	1	1.0
2004	2302	1	1.0
2004	2425	1	1.0
2005	2190	1	1.0
2006	2011	1	1.0
2006	2100	1	1.0
2006	2239	1	1.0
2006	2495	1	1.0
2006	2496	1	1.0
2006	2949	1	1.0
2006	3023	1	1.0
2007	2126	1	1.0
2007	2144	1	1.0
2007	2179	1	1.0
2007	2453	1	1.0
2007	2467	1	1.0
2007	2487	1	1.0
2007	2508	1	1.0
2007	2520	1	1.0
2007	2620	1	1.0
2007	2636	1	1.0
2009	2011	1	1.0
2009	2040	1	1.0
2009	2050	1	1.0
2009	2084	1	1.0
2009	2100	1	1.0
2009	2155	1	1.0
2009	2169	1	1.0
2009	2180	1	1.0
2009	2190	1	1.0
2009	2205	1	1.0
2009	2297	1	1.0
2009	2377	1	1.0
2009	2381	1	1.0
2009	2382	1	1.0
2009	2400	1	1.0
2009	2414	1	1.0
2009	2419	1	1.0
2009	2495	1	1.0
2009	2502	1	1.0
2009	2504	1	1.0
2009	2666	1	1.0
2009	2696	1	1.0
2009	2711	1	1.0
2009	2796	1	1.0
2009	2799	1	1.0
2009	2809	1	1.0
2009	2850	1	1.0
2009	2863	1	1.0
2009	2888	1	1.0
2009	2946	1	1.0
2009	2978	1	1.0
2009	2988	1	1.0
2009	3091	1	1.0
2009	3112	1	1.0
2009	3151	1	1.0
2009	3162	1	1.0
2009	3194	1	1.0
2009	3246	1	1.0
2009	3438	1	1.0
2009	2065	0	1.0
2009	2208	0	1.0
2010	2100	1	1.0
2010	2126	1	1.0
2010	2144	1	1.0
2010	2156	1	1.0
2010	2171	1	1.0
2010	2179	1	1.0
2010	2200	1	1.0
2010	2359	1	1.0
2010	2414	1	1.0
2010	2425	1	1.0
2010	2432	1	1.0
2010	2453	1	1.0
2010	2499	1	1.0
2010	2508	1	1.0
2010	2520	1	1.0
2010	2527	1	1.0
2010	2735	1	1.0
2010	2745	1	1.0
2010	2756	1	1.0
2010	2783	1	1.0
2010	2812	1	1.0
2010	2537	0	1.0
2010	2744	0	1.0
2010	2773	0	1.0
2011	2023	1	1.0
2011	2037	1	1.0
2011	2087	1	1.0
2011	2179	1	1.0
2011	2185	1	1.0
2011	2190	1	1.0
2011	2193	1	1.0
2011	2199	1	1.0
2011	2200	1	1.0
2011	2382	1	1.0
2011	2210	0	1.0
2012	2024	1	1.0
2012	2105	1	1.0
2012	2126	1	1.0
2012	2144	1	1.0
2012	2179	1	1.0
2012	2180	1	1.0
2012	2311	1	1.0
2012	2432	1	1.0
2012	2467	1	1.0
2012	2479	1	1.0
2012	2495	1	1.0
2012	2496	1	1.0
2012	2505	1	1.0
2012	2527	1	1.0
2012	2620	1	1.0
2012	2714	1	1.0
2012	2949	1	1.0
2012	3079	1	1.0
2012	3096	1	1.0
2012	3131	1	1.0
2012	2547	0	1.0
2012	2639	0	1.0
2012	2641	0	1.0
2012	3074	0	1.0
2013	2179	1	1.0
2020	3562	1	1.0
2021	2254	1	1.0
2023	2050	1	1.0
2023	2084	1	1.0
2023	2190	1	1.0
2024	2037	1	1.0
2024	2063	1	1.0
2024	2080	1	1.0
2024	2134	1	1.0
2024	2213	1	1.0
2024	2316	1	1.0
2024	2320	1	1.0
2024	2359	1	1.0
2024	2370	1	1.0
2024	2371	1	1.0
2024	2374	1	1.0
2024	2381	1	1.0
2024	2387	1	1.0
2024	2407	1	1.0
2024	2418	1	1.0
2024	2422	1	1.0
2024	2423	1	1.0
2024	2424	1	1.0
2024	2111	0	1.0
2024	2124	0	1.0
2026	3160	1	1.0
2027	2074	1	1.0
2029	2084	1	1.0
2029	2858	1	1.0
2029	2866	1	1.0
2031	2703	1	1.0
2031	2706	1	1.0
2031	3200	1	1.0
2031	3815	1	1.0
2031	3821	1	1.0
2032	2100	1	1.0
2033	2100	1	1.0
2034	2432	1	1.0
2035	2128	0	1.0
2035	2129	0	1.0
2036	2169	1	1.0
2037	2126	1	1.0
2037	2169	1	1.0
2037	2190	1	1.0
2037	2200	1	1.0
2037	2202	1	1.0
2037	2224	1	1.0
2037	2313	1	1.0
2037	2425	1	1.0
2037	2453	1	1.0
2037	2477	1	1.0
2037	2504	1	1.0
2037	2714	1	1.0
2037	2745	1	1.0
2037	2751	1	1.0
2037	2763	1	1.0
2037	2821	1	1.0
2037	2972	1	1.0
2037	3144	1	1.0
2037	3370	1	1.0
2037	3438	1	1.0
2037	3514	1	1.0
2037	3668	1	1.0
2037	2183	0	1.0
2038	2155	1	1.0
2038	2169	1	1.0
2038	2477	1	1.0
2038	2183	0	1.0
2040	2041	1	1.0
2040	2042	1	1.0
2040	2084	1	1.0
2040	2257	1	1.0
2040	2394	1	1.0
2040	2419	1	1.0
2040	2425	1	1.0
2040	3081	1	1.0
2040	3562	1	1.0
2040	3674	1	1.0
2040	3703	1	1.0
2042	2113	1	1.0
2042	3284	1	1.0
2046	3246	1	1.0
2046	2089	0	1.0
2047	2048	0	1.0
2050	2051	1	1.0
2050	2052	1	1.0
2050	2053	1	1.0
2050	2054	1	1.0
2056	2313	1	1.0
2057	2169	1	1.0
2057	2890	1	1.0
2057	3693	1	1.0
2058	2155	1	1.0
2059	2888	1	1.0
2059	3267	1	1.0
2060	3388	1	1.0
2061	2508	1	1.0
2062	2144	1	1.0
2062	2156	1	1.0
2062	2179	1	1.0
2062	2191	1	1.0
2062	2200	1	1.0
2062	2221	1	1.0
2062	2262	1	1.0
2062	2311	1	1.0
2062	2335	1	1.0
2062	2359	1	1.0
2062	2432	1	1.0
2062	2477	1	1.0
2062	2487	1	1.0
2062	2495	1	1.0
2062	2496	1	1.0
2062	2504	1	1.0
2062	2508	1	1.0
2062	2628	1	1.0
2062	2714	1	1.0
2062	2732	1	1.0
2062	2745	1	1.0
2062	2763	1	1.0
2062	2788	1	1.0
2062	2813	1	1.0
2062	2823	1	1.0
2062	2838	1	1.0
2062	2866	1	1.0
2062	3126	1	1.0
2062	3134	1	1.0
2062	2775	0	1.0
2063	2087	1	1.0
2063	2112	1	1.0
2063	2144	1	1.0
2063	2157	1	1.0
2063	2179	1	1.0
2063	2180	1	1.0
2063	2200	1	1.0
2063	2213	1	1.0
2063	2214	1	1.0
2063	2238	1	1.0
2063	2289	1	1.0
2063	2299	1	1.0
2063	2400	1	1.0
2063	2467	1	1.0
2063	2495	1	1.0
2063	2216	0	1.0
2063	2291	0	1.0
2063	2537	0	1.0
2063	2546	0	1.0
2063	2565	0	1.0
2063	2572	0	1.0
2063	2583	0	1.0
2063	2591	0	1.0
2063	2599	0	1.0
2063	2713	0	1.0
2063	2762	0	1.0
2065	2066	0	1.0
2065	3084	0	1.0
2065	3154	0	1.0
2067	2190	1	1.0
2067	2508	1	1.0
2067	2466	0	1.0
2068	3268	1	1.0
2068	2203	0	1.0
2069	2157	1	1.0
2069	2179	1	1.0
2069	2221	1	1.0
2069	2527	1	1.0
2069	2558	1	1.0
2069	2745	1	1.0
2069	2751	1	1.0
2069	2850	1	1.0
2069	2904	1	1.0
2069	2960	1	1.0
2069	2963	1	1.0
2069	3224	1	1.0
2069	3264	1	1.0
2069	3355	1	1.0
2069	3631	1	1.0
2071	2155	1	1.0
2071	2181	0	1.0
2072	2073	1	1.0
2074	2075	0	1.0
2076	2297	0	1.0
2076	2381	0	1.0
2076	3304	0	1.0
2080	2100	1	1.0
2082	2084	1	1.0
2083	2084	1	1.0
2083	2377	1	1.0
2084	2085	1	1.0
2084	2086	1	1.0
2084	2087	1	1.0
2087	2137	1	1.0
2087	2152	1	1.0
2087	2169	1	1.0
2087	2200	1	1.0
2087	2213	1	1.0
2087	2214	1	1.0
2087	2224	1	1.0
2087	2235	1	1.0
2087	2238	1	1.0
2087	2240	1	1.0
2087	2241	1	1.0
2087	2242	1	1.0
2087	2243	1	1.0
2087	2244	1	1.0
2087	2245	1	1.0
2087	2246	1	1.0
2087	2247	1	1.0
2087	2248	1	1.0
2087	2249	1	1.0
2087	2250	1	1.0
2087	2251	1	1.0
2087	2252	1	1.0
2087	2253	1	1.0
2087	2254	1	1.0
2087	2255	1	1.0
2087	2256	1	1.0
2087	2257	1	1.0
2087	2258	1	1.0
2087	2259	1	1.0
2087	2260	1	1.0
2087	2414	1	1.0
2087	2425	1	1.0
2087	2232	0	1.0
2091	2100	1	1.0
2091	2190	1	1.0
2091	2257	1	1.0
2091	2712	1	1.0
2091	2976	1	1.0
2091	3200	1	1.0
2091	3453	0	1.0
2098	2377	1	1.0
2099	2892	0	1.0
2100	2101	1	1.0
2100	2102	1	1.0
2101	2453	1	1.0
2101	2477	1	1.0
2101	2745	1	1.0
2101	2763	1	1.0
2101	2160	0	1.0
2103	2190	1	1.0
2103	2269	1	1.0
2104	2858	1	1.0
2104	3141	1	1.0
2105	2185	1	1.0
2105	2213	1	1.0
2105	2221	1	1.0
2105	2266	1	1.0
2105	2270	1	1.0
2105	2316	1	1.0
2105	2359	1	1.0
2105	2381	1	1.0
2105	2388	1	1.0
2105	2487	1	1.0
2105	2496	1	1.0
2105	2501	1	1.0
2105	2511	1	1.0
2105	2548	1	1.0
2105	2549	1	1.0
2105	2550	1	1.0
2105	2551	1	1.0
2109	2751	1	1.0
2109	3264	1	1.0
2112	2438	1	1.0
2112	2446	1	1.0
2113	2262	1	1.0
2113	2496	1	1.0
2113	2505	1	1.0
2113	2666	1	1.0
2113	2799	1	1.0
2113	2810	1	1.0
2113	2916	1	1.0
2113	2990	1	1.0
2113	2999	1	1.0
2113	3160	1	1.0
2113	3284	1	1.0
2113	3348	1	1.0
2113	3351	1	1.0
2113	3409	1	1.0
2113	3412	1	1.0
2113	3513	1	1.0
2113	3539	1	1.0
2113	3540	1	1.0
2114	2140	1	1.0
2114	2862	1	1.0
2114	2904	1	1.0
2114	2977	1	1.0
2114	3334	1	1.0
2114	3355	1	1.0
2114	3631	1	1.0
2114	3680	1	1.0
2114	3693	1	1.0
2114	3711	1	1.0
2114	3725	1	1.0
2114	3732	1	1.0
2114	3741	1	1.0
2114	3759	1	1.0
2114	3792	1	1.0
2114	3797	1	1.0
2114	3815	1	1.0
2114	3827	1	1.0
2114	3782	0	1.0
2114	3788	0	1.0
2114	3798	0	1.0
2115	2126	1	1.0
2115	2144	1	1.0
2115	2200	1	1.0
2115	2202	1	1.0
2115	2335	1	1.0
2115	2487	1	1.0
2115	2495	1	1.0
2115	2496	1	1.0
2115	2505	1	1.0
2115	2527	1	1.0
2115	2660	1	1.0
2115	2714	1	1.0
2115	2735	1	1.0
2115	2745	1	1.0
2115	2756	1	1.0
2115	2763	1	1.0
2115	2783	1	1.0
2115	2821	1	1.0
2115	2838	1	1.0
2115	2851	1	1.0
2115	3014	1	1.0
2115	3035	1	1.0
2115	3226	1	1.0
2115	3646	1	1.0
2115	3732	1	1.0
2115	2572	0	1.0
2115	2664	0	1.0
2116	2453	1	1.0
2119	2213	1	1.0
2120	2453	1	1.0
2122	2260	1	1.0
2126	2127	1	1.0
2126	2141	1	1.0
2126	2144	1	1.0
2126	2159	1	1.0
2126	2187	1	1.0
2126	2202	1	1.0
2126	2221	1	1.0
2126	2262	1	1.0
2126	2297	1	1.0
2126	2316	1	1.0
2126	2335	1	1.0
2126	2359	1	1.0
2126	2381	1	1.0
2126	2417	1	1.0
2126	2461	1	1.0
2126	2482	1	1.0
2126	2487	1	1.0
2126	2496	1	1.0
2126	2501	1	1.0
2126	2505	1	1.0
2126	2506	1	1.0
2126	2517	1	1.0
2126	2552	1	1.0
2126	2558	1	1.0
2126	2605	1	1.0
2126	2606	1	1.0
2126	2607	1	1.0
2126	2608	1	1.0
2126	2609	1	1.0
2127	2851	1	1.0
2127	3538	1	1.0
2127	3614	1	1.0
2131	2254	1	1.0
2132	2751	1	1.0
2134	2382	1	1.0
2134	2446	1	1.0
2134	2520	1	1.0
2134	2823	1	1.0
2135	2155	1	1.0
2135	2169	1	1.0
2136	2208	0	1.0
2136	2210	0	1.0
2138	2458	1	1.0
2138	2491	1	1.0
2138	2666	1	1.0
2138	2831	1	1.0
2138	2851	1	1.0
2138	2904	1	1.0
2138	3268	1	1.0
2138	3284	1	1.0
2138	3299	1	1.0
2138	3361	1	1.0
2138	3417	1	1.0
2138	3420	1	1.0
2138	3438	1	1.0
2138	3606	1	1.0
2138	3612	1	1.0
2138	3633	1	1.0
2138	3666	1	1.0
2138	3695	1	1.0
2138	3696	1	1.0
2138	3765	1	1.0
2138	3766	1	1.0
2138	3785	1	1.0
2138	3791	1	1.0
2138	3827	1	1.0
2138	3828	1	1.0
2138	3839	1	1.0
2138	3840	1	1.0
2138	3841	1	1.0
2139	2313	1	1.0
2140	2213	1	1.0
2140	2458	1	1.0
2140	2666	1	1.0
2140	2783	1	1.0
2140	2799	1	1.0
2140	2853	1	1.0
2140	2898	1	1.0
2140	2986	1	1.0
2140	3160	1	1.0
2140	3350	1	1.0
2140	3412	1	1.0
2140	3533	1	1.0
2140	3546	1	1.0
2140	3626	1	1.0
2140	3658	1	1.0
2140	3666	1	1.0
2141	2508	1	1.0
2141	3007	0	1.0
2142	2202	1	1.0
2142	2254	1	1.0
2142	2265	1	1.0
2142	2438	1	1.0
2142	2446	1	1.0
2142	2453	1	1.0
2142	2508	1	1.0
2143	2851	1	1.0
2143	3538	1	1.0
2143	3668	1	1.0
2143	3703	1	1.0
2144	2169	1	1.0
2144	2179	1	1.0
2144	2185	1	1.0
2144	2190	1	1.0
2144	2200	1	1.0
2144	2221	1	1.0
2144	2265	1	1.0
2144	2270	1	1.0
2144	2316	1	1.0
2144	2335	1	1.0
2144	2357	1	1.0
2144	2359	1	1.0
2144	2381	1	1.0
2144	2412	1	1.0
2144	2461	1	1.0
2144	2477	1	1.0
2144	2479	1	1.0
2144	2480	1	1.0
2144	2487	1	1.0
2144	2496	1	1.0
2144	2501	1	1.0
2144	2505	1	1.0
2144	2506	1	1.0
2144	2519	1	1.0
2144	2566	1	1.0
2144	2567	1	1.0
2144	2568	1	1.0
2144	2569	1	1.0
2145	3370	1	1.0
2145	3668	1	1.0
2146	2190	1	1.0
2146	2495	1	1.0
2146	3246	1	1.0
2146	3562	1	1.0
2146	2174	0	1.0
2146	2547	0	1.0
2146	2563	0	1.0
2148	2169	0	1.0
2153	3693	1	1.0
2153	2565	0	1.0
2153	2857	0	1.0
2153	2927	0	1.0
2153	3801	0	1.0
2153	3833	0	1.0
2155	2156	1	1.0
2155	2157	1	1.0
2155	2297	1	1.0
2155	2348	1	1.0
2155	3646	1	1.0
2155	3447	0	1.0
2156	2200	1	1.0
2156	2213	1	1.0
2156	2221	1	1.0
2156	2266	1	1.0
2156	2316	1	1.0
2156	2359	1	1.0
2156	2381	1	1.0
2156	2384	1	1.0
2156	2389	1	1.0
2156	2479	1	1.0
2156	2487	1	1.0
2156	2501	1	1.0
2156	2533	1	1.0
2156	2559	0	1.0
2157	2179	1	1.0
2157	2200	1	1.0
2157	2213	1	1.0
2157	2221	1	1.0
2157	2229	1	1.0
2157	2262	1	1.0
2157	2265	1	1.0
2157	2284	1	1.0
2157	2357	1	1.0
2157	2359	1	1.0
2157	2381	1	1.0
2157	2395	1	1.0
2157	2425	1	1.0
2157	2458	1	1.0
2157	2461	1	1.0
2157	2487	1	1.0
2157	2489	1	1.0
2157	2494	1	1.0
2157	2496	1	1.0
2157	2502	1	1.0
2157	2504	1	1.0
2157	2505	1	1.0
2157	2508	1	1.0
2157	2509	1	1.0
2157	2514	1	1.0
2157	2533	1	1.0
2157	2666	1	1.0
2157	2700	1	1.0
2157	2706	1	1.0
2157	2733	1	1.0
2157	2738	1	1.0
2157	2745	1	1.0
2157	2746	1	1.0
2157	2761	1	1.0
2157	2763	1	1.0
2157	2771	1	1.0
2157	2796	1	1.0
2157	2799	1	1.0
2157	2801	1	1.0
2157	2802	1	1.0
2157	2814	1	1.0
2157	2820	1	1.0
2157	2850	1	1.0
2157	2875	1	1.0
2157	2878	1	1.0
2157	2890	1	1.0
2157	2972	1	1.0
2157	2990	1	1.0
2157	3002	1	1.0
2157	3013	1	1.0
2157	3028	1	1.0
2157	3029	1	1.0
2157	3046	1	1.0
2157	3079	1	1.0
2157	3096	1	1.0
2157	3200	1	1.0
2157	3224	1	1.0
2157	3229	1	1.0
2157	3267	1	1.0
2157	3297	1	1.0
2157	3325	1	1.0
2157	3334	1	1.0
2157	3416	1	1.0
2157	3438	1	1.0
2157	3479	1	1.0
2157	3499	1	1.0
2157	3559	1	1.0
2157	3562	1	1.0
2157	3575	1	1.0
2157	3593	1	1.0
2157	3646	1	1.0
2157	3657	1	1.0
2157	3668	1	1.0
2157	3687	1	1.0
2157	3732	1	1.0
2157	3759	1	1.0
2157	3797	1	1.0
2157	3809	1	1.0
2157	3815	1	1.0
2157	3826	1	1.0
2157	3849	1	1.0
2157	2160	0	1.0
2157	2619	0	1.0
2157	2639	0	1.0
2157	2744	0	1.0
2157	2765	0	1.0
2157	2877	0	1.0
2157	2901	0	1.0
2157	2943	0	1.0
2157	2951	0	1.0
2157	2992	0	1.0
2157	3008	0	1.0
2157	3210	0	1.0
2157	3445	0	1.0
2158	2200	1	1.0
2158	2755	0	1.0
2159	2286	1	1.0
2159	2302	1	1.0
2159	2381	1	1.0
2159	2419	1	1.0
2159	2424	1	1.0
2159	2496	1	1.0
2159	2502	1	1.0
2159	2504	1	1.0
2159	2630	1	1.0
2159	2666	1	1.0
2159	2763	1	1.0
2159	2796	1	1.0
2159	2799	1	1.0
2159	3062	1	1.0
2159	3109	1	1.0
2159	3130	1	1.0
2159	3154	1	1.0
2159	3170	1	1.0
2159	3263	1	1.0
2159	3334	1	1.0
2159	3417	1	1.0
2159	3657	1	1.0
2159	3693	1	1.0
2159	2871	0	1.0
2159	3040	0	1.0
2160	2166	0	1.0
2160	2284	0	1.0
2160	2311	0	1.0
2160	2381	0	1.0
2160	2505	0	1.0
2160	2667	0	1.0
2160	2701	0	1.0
2160	2702	0	1.0
2160	2716	0	1.0
2160	2717	0	1.0
2164	2438	1	1.0
2164	2446	1	1.0
2164	2453	1	1.0
2164	2508	1	1.0
2166	3388	1	1.0
2167	2398	0	1.0
2168	2284	1	1.0
2168	2381	1	1.0
2168	2432	1	1.0
2168	2467	1	1.0
2168	2496	1	1.0
2168	2497	1	1.0
2168	2628	1	1.0
2168	2790	1	1.0
2168	2796	1	1.0
2169	2170	1	1.0
2169	2171	1	1.0
2169	2172	1	1.0
2169	2190	1	1.0
2169	2196	0	1.0
2169	2198	0	1.0
2171	2213	1	1.0
2171	2237	1	1.0
2171	2311	1	1.0
2171	2359	1	1.0
2171	2381	1	1.0
2171	2493	1	1.0
2171	2495	1	1.0
2171	2496	1	1.0
2171	2497	1	1.0
2171	2499	1	1.0
2171	2504	1	1.0
2171	2505	1	1.0
2171	2704	1	1.0
2171	2738	1	1.0
2171	2780	1	1.0
2171	3318	1	1.0
2171	3680	1	1.0
2171	2709	0	1.0
2172	2190	1	1.0
2175	2890	1	1.0
2175	2176	0	1.0
2175	3510	0	1.0
2176	2177	0	1.0
2179	2221	1	1.0
2179	2268	1	1.0
2179	2286	1	1.0
2179	2297	1	1.0
2179	2359	1	1.0
2179	2377	1	1.0
2179	2381	1	1.0
2179	2382	1	1.0
2179	2400	1	1.0
2179	2407	1	1.0
2179	2409	1	1.0
2179	2425	1	1.0
2179	2461	1	1.0
2179	2465	1	1.0
2179	2477	1	1.0
2179	2479	1	1.0
2179	2482	1	1.0
2179	2745	1	1.0
2180	2212	1	1.0
2180	2235	1	1.0
2180	2238	1	1.0
2180	2268	1	1.0
2180	2295	1	1.0
2180	2396	1	1.0
2181	2182	0	1.0
2184	2446	1	1.0
2184	2467	1	1.0
2185	2190	1	1.0
2185	2745	1	1.0
2186	2190	1	1.0
2190	2191	1	1.0
2190	2192	1	1.0
2190	2193	1	1.0
2191	2213	1	1.0
2191	2221	1	1.0
2191	2292	1	1.0
2191	2311	1	1.0
2191	2335	1	1.0
2191	2359	1	1.0
2191	2381	1	1.0
2191	2388	1	1.0
2191	2389	1	1.0
2191	2479	1	1.0
2191	2489	1	1.0
2191	2496	1	1.0
2191	2497	1	1.0
2191	2498	1	1.0
2191	2499	1	1.0
2191	2504	1	1.0
2191	2505	1	1.0
2191	2569	1	1.0
2191	2628	1	1.0
2191	2643	1	1.0
2191	2704	1	1.0
2191	2731	1	1.0
2191	2745	1	1.0
2191	2790	1	1.0
2191	2802	1	1.0
2191	2812	1	1.0
2191	2828	1	1.0
2191	2829	1	1.0
2191	2830	1	1.0
2191	2831	1	1.0
2191	2917	1	1.0
2191	3023	1	1.0
2191	3160	1	1.0
2191	3562	1	1.0
2191	3654	0	1.0
2196	2197	0	1.0
2197	2269	1	1.0
2199	2290	0	1.0
2199	2291	0	1.0
2200	2212	1	1.0
2200	2221	1	1.0
2200	2224	1	1.0
2200	2229	1	1.0
2200	2237	1	1.0
2200	2265	1	1.0
2200	2270	1	1.0
2200	2297	1	1.0
2200	2309	1	1.0
2200	2316	1	1.0
2200	2335	1	1.0
2200	2359	1	1.0
2200	2381	1	1.0
2200	2388	1	1.0
2200	2389	1	1.0
2200	2394	1	1.0
2200	2400	1	1.0
2200	2401	1	1.0
2200	2408	1	1.0
2200	2412	1	1.0
2200	2467	1	1.0
2200	2496	1	1.0
2200	2501	1	1.0
2200	2505	1	1.0
2200	2506	1	1.0
2200	2517	1	1.0
2200	2560	1	1.0
2200	2561	1	1.0
2200	2821	1	1.0
2200	2866	1	1.0
2200	2583	0	1.0
2202	2221	1	1.0
2202	2274	1	1.0
2202	2292	1	1.0
2202	2297	1	1.0
2202	2311	1	1.0
2202	2316	1	1.0
2202	2325	1	1.0
2202	2327	1	1.0
2202	2331	1	1.0
2202	2332	1	1.0
2202	2335	1	1.0
2202	2338	1	1.0
2202	2339	1	1.0
2202	2345	1	1.0
2202	2357	1	1.0
2202	2359	1	1.0
2202	2375	1	1.0
2202	2381	1	1.0
2202	2382	1	1.0
2202	2400	1	1.0
2202	2417	1	1.0
2202	2488	1	1.0
2202	2496	1	1.0
2202	2498	1	1.0
2202	2501	1	1.0
2202	2504	1	1.0
2202	2505	1	1.0
2202	2506	1	1.0
2202	2566	1	1.0
2202	2615	1	1.0
2202	2645	1	1.0
2202	2648	1	1.0
2202	2650	1	1.0
2202	2651	1	1.0
2202	2652	1	1.0
2202	2653	1	1.0
2202	2654	1	1.0
2202	2655	1	1.0
2203	2204	1	1.0
2203	2205	0	1.0
2205	2229	1	1.0
2205	2381	1	1.0
2205	2394	1	1.0
2205	2458	1	1.0
2205	2479	1	1.0
2205	2488	1	1.0
2205	2504	1	1.0
2205	2666	1	1.0
2205	2741	1	1.0
2205	2796	1	1.0
2205	2799	1	1.0
2205	2805	1	1.0
2205	2831	1	1.0
2205	2863	1	1.0
2205	2888	1	1.0
2205	3002	1	1.0
2205	3033	1	1.0
2205	3097	1	1.0
2205	3127	1	1.0
2205	3559	1	1.0
2205	3116	0	1.0
2205	3157	0	1.0
2206	3291	1	1.0
2206	3562	1	1.0
2208	2209	1	1.0
2210	2213	0	1.0
2211	3226	1	1.0
2212	2398	0	1.0
2212	2559	0	1.0
2212	2563	0	1.0
2212	2684	0	1.0
2213	2221	1	1.0
2213	2262	1	1.0
2213	2297	1	1.0
2213	2299	1	1.0
2213	2302	1	1.0
2213	2308	1	1.0
2213	2309	1	1.0
2213	2335	1	1.0
2213	2393	1	1.0
2213	2399	1	1.0
2213	2401	1	1.0
2213	2428	1	1.0
2213	2446	1	1.0
2213	2453	1	1.0
2213	2468	1	1.0
2213	2495	1	1.0
2213	2496	1	1.0
2213	2505	1	1.0
2213	2520	1	1.0
2213	2576	1	1.0
2213	2628	1	1.0
2213	2630	1	1.0
2213	2666	1	1.0
2213	2728	1	1.0
2213	2733	1	1.0
2213	2735	1	1.0
2213	2763	1	1.0
2213	2771	1	1.0
2213	2784	1	1.0
2213	2788	1	1.0
2213	2798	1	1.0
2213	2799	1	1.0
2213	2802	1	1.0
2213	2813	1	1.0
2213	2838	1	1.0
2213	2862	1	1.0
2213	2866	1	1.0
2213	2890	1	1.0
2213	2916	1	1.0
2213	2960	1	1.0
2213	2972	1	1.0
2213	2977	1	1.0
2213	2994	1	1.0
2213	2999	1	1.0
2213	3005	1	1.0
2213	3023	1	1.0
2213	3035	1	1.0
2213	3062	1	1.0
2213	3079	1	1.0
2213	3138	1	1.0
2213	3142	1	1.0
2213	3160	1	1.0
2213	3162	1	1.0
2213	3212	1	1.0
2213	3226	1	1.0
2213	3256	1	1.0
2213	3268	1	1.0
2213	3278	1	1.0
2213	3284	1	1.0
2213	3297	1	1.0
2213	3306	1	1.0
2213	3318	1	1.0
2213	3334	1	1.0
2213	3348	1	1.0
2213	3351	1	1.0
2213	3361	1	1.0
2213	3385	1	1.0
2213	3412	1	1.0
2213	3418	1	1.0
2213	3452	1	1.0
2213	3479	1	1.0
2213	3480	1	1.0
2213	3532	1	1.0
2213	3557	1	1.0
2213	3559	1	1.0
2213	3567	1	1.0
2213	3594	1	1.0
2213	3646	1	1.0
2213	3649	1	1.0
2213	3657	1	1.0
2213	3663	1	1.0
2213	3674	1	1.0
2213	3684	1	1.0
2213	3693	1	1.0
2213	3703	1	1.0
2213	3732	1	1.0
2213	3780	1	1.0
2213	3809	1	1.0
2213	3815	1	1.0
2213	3821	1	1.0
2213	3826	1	1.0
2213	3837	1	1.0
2213	3849	1	1.0
2214	2254	1	1.0
2214	2308	1	1.0
2215	2216	1	1.0
2220	2221	1	1.0
2220	2477	1	1.0
2221	2237	1	1.0
2221	2266	1	1.0
2221	2282	1	1.0
2221	2284	1	1.0
2221	2297	1	1.0
2221	2311	1	1.0
2221	2335	1	1.0
2221	2357	1	1.0
2221	2381	1	1.0
2221	2388	1	1.0
2221	2399	1	1.0
2221	2416	1	1.0
2221	2417	1	1.0
2221	2431	1	1.0
2221	2480	1	1.0
2221	2489	1	1.0
2221	2492	1	1.0
2221	2493	1	1.0
2221	2496	1	1.0
2221	2498	1	1.0
2221	2501	1	1.0
2221	2504	1	1.0
2221	2505	1	1.0
2221	2506	1	1.0
2221	2508	1	1.0
2221	2509	1	1.0
2221	2517	1	1.0
2221	2520	1	1.0
2221	2527	1	1.0
2221	2578	1	1.0
2221	2621	1	1.0
2221	2636	1	1.0
2221	2645	1	1.0
2221	2669	1	1.0
2221	2681	1	1.0
2221	2714	1	1.0
2221	2718	1	1.0
2221	2719	1	1.0
2221	2720	1	1.0
2221	2721	1	1.0
2221	2722	1	1.0
2221	2723	1	1.0
2221	2732	1	1.0
2221	2745	1	1.0
2221	2763	1	1.0
2221	2821	1	1.0
2221	3096	1	1.0
2221	2481	0	1.0
2221	2572	0	1.0
2221	2584	0	1.0
2221	2585	0	1.0
2221	2592	0	1.0
2221	2684	0	1.0
2221	2687	0	1.0
2221	2709	0	1.0
2221	2713	0	1.0
2222	2400	1	1.0
2224	2238	1	1.0
2224	2377	1	1.0
2224	2735	1	1.0
2224	2745	1	1.0
2224	2844	1	1.0
2224	2851	1	1.0
2224	2866	1	1.0
2224	3160	1	1.0
2224	3224	1	1.0
2224	3385	1	1.0
2224	2291	0	1.0
2225	2400	1	1.0
2226	2254	1	1.0
2227	3284	1	1.0
2228	2308	1	1.0
2229	2239	1	1.0
2229	2262	1	1.0
2229	2265	1	1.0
2229	2284	1	1.0
2229	2299	1	1.0
2229	2393	1	1.0
2229	2399	1	1.0
2229	2446	1	1.0
2229	2479	1	1.0
2229	2504	1	1.0
2229	2630	1	1.0
2229	2696	1	1.0
2229	2712	1	1.0
2229	2733	1	1.0
2229	2798	1	1.0
2229	2802	1	1.0
2229	2813	1	1.0
2229	2890	1	1.0
2229	3035	1	1.0
2229	3062	1	1.0
2229	3079	1	1.0
2229	3094	1	1.0
2229	3096	1	1.0
2229	3112	1	1.0
2229	3125	1	1.0
2229	3126	1	1.0
2229	3131	1	1.0
2229	3134	1	1.0
2229	3138	1	1.0
2229	3140	1	1.0
2229	3141	1	1.0
2229	3142	1	1.0
2229	3144	1	1.0
2229	3165	1	1.0
2229	2232	0	1.0
2229	3031	0	1.0
2229	3048	0	1.0
2229	3128	0	1.0
2229	3164	0	1.0
2229	3186	0	1.0
2230	3055	1	1.0
2230	3282	1	1.0
2230	3426	0	1.0
2231	3827	1	1.0
2234	2297	1	1.0
2234	2377	1	1.0
2234	2425	1	1.0
2235	2400	1	1.0
2237	2265	1	1.0
2237	2446	1	1.0
2237	2453	1	1.0
2237	2467	1	1.0
2237	2487	1	1.0
2237	2558	1	1.0
2237	2636	1	1.0
2237	2763	1	1.0
2237	2858	1	1.0
2238	2254	1	1.0
2238	2260	1	1.0
2238	2297	1	1.0
2238	2302	1	1.0
2238	2308	1	1.0
2238	2313	1	1.0
2238	2377	1	1.0
2238	2382	1	1.0
2238	2400	1	1.0
2238	2414	1	1.0
2239	2309	1	1.0
2239	2359	1	1.0
2239	2381	1	1.0
2239	2479	1	1.0
2239	2504	1	1.0
2239	2666	1	1.0
2239	2678	1	1.0
2239	2796	1	1.0
2239	2799	1	1.0
2239	3114	1	1.0
2239	3132	1	1.0
2239	3133	1	1.0
2253	2269	1	1.0
2254	2258	1	1.0
2254	2274	1	1.0
2254	2276	1	1.0
2254	2297	1	1.0
2254	2310	1	1.0
2254	2311	1	1.0
2254	2312	1	1.0
2257	2309	1	1.0
2257	2381	1	1.0
2257	2394	1	1.0
2257	2419	1	1.0
2257	2425	1	1.0
2257	2458	1	1.0
2257	2488	1	1.0
2257	2494	1	1.0
2257	2496	1	1.0
2257	2502	1	1.0
2257	2504	1	1.0
2257	2569	1	1.0
2257	2666	1	1.0
2257	2733	1	1.0
2257	2745	1	1.0
2257	2783	1	1.0
2257	2796	1	1.0
2257	2799	1	1.0
2257	2809	1	1.0
2257	2890	1	1.0
2257	2904	1	1.0
2257	2988	1	1.0
2257	3023	1	1.0
2257	3062	1	1.0
2257	3091	1	1.0
2257	3122	1	1.0
2257	3130	1	1.0
2257	3151	1	1.0
2257	3217	1	1.0
2257	3218	1	1.0
2257	3219	1	1.0
2257	3376	1	1.0
2257	3674	1	1.0
2257	3687	1	1.0
2257	3703	1	1.0
2257	3732	1	1.0
2257	3741	1	1.0
2258	2311	1	1.0
2258	2453	1	1.0
2258	2533	1	1.0
2260	2261	1	1.0
2260	2262	1	1.0
2260	2263	1	1.0
2260	2264	1	1.0
2260	2265	1	1.0
2260	2266	1	1.0
2261	2783	1	1.0
2262	2381	1	1.0
2262	2461	1	1.0
2262	2468	1	1.0
2262	2494	1	1.0
2262	2496	1	1.0
2262	2502	1	1.0
2262	2569	1	1.0
2262	2666	1	1.0
2262	2741	1	1.0
2262	2751	1	1.0
2262	2796	1	1.0
2262	2798	1	1.0
2262	2802	1	1.0
2262	2821	1	1.0
2262	3009	1	1.0
2264	3079	1	1.0
2265	2284	1	1.0
2265	2286	1	1.0
2265	2299	1	1.0
2265	2308	1	1.0
2265	2359	1	1.0
2265	2381	1	1.0
2265	2458	1	1.0
2265	2461	1	1.0
2265	2479	1	1.0
2265	2494	1	1.0
2265	2495	1	1.0
2265	2496	1	1.0
2265	2504	1	1.0
2265	2505	1	1.0
2265	2630	1	1.0
2265	2636	1	1.0
2265	2666	1	1.0
2265	2673	1	1.0
2265	2700	1	1.0
2265	2711	1	1.0
2265	2763	1	1.0
2265	2796	1	1.0
2265	2799	1	1.0
2265	2814	1	1.0
2265	2888	1	1.0
2265	2990	1	1.0
2265	2991	1	1.0
2265	3004	1	1.0
2265	3010	1	1.0
2265	3023	1	1.0
2265	3073	1	1.0
2265	3086	1	1.0
2265	3114	1	1.0
2265	3126	1	1.0
2265	3127	1	1.0
2265	3134	1	1.0
2265	3204	1	1.0
2265	3246	1	1.0
2265	3436	1	1.0
2265	3479	1	1.0
2265	3557	1	1.0
2265	3732	1	1.0
2265	2876	0	1.0
2265	2929	0	1.0
2265	2945	0	1.0
2266	2414	1	1.0
2266	2508	1	1.0
2266	2520	1	1.0
2266	2533	1	1.0
2266	2745	1	1.0
2266	2763	1	1.0
2266	2821	1	1.0
2266	2838	1	1.0
2266	2526	0	1.0
2266	2545	0	1.0
2266	2563	0	1.0
2266	2585	0	1.0
2266	2599	0	1.0
2266	2626	0	1.0
2266	2684	0	1.0
2268	2302	1	1.0
2268	2438	1	1.0
2268	2446	1	1.0
2268	2467	1	1.0
2268	2477	1	1.0
2268	2508	1	1.0
2268	2440	0	1.0
2269	2270	1	1.0
2269	2271	1	1.0
2270	2311	1	1.0
2270	2520	1	1.0
2272	2866	1	1.0
2273	2819	0	1.0
2274	2416	1	1.0
2277	2960	1	1.0
2282	2446	1	1.0
2282	2745	1	1.0
2283	2302	1	1.0
2283	2308	1	1.0
2284	2309	1	1.0
2284	2359	1	1.0
2284	2378	1	1.0
2284	2381	1	1.0
2284	2479	1	1.0
2284	2496	1	1.0
2284	2499	1	1.0
2284	2502	1	1.0
2284	2504	1	1.0
2284	2508	1	1.0
2284	2620	1	1.0
2284	2630	1	1.0
2284	2666	1	1.0
2284	2761	1	1.0
2284	2796	1	1.0
2284	2799	1	1.0
2284	2809	1	1.0
2284	2888	1	1.0
2284	2890	1	1.0
2284	2912	1	1.0
2284	3107	1	1.0
2284	3141	1	1.0
2284	2585	0	1.0
2284	2593	0	1.0
2284	2664	0	1.0
2284	2887	0	1.0
2284	2892	0	1.0
2285	2425	1	1.0
2285	3376	1	1.0
2286	2295	1	1.0
2286	2381	1	1.0
2286	2491	1	1.0
2286	2502	1	1.0
2286	2504	1	1.0
2286	2666	1	1.0
2286	2796	1	1.0
2286	2799	1	1.0
2286	2821	1	1.0
2286	2866	1	1.0
2286	2890	1	1.0
2286	2904	1	1.0
2286	2916	1	1.0
2286	2990	1	1.0
2286	3002	1	1.0
2286	3023	1	1.0
2286	3041	1	1.0
2286	3055	1	1.0
2286	3109	1	1.0
2286	3126	1	1.0
2286	3130	1	1.0
2286	3154	1	1.0
2286	3200	1	1.0
2286	3203	1	1.0
2286	3204	1	1.0
2286	3227	1	1.0
2286	3229	1	1.0
2286	3246	1	1.0
2286	3247	1	1.0
2286	3385	1	1.0
2286	3575	1	1.0
2286	3693	1	1.0
2288	3436	1	1.0
2288	3815	1	1.0
2289	2302	1	1.0
2289	2308	1	1.0
2289	2313	1	1.0
2289	2315	0	1.0
2292	2311	1	1.0
2292	2359	1	1.0
2292	2381	1	1.0
2292	2400	1	1.0
2292	2416	1	1.0
2292	2488	1	1.0
2292	2490	1	1.0
2292	2494	1	1.0
2292	2495	1	1.0
2292	2496	1	1.0
2292	2505	1	1.0
2292	2666	1	1.0
2292	2711	1	1.0
2292	2741	1	1.0
2292	2792	1	1.0
2292	2812	1	1.0
2292	2863	1	1.0
2292	2916	1	1.0
2292	2936	1	1.0
2292	2940	1	1.0
2292	2956	1	1.0
2292	2957	1	1.0
2292	2958	1	1.0
2292	2959	1	1.0
2292	2960	1	1.0
2292	3062	1	1.0
2292	3325	1	1.0
2295	2814	1	1.0
2295	2904	1	1.0
2295	3212	1	1.0
2295	3228	1	1.0
2295	3334	1	1.0
2295	3571	1	1.0
2295	3680	1	1.0
2295	3703	1	1.0
2296	3680	1	1.0
2297	2311	1	1.0
2297	2370	1	1.0
2297	2394	1	1.0
2297	2402	1	1.0
2297	2403	1	1.0
2297	2416	1	1.0
2297	2666	1	1.0
2297	2703	1	1.0
2297	2745	1	1.0
2297	2756	1	1.0
2297	2761	1	1.0
2297	2814	1	1.0
2297	2850	1	1.0
2297	2904	1	1.0
2297	2917	1	1.0
2297	2960	1	1.0
2297	3126	1	1.0
2297	3228	1	1.0
2297	3246	1	1.0
2297	3264	1	1.0
2297	3438	1	1.0
2297	3499	1	1.0
2297	3562	1	1.0
2297	3640	1	1.0
2297	3646	1	1.0
2297	3693	1	1.0
2297	3725	1	1.0
2297	2559	0	1.0
2297	2572	0	1.0
2297	2765	0	1.0
2297	2773	0	1.0
2297	3702	0	1.0
2297	3782	0	1.0
2298	3264	1	1.0
2299	2381	1	1.0
2299	2461	1	1.0
2299	2494	1	1.0
2299	2502	1	1.0
2299	2505	1	1.0
2299	2666	1	1.0
2299	2712	1	1.0
2299	2798	1	1.0
2299	2799	1	1.0
2299	2875	1	1.0
2299	3024	1	1.0
2299	3027	1	1.0
2299	3036	1	1.0
2299	3043	1	1.0
2299	3044	1	1.0
2299	3045	1	1.0
2301	2302	1	1.0
2302	2303	1	1.0
2302	2304	1	1.0
2302	2305	1	1.0
2302	2306	1	1.0
2304	2308	1	1.0
2308	2309	1	1.0
2308	2313	1	1.0
2308	2377	1	1.0
2308	2382	1	1.0
2308	2400	1	1.0
2308	2514	1	1.0
2308	2527	1	1.0
2308	2745	1	1.0
2309	2335	1	1.0
2309	2399	1	1.0
2309	2419	1	1.0
2309	2479	1	1.0
2309	2508	1	1.0
2309	2630	1	1.0
2309	2712	1	1.0
2309	2890	1	1.0
2309	3062	1	1.0
2309	3079	1	1.0
2309	3096	1	1.0
2309	3134	1	1.0
2309	3138	1	1.0
2309	3200	1	1.0
2311	2316	1	1.0
2311	2335	1	1.0
2311	2359	1	1.0
2311	2381	1	1.0
2311	2389	1	1.0
2311	2394	1	1.0
2311	2395	1	1.0
2311	2439	1	1.0
2311	2458	1	1.0
2311	2479	1	1.0
2311	2487	1	1.0
2311	2496	1	1.0
2311	2499	1	1.0
2311	2501	1	1.0
2311	2505	1	1.0
2311	2506	1	1.0
2311	2527	1	1.0
2311	2554	1	1.0
2311	2555	1	1.0
2311	2556	1	1.0
2311	2625	1	1.0
2311	2660	1	1.0
2311	2732	1	1.0
2311	2735	1	1.0
2311	2745	1	1.0
2311	2756	1	1.0
2311	2763	1	1.0
2311	2771	1	1.0
2311	2783	1	1.0
2311	2788	1	1.0
2311	2812	1	1.0
2311	2816	1	1.0
2311	2821	1	1.0
2311	2823	1	1.0
2311	2838	1	1.0
2311	2851	1	1.0
2311	2866	1	1.0
2311	2890	1	1.0
2311	2949	1	1.0
2311	2960	1	1.0
2311	3229	1	1.0
2311	3282	1	1.0
2311	3306	1	1.0
2311	3759	1	1.0
2311	2475	0	1.0
2311	2564	0	1.0
2311	2744	0	1.0
2311	2765	0	1.0
2311	2887	0	1.0
2312	2783	1	1.0
2313	2314	1	1.0
2315	2316	0	1.0
2315	2317	0	1.0
2316	2446	1	1.0
2316	2487	1	1.0
2316	2558	1	1.0
2316	2620	1	1.0
2316	2660	1	1.0
2316	2761	1	1.0
2316	2799	1	1.0
2316	2820	1	1.0
2316	2862	1	1.0
2316	2976	1	1.0
2316	3194	1	1.0
2316	3267	1	1.0
2316	3325	1	1.0
2316	3559	1	1.0
2316	3725	1	1.0
2316	2537	0	1.0
2316	2572	0	1.0
2316	2632	0	1.0
2316	2639	0	1.0
2316	3254	0	1.0
2318	2398	0	1.0
2320	3142	1	1.0
2320	3230	1	1.0
2330	2400	1	1.0
2331	2751	1	1.0
2331	2812	1	1.0
2331	3230	1	1.0
2335	2357	1	1.0
2335	2381	1	1.0
2335	2446	1	1.0
2335	2489	1	1.0
2335	2493	1	1.0
2335	2496	1	1.0
2335	2499	1	1.0
2335	2501	1	1.0
2335	2504	1	1.0
2335	2505	1	1.0
2335	2506	1	1.0
2335	2533	1	1.0
2335	2607	1	1.0
2335	2643	1	1.0
2335	2690	1	1.0
2335	2689	0	1.0
2339	2400	1	1.0
2342	2495	1	1.0
2350	2700	1	1.0
2350	2751	1	1.0
2354	3646	1	1.0
2357	2468	1	1.0
2357	2496	1	1.0
2357	2505	1	1.0
2357	2745	1	1.0
2357	2821	1	1.0
2357	2911	1	1.0
2357	2599	0	1.0
2357	2639	0	1.0
2357	2640	0	1.0
2357	2682	0	1.0
2357	2687	0	1.0
2357	2688	0	1.0
2357	2876	0	1.0
2357	2901	0	1.0
2357	2947	0	1.0
2357	2962	0	1.0
2357	2992	0	1.0
2357	2993	0	1.0
2357	3008	0	1.0
2357	3021	0	1.0
2357	3025	0	1.0
2357	3031	0	1.0
2357	3054	0	1.0
2357	3139	0	1.0
2358	2400	1	1.0
2358	2597	0	1.0
2358	2626	0	1.0
2359	2381	1	1.0
2359	2393	1	1.0
2359	2395	1	1.0
2359	2399	1	1.0
2359	2409	1	1.0
2359	2425	1	1.0
2359	2432	1	1.0
2359	2438	1	1.0
2359	2439	1	1.0
2359	2446	1	1.0
2359	2453	1	1.0
2359	2458	1	1.0
2359	2467	1	1.0
2359	2477	1	1.0
2359	2479	1	1.0
2359	2487	1	1.0
2359	2493	1	1.0
2359	2495	1	1.0
2359	2496	1	1.0
2359	2499	1	1.0
2359	2501	1	1.0
2359	2504	1	1.0
2359	2505	1	1.0
2359	2508	1	1.0
2359	2514	1	1.0
2359	2520	1	1.0
2359	2533	1	1.0
2359	2620	1	1.0
2359	2628	1	1.0
2359	2636	1	1.0
2359	2704	1	1.0
2359	2712	1	1.0
2359	2714	1	1.0
2359	2732	1	1.0
2359	2735	1	1.0
2359	2745	1	1.0
2359	2763	1	1.0
2359	2771	1	1.0
2359	2783	1	1.0
2359	2786	1	1.0
2359	2788	1	1.0
2359	2806	1	1.0
2359	2813	1	1.0
2359	2821	1	1.0
2359	2838	1	1.0
2359	2844	1	1.0
2359	2851	1	1.0
2359	2866	1	1.0
2359	2890	1	1.0
2359	2911	1	1.0
2359	2949	1	1.0
2359	2960	1	1.0
2359	3005	1	1.0
2359	3035	1	1.0
2359	3062	1	1.0
2359	3079	1	1.0
2359	3125	1	1.0
2359	3200	1	1.0
2359	3246	1	1.0
2359	3479	1	1.0
2359	3646	1	1.0
2359	3669	1	1.0
2359	3687	1	1.0
2359	3759	1	1.0
2359	3763	1	1.0
2359	3797	1	1.0
2359	2537	0	1.0
2361	2377	1	1.0
2362	3005	1	1.0
2362	3282	1	1.0
2364	3499	1	1.0
2365	3815	1	1.0
2368	3224	1	1.0
2369	2477	1	1.0
2370	2382	1	1.0
2370	2400	1	1.0
2370	2414	1	1.0
2370	2425	1	1.0
2371	2377	1	1.0
2371	2382	1	1.0
2371	2446	1	1.0
2371	2453	1	1.0
2371	2625	1	1.0
2371	3229	1	1.0
2371	3246	1	1.0
2371	3282	1	1.0
2371	3306	1	1.0
2371	3355	1	1.0
2371	3732	1	1.0
2371	3792	1	1.0
2371	3797	1	1.0
2371	3821	1	1.0
2373	2381	1	1.0
2373	2395	1	1.0
2373	2503	1	1.0
2373	2504	1	1.0
2373	2666	1	1.0
2373	2799	1	1.0
2373	2888	1	1.0
2373	2904	1	1.0
2373	3010	1	1.0
2373	3084	1	1.0
2373	3140	1	1.0
2373	3154	1	1.0
2373	3170	1	1.0
2373	3197	1	1.0
2373	3258	1	1.0
2373	3282	1	1.0
2373	3284	1	1.0
2373	3306	1	1.0
2373	3356	1	1.0
2373	3359	1	1.0
2373	3360	1	1.0
2374	2414	1	1.0
2374	2425	1	1.0
2374	2438	1	1.0
2375	2382	1	1.0
2377	2378	1	1.0
2378	2890	1	1.0
2378	3096	1	1.0
2379	2382	1	1.0
2381	2393	1	1.0
2381	2395	1	1.0
2381	2399	1	1.0
2381	2400	1	1.0
2381	2414	1	1.0
2381	2419	1	1.0
2381	2425	1	1.0
2381	2432	1	1.0
2381	2438	1	1.0
2381	2439	1	1.0
2381	2446	1	1.0
2381	2453	1	1.0
2381	2458	1	1.0
2381	2467	1	1.0
2381	2468	1	1.0
2381	2477	1	1.0
2381	2479	1	1.0
2381	2487	1	1.0
2381	2495	1	1.0
2381	2496	1	1.0
2381	2499	1	1.0
2381	2504	1	1.0
2381	2505	1	1.0
2381	2508	1	1.0
2381	2520	1	1.0
2381	2527	1	1.0
2381	2533	1	1.0
2381	2620	1	1.0
2381	2625	1	1.0
2381	2628	1	1.0
2381	2630	1	1.0
2381	2636	1	1.0
2381	2660	1	1.0
2381	2666	1	1.0
2381	2696	1	1.0
2381	2700	1	1.0
2381	2711	1	1.0
2381	2714	1	1.0
2381	2732	1	1.0
2381	2733	1	1.0
2381	2735	1	1.0
2381	2745	1	1.0
2381	2751	1	1.0
2381	2756	1	1.0
2381	2761	1	1.0
2381	2763	1	1.0
2381	2771	1	1.0
2381	2783	1	1.0
2381	2786	1	1.0
2381	2788	1	1.0
2381	2798	1	1.0
2381	2799	1	1.0
2381	2802	1	1.0
2381	2810	1	1.0
2381	2812	1	1.0
2381	2813	1	1.0
2381	2814	1	1.0
2381	2816	1	1.0
2381	2821	1	1.0
2381	2823	1	1.0
2381	2838	1	1.0
2381	2850	1	1.0
2381	2851	1	1.0
2381	2858	1	1.0
2381	2866	1	1.0
2381	2888	1	1.0
2381	2890	1	1.0
2381	2911	1	1.0
2381	2949	1	1.0
2381	2960	1	1.0
2381	2963	1	1.0
2381	2972	1	1.0
2381	2976	1	1.0
2381	2990	1	1.0
2381	2994	1	1.0
2381	3005	1	1.0
2381	3010	1	1.0
2381	3014	1	1.0
2381	3035	1	1.0
2381	3062	1	1.0
2381	3079	1	1.0
2381	3081	1	1.0
2381	3094	1	1.0
2381	3096	1	1.0
2381	3112	1	1.0
2381	3125	1	1.0
2381	3126	1	1.0
2381	3131	1	1.0
2381	3138	1	1.0
2381	3140	1	1.0
2381	3141	1	1.0
2381	3142	1	1.0
2381	3144	1	1.0
2381	3160	1	1.0
2381	3165	1	1.0
2381	3194	1	1.0
2381	3200	1	1.0
2381	3224	1	1.0
2381	3228	1	1.0
2381	3229	1	1.0
2381	3230	1	1.0
2381	3256	1	1.0
2381	3264	1	1.0
2381	3267	1	1.0
2381	3291	1	1.0
2381	3297	1	1.0
2381	3306	1	1.0
2381	3334	1	1.0
2381	3363	1	1.0
2381	3370	1	1.0
2381	3376	1	1.0
2381	3385	1	1.0
2381	3388	1	1.0
2381	3402	1	1.0
2381	3538	1	1.0
2381	3711	1	1.0
2381	2639	0	1.0
2381	2664	0	1.0
2381	2682	0	1.0
2381	2709	0	1.0
2381	2794	0	1.0
2381	2836	0	1.0
2381	2857	0	1.0
2381	2871	0	1.0
2381	2876	0	1.0
2381	2887	0	1.0
2381	2941	0	1.0
2381	2945	0	1.0
2381	2950	0	1.0
2381	2954	0	1.0
2381	2992	0	1.0
2381	2993	0	1.0
2381	2996	0	1.0
2381	3007	0	1.0
2381	3048	0	1.0
2381	3150	0	1.0
2381	3174	0	1.0
2381	3179	0	1.0
2381	3184	0	1.0
2381	3208	0	1.0
2381	3288	0	1.0
2381	3296	0	1.0
2382	2520	1	1.0
2382	2660	1	1.0
2384	2949	1	1.0
2388	2425	1	1.0
2388	2467	1	1.0
2388	2477	1	1.0
2388	2496	1	1.0
2388	2508	1	1.0
2388	2533	1	1.0
2388	2636	1	1.0
2388	2666	1	1.0
2388	2763	1	1.0
2388	2783	1	1.0
2388	2821	1	1.0
2388	2838	1	1.0
2388	3246	1	1.0
2388	3282	1	1.0
2388	3499	1	1.0
2388	3559	1	1.0
2388	2584	0	1.0
2389	2400	1	1.0
2389	2453	1	1.0
2389	2496	1	1.0
2389	2732	1	1.0
2389	2838	1	1.0
2389	3096	1	1.0
2389	2914	0	1.0
2390	3735	1	1.0
2390	3174	0	1.0
2393	2450	1	1.0
2393	2495	1	1.0
2393	2496	1	1.0
2393	2502	1	1.0
2393	2554	1	1.0
2393	2666	1	1.0
2393	2714	1	1.0
2393	2741	1	1.0
2393	2799	1	1.0
2393	2806	1	1.0
2393	2980	1	1.0
2394	2416	1	1.0
2394	2419	1	1.0
2394	2428	1	1.0
2394	2438	1	1.0
2394	2488	1	1.0
2394	2494	1	1.0
2394	2496	1	1.0
2394	2504	1	1.0
2394	2620	1	1.0
2394	2666	1	1.0
2394	2696	1	1.0
2394	2703	1	1.0
2394	2728	1	1.0
2394	2751	1	1.0
2394	2796	1	1.0
2394	2799	1	1.0
2394	2808	1	1.0
2394	2831	1	1.0
2394	2866	1	1.0
2394	2904	1	1.0
2394	2916	1	1.0
2394	2955	1	1.0
2394	3095	1	1.0
2394	3114	1	1.0
2394	3160	1	1.0
2394	3224	1	1.0
2394	3230	1	1.0
2394	3306	1	1.0
2394	3332	1	1.0
2394	3334	1	1.0
2394	3351	1	1.0
2394	3355	1	1.0
2394	3412	1	1.0
2394	3438	1	1.0
2394	3471	1	1.0
2394	3502	1	1.0
2394	3546	1	1.0
2394	3553	1	1.0
2394	3601	1	1.0
2394	3606	1	1.0
2394	3613	1	1.0
2394	3621	1	1.0
2394	3657	1	1.0
2394	3661	1	1.0
2394	3668	1	1.0
2394	3670	1	1.0
2394	3671	1	1.0
2394	3672	1	1.0
2394	3680	1	1.0
2394	3684	1	1.0
2394	3693	1	1.0
2394	3732	1	1.0
2395	2416	1	1.0
2395	2495	1	1.0
2395	2496	1	1.0
2395	2501	1	1.0
2395	2502	1	1.0
2395	2504	1	1.0
2395	2505	1	1.0
2395	2506	1	1.0
2395	2705	1	1.0
2395	2730	1	1.0
2395	2731	1	1.0
2396	2414	1	1.0
2396	2446	1	1.0
2396	2495	1	1.0
2396	2496	1	1.0
2396	2745	1	1.0
2396	3562	1	1.0
2399	2489	1	1.0
2399	2494	1	1.0
2399	2504	1	1.0
2399	2514	1	1.0
2399	2666	1	1.0
2399	2741	1	1.0
2399	2796	1	1.0
2399	2799	1	1.0
2399	2810	1	1.0
2399	2831	1	1.0
2399	2844	1	1.0
2399	2888	1	1.0
2399	2916	1	1.0
2399	3023	1	1.0
2399	3047	1	1.0
2399	3073	1	1.0
2399	3097	1	1.0
2399	3103	1	1.0
2399	3104	1	1.0
2399	3105	1	1.0
2399	3246	1	1.0
2399	3264	1	1.0
2399	3479	1	1.0
2399	3499	1	1.0
2399	3571	1	1.0
2399	3646	1	1.0
2399	3649	1	1.0
2400	2401	1	1.0
2407	2745	1	1.0
2407	2763	1	1.0
2408	2438	1	1.0
2408	2467	1	1.0
2408	2477	1	1.0
2408	2505	1	1.0
2408	2562	1	1.0
2408	2858	1	1.0
2408	2877	0	1.0
2409	2414	1	1.0
2409	2467	1	1.0
2409	2520	1	1.0
2409	2533	1	1.0
2409	2666	1	1.0
2409	2823	1	1.0
2411	2660	1	1.0
2411	2696	1	1.0
2413	2453	1	1.0
2413	3687	1	1.0
2414	2415	1	1.0
2416	2428	1	1.0
2416	2457	1	1.0
2416	2458	1	1.0
2416	2490	1	1.0
2416	2496	1	1.0
2416	2570	1	1.0
2416	2643	1	1.0
2416	2666	1	1.0
2416	2703	1	1.0
2416	2706	1	1.0
2416	2728	1	1.0
2416	2742	1	1.0
2416	2796	1	1.0
2416	2799	1	1.0
2416	2820	1	1.0
2416	2831	1	1.0
2416	2890	1	1.0
2416	3062	1	1.0
2416	3091	1	1.0
2416	3160	1	1.0
2416	3162	1	1.0
2416	3229	1	1.0
2416	3284	1	1.0
2416	3348	1	1.0
2416	3370	1	1.0
2416	3412	1	1.0
2416	3420	1	1.0
2416	3496	1	1.0
2416	3540	1	1.0
2416	3553	1	1.0
2416	3556	1	1.0
2416	3557	1	1.0
2416	3558	1	1.0
2416	3560	1	1.0
2416	3561	1	1.0
2416	3562	1	1.0
2416	3646	1	1.0
2416	3693	1	1.0
2416	3780	1	1.0
2416	3796	1	1.0
2416	3048	0	1.0
2416	3216	0	1.0
2416	3535	0	1.0
2417	2487	1	1.0
2417	2620	1	1.0
2417	2745	1	1.0
2419	2425	1	1.0
2419	2502	1	1.0
2419	2504	1	1.0
2419	2558	1	1.0
2419	2666	1	1.0
2419	2681	1	1.0
2419	2703	1	1.0
2419	2732	1	1.0
2419	2763	1	1.0
2419	2796	1	1.0
2419	2799	1	1.0
2419	2805	1	1.0
2419	2813	1	1.0
2419	2863	1	1.0
2419	2964	1	1.0
2419	2976	1	1.0
2419	3023	1	1.0
2419	3085	1	1.0
2419	3213	1	1.0
2419	3674	1	1.0
2419	3693	1	1.0
2420	2858	1	1.0
2420	3165	1	1.0
2421	2438	1	1.0
2424	2666	1	1.0
2424	3264	1	1.0
2425	2426	1	1.0
2425	2427	1	1.0
2425	2428	1	1.0
2425	2429	1	1.0
2426	2783	1	1.0
2426	3663	1	1.0
2426	3668	1	1.0
2426	3687	1	1.0
2426	3741	1	1.0
2428	2728	1	1.0
2428	2783	1	1.0
2428	2844	1	1.0
2428	2862	1	1.0
2428	2916	1	1.0
2428	3081	1	1.0
2428	3130	1	1.0
2428	3203	1	1.0
2428	3226	1	1.0
2428	3246	1	1.0
2428	3284	1	1.0
2428	3297	1	1.0
2428	3479	1	1.0
2428	3537	1	1.0
2428	3538	1	1.0
2428	3559	1	1.0
2428	3562	1	1.0
2428	3575	1	1.0
2428	3674	1	1.0
2428	3687	1	1.0
2428	3693	1	1.0
2428	3815	1	1.0
2429	3376	1	1.0
2430	2625	1	1.0
2430	3229	1	1.0
2430	3282	1	1.0
2430	3385	1	1.0
2430	3445	0	1.0
2430	3446	0	1.0
2430	3456	0	1.0
2431	3815	1	1.0
2432	2496	1	1.0
2432	2497	1	1.0
2432	2504	1	1.0
2432	2704	1	1.0
2432	2733	1	1.0
2432	2738	1	1.0
2432	2790	1	1.0
2432	2791	1	1.0
2432	2658	0	1.0
2437	2454	1	1.0
2437	3479	1	1.0
2437	3693	1	1.0
2437	3796	1	1.0
2438	2439	1	1.0
2439	2454	1	1.0
2439	2496	1	1.0
2439	2504	1	1.0
2439	2509	1	1.0
2439	2681	1	1.0
2439	2704	1	1.0
2439	2712	1	1.0
2439	2731	1	1.0
2439	2733	1	1.0
2439	2751	1	1.0
2439	2769	1	1.0
2439	2770	1	1.0
2439	2771	1	1.0
2439	2977	1	1.0
2442	2467	1	1.0
2443	2454	1	1.0
2445	2836	0	1.0
2446	2447	1	1.0
2446	2448	1	1.0
2446	2449	1	1.0
2446	2450	1	1.0
2446	2451	1	1.0
2446	2452	1	1.0
2450	3035	1	1.0
2451	2745	1	1.0
2453	2454	1	1.0
2453	2455	1	1.0
2453	2456	1	1.0
2454	2488	1	1.0
2454	2495	1	1.0
2454	2496	1	1.0
2454	2505	1	1.0
2454	2576	1	1.0
2454	2666	1	1.0
2454	2681	1	1.0
2454	2799	1	1.0
2454	2917	1	1.0
2454	2977	1	1.0
2454	3055	1	1.0
2454	3334	1	1.0
2454	3338	1	1.0
2454	3348	1	1.0
2454	3350	1	1.0
2454	3361	1	1.0
2454	3417	1	1.0
2454	3438	1	1.0
2454	3496	1	1.0
2454	3523	1	1.0
2454	3545	1	1.0
2454	3546	1	1.0
2454	3585	1	1.0
2454	3636	1	1.0
2454	3647	1	1.0
2454	3650	1	1.0
2454	3657	1	1.0
2454	3672	1	1.0
2454	3684	1	1.0
2454	3727	1	1.0
2454	3736	1	1.0
2454	3738	1	1.0
2454	3739	1	1.0
2454	3740	1	1.0
2454	3826	1	1.0
2456	3229	1	1.0
2457	2458	1	1.0
2457	2499	1	1.0
2457	2504	1	1.0
2457	2703	1	1.0
2457	2806	1	1.0
2457	2911	1	1.0
2457	2994	1	1.0
2457	3055	1	1.0
2457	3140	1	1.0
2457	3204	1	1.0
2457	3268	1	1.0
2457	3370	1	1.0
2457	3438	1	1.0
2457	3538	1	1.0
2457	3557	1	1.0
2457	3693	1	1.0
2457	3809	1	1.0
2457	3827	1	1.0
2457	3183	0	1.0
2458	2495	1	1.0
2458	2505	1	1.0
2458	2666	1	1.0
2458	2696	1	1.0
2458	2700	1	1.0
2458	2703	1	1.0
2458	2711	1	1.0
2458	2728	1	1.0
2458	2751	1	1.0
2458	2792	1	1.0
2458	2796	1	1.0
2458	2802	1	1.0
2458	2820	1	1.0
2458	2831	1	1.0
2458	2890	1	1.0
2458	2891	1	1.0
2458	2904	1	1.0
2458	2916	1	1.0
2458	2938	1	1.0
2458	2939	1	1.0
2458	2940	1	1.0
2458	2994	1	1.0
2458	3055	1	1.0
2458	3094	1	1.0
2458	3125	1	1.0
2458	3144	1	1.0
2458	3160	1	1.0
2458	3226	1	1.0
2458	3230	1	1.0
2458	3246	1	1.0
2458	3264	1	1.0
2458	3268	1	1.0
2458	3318	1	1.0
2458	3370	1	1.0
2458	3416	1	1.0
2458	3438	1	1.0
2458	3499	1	1.0
2458	3514	1	1.0
2458	3557	1	1.0
2458	3559	1	1.0
2458	3571	1	1.0
2458	3593	1	1.0
2458	3649	1	1.0
2458	3658	1	1.0
2458	3668	1	1.0
2458	3687	1	1.0
2458	3703	1	1.0
2458	3769	1	1.0
2458	3797	1	1.0
2458	3809	1	1.0
2458	3815	1	1.0
2458	3821	1	1.0
2458	3827	1	1.0
2458	3831	1	1.0
2460	2467	1	1.0
2461	2467	1	1.0
2461	2477	1	1.0
2461	2495	1	1.0
2461	2499	1	1.0
2461	2508	1	1.0
2461	2520	1	1.0
2461	2620	1	1.0
2461	2630	1	1.0
2461	2733	1	1.0
2461	2798	1	1.0
2461	2799	1	1.0
2461	2802	1	1.0
2461	2838	1	1.0
2461	2851	1	1.0
2461	2858	1	1.0
2461	2866	1	1.0
2461	3005	1	1.0
2462	3693	1	1.0
2464	2745	1	1.0
2464	2763	1	1.0
2465	2467	1	1.0
2465	2477	1	1.0
2465	2508	1	1.0
2465	2520	1	1.0
2465	2636	1	1.0
2467	2468	1	1.0
2467	2469	1	1.0
2467	2473	1	1.0
2467	2474	1	1.0
2467	2470	0	1.0
2467	2471	0	1.0
2467	2472	0	1.0
2468	2505	1	1.0
2468	2666	1	1.0
2468	2741	1	1.0
2468	2796	1	1.0
2468	2916	1	1.0
2468	2940	1	1.0
2468	2952	1	1.0
2468	2963	1	1.0
2468	2964	1	1.0
2468	2965	1	1.0
2468	2966	1	1.0
2468	3014	1	1.0
2474	2477	1	1.0
2477	2478	1	1.0
2477	2479	1	1.0
2477	2480	1	1.0
2479	2494	1	1.0
2479	2504	1	1.0
2479	2505	1	1.0
2479	2533	1	1.0
2479	2558	1	1.0
2479	2569	1	1.0
2479	2630	1	1.0
2479	2666	1	1.0
2479	2696	1	1.0
2479	2796	1	1.0
2479	2799	1	1.0
2479	2813	1	1.0
2479	2821	1	1.0
2479	2838	1	1.0
2479	2888	1	1.0
2479	3023	1	1.0
2479	3096	1	1.0
2479	3098	1	1.0
2479	3099	1	1.0
2479	3100	1	1.0
2479	3101	1	1.0
2479	3112	1	1.0
2479	3125	1	1.0
2479	3126	1	1.0
2479	3131	1	1.0
2479	3134	1	1.0
2479	3138	1	1.0
2479	3140	1	1.0
2479	3141	1	1.0
2479	3144	1	1.0
2479	2537	0	1.0
2482	2732	1	1.0
2482	2745	1	1.0
2482	2763	1	1.0
2482	2783	1	1.0
2483	2620	1	1.0
2484	2508	1	1.0
2485	2504	1	1.0
2485	2628	1	1.0
2485	2771	1	1.0
2487	2496	1	1.0
2487	2501	1	1.0
2487	2505	1	1.0
2487	2506	1	1.0
2487	2533	1	1.0
2487	2566	1	1.0
2487	2607	1	1.0
2487	2620	1	1.0
2487	2635	1	1.0
2487	2643	1	1.0
2487	2644	1	1.0
2487	2526	0	1.0
2487	2535	0	1.0
2487	2565	0	1.0
2487	2592	0	1.0
2488	2496	1	1.0
2488	2666	1	1.0
2488	2751	1	1.0
2488	2801	1	1.0
2488	3081	1	1.0
2488	3130	1	1.0
2488	3246	1	1.0
2488	3291	1	1.0
2488	3334	1	1.0
2488	3355	1	1.0
2488	3376	1	1.0
2488	3693	1	1.0
2488	3732	1	1.0
2488	3735	1	1.0
2488	3150	0	1.0
2489	2496	1	1.0
2489	2504	1	1.0
2489	2505	1	1.0
2489	2714	1	1.0
2489	2745	1	1.0
2489	2783	1	1.0
2489	2821	1	1.0
2489	2838	1	1.0
2489	2949	1	1.0
2489	2990	1	1.0
2489	3079	1	1.0
2489	3134	1	1.0
2490	2495	1	1.0
2490	2496	1	1.0
2490	2745	1	1.0
2490	2788	1	1.0
2490	2812	1	1.0
2490	2890	1	1.0
2490	3674	1	1.0
2490	2815	0	1.0
2490	2876	0	1.0
2490	3820	0	1.0
2491	2514	1	1.0
2491	2751	1	1.0
2491	2801	1	1.0
2491	2806	1	1.0
2491	2820	1	1.0
2491	2888	1	1.0
2491	3246	1	1.0
2491	3284	1	1.0
2491	3306	1	1.0
2491	3376	1	1.0
2491	3417	1	1.0
2491	3490	1	1.0
2491	3499	1	1.0
2491	3562	1	1.0
2491	3725	1	1.0
2491	3769	1	1.0
2491	3797	1	1.0
2491	3815	1	1.0
2491	3826	1	1.0
2491	3849	1	1.0
2491	3183	0	1.0
2493	2505	1	1.0
2493	2745	1	1.0
2493	2763	1	1.0
2493	2783	1	1.0
2494	2495	1	1.0
2494	2496	1	1.0
2494	2504	1	1.0
2494	2628	1	1.0
2494	2630	1	1.0
2494	2666	1	1.0
2494	2751	1	1.0
2494	2798	1	1.0
2494	2802	1	1.0
2494	2813	1	1.0
2494	2820	1	1.0
2494	2850	1	1.0
2494	2866	1	1.0
2494	2890	1	1.0
2494	2960	1	1.0
2494	2972	1	1.0
2494	2990	1	1.0
2494	3005	1	1.0
2494	3014	1	1.0
2494	3079	1	1.0
2494	3096	1	1.0
2494	3112	1	1.0
2494	3134	1	1.0
2494	3224	1	1.0
2494	3499	1	1.0
2494	3562	1	1.0
2494	2929	0	1.0
2494	3157	0	1.0
2494	3199	0	1.0
2495	2496	1	1.0
2495	2502	1	1.0
2495	2505	1	1.0
2495	2509	1	1.0
2495	2511	1	1.0
2495	2519	1	1.0
2495	2615	1	1.0
2495	2621	1	1.0
2495	2651	1	1.0
2495	2666	1	1.0
2495	2669	1	1.0
2495	2677	1	1.0
2495	2678	1	1.0
2495	2681	1	1.0
2495	2726	1	1.0
2495	2741	1	1.0
2495	2771	1	1.0
2495	2780	1	1.0
2495	2782	1	1.0
2495	2790	1	1.0
2495	2796	1	1.0
2495	2810	1	1.0
2495	2850	1	1.0
2495	2864	1	1.0
2495	2898	1	1.0
2495	2940	1	1.0
2495	2949	1	1.0
2495	2960	1	1.0
2495	2967	1	1.0
2495	2976	1	1.0
2495	2983	1	1.0
2495	2999	1	1.0
2495	3003	1	1.0
2495	3004	1	1.0
2495	3081	1	1.0
2495	3200	1	1.0
2496	2499	1	1.0
2496	2504	1	1.0
2496	2505	1	1.0
2496	2514	1	1.0
2496	2527	1	1.0
2496	2576	1	1.0
2496	2614	1	1.0
2496	2621	1	1.0
2496	2630	1	1.0
2496	2636	1	1.0
2496	2651	1	1.0
2496	2660	1	1.0
2496	2666	1	1.0
2496	2678	1	1.0
2496	2696	1	1.0
2496	2711	1	1.0
2496	2714	1	1.0
2496	2732	1	1.0
2496	2733	1	1.0
2496	2745	1	1.0
2496	2756	1	1.0
2496	2761	1	1.0
2496	2763	1	1.0
2496	2783	1	1.0
2496	2790	1	1.0
2496	2792	1	1.0
2496	2796	1	1.0
2496	2798	1	1.0
2496	2801	1	1.0
2496	2802	1	1.0
2496	2810	1	1.0
2496	2820	1	1.0
2496	2821	1	1.0
2496	2822	1	1.0
2496	2823	1	1.0
2496	2831	1	1.0
2496	2838	1	1.0
2496	2850	1	1.0
2496	2858	1	1.0
2496	2864	1	1.0
2496	2866	1	1.0
2496	2875	1	1.0
2496	2888	1	1.0
2496	2890	1	1.0
2496	2898	1	1.0
2496	2904	1	1.0
2496	2916	1	1.0
2496	2917	1	1.0
2496	2918	1	1.0
2496	2919	1	1.0
2496	2920	1	1.0
2496	2921	1	1.0
2496	2922	1	1.0
2496	2923	1	1.0
2496	2924	1	1.0
2496	2925	1	1.0
2496	2949	1	1.0
2496	2960	1	1.0
2496	2963	1	1.0
2496	3002	1	1.0
2496	3014	1	1.0
2496	3035	1	1.0
2496	3079	1	1.0
2496	3096	1	1.0
2496	3126	1	1.0
2496	3130	1	1.0
2496	3131	1	1.0
2496	3134	1	1.0
2496	3200	1	1.0
2496	3224	1	1.0
2496	3229	1	1.0
2496	3246	1	1.0
2496	3256	1	1.0
2496	3264	1	1.0
2496	3282	1	1.0
2496	3284	1	1.0
2496	3325	1	1.0
2496	3334	1	1.0
2496	3355	1	1.0
2496	3363	1	1.0
2496	3370	1	1.0
2496	3376	1	1.0
2496	3385	1	1.0
2496	3388	1	1.0
2496	3402	1	1.0
2496	3416	1	1.0
2496	3417	1	1.0
2496	3436	1	1.0
2496	3479	1	1.0
2496	3490	1	1.0
2496	3516	1	1.0
2496	3557	1	1.0
2496	3631	1	1.0
2496	3649	1	1.0
2496	3711	1	1.0
2496	3732	1	1.0
2496	2565	0	1.0
2496	2617	0	1.0
2496	2658	0	1.0
2496	2664	0	1.0
2496	2729	0	1.0
2496	2901	0	1.0
2496	3128	0	1.0
2496	3573	0	1.0
2497	2499	1	1.0
2497	2527	1	1.0
2497	2732	1	1.0
2497	2735	1	1.0
2497	2745	1	1.0
2497	2763	1	1.0
2497	2783	1	1.0
2497	2788	1	1.0
2497	2816	1	1.0
2497	2821	1	1.0
2497	2823	1	1.0
2497	2838	1	1.0
2497	2851	1	1.0
2497	2858	1	1.0
2497	2866	1	1.0
2498	2504	1	1.0
2498	2732	1	1.0
2498	2735	1	1.0
2498	2745	1	1.0
2498	2813	1	1.0
2498	2816	1	1.0
2498	2821	1	1.0
2498	2823	1	1.0
2498	2697	0	1.0
2499	2505	1	1.0
2499	2506	1	1.0
2499	2607	1	1.0
2499	2628	1	1.0
2499	2724	1	1.0
2499	2733	1	1.0
2499	2763	1	1.0
2499	2792	1	1.0
2499	2812	1	1.0
2499	2823	1	1.0
2499	2843	1	1.0
2499	2849	1	1.0
2499	2850	1	1.0
2499	2869	1	1.0
2499	2870	1	1.0
2501	2505	1	1.0
2501	2620	1	1.0
2501	2636	1	1.0
2501	2660	1	1.0
2501	2714	1	1.0
2501	2735	1	1.0
2501	2745	1	1.0
2501	2763	1	1.0
2501	2783	1	1.0
2501	2851	1	1.0
2501	2866	1	1.0
2501	2684	0	1.0
2501	2709	0	1.0
2502	2504	1	1.0
2502	2558	1	1.0
2502	2604	1	1.0
2502	2630	1	1.0
2502	2666	1	1.0
2502	2700	1	1.0
2502	2703	1	1.0
2502	2706	1	1.0
2502	2733	1	1.0
2502	2745	1	1.0
2502	2751	1	1.0
2502	2771	1	1.0
2502	2798	1	1.0
2502	2799	1	1.0
2502	2802	1	1.0
2502	2813	1	1.0
2502	2814	1	1.0
2502	2844	1	1.0
2502	2850	1	1.0
2502	2851	1	1.0
2502	2866	1	1.0
2502	2890	1	1.0
2502	2960	1	1.0
2502	2963	1	1.0
2502	2976	1	1.0
2502	2990	1	1.0
2502	2994	1	1.0
2502	3005	1	1.0
2502	3010	1	1.0
2502	3023	1	1.0
2502	3035	1	1.0
2502	3062	1	1.0
2502	3079	1	1.0
2502	3081	1	1.0
2502	3094	1	1.0
2502	3096	1	1.0
2502	3142	1	1.0
2502	3144	1	1.0
2502	3165	1	1.0
2502	3194	1	1.0
2502	3228	1	1.0
2502	3229	1	1.0
2502	3246	1	1.0
2502	3256	1	1.0
2502	3264	1	1.0
2502	3267	1	1.0
2502	3291	1	1.0
2502	3297	1	1.0
2502	3499	1	1.0
2502	3797	1	1.0
2502	3831	1	1.0
2502	3837	1	1.0
2502	3303	0	1.0
2504	2505	1	1.0
2504	2514	1	1.0
2504	2527	1	1.0
2504	2660	1	1.0
2504	2666	1	1.0
2504	2673	1	1.0
2504	2685	1	1.0
2504	2696	1	1.0
2504	2700	1	1.0
2504	2712	1	1.0
2504	2714	1	1.0
2504	2732	1	1.0
2504	2733	1	1.0
2504	2735	1	1.0
2504	2745	1	1.0
2504	2751	1	1.0
2504	2756	1	1.0
2504	2761	1	1.0
2504	2763	1	1.0
2504	2783	1	1.0
2504	2786	1	1.0
2504	2788	1	1.0
2504	2798	1	1.0
2504	2799	1	1.0
2504	2802	1	1.0
2504	2810	1	1.0
2504	2812	1	1.0
2504	2813	1	1.0
2504	2814	1	1.0
2504	2816	1	1.0
2504	2820	1	1.0
2504	2821	1	1.0
2504	2823	1	1.0
2504	2831	1	1.0
2504	2832	1	1.0
2504	2838	1	1.0
2504	2844	1	1.0
2504	2850	1	1.0
2504	2851	1	1.0
2504	2875	1	1.0
2504	2888	1	1.0
2504	2912	1	1.0
2504	2963	1	1.0
2504	2976	1	1.0
2504	2990	1	1.0
2504	2994	1	1.0
2504	3009	1	1.0
2504	3010	1	1.0
2504	3023	1	1.0
2504	3035	1	1.0
2504	3062	1	1.0
2504	3081	1	1.0
2504	3094	1	1.0
2504	3112	1	1.0
2504	3114	1	1.0
2504	3125	1	1.0
2504	3126	1	1.0
2504	3131	1	1.0
2504	3134	1	1.0
2504	3138	1	1.0
2504	3140	1	1.0
2504	3141	1	1.0
2504	3144	1	1.0
2504	3151	1	1.0
2504	3160	1	1.0
2504	3165	1	1.0
2504	3194	1	1.0
2504	3200	1	1.0
2504	3224	1	1.0
2504	3228	1	1.0
2504	3229	1	1.0
2504	3230	1	1.0
2504	3246	1	1.0
2504	3256	1	1.0
2504	3264	1	1.0
2504	3267	1	1.0
2504	3282	1	1.0
2504	3291	1	1.0
2504	3297	1	1.0
2504	3306	1	1.0
2504	3355	1	1.0
2504	3363	1	1.0
2504	3370	1	1.0
2504	3376	1	1.0
2504	3385	1	1.0
2504	3388	1	1.0
2504	3594	1	1.0
2504	3640	1	1.0
2504	3658	1	1.0
2504	3732	1	1.0
2504	3741	1	1.0
2504	3821	1	1.0
2505	2506	1	1.0
2505	2527	1	1.0
2505	2554	1	1.0
2505	2607	1	1.0
2505	2620	1	1.0
2505	2628	1	1.0
2505	2636	1	1.0
2505	2660	1	1.0
2505	2666	1	1.0
2505	2683	1	1.0
2505	2685	1	1.0
2505	2686	1	1.0
2505	2700	1	1.0
2505	2711	1	1.0
2505	2712	1	1.0
2505	2714	1	1.0
2505	2732	1	1.0
2505	2733	1	1.0
2505	2735	1	1.0
2505	2745	1	1.0
2505	2763	1	1.0
2505	2771	1	1.0
2505	2783	1	1.0
2505	2798	1	1.0
2505	2801	1	1.0
2505	2802	1	1.0
2505	2806	1	1.0
2505	2814	1	1.0
2505	2816	1	1.0
2505	2820	1	1.0
2505	2821	1	1.0
2505	2838	1	1.0
2505	2851	1	1.0
2505	2858	1	1.0
2505	2866	1	1.0
2505	2890	1	1.0
2505	2917	1	1.0
2505	2949	1	1.0
2505	2960	1	1.0
2505	2972	1	1.0
2505	3005	1	1.0
2505	3014	1	1.0
2505	3023	1	1.0
2505	3062	1	1.0
2505	3079	1	1.0
2505	3130	1	1.0
2505	3141	1	1.0
2505	3200	1	1.0
2505	3224	1	1.0
2505	3229	1	1.0
2505	3246	1	1.0
2505	3282	1	1.0
2505	3334	1	1.0
2505	3363	1	1.0
2505	3370	1	1.0
2505	3402	1	1.0
2505	3499	1	1.0
2505	3557	1	1.0
2505	3559	1	1.0
2505	3562	1	1.0
2505	3575	1	1.0
2505	3594	1	1.0
2505	3646	1	1.0
2505	3649	1	1.0
2505	3826	1	1.0
2505	3849	1	1.0
2505	2572	0	1.0
2505	2584	0	1.0
2505	2617	0	1.0
2505	2619	0	1.0
2505	2639	0	1.0
2505	2642	0	1.0
2505	2649	0	1.0
2505	2664	0	1.0
2505	2682	0	1.0
2505	2684	0	1.0
2505	2697	0	1.0
2505	2765	0	1.0
2505	2772	0	1.0
2505	2773	0	1.0
2505	2876	0	1.0
2505	2877	0	1.0
2505	2887	0	1.0
2505	2929	0	1.0
2505	2941	0	1.0
2505	2993	0	1.0
2505	3008	0	1.0
2505	3012	0	1.0
2505	3021	0	1.0
2505	3150	0	1.0
2505	3445	0	1.0
2505	3459	0	1.0
2505	3706	0	1.0
2505	3800	0	1.0
2506	2620	1	1.0
2506	2636	1	1.0
2506	2660	1	1.0
2506	2714	1	1.0
2506	2735	1	1.0
2506	2745	1	1.0
2506	2812	1	1.0
2506	2639	0	1.0
2506	2640	0	1.0
2506	2641	0	1.0
2506	2649	0	1.0
2506	2664	0	1.0
2506	2682	0	1.0
2506	2709	0	1.0
2506	2713	0	1.0
2508	2509	1	1.0
2508	2510	1	1.0
2508	2511	1	1.0
2508	2512	1	1.0
2508	2513	1	1.0
2508	2514	1	1.0
2508	2515	1	1.0
2508	2516	1	1.0
2508	2517	1	1.0
2509	3212	1	1.0
2511	2554	1	1.0
2511	2799	1	1.0
2511	2802	1	1.0
2511	2850	1	1.0
2511	2972	1	1.0
2511	3005	1	1.0
2511	3096	1	1.0
2511	3246	1	1.0
2511	3499	1	1.0
2511	3538	1	1.0
2511	3562	1	1.0
2511	3567	1	1.0
2514	2558	1	1.0
2514	2570	1	1.0
2514	2666	1	1.0
2514	2745	1	1.0
2514	2799	1	1.0
2514	2810	1	1.0
2514	2814	1	1.0
2514	2904	1	1.0
2514	3023	1	1.0
2514	3107	1	1.0
2514	3154	1	1.0
2514	3229	1	1.0
2514	3283	1	1.0
2514	3284	1	1.0
2514	3304	1	1.0
2514	3325	1	1.0
2514	3359	1	1.0
2514	3362	1	1.0
2514	3455	1	1.0
2514	3460	1	1.0
2514	3461	1	1.0
2514	3462	1	1.0
2514	3571	1	1.0
2514	3646	1	1.0
2514	3582	0	1.0
2515	2604	1	1.0
2515	2745	1	1.0
2515	3334	1	1.0
2515	3562	1	1.0
2515	3663	1	1.0
2517	2636	1	1.0
2517	2626	0	1.0
2517	3296	0	1.0
2518	2851	1	1.0
2518	2866	1	1.0
2518	2876	0	1.0
2518	3021	0	1.0
2519	2745	1	1.0
2519	2763	1	1.0
2519	3055	1	1.0
2519	3246	1	1.0
2519	3284	1	1.0
2519	2537	0	1.0
2520	2521	1	1.0
2520	2522	1	1.0
2520	2523	1	1.0
2520	2524	1	1.0
2525	2526	1	1.0
2526	2530	1	1.0
2526	2527	0	1.0
2526	2528	0	1.0
2526	2529	0	1.0
2526	2531	0	1.0
2526	2532	0	1.0
2527	2703	1	1.0
2527	2728	1	1.0
2527	2732	1	1.0
2527	2751	1	1.0
2527	2776	1	1.0
2527	2781	1	1.0
2527	2782	1	1.0
2527	2838	1	1.0
2527	2866	1	1.0
2527	2876	0	1.0
2527	3776	0	1.0
2533	2534	1	1.0
2536	2537	1	1.0
2537	2538	1	1.0
2540	3212	1	1.0
2541	3062	1	1.0
2542	2543	0	1.0
2543	2544	1	1.0
2549	2706	1	1.0
2549	2917	1	1.0
2549	3130	1	1.0
2553	2599	0	1.0
2553	2619	0	1.0
2553	2632	0	1.0
2554	2633	1	1.0
2554	2666	1	1.0
2554	2799	1	1.0
2554	2801	1	1.0
2554	2810	1	1.0
2554	2999	1	1.0
2554	3084	1	1.0
2554	3160	1	1.0
2554	3204	1	1.0
2554	3268	1	1.0
2554	3279	1	1.0
2554	3285	1	1.0
2554	3348	1	1.0
2554	3351	1	1.0
2554	3361	1	1.0
2554	3412	1	1.0
2554	3480	1	1.0
2554	3528	1	1.0
2554	3529	1	1.0
2554	3530	1	1.0
2558	2660	1	1.0
2558	2666	1	1.0
2558	2788	1	1.0
2558	2796	1	1.0
2558	2806	1	1.0
2558	2820	1	1.0
2558	2850	1	1.0
2558	3033	1	1.0
2558	3126	1	1.0
2558	3140	1	1.0
2558	3142	1	1.0
2558	3154	1	1.0
2558	3258	1	1.0
2558	3274	1	1.0
2558	3562	1	1.0
2558	3646	1	1.0
2559	2796	0	1.0
2559	3173	0	1.0
2566	2783	1	1.0
2566	2788	1	1.0
2569	2745	1	1.0
2569	2751	1	1.0
2569	2821	1	1.0
2569	3081	1	1.0
2569	3224	1	1.0
2569	3282	1	1.0
2569	3334	1	1.0
2569	3575	1	1.0
2570	2763	1	1.0
2570	2572	0	1.0
2570	2664	0	1.0
2570	2668	0	1.0
2571	2714	1	1.0
2571	2866	1	1.0
2574	2745	1	1.0
2574	3035	1	1.0
2575	2666	0	1.0
2576	2666	1	1.0
2576	2735	1	1.0
2576	2745	1	1.0
2576	2838	1	1.0
2576	2916	1	1.0
2576	3282	1	1.0
2576	3325	1	1.0
2576	3334	1	1.0
2576	3355	1	1.0
2576	3562	1	1.0
2576	3631	1	1.0
2576	3646	1	1.0
2576	3815	1	1.0
2576	3826	1	1.0
2585	2586	0	1.0
2595	2745	1	1.0
2598	2599	1	1.0
2599	2600	1	1.0
2599	2601	1	1.0
2599	2602	1	1.0
2599	2603	1	1.0
2604	2625	1	1.0
2604	2666	1	1.0
2604	2806	1	1.0
2604	2917	1	1.0
2604	3212	1	1.0
2604	3226	1	1.0
2604	3278	1	1.0
2604	3284	1	1.0
2604	3344	1	1.0
2604	3361	1	1.0
2604	3439	1	1.0
2604	3441	1	1.0
2604	3546	1	1.0
2604	3585	1	1.0
2604	3633	1	1.0
2604	3672	1	1.0
2604	3695	1	1.0
2604	3759	1	1.0
2604	3763	1	1.0
2604	3765	1	1.0
2604	3766	1	1.0
2604	3767	1	1.0
2604	3769	1	1.0
2604	3771	1	1.0
2604	3791	1	1.0
2604	3826	1	1.0
2604	3831	1	1.0
2604	3834	1	1.0
2604	3835	1	1.0
2604	3836	1	1.0
2604	3837	1	1.0
2607	2620	1	1.0
2612	2751	1	1.0
2614	2666	1	1.0
2614	2911	1	1.0
2616	3306	1	1.0
2617	2618	1	1.0
2620	2621	1	1.0
2620	2622	1	1.0
2620	2623	1	1.0
2621	2666	1	1.0
2621	2745	1	1.0
2621	2821	1	1.0
2621	2823	1	1.0
2621	2858	1	1.0
2621	2866	1	1.0
2621	2943	0	1.0
2625	2799	1	1.0
2625	2810	1	1.0
2625	3084	1	1.0
2625	3154	1	1.0
2625	3160	1	1.0
2625	3218	1	1.0
2625	3229	1	1.0
2625	3258	1	1.0
2625	3283	1	1.0
2625	3284	1	1.0
2625	3361	1	1.0
2625	3366	1	1.0
2625	3367	1	1.0
2625	3428	1	1.0
2625	3439	1	1.0
2625	3440	1	1.0
2625	3441	1	1.0
2625	3442	1	1.0
2625	3443	1	1.0
2625	3444	1	1.0
2625	3184	0	1.0
2628	2732	1	1.0
2628	2738	1	1.0
2628	2741	1	1.0
2628	2768	1	1.0
2628	2812	1	1.0
2628	2821	1	1.0
2628	2823	1	1.0
2628	2838	1	1.0
2628	2851	1	1.0
2628	2858	1	1.0
2628	2863	1	1.0
2628	2866	1	1.0
2628	2911	1	1.0
2628	2916	1	1.0
2628	2940	1	1.0
2628	2949	1	1.0
2628	2952	1	1.0
2628	2964	1	1.0
2628	2969	1	1.0
2628	2970	1	1.0
2628	2892	0	1.0
2630	2666	1	1.0
2630	2700	1	1.0
2630	2712	1	1.0
2630	2715	1	1.0
2630	2741	1	1.0
2630	2761	1	1.0
2630	2814	1	1.0
2630	2820	1	1.0
2630	2888	1	1.0
2630	2890	1	1.0
2630	2963	1	1.0
2630	3053	1	1.0
2630	3062	1	1.0
2630	3079	1	1.0
2630	3200	1	1.0
2630	3228	1	1.0
2630	3230	1	1.0
2630	3291	1	1.0
2630	3048	0	1.0
2630	3052	0	1.0
2630	3115	0	1.0
2630	3128	0	1.0
2630	3199	0	1.0
2630	3255	0	1.0
2630	3288	0	1.0
2633	2801	1	1.0
2633	3646	1	1.0
2633	3725	1	1.0
2633	3815	1	1.0
2634	2709	0	1.0
2635	3134	1	1.0
2635	3144	1	1.0
2636	2637	1	1.0
2636	2638	1	1.0
2643	3062	1	1.0
2643	3130	1	1.0
2643	3646	1	1.0
2643	3732	1	1.0
2648	2838	1	1.0
2651	2838	1	1.0
2651	2917	1	1.0
2651	3229	1	1.0
2651	2682	0	1.0
2651	2729	0	1.0
2657	2788	1	1.0
2657	2682	0	1.0
2658	2843	0	1.0
2658	2844	0	1.0
2660	2661	1	1.0
2660	2662	1	1.0
2666	2681	1	1.0
2666	2696	1	1.0
2666	2700	1	1.0
2666	2703	1	1.0
2666	2706	1	1.0
2666	2712	1	1.0
2666	2715	1	1.0
2666	2728	1	1.0
2666	2733	1	1.0
2666	2745	1	1.0
2666	2746	1	1.0
2666	2751	1	1.0
2666	2761	1	1.0
2666	2786	1	1.0
2666	2792	1	1.0
2666	2796	1	1.0
2666	2799	1	1.0
2666	2802	1	1.0
2666	2806	1	1.0
2666	2810	1	1.0
2666	2813	1	1.0
2666	2814	1	1.0
2666	2820	1	1.0
2666	2831	1	1.0
2666	2832	1	1.0
2666	2838	1	1.0
2666	2844	1	1.0
2666	2850	1	1.0
2666	2862	1	1.0
2666	2866	1	1.0
2666	2888	1	1.0
2666	2890	1	1.0
2666	2904	1	1.0
2666	2916	1	1.0
2666	2917	1	1.0
2666	2934	1	1.0
2666	2935	1	1.0
2666	2936	1	1.0
2666	2937	1	1.0
2666	2949	1	1.0
2666	2960	1	1.0
2666	2963	1	1.0
2666	2972	1	1.0
2666	2976	1	1.0
2666	2977	1	1.0
2666	2990	1	1.0
2666	2994	1	1.0
2666	2999	1	1.0
2666	3000	1	1.0
2666	3002	1	1.0
2666	3005	1	1.0
2666	3010	1	1.0
2666	3014	1	1.0
2666	3023	1	1.0
2666	3035	1	1.0
2666	3062	1	1.0
2666	3079	1	1.0
2666	3081	1	1.0
2666	3084	1	1.0
2666	3086	1	1.0
2666	3091	1	1.0
2666	3094	1	1.0
2666	3096	1	1.0
2666	3112	1	1.0
2666	3125	1	1.0
2666	3126	1	1.0
2666	3130	1	1.0
2666	3131	1	1.0
2666	3134	1	1.0
2666	3137	1	1.0
2666	3138	1	1.0
2666	3140	1	1.0
2666	3141	1	1.0
2666	3144	1	1.0
2666	3160	1	1.0
2666	3165	1	1.0
2666	3170	1	1.0
2666	3177	1	1.0
2666	3194	1	1.0
2666	3200	1	1.0
2666	3203	1	1.0
2666	3204	1	1.0
2666	3224	1	1.0
2666	3226	1	1.0
2666	3229	1	1.0
2666	3230	1	1.0
2666	3246	1	1.0
2666	3256	1	1.0
2666	3257	1	1.0
2666	3258	1	1.0
2666	3264	1	1.0
2666	3267	1	1.0
2666	3268	1	1.0
2666	3278	1	1.0
2666	3282	1	1.0
2666	3284	1	1.0
2666	3291	1	1.0
2666	3293	1	1.0
2666	3294	1	1.0
2666	3297	1	1.0
2666	3306	1	1.0
2666	3318	1	1.0
2666	3325	1	1.0
2666	3334	1	1.0
2666	3355	1	1.0
2666	3363	1	1.0
2666	3370	1	1.0
2666	3376	1	1.0
2666	3385	1	1.0
2666	3402	1	1.0
2666	3416	1	1.0
2666	3436	1	1.0
2666	3438	1	1.0
2666	3479	1	1.0
2666	3490	1	1.0
2666	3499	1	1.0
2666	3514	1	1.0
2666	3516	1	1.0
2666	3537	1	1.0
2666	3557	1	1.0
2666	3559	1	1.0
2666	3562	1	1.0
2666	3567	1	1.0
2666	3571	1	1.0
2666	3575	1	1.0
2666	3593	1	1.0
2666	3594	1	1.0
2666	3614	1	1.0
2666	3619	1	1.0
2666	3640	1	1.0
2666	3646	1	1.0
2666	3657	1	1.0
2666	3658	1	1.0
2666	3663	1	1.0
2666	3668	1	1.0
2666	3669	1	1.0
2666	3674	1	1.0
2666	3680	1	1.0
2666	3684	1	1.0
2666	3687	1	1.0
2666	3693	1	1.0
2666	3711	1	1.0
2666	3732	1	1.0
2666	3741	1	1.0
2666	3756	1	1.0
2666	3759	1	1.0
2666	3763	1	1.0
2666	3792	1	1.0
2666	3796	1	1.0
2666	3797	1	1.0
2666	3809	1	1.0
2666	3815	1	1.0
2666	3821	1	1.0
2666	3826	1	1.0
2666	3831	1	1.0
2666	2941	0	1.0
2666	2971	0	1.0
2669	2714	1	1.0
2669	2745	1	1.0
2669	2783	1	1.0
2669	2837	0	1.0
2669	2887	0	1.0
2673	3096	1	1.0
2673	3142	1	1.0
2674	2745	1	1.0
2677	2751	1	1.0
2677	3230	1	1.0
2678	2888	1	1.0
2678	2917	1	1.0
2678	3693	1	1.0
2678	3756	1	1.0
2679	2745	1	1.0
2679	3079	1	1.0
2679	3559	1	1.0
2680	2788	1	1.0
2680	3264	1	1.0
2681	2714	1	1.0
2681	2735	1	1.0
2681	2890	1	1.0
2681	3081	1	1.0
2681	3160	1	1.0
2681	3204	1	1.0
2681	3226	1	1.0
2681	3256	1	1.0
2681	3291	1	1.0
2681	3376	1	1.0
2681	3649	1	1.0
2681	3693	1	1.0
2681	3735	1	1.0
2681	3741	1	1.0
2681	3792	1	1.0
2681	3796	1	1.0
2696	2796	1	1.0
2696	2799	1	1.0
2696	2831	1	1.0
2696	2878	1	1.0
2696	2976	1	1.0
2696	2978	1	1.0
2696	2988	1	1.0
2696	3023	1	1.0
2696	3027	1	1.0
2696	3134	1	1.0
2697	2698	0	1.0
2699	2745	1	1.0
2699	3014	1	1.0
2700	2745	1	1.0
2700	2796	1	1.0
2700	2799	1	1.0
2700	2810	1	1.0
2700	2838	1	1.0
2700	2850	1	1.0
2700	2890	1	1.0
2700	3010	1	1.0
2700	3023	1	1.0
2700	3033	1	1.0
2700	3041	1	1.0
2700	3081	1	1.0
2700	3084	1	1.0
2700	3091	1	1.0
2700	3109	1	1.0
2700	3126	1	1.0
2700	3142	1	1.0
2700	3154	1	1.0
2700	3170	1	1.0
2700	3228	1	1.0
2700	3229	1	1.0
2700	3248	1	1.0
2700	3249	1	1.0
2700	3250	1	1.0
2700	3251	1	1.0
2700	2887	0	1.0
2700	2929	0	1.0
2700	2941	0	1.0
2700	3120	0	1.0
2700	3179	0	1.0
2700	3186	0	1.0
2700	3209	0	1.0
2700	3239	0	1.0
2700	3476	0	1.0
2701	2911	1	1.0
2703	2796	1	1.0
2703	2799	1	1.0
2703	2813	1	1.0
2703	2990	1	1.0
2703	3023	1	1.0
2703	3160	1	1.0
2703	3204	1	1.0
2703	3278	1	1.0
2703	3284	1	1.0
2703	3306	1	1.0
2703	3348	1	1.0
2703	3361	1	1.0
2703	3438	1	1.0
2703	3460	1	1.0
2703	3496	1	1.0
2703	3507	1	1.0
2703	3540	1	1.0
2703	3546	1	1.0
2703	3562	1	1.0
2703	3589	1	1.0
2703	3606	1	1.0
2703	3635	1	1.0
2703	3666	1	1.0
2703	3668	1	1.0
2703	3693	1	1.0
2703	3694	1	1.0
2703	3695	1	1.0
2703	3696	1	1.0
2703	3726	1	1.0
2703	3757	1	1.0
2703	3761	1	1.0
2703	3806	1	1.0
2703	3807	1	1.0
2704	2732	1	1.0
2704	2745	1	1.0
2704	2783	1	1.0
2704	2788	1	1.0
2704	2812	1	1.0
2704	2816	1	1.0
2704	2821	1	1.0
2704	2823	1	1.0
2704	2765	0	1.0
2704	2815	0	1.0
2705	2960	1	1.0
2705	3228	1	1.0
2705	2725	0	1.0
2706	2799	1	1.0
2706	3023	1	1.0
2706	3160	1	1.0
2706	3204	1	1.0
2706	3226	1	1.0
2706	3279	1	1.0
2706	3361	1	1.0
2706	3540	1	1.0
2706	3757	1	1.0
2706	3771	1	1.0
2706	3785	1	1.0
2706	3849	1	1.0
2707	3693	1	1.0
2708	2756	1	1.0
2708	3402	1	1.0
2709	2710	0	1.0
2711	2712	1	1.0
2711	2741	1	1.0
2711	2792	1	1.0
2711	2822	1	1.0
2711	2823	1	1.0
2711	2829	1	1.0
2711	2858	1	1.0
2711	2898	1	1.0
2711	2916	1	1.0
2711	2917	1	1.0
2711	2936	1	1.0
2711	2940	1	1.0
2711	2949	1	1.0
2711	2957	1	1.0
2711	2974	1	1.0
2711	2975	1	1.0
2711	2976	1	1.0
2711	3144	1	1.0
2711	3204	1	1.0
2711	2787	0	1.0
2711	2789	0	1.0
2711	2901	0	1.0
2712	2741	1	1.0
2712	2806	1	1.0
2712	2875	1	1.0
2712	2987	1	1.0
2712	2988	1	1.0
2712	2989	1	1.0
2715	3005	1	1.0
2718	2819	0	1.0
2718	3245	0	1.0
2718	3476	0	1.0
2720	2806	1	1.0
2720	2911	1	1.0
2724	2838	1	1.0
2727	3796	1	1.0
2727	3797	1	1.0
2728	2799	1	1.0
2728	2898	1	1.0
2728	2999	1	1.0
2728	3154	1	1.0
2728	3160	1	1.0
2728	3203	1	1.0
2728	3226	1	1.0
2728	3271	1	1.0
2728	3346	1	1.0
2728	3348	1	1.0
2728	3349	1	1.0
2728	3350	1	1.0
2728	3391	1	1.0
2728	3412	1	1.0
2728	3463	1	1.0
2728	3485	1	1.0
2728	3596	1	1.0
2728	3609	1	1.0
2731	2745	1	1.0
2732	2813	1	1.0
2732	2814	1	1.0
2732	2824	1	1.0
2732	2825	1	1.0
2732	2826	1	1.0
2732	2827	1	1.0
2732	2740	0	1.0
2733	2751	1	1.0
2733	2763	1	1.0
2733	2796	1	1.0
2733	2798	1	1.0
2733	2804	1	1.0
2733	2866	1	1.0
2733	2890	1	1.0
2733	2991	1	1.0
2733	3035	1	1.0
2735	2736	1	1.0
2735	2737	1	1.0
2735	2738	1	1.0
2735	2739	1	1.0
2738	2763	1	1.0
2738	2771	1	1.0
2738	2788	1	1.0
2738	2812	1	1.0
2738	2816	1	1.0
2738	2821	1	1.0
2738	2823	1	1.0
2738	2838	1	1.0
2738	2960	1	1.0
2739	2888	1	1.0
2739	3160	1	1.0
2739	3229	1	1.0
2739	3282	1	1.0
2739	3385	1	1.0
2739	3174	0	1.0
2741	2802	1	1.0
2741	2960	1	1.0
2741	3062	1	1.0
2741	3081	1	1.0
2742	2844	1	1.0
2742	3663	1	1.0
2743	2993	0	1.0
2745	2746	1	1.0
2745	2747	1	1.0
2745	2748	1	1.0
2745	2749	1	1.0
2745	2750	1	1.0
2745	2751	1	1.0
2746	3759	1	1.0
2747	2851	1	1.0
2751	2763	1	1.0
2751	2796	1	1.0
2751	2798	1	1.0
2751	2799	1	1.0
2751	2802	1	1.0
2751	2812	1	1.0
2751	2831	1	1.0
2751	2890	1	1.0
2751	2946	1	1.0
2751	2960	1	1.0
2751	3023	1	1.0
2751	3034	1	1.0
2751	3035	1	1.0
2751	3062	1	1.0
2751	3069	1	1.0
2751	3078	1	1.0
2751	3079	1	1.0
2751	3091	1	1.0
2751	3093	1	1.0
2751	3169	1	1.0
2751	3232	1	1.0
2751	3233	1	1.0
2751	3234	1	1.0
2751	3235	1	1.0
2751	3291	1	1.0
2751	3370	1	1.0
2754	3228	1	1.0
2756	2757	1	1.0
2756	2758	1	1.0
2756	2759	1	1.0
2759	3112	1	1.0
2761	2796	1	1.0
2761	2799	1	1.0
2761	2814	1	1.0
2761	2823	1	1.0
2761	2850	1	1.0
2761	2866	1	1.0
2761	2904	1	1.0
2761	3002	1	1.0
2761	3010	1	1.0
2761	3023	1	1.0
2761	3035	1	1.0
2761	3084	1	1.0
2761	3086	1	1.0
2761	3094	1	1.0
2761	3125	1	1.0
2761	3154	1	1.0
2761	3160	1	1.0
2761	3170	1	1.0
2761	3224	1	1.0
2761	3258	1	1.0
2761	3264	1	1.0
2761	3279	1	1.0
2761	2971	0	1.0
2761	3054	0	1.0
2763	2764	1	1.0
2765	2766	0	1.0
2765	2767	0	1.0
2771	2792	1	1.0
2771	2818	1	1.0
2771	2863	1	1.0
2771	2936	1	1.0
2771	2940	1	1.0
2771	2952	1	1.0
2771	3112	1	1.0
2771	3125	1	1.0
2773	2774	1	1.0
2776	2788	1	1.0
2777	2783	1	1.0
2777	3194	1	1.0
2780	3005	1	1.0
2780	3134	1	1.0
2783	2784	1	1.0
2783	2785	1	1.0
2783	3062	1	1.0
2783	3370	1	1.0
2783	3436	1	1.0
2783	3562	1	1.0
2783	3649	1	1.0
2783	3658	1	1.0
2783	3663	1	1.0
2783	3668	1	1.0
2783	3674	1	1.0
2783	3684	1	1.0
2783	3687	1	1.0
2783	3703	1	1.0
2783	3711	1	1.0
2783	3741	1	1.0
2786	2799	1	1.0
2786	2888	1	1.0
2786	2890	1	1.0
2786	3154	1	1.0
2786	3257	1	1.0
2786	3258	1	1.0
2786	3269	1	1.0
2786	3282	1	1.0
2786	3283	1	1.0
2786	3284	1	1.0
2786	3306	1	1.0
2786	3378	1	1.0
2786	3416	1	1.0
2786	3390	0	1.0
2790	2821	1	1.0
2790	2823	1	1.0
2790	2858	1	1.0
2790	2960	1	1.0
2792	2858	1	1.0
2792	2866	1	1.0
2792	2949	1	1.0
2792	2960	1	1.0
2792	2972	1	1.0
2792	2876	0	1.0
2793	2799	1	1.0
2793	3200	1	1.0
2796	2799	1	1.0
2796	2802	1	1.0
2796	2810	1	1.0
2796	2813	1	1.0
2796	2814	1	1.0
2796	2844	1	1.0
2796	2850	1	1.0
2796	2858	1	1.0
2796	2890	1	1.0
2796	2904	1	1.0
2796	2949	1	1.0
2796	2960	1	1.0
2796	2963	1	1.0
2796	2994	1	1.0
2796	3010	1	1.0
2796	3055	1	1.0
2796	3079	1	1.0
2796	3081	1	1.0
2796	3094	1	1.0
2796	3096	1	1.0
2796	3112	1	1.0
2796	3126	1	1.0
2796	3130	1	1.0
2796	3131	1	1.0
2796	3134	1	1.0
2796	3140	1	1.0
2796	3144	1	1.0
2796	3200	1	1.0
2796	3224	1	1.0
2796	3228	1	1.0
2796	3229	1	1.0
2796	3246	1	1.0
2796	3256	1	1.0
2796	3264	1	1.0
2796	3268	1	1.0
2796	3282	1	1.0
2796	3297	1	1.0
2796	3306	1	1.0
2796	3318	1	1.0
2796	3334	1	1.0
2796	3355	1	1.0
2796	3370	1	1.0
2796	3479	1	1.0
2796	3499	1	1.0
2796	3514	1	1.0
2796	3538	1	1.0
2796	3562	1	1.0
2796	3614	1	1.0
2796	3674	1	1.0
2796	3693	1	1.0
2796	3732	1	1.0
2796	3792	1	1.0
2796	2927	0	1.0
2796	2954	0	1.0
2796	3128	0	1.0
2796	3275	0	1.0
2796	3543	0	1.0
2797	3094	1	1.0
2798	2799	1	1.0
2798	2802	1	1.0
2798	2807	1	1.0
2798	2811	1	1.0
2798	3041	1	1.0
2798	3042	1	1.0
2798	3048	0	1.0
2798	3050	0	1.0
2799	2801	1	1.0
2799	2802	1	1.0
2799	2810	1	1.0
2799	2813	1	1.0
2799	2814	1	1.0
2799	2820	1	1.0
2799	2844	1	1.0
2799	2850	1	1.0
2799	2863	1	1.0
2799	2888	1	1.0
2799	2890	1	1.0
2799	2904	1	1.0
2799	2916	1	1.0
2799	2976	1	1.0
2799	2977	1	1.0
2799	2994	1	1.0
2799	3002	1	1.0
2799	3010	1	1.0
2799	3055	1	1.0
2799	3062	1	1.0
2799	3079	1	1.0
2799	3081	1	1.0
2799	3085	1	1.0
2799	3089	1	1.0
2799	3094	1	1.0
2799	3096	1	1.0
2799	3112	1	1.0
2799	3125	1	1.0
2799	3126	1	1.0
2799	3130	1	1.0
2799	3131	1	1.0
2799	3134	1	1.0
2799	3138	1	1.0
2799	3141	1	1.0
2799	3144	1	1.0
2799	3160	1	1.0
2799	3165	1	1.0
2799	3194	1	1.0
2799	3200	1	1.0
2799	3203	1	1.0
2799	3204	1	1.0
2799	3211	1	1.0
2799	3224	1	1.0
2799	3226	1	1.0
2799	3229	1	1.0
2799	3246	1	1.0
2799	3256	1	1.0
2799	3264	1	1.0
2799	3267	1	1.0
2799	3268	1	1.0
2799	3282	1	1.0
2799	3284	1	1.0
2799	3297	1	1.0
2799	3306	1	1.0
2799	3318	1	1.0
2799	3325	1	1.0
2799	3334	1	1.0
2799	3355	1	1.0
2799	3363	1	1.0
2799	3370	1	1.0
2799	3376	1	1.0
2799	3385	1	1.0
2799	3388	1	1.0
2799	3402	1	1.0
2799	3416	1	1.0
2799	3436	1	1.0
2799	3438	1	1.0
2799	3479	1	1.0
2799	3490	1	1.0
2799	3499	1	1.0
2799	3514	1	1.0
2799	3516	1	1.0
2799	3537	1	1.0
2799	3538	1	1.0
2799	3557	1	1.0
2799	3559	1	1.0
2799	3562	1	1.0
2799	3567	1	1.0
2799	3571	1	1.0
2799	3575	1	1.0
2799	3593	1	1.0
2799	3614	1	1.0
2799	3619	1	1.0
2799	3631	1	1.0
2799	3640	1	1.0
2799	3646	1	1.0
2799	3649	1	1.0
2799	3663	1	1.0
2799	3668	1	1.0
2799	3669	1	1.0
2799	3680	1	1.0
2799	3684	1	1.0
2799	3687	1	1.0
2799	3693	1	1.0
2799	3711	1	1.0
2799	3725	1	1.0
2799	3732	1	1.0
2799	3735	1	1.0
2799	3741	1	1.0
2799	3756	1	1.0
2799	3759	1	1.0
2799	3763	1	1.0
2799	3769	1	1.0
2799	3796	1	1.0
2799	3797	1	1.0
2799	3809	1	1.0
2799	3815	1	1.0
2799	3821	1	1.0
2799	3826	1	1.0
2799	3827	1	1.0
2799	3831	1	1.0
2799	3048	0	1.0
2799	3054	0	1.0
2799	3074	0	1.0
2799	3102	0	1.0
2799	3115	0	1.0
2799	3139	0	1.0
2799	3150	0	1.0
2799	3164	0	1.0
2799	3176	0	1.0
2799	3303	0	1.0
2799	3421	0	1.0
2799	3489	0	1.0
2799	3572	0	1.0
2799	3584	0	1.0
2799	3788	0	1.0
2799	3800	0	1.0
2799	3803	0	1.0
2799	3833	0	1.0
2801	2831	1	1.0
2801	2888	1	1.0
2801	2890	1	1.0
2801	2904	1	1.0
2801	2999	1	1.0
2801	3002	1	1.0
2801	3010	1	1.0
2801	3014	1	1.0
2801	3084	1	1.0
2801	3091	1	1.0
2801	3160	1	1.0
2801	3212	1	1.0
2801	3229	1	1.0
2801	3284	1	1.0
2801	3285	1	1.0
2801	3334	1	1.0
2801	3348	1	1.0
2801	3351	1	1.0
2801	3359	1	1.0
2801	3361	1	1.0
2801	3410	1	1.0
2801	3411	1	1.0
2801	3412	1	1.0
2801	3418	1	1.0
2801	3420	1	1.0
2801	3438	1	1.0
2801	3460	1	1.0
2801	3466	1	1.0
2801	3471	1	1.0
2801	3479	1	1.0
2801	3490	1	1.0
2801	3499	1	1.0
2801	3526	1	1.0
2801	3640	1	1.0
2801	3646	1	1.0
2801	3684	1	1.0
2801	3780	1	1.0
2801	3797	1	1.0
2801	3021	0	1.0
2801	3210	0	1.0
2801	3214	0	1.0
2801	3453	0	1.0
2801	3457	0	1.0
2801	3511	0	1.0
2801	3534	0	1.0
2801	3549	0	1.0
2801	3573	0	1.0
2801	3602	0	1.0
2801	3604	0	1.0
2801	3607	0	1.0
2801	3706	0	1.0
2801	3852	0	1.0
2802	2804	1	1.0
2802	2850	1	1.0
2802	2858	1	1.0
2802	2875	1	1.0
2802	2890	1	1.0
2802	2967	1	1.0
2802	2995	1	1.0
2802	3038	1	1.0
2802	3039	1	1.0
2802	3062	1	1.0
2802	3144	1	1.0
2802	3229	1	1.0
2802	3334	1	1.0
2802	3370	1	1.0
2802	3668	1	1.0
2802	2872	0	1.0
2802	3174	0	1.0
2802	3401	0	1.0
2802	3570	0	1.0
2803	3005	1	1.0
2803	3094	1	1.0
2805	2890	1	1.0
2805	3035	1	1.0
2805	3055	1	1.0
2805	3144	1	1.0
2805	3200	1	1.0
2805	3264	1	1.0
2805	3284	1	1.0
2805	3416	1	1.0
2805	3646	1	1.0
2806	2890	1	1.0
2806	2963	1	1.0
2806	3005	1	1.0
2806	3014	1	1.0
2806	3035	1	1.0
2806	3062	1	1.0
2806	3229	1	1.0
2806	3284	1	1.0
2806	3351	1	1.0
2806	3361	1	1.0
2806	3438	1	1.0
2806	3546	1	1.0
2806	3606	1	1.0
2806	3612	1	1.0
2806	3695	1	1.0
2806	3764	1	1.0
2806	3765	1	1.0
2806	3766	1	1.0
2806	3767	1	1.0
2806	3768	1	1.0
2806	3769	1	1.0
2806	3770	1	1.0
2806	3771	1	1.0
2806	3772	1	1.0
2807	3266	0	1.0
2808	2820	1	1.0
2808	2999	1	1.0
2808	3203	1	1.0
2808	3438	1	1.0
2808	3614	1	1.0
2808	3619	1	1.0
2808	3640	1	1.0
2808	3646	1	1.0
2809	2890	1	1.0
2809	3062	1	1.0
2809	3096	1	1.0
2809	3141	1	1.0
2810	2814	1	1.0
2810	2820	1	1.0
2810	2888	1	1.0
2810	2890	1	1.0
2810	2916	1	1.0
2810	2917	1	1.0
2810	2977	1	1.0
2810	2982	1	1.0
2810	2999	1	1.0
2810	3005	1	1.0
2810	3010	1	1.0
2810	3082	1	1.0
2810	3096	1	1.0
2810	3130	1	1.0
2810	3140	1	1.0
2810	3154	1	1.0
2810	3165	1	1.0
2810	3224	1	1.0
2810	3230	1	1.0
2810	3246	1	1.0
2810	3258	1	1.0
2810	3264	1	1.0
2810	3282	1	1.0
2810	3306	1	1.0
2810	3352	1	1.0
2810	3353	1	1.0
2810	3355	1	1.0
2810	3416	1	1.0
2810	3417	1	1.0
2810	3479	1	1.0
2810	3499	1	1.0
2810	3562	1	1.0
2810	3567	1	1.0
2810	3571	1	1.0
2810	3575	1	1.0
2810	3646	1	1.0
2810	3649	1	1.0
2810	3657	1	1.0
2810	3658	1	1.0
2810	3703	1	1.0
2810	3054	0	1.0
2810	3176	0	1.0
2810	3453	0	1.0
2810	3592	0	1.0
2810	3852	0	1.0
2812	2813	1	1.0
2813	2820	1	1.0
2813	2831	1	1.0
2813	2850	1	1.0
2813	3010	1	1.0
2813	3023	1	1.0
2813	3094	1	1.0
2813	3097	1	1.0
2813	3130	1	1.0
2813	3151	1	1.0
2813	3282	1	1.0
2813	3385	1	1.0
2813	3436	1	1.0
2813	3575	1	1.0
2814	2820	1	1.0
2814	2850	1	1.0
2814	2912	1	1.0
2814	2961	1	1.0
2814	3002	1	1.0
2814	3023	1	1.0
2814	3041	1	1.0
2814	3109	1	1.0
2814	3111	1	1.0
2814	3151	1	1.0
2814	3154	1	1.0
2814	3228	1	1.0
2814	3241	1	1.0
2814	3242	1	1.0
2814	3243	0	1.0
2814	3244	0	1.0
2816	2817	1	1.0
2816	2818	1	1.0
2818	2911	1	1.0
2819	2820	0	1.0
2820	2850	1	1.0
2820	3002	1	1.0
2820	3010	1	1.0
2820	3055	1	1.0
2820	3062	1	1.0
2820	3094	1	1.0
2820	3096	1	1.0
2820	3114	1	1.0
2820	3130	1	1.0
2820	3140	1	1.0
2820	3144	1	1.0
2820	3160	1	1.0
2820	3171	1	1.0
2820	3197	1	1.0
2820	3203	1	1.0
2820	3224	1	1.0
2820	3229	1	1.0
2820	3284	1	1.0
2820	3300	1	1.0
2820	3348	1	1.0
2820	3349	1	1.0
2820	3351	1	1.0
2820	3361	1	1.0
2820	3382	1	1.0
2820	3412	1	1.0
2820	3438	1	1.0
2820	3460	1	1.0
2820	3490	1	1.0
2820	3498	1	1.0
2820	3541	1	1.0
2820	3553	1	1.0
2820	3556	1	1.0
2820	3562	1	1.0
2820	3571	1	1.0
2820	3575	1	1.0
2820	3597	1	1.0
2820	3599	1	1.0
2820	3601	1	1.0
2820	3612	1	1.0
2820	3613	1	1.0
2820	3636	1	1.0
2820	3645	1	1.0
2820	3660	1	1.0
2820	3176	0	1.0
2820	3573	0	1.0
2821	2822	1	1.0
2822	2838	1	1.0
2822	2887	0	1.0
2823	2824	1	1.0
2828	3646	1	1.0
2831	2838	1	1.0
2831	2949	1	1.0
2831	2994	1	1.0
2831	3010	1	1.0
2831	3023	1	1.0
2831	3062	1	1.0
2831	3079	1	1.0
2831	3081	1	1.0
2831	3094	1	1.0
2831	3126	1	1.0
2831	3131	1	1.0
2831	3134	1	1.0
2831	3140	1	1.0
2831	3141	1	1.0
2831	3165	1	1.0
2831	3230	1	1.0
2831	3268	1	1.0
2831	3355	1	1.0
2831	3538	1	1.0
2831	3562	1	1.0
2831	3693	1	1.0
2831	3732	1	1.0
2831	3809	1	1.0
2831	3827	1	1.0
2832	2838	1	1.0
2832	2960	1	1.0
2832	3010	1	1.0
2832	3094	1	1.0
2832	3165	1	1.0
2832	3297	1	1.0
2833	2851	1	1.0
2834	2838	1	1.0
2835	2838	1	1.0
2835	2851	1	1.0
2835	2858	1	1.0
2838	2839	1	1.0
2838	2840	1	1.0
2838	2841	1	1.0
2842	3680	1	1.0
2844	3091	1	1.0
2844	3154	1	1.0
2844	3160	1	1.0
2844	3283	1	1.0
2844	3284	1	1.0
2844	3365	1	1.0
2844	3380	1	1.0
2844	3391	1	1.0
2844	3432	1	1.0
2844	3455	1	1.0
2845	2890	1	1.0
2845	3200	1	1.0
2845	3246	1	1.0
2845	3809	1	1.0
2846	2858	0	1.0
2847	2858	1	1.0
2848	3797	1	1.0
2849	2851	1	1.0
2849	2866	1	1.0
2850	2863	1	1.0
2850	2866	1	1.0
2850	2963	1	1.0
2850	2976	1	1.0
2850	3002	1	1.0
2850	3010	1	1.0
2850	3041	1	1.0
2850	3086	1	1.0
2850	3109	1	1.0
2850	3126	1	1.0
2850	3130	1	1.0
2850	3134	1	1.0
2850	3151	1	1.0
2850	3154	1	1.0
2850	3194	1	1.0
2850	3215	1	1.0
2850	3221	1	1.0
2850	3223	1	1.0
2850	3224	1	1.0
2850	3246	1	1.0
2850	3562	1	1.0
2850	3222	0	1.0
2851	2852	1	1.0
2851	2853	1	1.0
2851	2854	1	1.0
2851	2855	1	1.0
2851	2856	1	1.0
2853	2917	1	1.0
2853	3226	1	1.0
2853	3759	1	1.0
2855	2994	1	1.0
2858	2859	1	1.0
2859	3204	1	1.0
2859	3684	1	1.0
2859	3769	1	1.0
2859	3797	1	1.0
2860	2861	0	1.0
2862	3010	1	1.0
2862	3023	1	1.0
2862	3059	1	1.0
2862	3160	1	1.0
2862	3348	1	1.0
2862	3351	1	1.0
2862	3359	1	1.0
2862	3361	1	1.0
2862	3612	1	1.0
2862	3629	1	1.0
2862	3630	1	1.0
2862	3707	1	1.0
2863	2866	1	1.0
2863	2972	1	1.0
2863	3126	1	1.0
2863	3144	1	1.0
2863	3194	1	1.0
2863	3200	1	1.0
2863	3264	1	1.0
2863	3031	0	1.0
2863	3048	0	1.0
2863	3236	0	1.0
2864	2876	0	1.0
2864	2993	0	1.0
2864	2996	0	1.0
2865	2890	1	1.0
2865	2949	1	1.0
2865	3081	1	1.0
2865	3370	1	1.0
2865	3562	1	1.0
2865	3687	1	1.0
2865	3815	1	1.0
2865	3821	1	1.0
2866	2867	1	1.0
2866	2868	1	1.0
2866	2869	1	1.0
2868	2949	1	1.0
2869	3798	0	1.0
2870	3416	1	1.0
2870	3417	1	1.0
2870	3562	1	1.0
2870	3725	1	1.0
2873	3831	1	1.0
2874	2960	1	1.0
2875	2887	0	1.0
2875	2947	0	1.0
2879	3732	1	1.0
2888	2890	1	1.0
2888	3002	1	1.0
2888	3023	1	1.0
2888	3082	1	1.0
2888	3084	1	1.0
2888	3096	1	1.0
2888	3107	1	1.0
2888	3125	1	1.0
2888	3126	1	1.0
2888	3130	1	1.0
2888	3131	1	1.0
2888	3140	1	1.0
2888	3142	1	1.0
2888	3144	1	1.0
2888	3165	1	1.0
2888	3170	1	1.0
2888	3224	1	1.0
2888	3258	1	1.0
2888	3282	1	1.0
2888	3363	1	1.0
2888	3370	1	1.0
2888	3376	1	1.0
2888	3385	1	1.0
2888	3438	1	1.0
2888	3514	1	1.0
2888	3537	1	1.0
2888	3657	1	1.0
2888	3674	1	1.0
2888	3687	1	1.0
2888	3732	1	1.0
2889	2917	1	1.0
2889	3081	1	1.0
2889	3224	1	1.0
2889	3562	1	1.0
2889	3741	1	1.0
2890	2904	1	1.0
2890	2961	1	1.0
2890	2967	1	1.0
2890	2981	1	1.0
2890	2991	1	1.0
2890	3010	1	1.0
2890	3023	1	1.0
2890	3047	1	1.0
2890	3055	1	1.0
2890	3056	1	1.0
2890	3057	1	1.0
2890	3059	1	1.0
2890	3060	1	1.0
2890	3061	1	1.0
2890	3062	1	1.0
2890	3079	1	1.0
2890	3081	1	1.0
2890	3096	1	1.0
2890	3134	1	1.0
2890	3228	1	1.0
2890	3284	1	1.0
2890	3438	1	1.0
2890	3514	1	1.0
2890	3741	1	1.0
2890	3826	1	1.0
2890	3058	0	1.0
2890	3167	0	1.0
2891	3081	1	1.0
2891	2943	0	1.0
2894	3081	1	1.0
2894	3687	1	1.0
2895	2916	1	1.0
2895	3081	1	1.0
2895	3687	1	1.0
2895	3852	0	1.0
2896	3081	1	1.0
2896	3687	1	1.0
2897	3081	1	1.0
2897	3226	1	1.0
2897	3657	1	1.0
2897	3815	1	1.0
2898	2972	1	1.0
2898	3436	1	1.0
2898	3438	1	1.0
2898	3514	1	1.0
2898	3619	1	1.0
2898	3849	1	1.0
2898	2993	0	1.0
2899	3005	1	1.0
2900	3184	0	1.0
2904	3002	1	1.0
2904	3011	1	1.0
2904	3023	1	1.0
2904	3035	1	1.0
2904	3055	1	1.0
2904	3091	1	1.0
2904	3107	1	1.0
2904	3114	1	1.0
2904	3130	1	1.0
2904	3160	1	1.0
2904	3224	1	1.0
2904	3229	1	1.0
2904	3246	1	1.0
2904	3268	1	1.0
2904	3276	1	1.0
2904	3282	1	1.0
2904	3291	1	1.0
2904	3297	1	1.0
2904	3318	1	1.0
2904	3351	1	1.0
2904	3355	1	1.0
2904	3417	1	1.0
2904	3420	1	1.0
2904	3438	1	1.0
2904	3460	1	1.0
2904	3490	1	1.0
2904	3556	1	1.0
2904	3557	1	1.0
2904	3601	1	1.0
2904	3606	1	1.0
2904	3629	1	1.0
2904	3643	1	1.0
2904	3657	1	1.0
2904	3693	1	1.0
2904	3759	1	1.0
2904	3792	1	1.0
2904	3821	1	1.0
2904	3220	0	1.0
2904	3489	0	1.0
2911	2912	1	1.0
2911	2913	1	1.0
2911	3687	1	1.0
2914	2918	0	1.0
2916	2960	1	1.0
2916	3010	1	1.0
2916	3160	1	1.0
2916	3284	1	1.0
2916	3306	1	1.0
2916	3318	1	1.0
2916	3325	1	1.0
2916	3351	1	1.0
2916	3382	1	1.0
2916	3412	1	1.0
2916	3438	1	1.0
2916	3490	1	1.0
2916	3514	1	1.0
2916	3553	1	1.0
2916	3593	1	1.0
2916	3614	1	1.0
2916	3640	1	1.0
2916	3648	1	1.0
2916	3732	1	1.0
2916	3756	1	1.0
2916	3815	1	1.0
2917	2919	1	1.0
2917	3011	1	1.0
2917	3023	1	1.0
2917	3095	1	1.0
2917	3160	1	1.0
2917	3231	1	1.0
2917	3284	1	1.0
2917	3351	1	1.0
2917	3361	1	1.0
2917	3362	1	1.0
2917	3438	1	1.0
2917	3540	1	1.0
2917	3571	1	1.0
2917	3635	1	1.0
2917	3672	1	1.0
2917	3695	1	1.0
2917	3716	1	1.0
2917	3747	1	1.0
2917	3748	1	1.0
2917	3749	1	1.0
2917	3750	1	1.0
2917	3751	1	1.0
2928	2929	1	1.0
2929	2930	1	1.0
2929	2931	1	1.0
2932	2949	1	1.0
2933	3226	1	1.0
2936	2949	1	1.0
2936	2960	1	1.0
2936	2972	1	1.0
2936	2977	1	1.0
2936	3268	1	1.0
2936	3438	1	1.0
2936	3680	1	1.0
2936	3711	1	1.0
2940	2960	1	1.0
2941	2942	1	1.0
2943	2944	0	1.0
2945	2946	0	1.0
2946	3081	1	1.0
2946	3199	0	1.0
2948	3096	1	1.0
2948	3230	1	1.0
2963	3154	1	1.0
2963	3263	1	1.0
2963	3269	1	1.0
2963	3270	1	1.0
2963	3271	1	1.0
2963	3272	1	1.0
2963	3273	1	1.0
2965	3014	1	1.0
2972	2973	1	1.0
2973	3125	1	1.0
2973	3150	0	1.0
2976	2989	1	1.0
2976	3005	1	1.0
2976	3023	1	1.0
2976	3086	1	1.0
2976	3140	1	1.0
2976	3164	0	1.0
2976	3176	0	1.0
2977	3160	1	1.0
2977	3246	1	1.0
2977	3351	1	1.0
2977	3361	1	1.0
2977	3412	1	1.0
2977	3556	1	1.0
2977	3628	1	1.0
2977	3629	1	1.0
2977	3630	1	1.0
2977	3849	1	1.0
2978	3081	1	1.0
2978	3640	1	1.0
2979	3284	1	1.0
2984	3291	1	1.0
2985	3236	1	1.0
2986	3658	1	1.0
2987	3062	1	1.0
2987	3079	1	1.0
2987	3559	1	1.0
2988	3062	1	1.0
2988	3081	1	1.0
2988	3126	1	1.0
2988	3140	1	1.0
2988	3141	1	1.0
2988	3144	1	1.0
2988	3228	1	1.0
2989	3209	0	1.0
2990	3014	1	1.0
2990	3023	1	1.0
2990	3140	1	1.0
2990	3163	1	1.0
2990	3178	1	1.0
2990	3200	1	1.0
2990	3226	1	1.0
2990	3499	1	1.0
2990	3537	1	1.0
2990	3538	1	1.0
2990	3562	1	1.0
2990	3646	1	1.0
2990	3198	0	1.0
2991	3125	1	1.0
2991	3131	1	1.0
2991	3165	1	1.0
2994	3023	1	1.0
2994	3137	1	1.0
2994	3161	1	1.0
2994	3170	1	1.0
2994	3258	1	1.0
2994	3289	1	1.0
2994	3290	1	1.0
2994	3827	1	1.0
2999	3055	1	1.0
2999	3081	1	1.0
2999	3096	1	1.0
2999	3130	1	1.0
2999	3160	1	1.0
2999	3200	1	1.0
2999	3229	1	1.0
2999	3230	1	1.0
2999	3246	1	1.0
2999	3256	1	1.0
2999	3279	1	1.0
2999	3284	1	1.0
2999	3306	1	1.0
2999	3334	1	1.0
2999	3346	1	1.0
2999	3348	1	1.0
2999	3351	1	1.0
2999	3412	1	1.0
2999	3416	1	1.0
2999	3436	1	1.0
2999	3438	1	1.0
2999	3479	1	1.0
2999	3490	1	1.0
2999	3493	1	1.0
2999	3499	1	1.0
2999	3514	1	1.0
2999	3538	1	1.0
2999	3553	1	1.0
2999	3556	1	1.0
2999	3562	1	1.0
2999	3575	1	1.0
2999	3589	1	1.0
2999	3593	1	1.0
2999	3594	1	1.0
2999	3619	1	1.0
2999	3663	1	1.0
2999	3693	1	1.0
2999	3732	1	1.0
2999	3759	1	1.0
2999	3769	1	1.0
2999	3827	1	1.0
2999	3831	1	1.0
2999	3551	0	1.0
2999	3554	0	1.0
3000	3005	1	1.0
3000	3291	1	1.0
3001	3562	0	1.0
3002	3094	1	1.0
3002	3130	1	1.0
3002	3140	1	1.0
3002	3160	1	1.0
3002	3215	1	1.0
3002	3224	1	1.0
3002	3246	1	1.0
3002	3284	1	1.0
3002	3300	1	1.0
3002	3348	1	1.0
3002	3351	1	1.0
3002	3359	1	1.0
3002	3361	1	1.0
3002	3412	1	1.0
3002	3416	1	1.0
3002	3418	1	1.0
3002	3460	1	1.0
3002	3471	1	1.0
3002	3499	1	1.0
3002	3524	1	1.0
3002	3525	1	1.0
3002	3562	1	1.0
3002	3646	1	1.0
3002	3150	0	1.0
3002	3164	0	1.0
3004	3125	1	1.0
3004	3131	1	1.0
3006	3649	0	1.0
3009	3096	1	1.0
3009	3239	0	1.0
3010	3023	1	1.0
3010	3094	1	1.0
3010	3125	1	1.0
3010	3130	1	1.0
3010	3154	1	1.0
3010	3170	1	1.0
3010	3224	1	1.0
3010	3246	1	1.0
3010	3257	1	1.0
3010	3258	1	1.0
3010	3293	1	1.0
3010	3297	1	1.0
3010	3306	1	1.0
3010	3499	1	1.0
3010	3562	1	1.0
3010	3575	1	1.0
3010	3684	1	1.0
3010	3693	1	1.0
3010	3769	1	1.0
3010	3780	1	1.0
3010	3849	1	1.0
3010	3150	0	1.0
3011	3571	1	1.0
3011	3640	1	1.0
3011	3658	1	1.0
3014	3015	1	1.0
3014	3016	1	1.0
3014	3017	1	1.0
3014	3018	1	1.0
3014	3020	1	1.0
3014	3019	0	1.0
3021	3022	0	1.0
3023	3062	1	1.0
3023	3079	1	1.0
3023	3091	1	1.0
3023	3096	1	1.0
3023	3112	1	1.0
3023	3126	1	1.0
3023	3138	1	1.0
3023	3140	1	1.0
3023	3141	1	1.0
3023	3142	1	1.0
3023	3152	1	1.0
3023	3153	1	1.0
3023	3154	1	1.0
3023	3155	1	1.0
3023	3156	1	1.0
3023	3160	1	1.0
3023	3165	1	1.0
3023	3194	1	1.0
3023	3200	1	1.0
3023	3226	1	1.0
3023	3228	1	1.0
3023	3229	1	1.0
3023	3230	1	1.0
3023	3256	1	1.0
3023	3268	1	1.0
3023	3291	1	1.0
3023	3388	1	1.0
3023	3436	1	1.0
3023	3631	1	1.0
3023	3669	1	1.0
3023	3735	1	1.0
3023	3756	1	1.0
3023	3763	1	1.0
3023	3797	1	1.0
3023	3831	1	1.0
3023	3102	0	1.0
3023	3116	0	1.0
3023	3120	0	1.0
3023	3706	0	1.0
3023	3715	0	1.0
3023	3762	0	1.0
3023	3801	0	1.0
3026	3296	0	1.0
3028	3142	1	1.0
3030	3735	1	1.0
3031	3032	0	1.0
3032	3035	1	1.0
3033	3125	1	1.0
3033	3160	1	1.0
3033	3264	1	1.0
3035	3036	1	1.0
3035	3037	1	1.0
3036	3562	1	1.0
3036	3048	0	1.0
3041	3228	1	1.0
3046	3663	1	1.0
3048	3049	0	1.0
3049	3388	1	1.0
3049	3390	0	1.0
3050	3051	0	1.0
3055	3107	1	1.0
3055	3124	1	1.0
3055	3154	1	1.0
3055	3160	1	1.0
3055	3203	1	1.0
3055	3268	1	1.0
3055	3271	1	1.0
3055	3284	1	1.0
3055	3348	1	1.0
3055	3351	1	1.0
3055	3361	1	1.0
3055	3432	1	1.0
3055	3501	1	1.0
3055	3502	1	1.0
3055	3503	1	1.0
3055	3504	1	1.0
3055	3543	0	1.0
3056	3144	1	1.0
3056	3246	1	1.0
3056	3282	1	1.0
3056	3370	1	1.0
3056	3402	1	1.0
3056	3417	1	1.0
3056	3562	1	1.0
3056	3567	1	1.0
3056	3640	1	1.0
3056	3657	1	1.0
3056	3687	1	1.0
3059	3663	1	1.0
3059	3703	1	1.0
3059	3711	1	1.0
3060	3490	1	1.0
3060	3562	1	1.0
3062	3063	1	1.0
3062	3064	1	1.0
3062	3065	1	1.0
3062	3066	1	1.0
3062	3067	1	1.0
3062	3068	1	1.0
3062	3069	1	1.0
3062	3070	1	1.0
3062	3071	1	1.0
3062	3126	1	1.0
3062	3144	1	1.0
3062	3264	1	1.0
3062	3284	1	1.0
3062	3291	1	1.0
3062	3370	1	1.0
3062	3663	1	1.0
3062	3809	1	1.0
3062	3150	0	1.0
3062	3180	0	1.0
3069	3291	1	1.0
3072	3200	1	1.0
3074	3075	1	1.0
3074	3076	0	1.0
3076	3230	1	1.0
3076	3102	0	1.0
3078	3126	1	1.0
3078	3140	1	1.0
3078	3142	1	1.0
3079	3080	1	1.0
3081	3082	1	1.0
3081	3083	1	1.0
3081	3084	1	1.0
3081	3085	1	1.0
3081	3086	1	1.0
3081	3087	1	1.0
3081	3088	1	1.0
3081	3089	1	1.0
3081	3090	1	1.0
3081	3091	1	1.0
3081	3092	1	1.0
3082	3334	1	1.0
3082	3687	1	1.0
3082	3815	1	1.0
3082	3821	1	1.0
3084	3126	1	1.0
3084	3130	1	1.0
3084	3144	1	1.0
3084	3160	1	1.0
3084	3200	1	1.0
3084	3224	1	1.0
3084	3229	1	1.0
3084	3246	1	1.0
3084	3267	1	1.0
3084	3282	1	1.0
3084	3284	1	1.0
3084	3306	1	1.0
3084	3385	1	1.0
3084	3402	1	1.0
3084	3416	1	1.0
3084	3479	1	1.0
3084	3490	1	1.0
3084	3499	1	1.0
3084	3562	1	1.0
3084	3150	0	1.0
3084	3421	0	1.0
3084	3453	0	1.0
3084	3477	0	1.0
3084	3511	0	1.0
3086	3264	1	1.0
3086	3267	1	1.0
3086	3164	0	1.0
3088	3230	1	1.0
3091	3230	1	1.0
3091	3246	1	1.0
3091	3256	1	1.0
3091	3267	1	1.0
3091	3297	1	1.0
3091	3363	1	1.0
3091	3370	1	1.0
3091	3438	1	1.0
3091	3490	1	1.0
3091	3499	1	1.0
3091	3514	1	1.0
3091	3557	1	1.0
3091	3559	1	1.0
3091	3594	1	1.0
3091	3619	1	1.0
3091	3657	1	1.0
3091	3674	1	1.0
3091	3687	1	1.0
3091	3741	1	1.0
3091	3815	1	1.0
3091	3849	1	1.0
3091	3288	0	1.0
3091	3457	0	1.0
3091	3573	0	1.0
3092	3454	0	1.0
3093	3291	1	1.0
3094	3149	1	1.0
3095	3370	1	1.0
3095	3559	1	1.0
3095	3680	1	1.0
3095	3732	1	1.0
3095	3815	1	1.0
3096	3097	1	1.0
3097	3144	1	1.0
3107	3229	1	1.0
3107	3246	1	1.0
3107	3306	1	1.0
3107	3334	1	1.0
3107	3436	1	1.0
3108	3438	1	1.0
3109	3228	1	1.0
3109	3264	1	1.0
3109	3267	1	1.0
3109	3239	0	1.0
3110	3355	1	1.0
3111	3230	1	1.0
3111	3376	1	1.0
3112	3113	1	1.0
3114	3125	1	1.0
3114	3194	1	1.0
3114	3334	1	1.0
3114	3436	1	1.0
3114	3499	1	1.0
3114	3625	1	1.0
3114	3646	1	1.0
3114	3658	1	1.0
3114	3703	1	1.0
3114	3759	1	1.0
3114	3128	0	1.0
3117	3128	0	1.0
3117	3150	0	1.0
3118	3562	1	1.0
3118	3220	0	1.0
3118	3800	0	1.0
3118	3803	0	1.0
3119	3680	1	1.0
3124	3479	1	1.0
3124	3640	1	1.0
3126	3334	1	1.0
3126	3562	1	1.0
3129	3130	0	1.0
3130	3154	1	1.0
3130	3160	1	1.0
3130	3215	1	1.0
3130	3224	1	1.0
3130	3229	1	1.0
3130	3246	1	1.0
3130	3283	1	1.0
3130	3284	1	1.0
3130	3334	1	1.0
3130	3351	1	1.0
3130	3353	1	1.0
3130	3355	1	1.0
3130	3382	1	1.0
3130	3420	1	1.0
3130	3479	1	1.0
3130	3481	1	1.0
3130	3490	1	1.0
3130	3491	1	1.0
3130	3492	1	1.0
3130	3493	1	1.0
3130	3494	1	1.0
3130	3495	1	1.0
3130	3496	1	1.0
3130	3499	1	1.0
3130	3559	1	1.0
3130	3562	1	1.0
3130	3401	0	1.0
3130	3426	0	1.0
3130	3511	0	1.0
3131	3693	1	1.0
3134	3135	1	1.0
3134	3136	1	1.0
3137	3194	1	1.0
3140	3141	1	1.0
3140	3246	1	1.0
3140	3499	1	1.0
3140	3562	1	1.0
3140	3646	1	1.0
3140	3792	1	1.0
3140	3459	0	1.0
3141	3142	1	1.0
3142	3162	1	1.0
3142	3163	1	1.0
3142	3178	1	1.0
3142	3200	1	1.0
3142	3246	1	1.0
3142	3499	1	1.0
3142	3562	1	1.0
3143	3663	1	1.0
3144	3145	1	1.0
3144	3146	1	1.0
3144	3147	1	1.0
3144	3148	1	1.0
3144	3149	1	1.0
3149	3165	1	1.0
3151	3199	0	1.0
3151	3225	0	1.0
3152	3370	1	1.0
3154	3160	1	1.0
3154	3224	1	1.0
3154	3228	1	1.0
3154	3229	1	1.0
3154	3230	1	1.0
3154	3246	1	1.0
3154	3264	1	1.0
3154	3267	1	1.0
3154	3282	1	1.0
3154	3291	1	1.0
3154	3297	1	1.0
3154	3306	1	1.0
3154	3363	1	1.0
3154	3370	1	1.0
3154	3376	1	1.0
3154	3385	1	1.0
3154	3388	1	1.0
3154	3402	1	1.0
3154	3438	1	1.0
3154	3479	1	1.0
3154	3499	1	1.0
3154	3514	1	1.0
3154	3516	1	1.0
3154	3594	1	1.0
3154	3614	1	1.0
3154	3619	1	1.0
3154	3275	0	1.0
3154	3354	0	1.0
3154	3453	0	1.0
3154	3457	0	1.0
3154	3489	0	1.0
3154	3506	0	1.0
3154	3511	0	1.0
3158	3159	0	1.0
3160	3203	1	1.0
3160	3204	1	1.0
3160	3226	1	1.0
3160	3230	1	1.0
3160	3246	1	1.0
3160	3258	1	1.0
3160	3282	1	1.0
3160	3284	1	1.0
3160	3318	1	1.0
3160	3325	1	1.0
3160	3343	1	1.0
3160	3416	1	1.0
3160	3436	1	1.0
3160	3438	1	1.0
3160	3479	1	1.0
3160	3490	1	1.0
3160	3499	1	1.0
3160	3514	1	1.0
3160	3516	1	1.0
3160	3537	1	1.0
3160	3538	1	1.0
3160	3557	1	1.0
3160	3559	1	1.0
3160	3562	1	1.0
3160	3567	1	1.0
3160	3571	1	1.0
3160	3575	1	1.0
3160	3593	1	1.0
3160	3594	1	1.0
3160	3614	1	1.0
3160	3619	1	1.0
3160	3646	1	1.0
3160	3649	1	1.0
3160	3663	1	1.0
3160	3668	1	1.0
3160	3669	1	1.0
3160	3674	1	1.0
3160	3684	1	1.0
3160	3687	1	1.0
3160	3693	1	1.0
3160	3703	1	1.0
3160	3711	1	1.0
3160	3725	1	1.0
3160	3756	1	1.0
3160	3759	1	1.0
3160	3763	1	1.0
3160	3792	1	1.0
3160	3796	1	1.0
3160	3797	1	1.0
3160	3534	0	1.0
3162	3230	1	1.0
3162	3370	1	1.0
3162	3537	1	1.0
3162	3176	0	1.0
3162	3354	0	1.0
3163	3200	1	1.0
3163	3184	0	1.0
3166	3229	1	1.0
3166	3282	1	1.0
3166	3575	1	1.0
3167	3168	0	1.0
3170	3229	1	1.0
3170	3256	1	1.0
3170	3264	1	1.0
3170	3267	1	1.0
3170	3291	1	1.0
3171	3200	1	1.0
3171	3204	1	1.0
3171	3224	1	1.0
3171	3732	1	1.0
3171	3797	1	1.0
3171	3659	0	1.0
3171	3800	0	1.0
3172	3226	1	1.0
3173	3302	0	1.0
3174	3175	0	1.0
3178	3194	1	1.0
3178	3200	1	1.0
3181	3246	1	1.0
3184	3185	0	1.0
3185	3186	0	1.0
3186	3187	0	1.0
3188	3189	1	1.0
3189	3190	0	1.0
3189	3191	0	1.0
3189	3192	0	1.0
3193	3562	1	1.0
3194	3195	1	1.0
3194	3196	1	1.0
3197	3479	1	1.0
3200	3201	1	1.0
3200	3202	1	1.0
3200	3203	1	1.0
3200	3204	1	1.0
3200	3205	1	1.0
3202	3355	1	1.0
3202	3370	1	1.0
3202	3376	1	1.0
3203	3284	1	1.0
3203	3346	1	1.0
3203	3347	1	1.0
3203	3348	1	1.0
3203	3412	1	1.0
3203	3493	1	1.0
3203	3514	1	1.0
3203	3540	1	1.0
3203	3548	1	1.0
3203	3553	1	1.0
3203	3574	1	1.0
3203	3583	1	1.0
3203	3585	1	1.0
3204	3284	1	1.0
3204	3297	1	1.0
3204	3361	1	1.0
3204	3362	1	1.0
3204	3438	1	1.0
3204	3487	1	1.0
3204	3488	1	1.0
3204	3540	1	1.0
3204	3552	1	1.0
3204	3635	1	1.0
3204	3668	1	1.0
3204	3672	1	1.0
3204	3693	1	1.0
3204	3696	1	1.0
3204	3777	1	1.0
3206	3264	1	1.0
3206	3225	0	1.0
3211	3562	1	1.0
3212	3361	1	1.0
3212	3438	1	1.0
3212	3586	1	1.0
3212	3695	1	1.0
3212	3696	1	1.0
3212	3766	1	1.0
3212	3828	1	1.0
3212	3842	1	1.0
3212	3843	1	1.0
3215	3562	1	1.0
3215	3792	1	1.0
3215	3497	0	1.0
3218	3537	1	1.0
3218	3538	1	1.0
3218	3559	1	1.0
3218	3594	1	1.0
3218	3619	1	1.0
3218	3769	1	1.0
3218	3549	0	1.0
3222	3562	0	1.0
3224	3246	1	1.0
3224	3258	1	1.0
3224	3277	1	1.0
3224	3282	1	1.0
3224	3306	1	1.0
3224	3311	1	1.0
3224	3312	1	1.0
3224	3313	1	1.0
3224	3314	1	1.0
3224	3315	1	1.0
3224	3316	1	1.0
3224	3317	1	1.0
3224	3318	1	1.0
3224	3319	1	1.0
3224	3320	1	1.0
3224	3321	1	1.0
3224	3322	1	1.0
3224	3323	1	1.0
3224	3324	1	1.0
3224	3325	1	1.0
3224	3326	1	1.0
3224	3327	1	1.0
3224	3328	1	1.0
3224	3329	1	1.0
3224	3330	1	1.0
3224	3331	1	1.0
3224	3332	1	1.0
3224	3333	1	1.0
3224	3334	1	1.0
3224	3335	1	1.0
3224	3336	1	1.0
3224	3337	1	1.0
3224	3338	1	1.0
3224	3339	1	1.0
3224	3340	1	1.0
3224	3341	1	1.0
3224	3499	1	1.0
3226	3284	1	1.0
3226	3333	1	1.0
3226	3361	1	1.0
3226	3438	1	1.0
3226	3508	1	1.0
3226	3635	1	1.0
3226	3649	1	1.0
3226	3687	1	1.0
3226	3757	1	1.0
3226	3771	1	1.0
3226	3779	1	1.0
3226	3783	1	1.0
3226	3784	1	1.0
3226	3785	1	1.0
3226	3786	1	1.0
3226	3787	1	1.0
3228	3240	1	1.0
3229	3230	1	1.0
3229	3256	1	1.0
3229	3258	1	1.0
3229	3271	1	1.0
3229	3282	1	1.0
3229	3283	1	1.0
3229	3284	1	1.0
3229	3304	1	1.0
3229	3305	1	1.0
3229	3306	1	1.0
3229	3325	1	1.0
3229	3355	1	1.0
3229	3361	1	1.0
3229	3367	1	1.0
3229	3379	1	1.0
3229	3380	1	1.0
3229	3382	1	1.0
3229	3420	1	1.0
3229	3427	1	1.0
3229	3428	1	1.0
3229	3429	1	1.0
3229	3430	1	1.0
3229	3431	1	1.0
3229	3432	1	1.0
3229	3433	1	1.0
3229	3499	1	1.0
3229	3516	1	1.0
3229	3288	0	1.0
3230	3258	1	1.0
3230	3273	1	1.0
3230	3287	1	1.0
3230	3295	1	1.0
3230	3305	1	1.0
3230	3307	1	1.0
3230	3308	1	1.0
3235	3499	1	1.0
3235	3815	1	1.0
3236	3237	0	1.0
3237	3284	1	1.0
3237	3416	1	1.0
3237	3499	1	1.0
3237	3538	1	1.0
3238	3575	1	1.0
3246	3252	1	1.0
3246	3258	1	1.0
3246	3276	1	1.0
3246	3282	1	1.0
3246	3283	1	1.0
3246	3284	1	1.0
3246	3333	1	1.0
3246	3353	1	1.0
3246	3355	1	1.0
3246	3378	1	1.0
3246	3380	1	1.0
3246	3382	1	1.0
3246	3397	1	1.0
3246	3420	1	1.0
3246	3437	1	1.0
3246	3455	1	1.0
3246	3460	1	1.0
3246	3462	1	1.0
3246	3464	1	1.0
3246	3465	1	1.0
3246	3466	1	1.0
3246	3468	1	1.0
3246	3469	1	1.0
3246	3470	1	1.0
3246	3471	1	1.0
3246	3472	1	1.0
3246	3473	1	1.0
3246	3474	1	1.0
3246	3475	1	1.0
3253	3256	1	1.0
3253	3291	1	1.0
3256	3257	1	1.0
3256	3258	1	1.0
3257	3756	1	1.0
3257	3809	1	1.0
3258	3267	1	1.0
3258	3291	1	1.0
3258	3297	1	1.0
3258	3306	1	1.0
3258	3363	1	1.0
3258	3370	1	1.0
3258	3376	1	1.0
3258	3385	1	1.0
3258	3388	1	1.0
3258	3402	1	1.0
3258	3562	1	1.0
3262	3594	1	1.0
3262	3741	1	1.0
3264	3265	1	1.0
3264	3402	1	1.0
3265	3267	1	1.0
3268	3284	1	1.0
3268	3351	1	1.0
3268	3361	1	1.0
3268	3420	1	1.0
3268	3438	1	1.0
3268	3496	1	1.0
3268	3514	1	1.0
3268	3538	1	1.0
3268	3587	1	1.0
3268	3589	1	1.0
3268	3590	1	1.0
3268	3635	1	1.0
3268	3695	1	1.0
3268	3696	1	1.0
3268	3717	1	1.0
3268	3735	1	1.0
3268	3757	1	1.0
3268	3777	1	1.0
3268	3813	1	1.0
3268	3814	1	1.0
3268	3815	1	1.0
3268	3827	1	1.0
3271	3567	1	1.0
3271	3855	0	1.0
3273	3385	1	1.0
3276	3646	1	1.0
3278	3732	1	1.0
3278	3792	1	1.0
3279	3416	1	1.0
3279	3490	1	1.0
3279	3780	1	1.0
3279	3792	1	1.0
3279	3715	0	1.0
3280	3281	0	1.0
3282	3283	1	1.0
3282	3284	1	1.0
3282	3325	1	1.0
3282	3336	1	1.0
3282	3355	1	1.0
3282	3363	1	1.0
3282	3365	1	1.0
3282	3366	1	1.0
3282	3367	1	1.0
3282	3376	1	1.0
3282	3382	1	1.0
3282	3385	1	1.0
3282	3402	1	1.0
3282	3410	1	1.0
3282	3420	1	1.0
3282	3435	1	1.0
3282	3436	1	1.0
3282	3437	1	1.0
3282	3438	1	1.0
3282	3286	0	1.0
3282	3390	0	1.0
3283	3306	1	1.0
3283	3363	1	1.0
3283	3370	1	1.0
3283	3376	1	1.0
3283	3385	1	1.0
3283	3388	1	1.0
3283	3402	1	1.0
3283	3479	1	1.0
3284	3285	1	1.0
3284	3306	1	1.0
3284	3318	1	1.0
3284	3325	1	1.0
3284	3334	1	1.0
3284	3348	1	1.0
3284	3351	1	1.0
3284	3355	1	1.0
3284	3361	1	1.0
3284	3363	1	1.0
3284	3365	1	1.0
3284	3388	1	1.0
3284	3391	1	1.0
3284	3402	1	1.0
3284	3410	1	1.0
3284	3412	1	1.0
3284	3413	1	1.0
3284	3414	1	1.0
3284	3415	1	1.0
3284	3416	1	1.0
3284	3417	1	1.0
3284	3418	1	1.0
3284	3438	1	1.0
3284	3479	1	1.0
3284	3490	1	1.0
3284	3499	1	1.0
3284	3537	1	1.0
3284	3538	1	1.0
3284	3557	1	1.0
3284	3559	1	1.0
3284	3562	1	1.0
3284	3567	1	1.0
3284	3571	1	1.0
3284	3575	1	1.0
3284	3593	1	1.0
3284	3594	1	1.0
3284	3614	1	1.0
3284	3619	1	1.0
3284	3640	1	1.0
3284	3646	1	1.0
3284	3649	1	1.0
3284	3658	1	1.0
3284	3669	1	1.0
3284	3680	1	1.0
3284	3684	1	1.0
3284	3693	1	1.0
3284	3703	1	1.0
3284	3732	1	1.0
3284	3735	1	1.0
3284	3759	1	1.0
3284	3763	1	1.0
3284	3792	1	1.0
3284	3797	1	1.0
3284	3809	1	1.0
3284	3815	1	1.0
3284	3821	1	1.0
3284	3826	1	1.0
3284	3831	1	1.0
3284	3837	1	1.0
3284	3426	0	1.0
3284	3476	0	1.0
3284	3506	0	1.0
3284	3572	0	1.0
3284	3788	0	1.0
3285	3416	1	1.0
3285	3516	1	1.0
3285	3614	1	1.0
3285	3640	1	1.0
3285	3797	1	1.0
3285	3831	1	1.0
3285	3849	1	1.0
3285	3788	0	1.0
3285	3852	0	1.0
3291	3292	1	1.0
3295	3297	1	1.0
3297	3298	1	1.0
3299	3318	1	1.0
3299	3334	1	1.0
3299	3631	1	1.0
3299	3756	1	1.0
3299	3759	1	1.0
3299	3849	1	1.0
3299	3565	0	1.0
3299	3683	0	1.0
3299	3744	0	1.0
3299	3745	0	1.0
3299	3782	0	1.0
3301	3334	1	1.0
3301	3711	1	1.0
3301	3741	1	1.0
3305	3376	1	1.0
3306	3363	1	1.0
3306	3365	1	1.0
3306	3366	1	1.0
3306	3367	1	1.0
3306	3370	1	1.0
3306	3376	1	1.0
3306	3385	1	1.0
3306	3397	1	1.0
3306	3402	1	1.0
3306	3420	1	1.0
3306	3449	1	1.0
3306	3450	1	1.0
3306	3490	1	1.0
3306	3571	1	1.0
3306	3640	1	1.0
3306	3674	1	1.0
3306	3687	1	1.0
3306	3693	1	1.0
3306	3451	0	1.0
3309	3310	1	1.0
3318	3348	1	1.0
3318	3350	1	1.0
3318	3351	1	1.0
3318	3412	1	1.0
3318	3438	1	1.0
3318	3541	1	1.0
3318	3546	1	1.0
3318	3606	1	1.0
3318	3611	1	1.0
3318	3614	1	1.0
3318	3616	1	1.0
3318	3617	1	1.0
3318	3618	1	1.0
3318	3619	1	1.0
3318	3626	1	1.0
3318	3640	1	1.0
3318	3667	1	1.0
3325	3334	1	1.0
3325	3348	1	1.0
3325	3499	1	1.0
3325	3629	1	1.0
3325	3643	1	1.0
3325	3679	1	1.0
3325	3709	1	1.0
3325	3710	1	1.0
3325	3724	1	1.0
3325	3732	1	1.0
3327	3334	1	1.0
3332	3334	1	1.0
3332	3668	1	1.0
3334	3338	1	1.0
3334	3346	1	1.0
3334	3348	1	1.0
3334	3361	1	1.0
3334	3382	1	1.0
3334	3435	1	1.0
3334	3438	1	1.0
3334	3499	1	1.0
3334	3541	1	1.0
3334	3585	1	1.0
3334	3589	1	1.0
3334	3606	1	1.0
3334	3612	1	1.0
3334	3628	1	1.0
3334	3629	1	1.0
3334	3643	1	1.0
3334	3649	1	1.0
3334	3672	1	1.0
3334	3684	1	1.0
3334	3718	1	1.0
3334	3719	1	1.0
3334	3720	1	1.0
3334	3721	1	1.0
3334	3722	1	1.0
3334	3723	1	1.0
3334	3792	1	1.0
3338	3735	1	1.0
3344	3417	1	1.0
3344	3619	1	1.0
3344	3657	1	1.0
3344	3831	1	1.0
3344	3607	0	1.0
3344	3852	0	1.0
3345	3849	1	1.0
3346	3438	1	1.0
3346	3514	1	1.0
3346	3557	1	1.0
3346	3559	1	1.0
3346	3575	1	1.0
3346	3593	1	1.0
3346	3594	1	1.0
3346	3614	1	1.0
3346	3619	1	1.0
3346	3684	1	1.0
3347	3499	1	1.0
3347	3538	1	1.0
3347	3567	1	1.0
3347	3575	1	1.0
3347	3594	1	1.0
3348	3355	1	1.0
3348	3416	1	1.0
3348	3436	1	1.0
3348	3490	1	1.0
3348	3499	1	1.0
3348	3514	1	1.0
3348	3516	1	1.0
3348	3537	1	1.0
3348	3538	1	1.0
3348	3557	1	1.0
3348	3559	1	1.0
3348	3562	1	1.0
3348	3567	1	1.0
3348	3571	1	1.0
3348	3575	1	1.0
3348	3593	1	1.0
3348	3594	1	1.0
3348	3614	1	1.0
3348	3619	1	1.0
3348	3631	1	1.0
3348	3640	1	1.0
3348	3646	1	1.0
3348	3649	1	1.0
3348	3658	1	1.0
3348	3674	1	1.0
3348	3684	1	1.0
3348	3725	1	1.0
3348	3735	1	1.0
3348	3741	1	1.0
3348	3769	1	1.0
3348	3815	1	1.0
3348	3821	1	1.0
3349	3436	1	1.0
3349	3438	1	1.0
3349	3514	1	1.0
3349	3557	1	1.0
3349	3593	1	1.0
3349	3614	1	1.0
3349	3619	1	1.0
3349	3646	1	1.0
3349	3741	1	1.0
3349	3826	1	1.0
3350	3436	1	1.0
3350	3438	1	1.0
3350	3514	1	1.0
3350	3593	1	1.0
3350	3614	1	1.0
3350	3619	1	1.0
3350	3640	1	1.0
3350	3646	1	1.0
3350	3663	1	1.0
3350	3668	1	1.0
3350	3674	1	1.0
3351	3355	1	1.0
3351	3416	1	1.0
3351	3417	1	1.0
3351	3438	1	1.0
3351	3490	1	1.0
3351	3537	1	1.0
3351	3538	1	1.0
3351	3619	1	1.0
3351	3640	1	1.0
3351	3646	1	1.0
3351	3657	1	1.0
3351	3693	1	1.0
3351	3732	1	1.0
3351	3735	1	1.0
3351	3769	1	1.0
3351	3792	1	1.0
3351	3826	1	1.0
3351	3837	1	1.0
3351	3849	1	1.0
3355	3382	1	1.0
3355	3438	1	1.0
3355	3485	1	1.0
3355	3488	1	1.0
3355	3496	1	1.0
3355	3499	1	1.0
3355	3533	1	1.0
3355	3606	1	1.0
3355	3672	1	1.0
3355	3732	1	1.0
3357	3370	1	1.0
3358	3370	1	1.0
3358	3499	1	1.0
3359	3436	1	1.0
3359	3438	1	1.0
3359	3499	1	1.0
3359	3559	1	1.0
3359	3649	1	1.0
3359	3674	1	1.0
3359	3680	1	1.0
3359	3684	1	1.0
3359	3711	1	1.0
3359	3735	1	1.0
3359	3809	1	1.0
3359	3815	1	1.0
3359	3644	0	1.0
3359	3715	0	1.0
3359	3798	0	1.0
3361	3416	1	1.0
3361	3417	1	1.0
3361	3499	1	1.0
3361	3516	1	1.0
3361	3538	1	1.0
3361	3567	1	1.0
3361	3657	1	1.0
3361	3658	1	1.0
3361	3663	1	1.0
3361	3669	1	1.0
3361	3684	1	1.0
3361	3693	1	1.0
3361	3703	1	1.0
3361	3725	1	1.0
3361	3735	1	1.0
3361	3741	1	1.0
3361	3756	1	1.0
3361	3759	1	1.0
3361	3763	1	1.0
3361	3769	1	1.0
3361	3780	1	1.0
3361	3792	1	1.0
3361	3796	1	1.0
3361	3797	1	1.0
3361	3809	1	1.0
3361	3815	1	1.0
3361	3821	1	1.0
3361	3826	1	1.0
3361	3827	1	1.0
3361	3831	1	1.0
3361	3837	1	1.0
3361	3849	1	1.0
3362	3567	1	1.0
3362	3849	1	1.0
3363	3364	1	1.0
3363	3365	1	1.0
3363	3366	1	1.0
3365	3402	1	1.0
3365	3490	1	1.0
3366	3370	1	1.0
3366	3376	1	1.0
3366	3385	1	1.0
3366	3388	1	1.0
3367	3402	1	1.0
3369	3434	0	1.0
3370	3371	1	1.0
3370	3372	1	1.0
3370	3373	1	1.0
3370	3374	1	1.0
3370	3375	1	1.0
3374	3416	1	1.0
3374	3732	1	1.0
3374	3511	0	1.0
3376	3377	0	1.0
3380	3619	1	1.0
3380	3446	0	1.0
3382	3438	1	1.0
3382	3538	1	1.0
3382	3646	1	1.0
3382	3732	1	1.0
3382	3792	1	1.0
3382	3497	0	1.0
3382	3506	0	1.0
3382	3543	0	1.0
3383	3402	1	1.0
3384	3402	1	1.0
3385	3386	1	1.0
3385	3387	1	1.0
3387	3388	1	1.0
3388	3389	1	1.0
3391	3803	0	1.0
3392	3426	0	1.0
3394	3571	1	1.0
3396	3820	0	1.0
3397	3453	0	1.0
3397	3489	0	1.0
3398	3815	1	1.0
3399	3715	0	1.0
3400	3831	1	1.0
3400	3833	0	1.0
3402	3403	1	1.0
3402	3404	1	1.0
3402	3405	1	1.0
3406	3537	1	1.0
3407	3436	1	1.0
3407	3534	0	1.0
3408	3538	1	1.0
3408	3575	1	1.0
3409	3490	1	1.0
3409	3537	1	1.0
3410	3421	0	1.0
3410	3422	0	1.0
3410	3434	0	1.0
3410	3445	0	1.0
3411	3562	1	1.0
3412	3416	1	1.0
3412	3436	1	1.0
3412	3438	1	1.0
3412	3490	1	1.0
3412	3499	1	1.0
3412	3514	1	1.0
3412	3516	1	1.0
3412	3557	1	1.0
3412	3559	1	1.0
3412	3562	1	1.0
3412	3567	1	1.0
3412	3571	1	1.0
3412	3575	1	1.0
3412	3593	1	1.0
3412	3594	1	1.0
3412	3614	1	1.0
3412	3619	1	1.0
3412	3640	1	1.0
3412	3646	1	1.0
3412	3649	1	1.0
3412	3663	1	1.0
3412	3668	1	1.0
3412	3674	1	1.0
3412	3680	1	1.0
3412	3684	1	1.0
3412	3687	1	1.0
3412	3554	0	1.0
3412	3584	0	1.0
3416	3418	1	1.0
3416	3480	1	1.0
3416	3522	1	1.0
3416	3531	1	1.0
3416	3533	1	1.0
3416	3769	1	1.0
3416	3821	1	1.0
3417	3420	1	1.0
3417	3505	1	1.0
3417	3559	1	1.0
3417	3586	1	1.0
3417	3587	1	1.0
3417	3589	1	1.0
3417	3601	1	1.0
3417	3612	1	1.0
3417	3657	1	1.0
3417	3672	1	1.0
3417	3757	1	1.0
3417	3766	1	1.0
3417	3822	1	1.0
3417	3827	1	1.0
3417	3828	1	1.0
3417	3844	1	1.0
3417	3845	1	1.0
3417	3846	1	1.0
3418	3538	1	1.0
3420	3538	1	1.0
3425	3674	1	1.0
3425	3703	1	1.0
3432	3619	1	1.0
3435	3619	1	1.0
3436	3438	1	1.0
3436	3463	1	1.0
3436	3589	1	1.0
3436	3613	1	1.0
3436	3627	1	1.0
3436	3641	1	1.0
3436	3642	1	1.0
3436	3643	1	1.0
3436	3792	1	1.0
3437	3499	1	1.0
3438	3485	1	1.0
3438	3514	1	1.0
3438	3541	1	1.0
3438	3571	1	1.0
3438	3575	1	1.0
3438	3578	1	1.0
3438	3589	1	1.0
3438	3614	1	1.0
3438	3619	1	1.0
3438	3627	1	1.0
3438	3631	1	1.0
3438	3640	1	1.0
3438	3646	1	1.0
3438	3649	1	1.0
3438	3657	1	1.0
3438	3693	1	1.0
3438	3732	1	1.0
3438	3735	1	1.0
3438	3759	1	1.0
3438	3792	1	1.0
3438	3796	1	1.0
3438	3815	1	1.0
3438	3826	1	1.0
3438	3512	0	1.0
3438	3551	0	1.0
3438	3572	0	1.0
3438	3581	0	1.0
3438	3582	0	1.0
3447	3448	0	1.0
3452	3562	1	1.0
3452	3575	1	1.0
3452	3646	1	1.0
3452	3762	0	1.0
3455	3456	0	1.0
3455	3459	0	1.0
3457	3458	0	1.0
3460	3490	1	1.0
3460	3499	1	1.0
3460	3562	1	1.0
3460	3792	1	1.0
3460	3849	1	1.0
3463	3562	1	1.0
3463	3646	1	1.0
3465	3479	1	1.0
3465	3499	1	1.0
3465	3657	1	1.0
3466	3499	1	1.0
3466	3640	1	1.0
3466	3646	1	1.0
3466	3711	1	1.0
3469	3538	1	1.0
3471	3479	1	1.0
3471	3499	1	1.0
3471	3538	1	1.0
3471	3557	1	1.0
3471	3559	1	1.0
3471	3594	1	1.0
3471	3646	1	1.0
3471	3849	1	1.0
3472	3537	1	1.0
3472	3646	1	1.0
3478	3543	1	1.0
3479	3480	1	1.0
3479	3481	1	1.0
3482	3815	1	1.0
3482	3831	1	1.0
3483	3562	1	1.0
3485	3514	1	1.0
3485	3562	1	1.0
3485	3567	1	1.0
3485	3646	1	1.0
3485	3732	1	1.0
3485	3506	0	1.0
3489	3585	0	1.0
3490	3499	1	1.0
3490	3516	1	1.0
3490	3541	1	1.0
3490	3542	1	1.0
3490	3562	1	1.0
3490	3575	1	1.0
3490	3849	1	1.0
3493	3562	1	1.0
3496	3514	1	1.0
3496	3557	1	1.0
3496	3559	1	1.0
3496	3619	1	1.0
3496	3658	1	1.0
3496	3711	1	1.0
3496	3809	1	1.0
3498	3562	1	1.0
3498	3567	1	1.0
3499	3500	0	1.0
3505	3741	1	1.0
3505	3809	1	1.0
3505	3821	1	1.0
3505	3849	1	1.0
3507	3693	1	1.0
3508	3571	1	1.0
3508	3849	1	1.0
3514	3571	1	1.0
3514	3589	1	1.0
3514	3646	1	1.0
3514	3684	1	1.0
3514	3821	1	1.0
3515	3516	1	1.0
3515	3562	1	1.0
3516	3517	1	1.0
3516	3519	1	1.0
3516	3520	1	1.0
3516	3521	1	1.0
3516	3518	0	1.0
3523	3668	1	1.0
3523	3732	1	1.0
3523	3815	1	1.0
3527	3559	1	1.0
3531	3562	1	1.0
3531	3571	1	1.0
3531	3725	1	1.0
3531	3735	1	1.0
3536	3537	1	1.0
3536	3559	1	1.0
3540	3557	1	1.0
3540	3559	1	1.0
3540	3567	1	1.0
3540	3575	1	1.0
3540	3669	1	1.0
3540	3693	1	1.0
3540	3759	1	1.0
3540	3763	1	1.0
3540	3769	1	1.0
3540	3780	1	1.0
3540	3792	1	1.0
3540	3796	1	1.0
3540	3797	1	1.0
3540	3831	1	1.0
3541	3571	1	1.0
3544	3557	1	1.0
3544	3559	1	1.0
3545	3631	1	1.0
3546	3657	1	1.0
3546	3663	1	1.0
3546	3693	1	1.0
3546	3809	1	1.0
3546	3815	1	1.0
3546	3812	0	1.0
3547	3640	1	1.0
3548	3575	1	1.0
3548	3584	0	1.0
3550	3614	1	1.0
3550	3619	1	1.0
3550	3646	1	1.0
3553	3562	1	1.0
3553	3571	1	1.0
3553	3593	1	1.0
3553	3594	1	1.0
3553	3646	1	1.0
3553	3668	1	1.0
3553	3687	1	1.0
3553	3706	0	1.0
3556	3559	1	1.0
3556	3562	1	1.0
3556	3646	1	1.0
3556	3680	1	1.0
3560	3562	1	1.0
3562	3564	1	1.0
3562	3563	0	1.0
3566	3567	1	1.0
3566	3573	0	1.0
3567	3568	1	1.0
3567	3569	1	1.0
3571	3648	1	1.0
3571	3651	1	1.0
3571	3652	1	1.0
3571	3735	1	1.0
3573	3743	0	1.0
3574	3575	1	1.0
3574	3663	1	1.0
3575	3576	1	1.0
3575	3577	1	1.0
3575	3578	1	1.0
3578	3614	1	1.0
3585	3631	1	1.0
3585	3741	1	1.0
3585	3821	1	1.0
3585	3827	1	1.0
3586	3849	1	1.0
3587	3849	1	1.0
3587	3715	0	1.0
3587	3758	0	1.0
3588	3849	1	1.0
3589	3593	1	1.0
3589	3594	1	1.0
3589	3646	1	1.0
3589	3649	1	1.0
3589	3663	1	1.0
3589	3831	1	1.0
3590	3668	1	1.0
3590	3711	1	1.0
3590	3732	1	1.0
3590	3797	1	1.0
3590	3826	1	1.0
3590	3683	0	1.0
3590	3715	0	1.0
3590	3758	0	1.0
3590	3800	0	1.0
3590	3803	0	1.0
3591	3614	1	1.0
3591	3693	1	1.0
3591	3756	1	1.0
3591	3796	1	1.0
3591	3815	1	1.0
3591	3831	1	1.0
3594	3595	1	1.0
3598	3619	1	1.0
3600	3619	1	1.0
3601	3658	1	1.0
3601	3674	1	1.0
3601	3735	1	1.0
3601	3815	1	1.0
3601	3754	0	1.0
3602	3603	0	1.0
3604	3605	0	1.0
3604	3606	0	1.0
3606	3646	1	1.0
3606	3657	1	1.0
3606	3668	1	1.0
3606	3769	1	1.0
3606	3792	1	1.0
3606	3815	1	1.0
3606	3849	1	1.0
3608	3614	1	1.0
3610	3614	1	1.0
3610	3619	1	1.0
3611	3614	1	1.0
3611	3849	1	1.0
3612	3646	1	1.0
3612	3687	1	1.0
3612	3732	1	1.0
3612	3741	1	1.0
3612	3769	1	1.0
3612	3792	1	1.0
3612	3815	1	1.0
3612	3826	1	1.0
3612	3831	1	1.0
3612	3849	1	1.0
3612	3833	0	1.0
3613	3646	1	1.0
3614	3615	1	1.0
3614	3616	1	1.0
3614	3617	1	1.0
3614	3618	1	1.0
3619	3620	1	1.0
3619	3621	1	1.0
3619	3622	1	1.0
3619	3623	1	1.0
3619	3624	1	1.0
3621	3732	1	1.0
3626	3640	1	1.0
3626	3646	1	1.0
3626	3663	1	1.0
3626	3668	1	1.0
3626	3674	1	1.0
3628	3680	1	1.0
3628	3684	1	1.0
3628	3687	1	1.0
3628	3711	1	1.0
3629	3674	1	1.0
3629	3680	1	1.0
3629	3684	1	1.0
3629	3687	1	1.0
3629	3693	1	1.0
3629	3703	1	1.0
3629	3711	1	1.0
3629	3725	1	1.0
3631	3632	1	1.0
3631	3633	1	1.0
3631	3634	1	1.0
3631	3635	1	1.0
3631	3636	1	1.0
3631	3637	1	1.0
3632	3715	0	1.0
3633	3657	1	1.0
3633	3780	1	1.0
3633	3815	1	1.0
3633	3821	1	1.0
3633	3827	1	1.0
3633	3837	1	1.0
3635	3669	1	1.0
3635	3693	1	1.0
3635	3735	1	1.0
3635	3756	1	1.0
3635	3759	1	1.0
3635	3769	1	1.0
3635	3780	1	1.0
3635	3792	1	1.0
3635	3797	1	1.0
3635	3815	1	1.0
3635	3821	1	1.0
3635	3826	1	1.0
3635	3827	1	1.0
3636	3735	1	1.0
3638	3658	1	1.0
3639	3640	1	1.0
3643	3658	1	1.0
3643	3711	1	1.0
3646	3647	1	1.0
3647	3796	1	1.0
3647	3815	1	1.0
3648	3687	1	1.0
3650	3674	1	1.0
3650	3703	1	1.0
3650	3725	1	1.0
3650	3732	1	1.0
3650	3759	1	1.0
3650	3745	0	1.0
3650	3754	0	1.0
3653	3654	1	1.0
3654	3655	0	1.0
3654	3656	0	1.0
3657	3687	1	1.0
3657	3766	1	1.0
3657	3791	1	1.0
3657	3847	1	1.0
3657	3848	1	1.0
3658	3666	1	1.0
3658	3672	1	1.0
3658	3728	1	1.0
3658	3729	1	1.0
3658	3730	1	1.0
3662	3792	1	1.0
3663	3664	1	1.0
3663	3665	1	1.0
3666	3792	1	1.0
3666	3821	1	1.0
3668	3669	1	1.0
3668	3759	1	1.0
3668	3815	1	1.0
3668	3821	1	1.0
3668	3754	0	1.0
3668	3762	0	1.0
3669	3694	1	1.0
3669	3695	1	1.0
3669	3750	1	1.0
3669	3757	1	1.0
3669	3773	1	1.0
3669	3774	1	1.0
3669	3775	1	1.0
3672	3684	1	1.0
3672	3693	1	1.0
3672	3732	1	1.0
3672	3759	1	1.0
3672	3769	1	1.0
3672	3809	1	1.0
3672	3827	1	1.0
3672	3852	0	1.0
3674	3675	1	1.0
3674	3676	1	1.0
3674	3677	0	1.0
3678	3711	1	1.0
3678	3741	1	1.0
3680	3681	1	1.0
3680	3682	1	1.0
3681	3711	1	1.0
3681	3849	1	1.0
3684	3685	1	1.0
3684	3686	1	1.0
3684	3849	1	1.0
3684	3755	0	1.0
3687	3688	1	1.0
3687	3689	1	1.0
3687	3690	1	1.0
3687	3691	1	1.0
3692	3815	1	1.0
3693	3694	1	1.0
3693	3695	1	1.0
3693	3696	1	1.0
3693	3697	1	1.0
3693	3698	1	1.0
3693	3699	1	1.0
3693	3700	1	1.0
3693	3701	1	1.0
3694	3756	1	1.0
3694	3759	1	1.0
3694	3763	1	1.0
3694	3792	1	1.0
3694	3797	1	1.0
3694	3809	1	1.0
3694	3821	1	1.0
3695	3741	1	1.0
3695	3756	1	1.0
3695	3759	1	1.0
3695	3769	1	1.0
3695	3815	1	1.0
3695	3821	1	1.0
3695	3826	1	1.0
3695	3827	1	1.0
3695	3831	1	1.0
3696	3759	1	1.0
3696	3769	1	1.0
3696	3797	1	1.0
3696	3809	1	1.0
3696	3821	1	1.0
3696	3826	1	1.0
3696	3800	0	1.0
3696	3803	0	1.0
3697	3815	1	1.0
3698	3703	1	1.0
3698	3711	1	1.0
3700	3827	1	1.0
3700	3831	1	1.0
3701	3741	1	1.0
3701	3809	1	1.0
3703	3704	1	1.0
3703	3705	1	1.0
3710	3849	1	1.0
3711	3712	1	1.0
3711	3713	1	1.0
3711	3714	1	1.0
3715	3737	0	1.0
3715	3790	0	1.0
3715	3802	0	1.0
3725	3726	1	1.0
3726	3821	1	1.0
3732	3733	1	1.0
3732	3734	1	1.0
3735	3736	1	1.0
3736	3754	0	1.0
3741	3742	1	1.0
3745	3746	0	1.0
3748	3759	1	1.0
3750	3759	1	1.0
3750	3763	1	1.0
3752	3769	1	1.0
3752	3753	0	1.0
3756	3757	1	1.0
3757	3792	1	1.0
3757	3796	1	1.0
3757	3797	1	1.0
3757	3809	1	1.0
3757	3815	1	1.0
3757	3821	1	1.0
3757	3849	1	1.0
3759	3760	1	1.0
3759	3761	1	1.0
3764	3855	0	1.0
3765	3769	1	1.0
3765	3827	1	1.0
3765	3849	1	1.0
3766	3769	1	1.0
3766	3831	1	1.0
3766	3837	1	1.0
3766	3849	1	1.0
3769	3828	1	1.0
3769	3829	1	1.0
3769	3830	1	1.0
3769	3831	1	1.0
3769	3837	1	1.0
3771	3826	1	1.0
3771	3831	1	1.0
3771	3837	1	1.0
3771	3849	1	1.0
3777	3792	1	1.0
3777	3821	1	1.0
3778	3792	1	1.0
3778	3821	1	1.0
3781	3782	0	1.0
3785	3809	1	1.0
3785	3815	1	1.0
3785	3821	1	1.0
3785	3849	1	1.0
3789	3821	1	1.0
3789	3831	1	1.0
3790	3852	0	1.0
3791	3821	1	1.0
3791	3849	1	1.0
3792	3793	1	1.0
3792	3794	1	1.0
3792	3795	1	1.0
3799	3800	0	1.0
3799	3803	0	1.0
3803	3804	0	1.0
3803	3805	0	1.0
3806	3826	1	1.0
3806	3827	1	1.0
3806	3849	1	1.0
3808	3821	1	1.0
3808	3849	1	1.0
3809	3810	1	1.0
3809	3811	1	1.0
3811	3815	1	1.0
3811	3821	1	1.0
3815	3816	1	1.0
3815	3817	1	1.0
3815	3818	1	1.0
3815	3819	1	1.0
3817	3821	1	1.0
3819	3821	1	1.0
3821	3822	1	1.0
3821	3823	1	1.0
3821	3824	1	1.0
3821	3825	1	1.0
3822	3849	1	1.0
3827	3828	1	1.0
3828	3837	1	1.0
3831	3832	1	1.0
3837	3838	1	1.0
3839	3849	1	1.0
3841	3855	0	1.0
3848	3849	1	1.0
3849	3850	1	1.0
3849	3851	1	1.0
3852	3853	0	1.0
3852	3854	0	1.0
